sku_id,weekly_demand_rate,on_hand_units,on_order_units,lead_time_days,reorder_point,description,unit_cost,list_price,lead_time_weeks,demand_during_leadtime,projected_position,stockout_risk_score,demand_8wk,overstock_ratio,overstock_risk_score,quadrant,value_at_stake
90214H,3.6021602796645866,0,25,7,20,"LETTER ""H"" BLING KEY RING",0.42,0.85,1.0,3.6021602796645866,21.397839720335412,0.0,28.817282237316693,0.0,0.0,Healthy,0.0
GIFT_0001_40,2.5392146649338887,18,0,8,8,Dotcomgiftshop Gift Voucher Â£40.00,16.66,33.33,1.1428571428571428,2.901959617067301,15.098040382932698,0.0,20.31371731947111,0.8861007425138596,0.0,Healthy,0.0
90214Y,3.1040244695712698,221,0,10,146,"LETTER ""Y"" BLING KEY RING",0.42,0.84,1.4285714285714286,4.4343206708161,216.5656793291839,0.0,24.832195756570158,8.899736542288144,1.0,Markdown / clear,92.82
GIFT_0001_10,2.5392146649338887,12,0,7,10,Dotcomgiftshop Gift Voucher Â£10.00,4.16,8.33,1.0,2.5392146649338887,9.460785335066111,0.053921466493388914,20.31371731947111,0.590733828342573,0.0,Healthy,0.0
GIFT_0001_20,2.5392146649338887,18,16,11,14,Dotcomgiftshop Gift Voucher Â£20.00,8.51,17.02,1.5714285714285714,3.990194473467539,30.00980552653246,0.0,20.31371731947111,0.8861007425138596,0.0,Healthy,0.0
DCGS0058,3.1040244695712698,50,26,20,41,MISO PRETTY  GUM,0.42,0.83,2.857142857142857,8.8686413416322,67.1313586583678,0.0,24.832195756570158,2.013515054816322,0.3378383516054407,Healthy,0.0
90214S,4.435574205436875,14,76,20,74,"LETTER ""S"" BLING KEY RING",0.42,0.85,2.857142857142857,12.673069158391073,77.32693084160893,0.0,35.484593643495,0.3945374192714326,0.0,Healthy,0.0
GIFT_0001_30,2.5392146649338887,20,14,14,14,Dotcomgiftshop Gift Voucher Â£30.00,12.76,25.53,2.0,5.078429329867777,28.921570670132223,0.0,20.31371731947111,0.9845563805709551,0.0,Healthy,0.0
DCGS0072,2.5392146649338887,39,0,13,21,CAT CAMOUFLAGUE COLLAR,2.58,5.17,1.8571428571428572,4.715684377734365,34.28431562226564,0.0,20.31371731947111,1.9198849421133626,0.3066283140377875,Healthy,0.0
90214V,3.1040244695712698,52,22,19,46,"LETTER ""V"" BLING KEY RING",0.42,0.85,2.7142857142857144,8.425209274550589,65.57479072544942,0.0,24.832195756570158,2.094055657008975,0.3646852190029916,Healthy,0.0
90214R,3.1040244695712698,0,38,7,24,"LETTER ""R"" BLING KEY RING",0.42,0.85,1.0,3.1040244695712698,34.89597553042873,0.0,24.832195756570158,0.0,0.0,Healthy,0.0
90214Z,3.1040244695712698,33,31,14,40,"LETTER ""Z"" BLING KEY RING",0.42,0.85,2.0,6.2080489391425395,57.79195106085746,0.0,24.832195756570158,1.3289199361787725,0.10963997872625748,Healthy,0.0
90214U,3.1040244695712698,225,0,15,147,"LETTER ""U"" BLING KEY RING",0.38,0.77,2.142857142857143,6.65148100622415,218.34851899377585,0.0,24.832195756570158,9.060817746673449,1.0,Markdown / clear,85.5
90214T,3.1040244695712698,48,36,7,33,"LETTER ""T"" BLING KEY RING",0.52,1.05,1.0,3.1040244695712698,80.89597553042873,0.0,24.832195756570158,1.9329744526236692,0.31099148420788975,Healthy,0.0
90214E,3.6021602796645866,19,71,11,43,"LETTER ""E"" BLING KEY RING",0.42,0.85,1.5714285714285714,5.660537582330065,84.33946241766994,0.0,28.817282237316693,0.6593265750576615,0.0,Healthy,0.0
DCGS0070,2.5392146649338887,34,0,21,21,CAMOUFLAGE DOG COLLAR,6.36,12.72,3.0,7.617643994801666,26.382356005198332,0.0,20.31371731947111,1.6737458469706237,0.2245819489902079,Healthy,0.0
GIFT_0001_50,2.5392146649338887,29,0,20,20,Dotcomgiftshop Gift Voucher Â£50.00,21.06,42.11,2.857142857142857,7.254899042668254,21.745100957331747,0.0,20.31371731947111,1.427606751827885,0.14253558394262833,Healthy,0.0
GIFT_0001_80,2.5392146649338887,29,0,16,16,Dotcomgiftshop Gift Voucher Â£80.00,34.78,69.56,2.2857142857142856,5.803919234134602,23.196080765865396,0.0,20.31371731947111,1.427606751827885,0.14253558394262833,Healthy,0.0
DCGS0004,2.5392146649338887,29,0,18,18,HAYNES CAMPER SHOULDER BAG,8.49,16.98,2.5714285714285716,6.529409138401428,22.470590861598573,0.0,20.31371731947111,1.427606751827885,0.14253558394262833,Healthy,0.0
90214P,3.1040244695712698,51,36,11,45,"LETTER ""P"" BLING KEY RING",0.62,1.25,1.5714285714285714,4.877752737897709,82.12224726210229,0.0,24.832195756570158,2.053785355912648,0.3512617853042161,Healthy,0.0
90214G,3.6021602796645866,38,36,17,68,"LETTER ""G"" BLING KEY RING",0.42,0.85,2.4285714285714284,8.748103536328282,65.25189646367171,0.040413287298945444,28.817282237316693,1.318653150115323,0.10621771670510764,Healthy,0.0
DCGS0069,2.5392146649338887,30,0,20,20,OOH LA LA DOGS COLLAR,8.06,16.13,2.857142857142857,7.254899042668254,22.745100957331747,0.0,20.31371731947111,1.4768345708564328,0.15894485695214425,Healthy,0.0
90214K,3.6021602796645866,8,62,19,57,"LETTER ""K"" BLING KEY RING",0.62,1.25,2.7142857142857144,9.777292187661022,60.22270781233898,0.0,28.817282237316693,0.27761118949796276,0.0,Healthy,0.0
DCGS0003,2.5392146649338887,17,0,15,15,BOXED GLASS ASHTRAY,1.25,2.51,2.142857142857143,5.44117428200119,11.558825717998811,0.2294116188000792,20.31371731947111,0.8368729234853118,0.0,Healthy,0.0
90214I,3.1040244695712698,33,32,7,30,"LETTER ""I"" BLING KEY RING",0.42,0.85,1.0,3.1040244695712698,61.89597553042873,0.0,24.832195756570158,1.3289199361787725,0.10963997872625748,Healthy,0.0
90214L,3.215309233066906,34,86,17,73,"LETTER ""L"" BLING KEY RING",0.42,0.85,2.4285714285714284,7.8086081374482,112.1913918625518,0.0,25.72247386453525,1.3218013235840955,0.10726710786136517,Healthy,0.0
90214W,3.1040244695712698,84,0,18,70,"LETTER ""W"" BLING KEY RING",0.42,0.84,2.5714285714285716,7.98177720746898,76.01822279253102,0.0,24.832195756570158,3.382705292091421,0.7942350973638069,Markdown / clear,35.28
DCGS0062,2.5392146649338887,27,0,14,14,ROAD-RAGE CAR FRESHENER,1.25,2.51,2.0,5.078429329867777,21.921570670132223,0.0,20.31371731947111,1.3291511137707894,0.10971703792359648,Healthy,0.0
90214M,3.6021602796645866,31,69,19,66,"LETTER ""M"" BLING KEY RING",0.52,1.05,2.7142857142857144,9.777292187661022,90.22270781233898,0.0,28.817282237316693,1.0757433593046055,0.025247786434868507,Healthy,0.0
90214O,3.1040244695712698,24,35,8,29,"LETTER ""O"" BLING KEY RING",0.62,1.25,1.1428571428571428,3.5474565366528794,55.45254346334712,0.0,24.832195756570158,0.9664872263118346,0.0,Healthy,0.0
DCGSSGIRL,2.5392146649338887,170,74,21,126,GIRLS PARTY BAG,1.64,3.29,3.0,7.617643994801666,236.38235600519835,0.0,20.31371731947111,8.368729234853118,1.0,Markdown / clear,278.8
90214J,3.6021602796645866,0,93,21,63,"LETTER ""J"" BLING KEY RING",0.42,0.85,3.0,10.80648083899376,82.19351916100624,0.0,28.817282237316693,0.0,0.0,Healthy,0.0
DCGS0037,2.5392146649338887,26,0,13,13,KEY-RING CORKSCREW,6.36,12.72,1.8571428571428572,4.715684377734365,21.284315622265634,0.0,20.31371731947111,1.2799232947422416,0.09330776491408055,Healthy,0.0
DCGS0076,2.527455328645957,24,0,15,23,SUNJAR LED NIGHT NIGHT LIGHT,8.06,16.13,2.142857142857143,5.415975704241336,18.584024295758663,0.1919989436626668,20.219642629167655,1.1869645987401887,0.062321532913396226,Healthy,0.0
DCGSSBOY,2.5392146649338887,155,72,19,105,BOYS PARTY BAG,1.64,3.29,2.7142857142857144,6.8921540905348415,220.10784590946517,0.0,20.31371731947111,7.630311949424902,1.0,Markdown / clear,254.2
90214N,4.264013770228334,12,34,8,27,"LETTER ""N"" BLING KEY RING",0.42,0.85,1.1428571428571428,4.873158594546667,41.126841405453334,0.0,34.11211016182667,0.3517812279296829,0.0,Healthy,0.0
GIFT_0001_70,2.5392146649338887,21,0,8,8,Dotcomgiftshop Gift Voucher Â£70.00,29.78,59.57,1.1428571428571428,2.901959617067301,18.098040382932698,0.0,20.31371731947111,1.033784199599503,0.011261399866500987,Healthy,0.0
PADS,3.1040244695712698,32,14,20,20,PADS TO MATCH ALL CUSHIONS,0.0,0.0,2.857142857142857,8.8686413416322,37.1313586583678,0.0,24.832195756570158,1.2886496350824461,0.09621654502748204,Healthy,0.0
90214F,3.1040244695712698,28,25,7,22,"LETTER ""F"" BLING KEY RING",0.42,0.85,1.0,3.1040244695712698,49.89597553042873,0.0,24.832195756570158,1.1275684306971403,0.0425228102323801,Healthy,0.0
DCGS0068,2.5392146649338887,27,0,14,14,DOGS NIGHT COLLAR,4.28,8.56,2.0,5.078429329867777,21.921570670132223,0.0,20.31371731947111,1.3291511137707894,0.10971703792359648,Healthy,0.0
23184,26.343674962219694,0,80,8,78,BULL DOG BOTTLE OPENER,2.72,4.95,1.1428571428571428,30.10705709967965,49.89294290032035,0.36034688589332886,210.74939969775755,0.0,0.0,Healthy,0.0
90214C,3.6021602796645866,38,83,17,68,"LETTER ""C"" BLING KEY RING",0.42,0.85,2.4285714285714284,8.748103536328282,112.25189646367171,0.0,28.817282237316693,1.318653150115323,0.10621771670510764,Healthy,0.0
22337,36.12303103495591,152,1247,20,942,ANGEL DECORATION PAINTED ZINC,0.32,0.65,2.857142857142857,103.20866009987402,1295.7913399001259,0.0,288.98424827964726,0.5259802252367439,0.0,Healthy,0.0
22338,312.10248418792895,0,1384,18,1234,STAR DECORATION PAINTED ZINC,0.32,0.63,2.5714285714285716,802.5492450546745,581.4507549453255,0.5288081402387963,2496.8198735034316,0.0,0.0,Reorder now,505.61
22339,71.74316694411145,53,1243,21,1184,CHRISTMAS TREE PAINTED ZINC,0.29,0.65,3.0,215.22950083233434,1080.7704991676655,0.08718707840568785,573.9453355528916,0.09234328901539755,0.0,Healthy,0.0
22340,128.71978479513118,0,499,19,446,NOEL GARLAND PAINTED ZINC,0.42,0.83,2.7142857142857144,349.3822730153561,149.61772698464392,0.6645342444290495,1029.7582783610494,0.0,0.0,Reorder now,289.99
22341,6.066346810436389,0,848,11,593,LOVE GARLAND PAINTED ZINC,0.82,1.65,1.5714285714285714,9.532830702114326,838.4671692978857,0.0,48.530774483491115,0.0,0.0,Healthy,0.0
22342,25.344880487549403,0,263,10,152,HOME GARLAND PAINTED ZINC,0.82,1.65,1.4285714285714286,36.20697212507058,226.7930278749294,0.0,202.75904390039523,0.0,0.0,Healthy,0.0
22336,14.679254008637212,0,990,9,623,DOVE DECORATION PAINTED ZINC,0.32,0.65,1.2857142857142858,18.87332658253356,971.1266734174665,0.0,117.4340320690977,0.0,0.0,Healthy,0.0
22343,16.9446170330247,0,676,10,429,PARTY PIZZA DISH RED RETROSPOT,0.42,0.85,1.4285714285714286,24.206595761463856,651.7934042385361,0.0,135.5569362641976,0.0,0.0,Healthy,0.0
22345,11.597003772167552,0,520,15,396,PARTY PIZZA DISH BLUE POLKADOT,0.42,0.85,2.142857142857143,24.85072236893047,495.14927763106954,0.0,92.77603017734042,0.0,0.0,Healthy,0.0
22346,14.106051364179914,0,479,13,380,PARTY PIZZA DISH GREEN POLKADOT,0.42,0.85,1.8571428571428572,26.196952533476985,452.803047466523,0.0,112.84841091343931,0.0,0.0,Healthy,0.0
22347,3.1040244695712698,969,1655,21,1481,PIZZA SLICE DISH,0.62,1.25,3.0,9.31207340871381,2614.687926591286,0.0,24.832195756570158,39.02192176234032,1.0,Markdown / clear,600.78
22348,85.3338239805556,0,1011,16,800,TEA BAG PLATE RED RETROSPOT,0.42,0.85,2.2857142857142856,195.0487405269842,815.9512594730159,0.0,682.6705918444447,0.0,0.0,Healthy,0.0
22349,22.983210709692663,0,582,20,555,DOG BOWL CHASING BALL DESIGN,1.88,3.75,2.857142857142857,65.6663163134076,516.3336836865924,0.06966903840253624,183.8656856775413,0.0,0.0,Healthy,0.0
22350,22.983210709692663,0,784,21,695,ILLUSTRATED CAT BOWL,1.27,2.55,3.0,68.949632129078,715.050367870922,0.0,183.8656856775413,0.0,0.0,Healthy,0.0
22344,10.150742741366718,0,522,20,495,PARTY PIZZA DISH PINK POLKADOT,0.42,0.85,2.857142857142857,29.002122118190623,492.99787788180936,0.00404469114785988,81.20594193093375,0.0,0.0,Healthy,0.0
22351,2.5392146649338887,124,0,8,68,DOTCOMGIFTSHOP TEA TOWEL,1.64,3.29,1.1428571428571428,2.901959617067301,121.0980403829327,0.0,20.31371731947111,6.104249559539921,1.0,Markdown / clear,203.36
22335,48.45842226028787,0,1064,13,729,HEART DECORATION PAINTED ZINC,0.32,0.65,1.8571428571428572,89.99421276910604,974.0057872308939,0.0,387.66737808230295,0.0,0.0,Healthy,0.0
22333,46.72832941437294,0,1054,14,712,RETROSPOT PARTY BAG + STICKER SET,0.82,1.65,2.0,93.45665882874589,960.5433411712542,0.0,373.82663531498355,0.0,0.0,Healthy,0.0
22319,17.95190776943867,0,636,17,530,HAIRCLIPS FORTIES FABRIC ASSORTED,0.32,0.65,2.4285714285714284,43.597490297208196,592.4025097027918,0.0,143.61526215550936,0.0,0.0,Healthy,0.0
22320,9.636058502672462,0,133,16,102,BIRDS MOBILE VINTAGE DESIGN,2.98,5.95,2.2857142857142856,22.025276577537056,110.97472342246294,0.0,77.0884680213797,0.0,0.0,Healthy,0.0
22321,16.968921062601446,0,325,14,241,BIRD DECORATION RED RETROSPOT,0.42,0.85,2.0,33.93784212520289,291.0621578747971,0.0,135.75136850081157,0.0,0.0,Healthy,0.0
22322,4.435574205436875,0,245,10,131,BIRD DECORATION GREEN POLKADOT,0.42,0.85,1.4285714285714286,6.336534579195536,238.66346542080447,0.0,35.484593643495,0.0,0.0,Healthy,0.0
22323,3.1040244695712698,0,109,8,106,PINK POLKADOT KIDS BAG,0.98,1.95,1.1428571428571428,3.5474565366528794,105.45254346334713,0.005164684308045953,24.832195756570158,0.0,0.0,Healthy,0.0
22324,7.606000892937003,0,176,15,141,BLUE POLKADOT KIDS BAG,2.06,4.13,2.142857142857143,16.298573342007863,159.70142665799213,0.0,60.84800714349603,0.0,0.0,Healthy,0.0
22334,14.897209581437394,0,520,16,373,DINOSAUR PARTY BAG + STICKER SET,0.82,1.65,2.2857142857142856,34.05076475757119,485.9492352424288,0.0,119.17767665149916,0.0,0.0,Healthy,0.0
22325,9.094486837234918,0,130,10,78,MOBILE VINTAGE HEARTS,2.48,4.95,1.4285714285714286,12.99212405319274,117.00787594680726,0.0,72.75589469787934,0.0,0.0,Healthy,0.0
22327,49.59271124105057,0,256,17,230,ROUND SNACK BOXES SET OF 4 SKULLS,1.48,2.95,2.4285714285714284,120.43944158540853,135.56055841459147,0.41060626776264575,396.7416899284046,0.0,0.0,Healthy,0.0
22328,113.32743554335549,0,1191,19,1063,ROUND SNACK BOXES SET OF 4 FRUITS,1.48,2.95,2.7142857142857144,307.6030393319649,883.396960668035,0.16895864471492472,906.6194843468439,0.0,0.0,Healthy,0.0
22329,18.87519208212349,0,503,14,358,ROUND CONTAINER SET OF 5 RETROSPOT,0.82,1.65,2.0,37.75038416424698,465.24961583575305,0.0,151.00153665698792,0.0,0.0,Healthy,0.0
22330,3.1040244695712698,51,100,7,78,72 ROUND PINK DOILIES,0.72,1.45,1.0,3.1040244695712698,147.89597553042873,0.0,24.832195756570158,2.053785355912648,0.3512617853042161,Healthy,0.0
22331,33.24558118131602,0,414,11,260,WOODLAND PARTY BAG + STICKER SET,0.82,1.65,1.5714285714285714,52.24305614206803,361.75694385793196,0.0,265.96464945052816,0.0,0.0,Healthy,0.0
22332,18.25767383396442,0,762,19,692,SKULLS PARTY BAG + STICKER SET,0.82,1.65,2.7142857142857144,49.55654326361772,712.4434567363822,0.0,146.06139067171537,0.0,0.0,Healthy,0.0
22326,175.86572403995902,0,940,15,802,ROUND SNACK BOXES SET OF4 WOODLAND,1.48,2.95,2.142857142857143,376.8551229427693,563.1448770572307,0.29782434282140813,1406.9257923196722,0.0,0.0,Healthy,0.0
22352,34.92933546869354,0,440,12,305,LUNCH BOX WITH CUTLERY RETROSPOT,1.27,2.55,1.7142857142857142,59.87886080347463,380.12113919652535,0.0,279.4346837495483,0.0,0.0,Healthy,0.0
22353,2.527455328645957,0,448,18,399,LUNCH BOX WITH CUTLERY FAIRY CAKES,1.27,2.55,2.5714285714285716,6.499170845089604,441.5008291549104,0.0,20.219642629167655,0.0,0.0,Healthy,0.0
22354,5.00340119570569,0,332,19,293,RETROSPOT PADDED SEAT CUSHION,1.88,3.75,2.7142857142857144,13.580660388344016,318.41933961165597,0.0,40.02720956564552,0.0,0.0,Healthy,0.0
22378,19.250419931075566,0,331,7,192,WALL TIDY RETROSPOT,1.05,2.1,1.0,19.250419931075566,311.74958006892444,0.0,154.00335944860453,0.0,0.0,Healthy,0.0
22379,108.84372990129924,0,993,17,978,RECYCLING BAG RETROSPOT,1.05,2.1,2.4285714285714284,264.334772617441,728.665227382559,0.254943530283682,870.7498392103939,0.0,0.0,Healthy,0.0
22380,23.65001474021485,0,421,9,235,TOY TIDY SPACEBOY,1.05,2.1,1.2857142857142858,30.407161808847665,390.59283819115234,0.0,189.2001179217188,0.0,0.0,Healthy,0.0
22381,52.09577217586136,0,675,16,586,TOY TIDY PINK POLKADOT,1.05,2.1,2.2857142857142856,119.07605068768311,555.9239493123168,0.05132431857966413,416.7661774068909,0.0,0.0,Healthy,0.0
22382,197.79048307587988,0,1087,17,899,LUNCH BAG SPACEBOY DESIGN,0.82,1.65,2.4285714285714284,480.3483160414225,606.6516839585775,0.32519278758778924,1582.323864607039,0.0,0.0,Healthy,0.0
22383,172.6264726370999,0,1336,19,1283,LUNCH BAG SUKI  DESIGN,0.82,1.65,2.7142857142857144,468.55756858641405,867.442431413586,0.32389522103383794,1381.0117810967993,0.0,0.0,Healthy,0.0
22377,7.981262977161188,0,494,12,365,BOTTLE BAG RETROSPOT,1.05,2.1,1.7142857142857142,13.682165103704893,480.3178348962951,0.0,63.8501038172895,0.0,0.0,Healthy,0.0
22384,149.9352933056848,0,1148,17,936,LUNCH BAG PINK POLKADOT,0.82,1.65,2.4285714285714284,364.12856945666306,783.8714305433369,0.16253052292378534,1199.4823464454785,0.0,0.0,Healthy,0.0
22386,308.1002836086924,0,2135,18,1997,JUMBO BAG PINK POLKADOT,0.98,1.95,2.5714285714285716,792.2578721366376,1342.7421278633624,0.32762036661824623,2464.802268869539,0.0,0.0,Healthy,0.0
22389,9.630913458838684,108,349,19,259,PAPERWEIGHT SAVE THE PLANET,1.4,2.55,2.7142857142857144,26.14105081684786,430.85894918315216,0.0,77.04730767070947,1.4017361964363304,0.1339120654787768,Healthy,0.0
22390,8.804663821529353,0,309,11,224,PAPERWEIGHT CHILDHOOD MEMORIES,1.4,2.55,1.5714285714285714,13.835900290974697,295.1640997090253,0.0,70.43731057223482,0.0,0.0,Healthy,0.0
22391,3.3608692544182444,0,80,8,66,PAPERWEIGHT HOME SWEET HOME,1.4,2.55,1.1428571428571428,3.8409934336208504,76.15900656637915,0.0,26.886954035345955,0.0,0.0,Healthy,0.0
22393,21.342148755502595,99,278,20,309,PAPERWEIGHT VINTAGE COLLAGE,1.4,2.55,2.857142857142857,60.97756787286456,316.02243212713546,0.0,170.73719004402076,0.5798385224360028,0.0,Healthy,0.0
22394,5.963468951649556,37,141,9,120,PAPERWEIGHT KINGS CHOICE,1.4,2.55,1.2857142857142858,7.66731722354943,170.33268277645058,0.0,47.70775161319645,0.7755553080762965,0.0,Healthy,0.0
22385,171.02232818928553,0,1255,11,736,JUMBO BAG SPACEBOY DESIGN,0.98,1.95,1.5714285714285714,268.74937286887723,986.2506271311228,0.0,1368.1786255142842,0.0,0.0,Healthy,0.0
22376,11.419022855048599,0,76,12,45,AIRLINE BAG VINTAGE JET SET WHITE,2.12,4.25,1.7142857142857142,19.575467751511884,56.42453224848812,0.0,91.35218284038879,0.0,0.0,Healthy,0.0
22375,13.037019631259444,0,74,18,68,AIRLINE BAG VINTAGE JET SET BROWN,2.12,4.25,2.5714285714285716,33.52376476609572,40.47623523390428,0.40476124656023116,104.29615705007555,0.0,0.0,Healthy,0.0
22374,21.409876414394482,0,50,7,40,AIRLINE BAG VINTAGE JET SET RED,2.12,4.25,1.0,21.409876414394482,28.590123585605518,0.28524691035986205,171.27901131515586,0.0,0.0,Healthy,0.0
22355,381.8951008017933,0,1677,9,871,CHARLOTTE BAG SUKI DESIGN,0.42,0.85,1.2857142857142858,491.0079867451629,1185.992013254837,0.0,3055.1608064143466,0.0,0.0,Healthy,0.0
22356,224.55484180389067,0,1181,11,661,CHARLOTTE BAG PINK POLKADOT,0.42,0.85,1.5714285714285714,352.87189426325676,828.1281057367432,0.0,1796.4387344311253,0.0,0.0,Healthy,0.0
22357,25.389141924865864,0,474,15,374,KINGS CHOICE BISCUIT TIN,2.12,4.25,2.142857142857143,54.405304124712565,419.5946958752874,0.0,203.11313539892691,0.0,0.0,Healthy,0.0
22358,17.854596199136935,0,230,18,210,KINGS CHOICE TEA CADDY,1.48,2.95,2.5714285714285716,45.9118187977807,184.0881812022193,0.12338961332276532,142.83676959309548,0.0,0.0,Healthy,0.0
22359,5.811277204272933,69,439,8,326,GLASS JAR KINGS CHOICE,1.48,2.95,1.1428571428571428,6.641459662026209,501.3585403379738,0.0,46.490217634183466,1.4841832004947526,0.16139440016491755,Healthy,0.0
22360,17.15780185974046,0,260,16,258,GLASS JAR ENGLISH CONFECTIONERY,1.48,2.95,2.2857142857142856,39.21783282226391,220.78216717773608,0.1442551659777671,137.26241487792367,0.0,0.0,Healthy,0.0
22361,23.605689798310948,0,170,11,142,GLASS JAR DAISY FRESH COTTON WOOL,1.48,2.95,1.5714285714285714,37.094655397345775,132.90534460265422,0.0640468689953928,188.84551838648758,0.0,0.0,Healthy,0.0
22362,11.407263518760667,0,124,10,87,GLASS JAR PEACOCK BATH SALTS,1.48,2.95,1.4285714285714286,16.29609074108667,107.70390925891333,0.0,91.25810815008533,0.0,0.0,Healthy,0.0
22363,5.26970553883539,0,233,14,160,GLASS JAR MARMALADE,1.48,2.95,2.0,10.53941107767078,222.4605889223292,0.0,42.15764431068312,0.0,0.0,Healthy,0.0
22364,11.09480700156183,0,508,13,388,GLASS JAR DIGESTIVE BISCUITS,1.48,2.95,1.8571428571428572,20.60464157432911,487.3953584256709,0.0,88.75845601249463,0.0,0.0,Healthy,0.0
22365,22.53403658284237,0,432,16,320,DOORMAT RESPECTABLE HOUSE,3.98,7.95,2.2857142857142856,51.50636933221112,380.49363066778886,0.0,180.27229266273895,0.0,0.0,Healthy,0.0
22366,17.576689930646516,0,320,11,217,DOORMAT AIRMAIL,3.98,7.95,1.5714285714285714,27.62051274815881,292.37948725184117,0.0,140.61351944517213,0.0,0.0,Healthy,0.0
22367,114.51111363139536,0,490,19,467,CHILDRENS APRON SPACEBOY DESIGN,0.98,1.95,2.7142857142857144,310.8158798566446,179.18412014335541,0.6163080939114445,916.0889090511629,0.0,0.0,Reorder now,606.09
22371,46.14234263044519,0,86,8,69,AIRLINE BAG VINTAGE TOKYO 78,2.12,4.25,1.1428571428571428,52.73410586336593,33.26589413663407,0.5178855922226947,369.13874104356154,0.0,0.0,Reorder now,224.12
22372,14.16379988775382,0,87,19,76,AIRLINE BAG VINTAGE WORLD CHAMPION,2.12,4.25,2.7142857142857144,38.444599695331796,48.555400304668204,0.36111315388594467,113.31039910203056,0.0,0.0,Healthy,0.0
22318,5.823036540560865,0,88,8,74,FIVE HEART HANGING DECORATION,1.48,2.95,1.1428571428571428,6.654898903498131,81.34510109650186,0.0,46.58429232448692,0.0,0.0,Healthy,0.0
22395,5.963468951649556,104,77,15,127,PAPERWEIGHT VINTAGE PAISLEY,1.4,2.55,2.142857142857143,12.778862039249049,168.22113796075095,0.0,47.70775161319645,2.1799392443225627,0.39331308144085425,Healthy,0.0
22317,5.823036540560865,0,59,9,55,FIVE CATS HANGING DECORATION,1.48,2.95,1.2857142857142858,7.486761266435398,51.513238733564606,0.06339565938973446,46.58429232448692,0.0,0.0,Healthy,0.0
22315,14.331064568783138,0,350,19,266,200 RED + WHITE BENDY STRAWS,0.62,1.25,2.7142857142857144,38.89860382955423,311.10139617044575,0.0,114.6485165502651,0.0,0.0,Healthy,0.0
22263,6.35119549645859,0,349,8,220,FELT EGG COSY LADYBIRD,0.42,0.85,1.1428571428571428,7.258509138809817,341.7414908611902,0.0,50.80956397166872,0.0,0.0,Healthy,0.0
22264,3.1040244695712698,0,549,13,447,FELT FARM ANIMAL WHITE BUNNY,0.42,0.85,1.8571428571428572,5.764616872060929,543.235383127939,0.0,24.832195756570158,0.0,0.0,Healthy,0.0
22265,6.14659491260229,0,659,19,475,EASTER DECORATION NATURAL CHICK,0.32,0.65,2.7142857142857144,16.683614762777644,642.3163852372223,0.0,49.17275930081832,0.0,0.0,Healthy,0.0
22266,56.341741124638176,0,651,9,479,EASTER DECORATION HANGING BUNNY,0.32,0.65,1.2857142857142858,72.43938144596338,578.5606185540366,0.0,450.7339289971054,0.0,0.0,Healthy,0.0
22267,17.654488696087018,0,331,7,265,EASTER DECORATION EGG BUNNY,0.62,1.25,1.0,17.654488696087018,313.345511303913,0.0,141.23590956869614,0.0,0.0,Healthy,0.0
22268,21.699804572432978,0,329,8,240,EASTER DECORATION SITTING BUNNY,0.42,0.85,1.1428571428571428,24.799776654209115,304.2002233457909,0.0,173.59843657946382,0.0,0.0,Healthy,0.0
22262,17.995371627489238,0,306,11,168,FELT EGG COSY CHICKEN,0.42,0.85,1.5714285714285714,28.27844112891166,277.72155887108835,0.0,143.9629730199139,0.0,0.0,Healthy,0.0
22269,24.977283455490667,0,337,14,209,EGG CUP NATURAL CHICKEN,0.62,1.25,2.0,49.954566910981335,287.0454330890187,0.0,199.81826764392534,0.0,0.0,Healthy,0.0
22271,30.959506336905743,0,354,14,297,FELTCRAFT DOLL ROSIE,1.48,2.95,2.0,61.91901267381149,292.0809873261885,0.016562332235055544,247.67605069524595,0.0,0.0,Healthy,0.0
22272,2.5392146649338887,0,197,7,103,FELTCRAFT DOLL MARIA,1.48,2.95,1.0,2.5392146649338887,194.4607853350661,0.0,20.31371731947111,0.0,0.0,Healthy,0.0
22273,109.07769946463266,0,867,11,669,FELTCRAFT DOLL MOLLY,1.48,2.95,1.5714285714285714,171.40781344442274,695.5921865555772,0.0,872.6215957170613,0.0,0.0,Healthy,0.0
22274,59.45279699713817,0,413,13,264,FELTCRAFT DOLL EMILY,1.48,2.95,1.8571428571428572,110.41233728039947,302.58766271960053,0.0,475.6223759771054,0.0,0.0,Healthy,0.0
22275,2.5392146649338887,0,173,13,125,WEEKEND BAG VINTAGE ROSE PAISLEY,4.25,8.5,1.8571428571428572,4.715684377734365,168.28431562226564,0.0,20.31371731947111,0.0,0.0,Healthy,0.0
22276,3.3726285907061757,0,228,15,208,WASH BAG VINTAGE ROSE PAISLEY,1.27,2.55,2.142857142857143,7.227061265798948,220.77293873420106,0.0,26.981028725649406,0.0,0.0,Healthy,0.0
22270,2.5392146649338887,0,202,11,117,HAPPY EASTER HANGING DECORATION,1.88,3.75,1.5714285714285714,3.990194473467539,198.00980552653246,0.0,20.31371731947111,0.0,0.0,Healthy,0.0
22277,12.021060650353675,0,339,18,241,COSMETIC BAG VINTAGE ROSE PAISLEY,1.05,2.1,2.5714285714285716,30.911298815195167,308.08870118480485,0.0,96.1684852028294,0.0,0.0,Healthy,0.0
22261,12.979271107685534,0,436,7,256,FELT EGG COSY WHITE RABBIT,0.42,0.85,1.0,12.979271107685534,423.0207288923145,0.0,103.83416886148427,0.0,0.0,Healthy,0.0
22259,3.1040244695712698,91,253,13,274,FELT FARM ANIMAL HEN,0.62,1.25,1.8571428571428572,5.764616872060929,338.2353831279391,0.0,24.832195756570158,3.664597399765706,0.8881991332552354,Markdown / clear,56.42
22245,3.1040244695712698,0,522,8,286,"HOOK, 1 HANGER ,MAGIC GARDEN",0.42,0.85,1.1428571428571428,3.5474565366528794,518.4525434633471,0.0,24.832195756570158,0.0,0.0,Healthy,0.0
22246,13.031274539871335,0,212,16,183,"GARLAND, MAGIC GARDEN 1.8M",0.98,1.95,2.2857142857142856,29.785770376848763,182.21422962315123,0.004293827195894884,104.25019631897068,0.0,0.0,Healthy,0.0
22247,3.4908755161689506,0,235,12,186,BUNNY DECORATION MAGIC GARDEN,0.42,0.85,1.7142857142857142,5.9843580277182005,229.0156419722818,0.0,27.927004129351605,0.0,0.0,Healthy,0.0
22248,5.181746454730721,0,260,18,194,DECORATION  PINK CHICK MAGIC GARDEN,0.42,0.85,2.5714285714285716,13.324490883593283,246.67550911640672,0.0,41.45397163784577,0.0,0.0,Healthy,0.0
22249,4.771609321392457,0,164,7,120,DECORATION WHITE CHICK MAGIC GARDEN,0.42,0.85,1.0,4.771609321392457,159.22839067860755,0.0,38.17287457113966,0.0,0.0,Healthy,0.0
22250,3.6021602796645866,0,372,20,258,DECORATION  BUTTERFLY  MAGIC GARDEN,0.42,0.85,2.857142857142857,10.291886513327391,361.70811348667263,0.0,28.817282237316693,0.0,0.0,Healthy,0.0
22260,18.90056275407818,0,349,9,214,FELT EGG COSY BLUE RABBIT,0.82,1.63,1.2857142857142858,24.300723540957662,324.6992764590423,0.0,151.20450203262544,0.0,0.0,Healthy,0.0
22251,11.850262787926667,0,382,17,259,BIRDHOUSE DECORATION MAGIC GARDEN,0.62,1.25,2.4285714285714284,28.779209627821903,353.2207903721781,0.0,94.80210230341333,0.0,0.0,Healthy,0.0
22253,3.1040244695712698,13,384,10,354,6 CROCHET STRAWBERRIES,0.62,1.25,1.4285714285714286,4.4343206708161,392.5656793291839,0.0,24.832195756570158,0.5235139142522437,0.0,Healthy,0.0
22254,15.385433332704384,0,547,21,385,FELT TOADSTOOL LARGE,0.62,1.25,3.0,46.156299998113155,500.8437000018869,0.0,123.08346666163507,0.0,0.0,Healthy,0.0
22255,20.588172273883597,0,288,11,172,FELT TOADSTOOL  SMALL,0.42,0.85,1.5714285714285714,32.35284214467422,255.6471578553258,0.0,164.70537819106877,0.0,0.0,Healthy,0.0
22256,3.1040244695712698,0,321,14,246,FELT FARM ANIMAL CHICKEN,0.62,1.25,2.0,6.2080489391425395,314.79195106085746,0.0,24.832195756570158,0.0,0.0,Healthy,0.0
22257,3.215309233066906,121,190,12,224,FELT FARM ANIMAL SHEEP,0.62,1.25,1.7142857142857142,5.511958685257553,305.4880413147425,0.0,25.72247386453525,4.704057651578693,1.0,Markdown / clear,75.02
22258,4.435574205436875,0,485,10,286,FELT FARM ANIMAL RABBIT,0.62,1.25,1.4285714285714286,6.336534579195536,478.66346542080447,0.0,35.484593643495,0.0,0.0,Healthy,0.0
22252,16.037035848145898,0,319,13,198,BIRDCAGE DECORATION TEALIGHT HOLDER,0.62,1.25,1.8571428571428572,29.783066575128096,289.2169334248719,0.0,128.29628678516718,0.0,0.0,Healthy,0.0
22278,27.181978297921773,0,117,14,92,OVERNIGHT BAG VINTAGE ROSE PAISLEY,2.48,4.95,2.0,54.36395659584355,62.63604340415645,0.319173441259169,217.4558263833742,0.0,0.0,Healthy,0.0
22279,34.6042225652396,0,370,19,275,POCKET BAG BLUE PAISLEY RED SPOT,0.62,1.25,2.7142857142857144,93.92574696279321,276.0742530372068,0.0,276.8337805219168,0.0,0.0,Healthy,0.0
22280,14.99135060830038,0,190,14,168,POCKET BAG PINK PAISELY BROWN SPOT,0.62,1.25,2.0,29.98270121660076,160.01729878339924,0.047516078670242656,119.93080486640304,0.0,0.0,Healthy,0.0
22301,40.42156181725758,0,618,19,457,COFFEE MUG CAT + BIRD DESIGN,1.27,2.55,2.7142857142857144,109.71566778969915,508.2843322103008,0.0,323.37249453806066,0.0,0.0,Healthy,0.0
22302,59.61694749536379,0,877,17,621,COFFEE MUG PEARS  DESIGN,1.27,2.55,2.4285714285714284,144.7840153458835,732.2159846541165,0.0,476.9355799629103,0.0,0.0,Healthy,0.0
22303,61.501355136369796,0,456,9,274,COFFEE MUG APPLES DESIGN,1.27,2.55,1.2857142857142858,79.07317088961831,376.9268291103817,0.0,492.01084109095837,0.0,0.0,Healthy,0.0
22304,17.54783141874327,0,618,9,402,COFFEE MUG BLUE PAISLEY DESIGN,1.27,2.55,1.2857142857142858,22.56149753838421,595.4385024616158,0.0,140.38265134994617,0.0,0.0,Healthy,0.0
22305,5.26970553883539,0,669,16,613,COFFEE MUG PINK PAISLEY DESIGN,1.27,2.55,2.2857142857142856,12.045041231623747,656.9549587683763,0.0,42.15764431068312,0.0,0.0,Healthy,0.0
22306,83.94173505931342,0,215,7,168,SILVER MUG BONE CHINA TREE OF LIFE,0.53,1.06,1.0,83.94173505931342,131.05826494068657,0.21989128011496084,671.5338804745073,0.0,0.0,Healthy,0.0
22300,39.541741362623334,0,360,13,320,COFFEE MUG DOG + BALL DESIGN,1.27,2.55,1.8571428571428572,73.4346625305862,286.5653374694138,0.10448332040808184,316.3339309009867,0.0,0.0,Healthy,0.0
22307,54.34789549280884,0,261,11,228,GOLD MUG BONE CHINA TREE OF LIFE,0.82,1.65,1.5714285714285714,85.40383577441389,175.5961642255861,0.22984138497549955,434.7831639424707,0.0,0.0,Healthy,0.0
22309,13.28919995747738,0,200,7,108,TEA COSY RED  STRIPE,1.27,2.55,1.0,13.28919995747738,186.71080004252264,0.0,106.31359965981903,0.0,0.0,Healthy,0.0
22310,37.418704753132936,0,369,20,361,IVORY KNITTED MUG COSY,1.64,3.29,2.857142857142857,106.91058500895124,262.0894149910488,0.27399054019100055,299.3496380250635,0.0,0.0,Healthy,0.0
22311,38.45072092763803,0,299,8,217,OFFICE MUG WARMER BLACK+SILVER,1.48,2.95,1.1428571428571428,43.94368106015775,255.05631893984224,0.0,307.60576742110425,0.0,0.0,Healthy,0.0
22312,28.7359789969276,0,180,7,92,OFFICE MUG WARMER POLKADOT,1.48,2.95,1.0,28.7359789969276,151.2640210030724,0.0,229.8878319754208,0.0,0.0,Healthy,0.0
22313,22.15168307598924,187,487,20,365,OFFICE MUG WARMER PINK,1.48,2.95,2.857142857142857,63.29052307425497,610.709476925745,0.0,177.21346460791392,1.0552245587757052,0.0184081862585684,Healthy,0.0
22314,19.21908548702376,0,175,9,101,OFFICE MUG WARMER CHOC+BLUE,2.48,4.95,1.2857142857142858,24.710252769030554,150.28974723096945,0.0,153.7526838961901,0.0,0.0,Healthy,0.0
22308,11.648138003287306,0,118,9,79,TEA COSY BLUE STRIPE,2.48,4.96,1.2857142857142858,14.976177432797966,103.02382256720203,0.0,93.18510402629845,0.0,0.0,Healthy,0.0
22299,68.84936938416837,0,822,14,648,PIG KEYRING WITH LIGHT & SOUND,0.62,1.25,2.0,137.69873876833674,684.3012612316633,0.0,550.794955073347,0.0,0.0,Healthy,0.0
22297,72.9698107581437,0,535,7,412,HEART IVORY TRELLIS SMALL,0.62,1.25,1.0,72.9698107581437,462.0301892418563,0.0,583.7584860651496,0.0,0.0,Healthy,0.0
22296,49.72837018714215,0,706,14,551,HEART IVORY TRELLIS LARGE,0.82,1.65,2.0,99.4567403742843,606.5432596257157,0.0,397.8269614971372,0.0,0.0,Healthy,0.0
22281,2.5392146649338887,0,169,10,131,EASTER TREE YELLOW BIRDS,2.98,5.95,1.4285714285714286,3.627449521334127,165.3725504786659,0.0,20.31371731947111,0.0,0.0,Healthy,0.0
22282,8.816423157817285,0,140,10,95,12 EGG HOUSE PAINTED WOOD,6.38,12.75,1.4285714285714286,12.594890225453264,127.40510977454673,0.0,70.53138526253828,0.0,0.0,Healthy,0.0
22283,8.352173142230853,0,148,11,96,6 EGG HOUSE PAINTED WOOD,3.98,7.95,1.5714285714285714,13.124843509219913,134.87515649078009,0.0,66.81738513784683,0.0,0.0,Healthy,0.0
22284,17.0741110998002,0,382,15,319,HEN HOUSE DECORATION,0.82,1.65,2.142857142857143,36.58738092814328,345.41261907185674,0.0,136.5928887984016,0.0,0.0,Healthy,0.0
22285,10.30650411927179,0,545,10,339,"DECORATION HEN ON NEST, HANGING",0.82,1.65,1.4285714285714286,14.723577313245414,530.2764226867546,0.0,82.45203295417431,0.0,0.0,Healthy,0.0
22286,20.42206988045558,0,533,20,490,"DECORATION , WOBBLY RABBIT , METAL",0.82,1.65,2.857142857142857,58.34877108701595,474.65122891298404,0.0313240226265632,163.37655904364465,0.0,0.0,Healthy,0.0
22287,19.030812088023804,0,510,14,388,"DECORATION , WOBBLY CHICKEN, METAL",0.82,1.65,2.0,38.06162417604761,471.9383758239524,0.0,152.24649670419043,0.0,0.0,Healthy,0.0
22288,3.4908755161689506,0,527,19,501,HANGING METAL RABBIT DECORATION,0.62,1.25,2.7142857142857144,9.475233543887152,517.5247664561128,0.0,27.927004129351605,0.0,0.0,Healthy,0.0
22289,3.4908755161689506,278,455,17,433,"DECORATION , HANGING METAL CHICKEN",0.62,1.25,2.4285714285714284,8.47784053926745,724.5221594607325,0.0,27.927004129351605,9.954522823585606,1.0,Markdown / clear,172.36
22290,2.8154898181844623,252,315,12,411,STANDING METAL RABBIT WITH EGG,1.05,2.1,1.7142857142857142,4.826553974030507,562.1734460259695,0.0,22.5239185454757,11.18810652290422,1.0,Markdown / clear,264.6
22291,3.4908755161689506,0,662,10,383,"SPRING DEC , HANGING CHICK CREAM",0.72,1.45,1.4285714285714286,4.986965023098501,657.0130349769015,0.0,27.927004129351605,0.0,0.0,Healthy,0.0
22292,3.6021602796645866,0,847,18,605,HANGING CHICK  YELLOW DECORATION,0.72,1.45,2.5714285714285716,9.262697861994653,837.7373021380054,0.0,28.817282237316693,0.0,0.0,Healthy,0.0
22293,4.435574205436875,0,307,11,272,HANGING CHICK GREEN DECORATION,0.72,1.45,1.5714285714285714,6.97018803711509,300.02981196288493,0.0,35.484593643495,0.0,0.0,Healthy,0.0
22294,83.76346422863517,0,1126,10,690,HEART FILIGREE DOVE  SMALL,0.62,1.25,1.4285714285714286,119.6620917551931,1006.3379082448068,0.0,670.1077138290814,0.0,0.0,Healthy,0.0
22295,33.043035602015635,0,1079,20,739,HEART FILIGREE DOVE LARGE,0.82,1.65,2.857142857142857,94.4086731486161,984.5913268513839,0.0,264.3442848161251,0.0,0.0,Healthy,0.0
22316,8.876156966685382,0,351,7,216,200 BENDY SKULL STRAWS,0.62,1.25,1.0,8.876156966685382,342.12384303331464,0.0,71.00925573348306,0.0,0.0,Healthy,0.0
22396,39.77316020615193,0,401,10,272,MAGNETS PACK OF 4 RETRO PHOTO,0.42,0.85,1.4285714285714286,56.81880029450276,344.18119970549725,0.0,318.1852816492154,0.0,0.0,Healthy,0.0
22398,82.92218648208316,0,225,8,210,MAGNETS PACK OF 4 SWALLOWS,0.62,1.25,1.1428571428571428,94.76821312238076,130.23178687761924,0.3798486339160988,663.3774918566653,0.0,0.0,Healthy,0.0
22399,20.888299510457873,0,1052,18,771,MAGNETS PACK OF 4 CHILDHOOD MEMORY,0.62,1.25,2.5714285714285716,53.71277016974882,998.2872298302511,0.0,167.106396083663,0.0,0.0,Healthy,0.0
22499,22.075056353790647,0,298,9,162,WOODEN UNION JACK BUNTING,2.98,5.95,1.2857142857142858,28.382215312016548,269.61778468798343,0.0,176.60045083032517,0.0,0.0,Healthy,0.0
22500,4.180504599273421,0,108,20,107,SET OF 2 TINS JARDIN DE PROVENCE,2.48,4.95,2.857142857142857,11.944298855066918,96.05570114493308,0.10228316686978434,33.44403679418737,0.0,0.0,Healthy,0.0
22501,5.00340119570569,0,393,19,294,PICNIC BASKET WICKER LARGE,4.97,9.95,2.7142857142857144,13.580660388344016,379.41933961165597,0.0,40.02720956564552,0.0,0.0,Healthy,0.0
22502,2.5392146649338887,0,542,21,372,PICNIC BASKET WICKER SMALL,2.98,5.95,3.0,7.617643994801666,534.3823560051983,0.0,20.31371731947111,0.0,0.0,Healthy,0.0
22503,2.5392146649338887,71,92,20,78,CABIN BAG VINTAGE PAISLEY,14.98,29.95,2.857142857142857,7.254899042668254,155.74510095733174,0.0,20.31371731947111,3.4951751510268907,0.8317250503422969,Markdown / clear,1063.58
22504,8.816423157817285,0,126,10,69,CABIN BAG VINTAGE RETROSPOT,14.98,29.95,1.4285714285714286,12.594890225453264,113.40510977454673,0.0,70.53138526253828,0.0,0.0,Healthy,0.0
22498,7.318136777312933,0,190,17,140,WOODEN REGATTA BUNTING,2.98,5.95,2.4285714285714284,17.772617887759978,172.22738211224004,0.0,58.545094218503465,0.0,0.0,Healthy,0.0
22505,30.623871270048312,0,309,10,197,MEMO BOARD COTTAGE DESIGN,2.48,4.95,1.4285714285714286,43.74838752864045,265.2516124713595,0.0,244.9909701603865,0.0,0.0,Healthy,0.0
22508,31.710982757473335,0,461,14,351,DOORSTOP RETROSPOT HEART,1.88,3.75,2.0,63.42196551494667,397.5780344850533,0.0,253.68786205978668,0.0,0.0,Healthy,0.0
22509,19.72659010875391,0,124,20,91,SEWING BOX RETROSPOT DESIGN,8.48,16.95,2.857142857142857,56.361686025011174,67.63831397498882,0.2567218244506724,157.81272087003128,0.0,0.0,Healthy,0.0
22510,7.606000892937003,13,127,18,120,GINGHAM BABUSHKA DOORSTOP,1.88,3.75,2.5714285714285716,19.558288010409438,120.44171198959056,0.0,60.84800714349603,0.21364709561222753,0.0,Healthy,0.0
22511,13.504011409812911,0,129,16,105,RETROSPOT BABUSHKA DOORSTOP,1.88,3.75,2.2857142857142856,30.86631179385808,98.13368820614193,0.0653934456557912,108.03209127850329,0.0,0.0,Healthy,0.0
22512,4.938436184855198,150,198,20,238,DOORSTOP RACING CAR DESIGN,1.88,3.75,2.857142857142857,14.109817671014852,333.89018232898513,0.0,39.507489478841585,3.7967484641192697,0.9322494880397566,Markdown / clear,282.0
22513,5.281464875123321,0,197,16,138,DOORSTOP FOOTBALL DESIGN,1.88,3.75,2.2857142857142856,12.07191971456759,184.9280802854324,0.0,42.25171900098657,0.0,0.0,Healthy,0.0
22507,53.99139612860787,0,605,12,419,MEMO BOARD RETROSPOT  DESIGN,2.48,4.95,1.7142857142857142,92.55667907761348,512.4433209223865,0.0,431.93116902886294,0.0,0.0,Healthy,0.0
22514,15.260891731848766,0,213,12,180,CHILDS GARDEN SPADE BLUE,1.05,2.1,1.7142857142857142,26.161528683169312,186.8384713168307,0.0,122.08713385479012,0.0,0.0,Healthy,0.0
22497,2.5392146649338887,0,141,9,80,SET OF 2 TINS VINTAGE BATHROOM,2.12,4.25,1.2857142857142858,3.264704569200714,137.73529543079928,0.0,20.31371731947111,0.0,0.0,Healthy,0.0
22495,11.815333642717087,0,263,21,188,SET OF 2 ROUND TINS CAMEMBERT,1.48,2.95,3.0,35.446000928151264,227.55399907184875,0.0,94.5226691417367,0.0,0.0,Healthy,0.0
22479,11.19407869204491,0,524,14,411,DAISY GARDEN MARKER,0.62,1.25,2.0,22.38815738408982,501.6118426159102,0.0,89.55262953635928,0.0,0.0,Healthy,0.0
22480,3.1040244695712698,0,380,13,286,RED TEA TOWEL CLASSIC DESIGN,0.62,1.25,1.8571428571428572,5.764616872060929,374.2353831279391,0.0,24.832195756570158,0.0,0.0,Healthy,0.0
22481,26.29271830744226,0,234,13,150,BLACK TEA TOWEL CLASSIC DESIGN,0.62,1.25,1.8571428571428572,48.82933399953563,185.17066600046437,0.0,210.3417464595381,0.0,0.0,Healthy,0.0
22482,3.1040244695712698,0,665,21,497,BLUE TEA TOWEL CLASSIC DESIGN,0.62,1.25,3.0,9.31207340871381,655.6879265912862,0.0,24.832195756570158,0.0,0.0,Healthy,0.0
22483,22.986888540366596,0,224,8,126,RED GINGHAM TEDDY BEAR,1.48,2.95,1.1428571428571428,26.270729760418966,197.72927023958104,0.0,183.89510832293277,0.0,0.0,Healthy,0.0
22485,13.431102355663448,0,121,18,99,SET OF 2 WOODEN MARKET CRATES,6.38,12.75,2.5714285714285716,34.53712034313458,86.46287965686543,0.12663757922358154,107.44881884530758,0.0,0.0,Healthy,0.0
22496,7.859708442750478,0,150,10,82,SET OF 2 ROUND TINS DUTCH CHEESE,1.48,2.95,1.4285714285714286,11.228154918214969,138.77184508178505,0.0,62.87766754200383,0.0,0.0,Healthy,0.0
22486,2.5392146649338887,61,41,20,77,PLASMATRONIC LAMP,4.14,8.29,2.857142857142857,7.254899042668254,94.74510095733174,0.0,20.31371731947111,3.0028969607414133,0.6676323202471378,Markdown / clear,252.54
22488,45.033194943159025,0,540,12,325,NATURAL SLATE RECTANGLE CHALKBOARD,0.82,1.65,1.7142857142857142,77.19976275970119,462.8002372402988,0.0,360.2655595452722,0.0,0.0,Healthy,0.0
22489,192.23121562864856,0,857,9,778,PACK OF 12 TRADITIONAL CRAYONS,0.21,0.42,1.2857142857142858,247.15442009397674,609.8455799060232,0.2161367867531836,1537.8497250291884,0.0,0.0,Healthy,0.0
22491,67.47404691892342,0,1317,17,906,PACK OF 12 COLOURED PENCILS,0.47,0.85,2.4285714285714284,163.86554251738545,1153.1344574826146,0.0,539.7923753513874,0.0,0.0,Healthy,0.0
22492,567.9714379302568,0,3774,14,2792,MINI PAINT SET VINTAGE,0.32,0.65,2.0,1135.9428758605136,2638.0571241394864,0.05513713318786306,4543.771503442054,0.0,0.0,Healthy,0.0
22493,56.14751082101247,0,617,9,371,PAINT YOUR OWN CANVAS SET,0.82,1.65,1.2857142857142858,72.18965676987318,544.8103432301268,0.0,449.18008656809974,0.0,0.0,Healthy,0.0
22494,22.086789512203183,0,263,12,208,EMERGENCY FIRST AID TIN,0.62,1.25,1.7142857142857142,37.863067735205455,225.13693226479455,0.0,176.69431609762546,0.0,0.0,Healthy,0.0
22487,15.31008340744363,0,124,16,89,WHITE WOOD GARDEN PLANT LADDER,4.97,9.95,2.2857142857142856,34.99447635987115,89.00552364012884,0.0,122.48066725954904,0.0,0.0,Healthy,0.0
22515,12.390787549739182,0,234,13,199,CHILDS GARDEN SPADE PINK,1.05,2.1,1.8571428571428572,23.011462592372766,210.98853740762723,0.0,99.12630039791345,0.0,0.0,Healthy,0.0
22516,9.469515291843905,0,229,14,222,CHILDS GARDEN RAKE BLUE,1.05,2.1,2.0,18.93903058368781,210.0609694163122,0.053779417043638755,75.75612233475124,0.0,0.0,Healthy,0.0
22517,7.780837524748079,0,241,8,147,CHILDS GARDEN RAKE PINK,1.05,2.1,1.1428571428571428,8.892385742569232,232.10761425743078,0.0,62.24670019798463,0.0,0.0,Healthy,0.0
22538,5.208712459496257,0,578,13,405,MINI JIGSAW GO TO THE FAIR,0.21,0.42,1.8571428571428572,9.673323139064479,568.3266768609355,0.0,41.66969967597006,0.0,0.0,Healthy,0.0
22539,58.481823083334156,0,1192,18,965,MINI JIGSAW DOLLY GIRL,0.21,0.42,2.5714285714285716,150.3818307857164,1041.6181692142836,0.0,467.85458466667325,0.0,0.0,Healthy,0.0
22540,20.9732011089641,0,1759,13,1168,MINI JIGSAW CIRCUS PARADE,0.21,0.42,1.8571428571428572,38.95023063093333,1720.0497693690668,0.0,167.7856088717128,0.0,0.0,Healthy,0.0
22541,14.03002570215007,0,437,7,352,MINI JIGSAW LEAP FROG,0.21,0.42,1.0,14.03002570215007,422.96997429784994,0.0,112.24020561720056,0.0,0.0,Healthy,0.0
22543,16.009345649025132,0,1088,10,696,MINI JIGSAW BAKE A CAKE,0.21,0.42,1.4285714285714286,22.870493784321617,1065.1295062156785,0.0,128.07476519220106,0.0,0.0,Healthy,0.0
22544,73.599201065507,0,1825,21,1317,MINI JIGSAW SPACEBOY,0.21,0.42,3.0,220.797603196521,1604.202396803479,0.0,588.793608524056,0.0,0.0,Healthy,0.0
22537,74.70106183403668,0,1000,10,658,MAGIC DRAWING SLATE DINOSAUR,0.21,0.42,1.4285714285714286,106.7158026200524,893.2841973799476,0.0,597.6084946722934,0.0,0.0,Healthy,0.0
22545,24.610884583602587,0,1147,21,816,MINI JIGSAW BUNNIES,0.21,0.42,3.0,73.83265375080776,1073.1673462491922,0.0,196.8870766688207,0.0,0.0,Healthy,0.0
22547,18.504251966409694,0,429,19,402,MINI JIGSAW DINOSAUR,0.21,0.42,2.7142857142857144,50.225826765969174,378.77417323403085,0.057775688472560094,148.03401573127755,0.0,0.0,Healthy,0.0
22548,15.695763922867632,0,423,17,391,HEADS AND TAILS SPORTING FUN,0.62,1.25,2.4285714285714284,38.118283812678534,384.88171618732144,0.01564778468715744,125.56611138294106,0.0,0.0,Healthy,0.0
22549,114.73350366430094,0,552,20,550,PICTURE DOMINOES,0.72,1.45,2.857142857142857,327.8100104694313,224.1899895305687,0.5923818372171479,917.8680293144075,0.0,0.0,Reorder now,475.32
22550,22.579759805748466,0,391,20,284,HOLIDAY FUN LUDO,1.88,3.75,2.857142857142857,64.51359944499562,326.48640055500437,0.0,180.63807844598773,0.0,0.0,Healthy,0.0
22551,195.60767693682428,0,988,16,878,PLASTERS IN TIN SPACEBOY,0.82,1.65,2.2857142857142856,447.103261569884,540.896738430116,0.38394448925954894,1564.8614154945942,0.0,0.0,Healthy,0.0
22553,140.8744190951358,0,536,12,350,PLASTERS IN TIN SKULLS,0.82,1.65,1.7142857142857142,241.49900416308995,294.5009958369101,0.15856858332311408,1126.9953527610865,0.0,0.0,Healthy,0.0
22546,42.261800609127164,0,1098,12,746,MINI JIGSAW PURDEY,0.21,0.42,1.7142857142857142,72.44880104421799,1025.551198955782,0.0,338.0944048730173,0.0,0.0,Healthy,0.0
22536,37.480949338115714,0,1112,7,584,MAGIC DRAWING SLATE PURDEY,0.21,0.42,1.0,37.480949338115714,1074.5190506618842,0.0,299.8475947049257,0.0,0.0,Healthy,0.0
22535,49.902695374006434,0,607,8,309,MAGIC DRAWING SLATE BUNNIES,0.21,0.42,1.1428571428571428,57.03165185600735,549.9683481439927,0.0,399.2215629920515,0.0,0.0,Healthy,0.0
22534,84.62387330355008,0,1500,14,1087,MAGIC DRAWING SLATE SPACEBOY,0.21,0.42,2.0,169.24774660710017,1330.7522533928998,0.0,676.9909864284007,0.0,0.0,Healthy,0.0
22518,2.8154898181844623,0,418,18,300,CHILDS GARDEN BRUSH BLUE,1.05,2.1,2.5714285714285716,7.239830961045761,410.76016903895425,0.0,22.5239185454757,0.0,0.0,Healthy,0.0
22519,2.8154898181844623,0,300,16,283,CHILDS GARDEN BRUSH PINK,1.05,2.1,2.2857142857142856,6.435405298707342,293.56459470129266,0.0,22.5239185454757,0.0,0.0,Healthy,0.0
22520,3.1040244695712698,0,349,17,289,CHILDS GARDEN TROWEL BLUE,0.42,0.85,2.4285714285714284,7.538345140387369,341.4616548596126,0.0,24.832195756570158,0.0,0.0,Healthy,0.0
22521,3.1040244695712698,0,358,15,277,CHILDS GARDEN TROWEL PINK,0.42,0.85,2.142857142857143,6.65148100622415,351.3485189937758,0.0,24.832195756570158,0.0,0.0,Healthy,0.0
22522,9.046259306416236,0,322,18,320,CHILDS GARDEN FORK BLUE,0.42,0.85,2.5714285714285716,23.261809645070322,298.73819035492966,0.06644315514084487,72.37007445132988,0.0,0.0,Healthy,0.0
22523,14.31659442587977,0,331,21,328,CHILDS GARDEN FORK PINK,0.42,0.85,3.0,42.94978327763931,288.0502167223607,0.12179811974890031,114.53275540703817,0.0,0.0,Healthy,0.0
22524,3.1040244695712698,0,342,15,241,CHILDRENS GARDEN GLOVES BLUE,0.62,1.25,2.142857142857143,6.65148100622415,335.3485189937758,0.0,24.832195756570158,0.0,0.0,Healthy,0.0
22525,3.1040244695712698,0,314,13,215,CHILDRENS GARDEN GLOVES PINK,0.62,1.25,1.8571428571428572,5.764616872060929,308.2353831279391,0.0,24.832195756570158,0.0,0.0,Healthy,0.0
22526,3.3726285907061757,0,113,8,69,WHEELBARROW FOR CHILDREN,6.38,12.75,1.1428571428571428,3.854432675092772,109.14556732490723,0.0,26.981028725649406,0.0,0.0,Healthy,0.0
22528,3.1040244695712698,0,1141,18,989,GARDENERS KNEELING PAD,0.62,1.25,2.5714285714285716,7.98177720746898,1133.018222792531,0.0,24.832195756570158,0.0,0.0,Healthy,0.0
22529,34.7872328841094,0,922,20,671,MAGIC DRAWING SLATE GO TO THE FAIR,0.21,0.42,2.857142857142857,99.3920939545983,822.6079060454017,0.0,278.2978630728752,0.0,0.0,Healthy,0.0
22530,117.3627927359581,0,1489,17,1262,MAGIC DRAWING SLATE DOLLY GIRL,0.21,0.42,2.4285714285714284,285.0239252158982,1203.976074784102,0.04597775373684476,938.9023418876648,0.0,0.0,Healthy,0.0
22531,69.23547030552045,0,1623,19,1182,MAGIC DRAWING SLATE CIRCUS PARADE,0.21,0.42,2.7142857142857144,187.92484797212694,1435.0751520278732,0.0,553.8837624441636,0.0,0.0,Healthy,0.0
22532,17.407916104277007,0,769,19,681,MAGIC DRAWING SLATE LEAP FROG,0.21,0.42,2.7142857142857144,47.2500579973233,721.7499420026767,0.0,139.26332883421605,0.0,0.0,Healthy,0.0
22533,18.78846616265404,0,1214,18,873,MAGIC DRAWING SLATE BAKE A CAKE,0.21,0.42,2.5714285714285716,48.31319870396754,1165.6868012960324,0.0,150.3077293012323,0.0,0.0,Healthy,0.0
22478,28.007300955203846,0,400,12,350,BIRDHOUSE GARDEN MARKER,0.62,1.25,1.7142857142857142,48.01251592320659,351.9874840767934,0.0,224.05840764163077,0.0,0.0,Healthy,0.0
22477,30.472624727758074,0,519,18,465,WATERING CAN GARDEN MARKER,0.62,1.25,2.5714285714285716,78.3581778713779,440.6418221286221,0.05238317821801697,243.7809978220646,0.0,0.0,Healthy,0.0
22476,19.63804832569185,0,326,7,236,EMPIRE UNION JACK TV DINNER TRAY,2.48,4.95,1.0,19.63804832569185,306.36195167430816,0.0,157.1043866055348,0.0,0.0,Healthy,0.0
22475,25.646693357079506,0,111,7,68,SKULL DESIGN TV DINNER TRAY,2.48,4.95,1.0,25.646693357079506,85.3533066429205,0.0,205.17354685663605,0.0,0.0,Healthy,0.0
22421,69.9853641620266,0,576,15,502,LIPSTICK PEN FUSCHIA,0.23,0.42,2.142857142857143,149.968637490057,426.031362509943,0.15133194719134857,559.8829132962128,0.0,0.0,Healthy,0.0
22422,64.44540792893997,0,563,20,422,TOOTHPASTE TUBE PEN,0.69,1.25,2.857142857142857,184.1297369398285,378.8702630601715,0.10220316810385899,515.5632634315198,0.0,0.0,Healthy,0.0
22423,231.81776493132833,0,749,8,663,REGENCY CAKESTAND 3 TIER,6.38,12.75,1.1428571428571428,264.93458849294666,484.06541150705334,0.2698862571537657,1854.5421194506266,0.0,0.0,Healthy,0.0
22424,19.219295553221436,0,144,20,134,ENAMEL BREAD BIN CREAM,6.38,12.75,2.857142857142857,54.9122730092041,89.0877269907959,0.3351662164865977,153.75436442577148,0.0,0.0,Healthy,0.0
22425,13.43159012984222,0,133,13,84,ENAMEL COLANDER CREAM,2.48,4.95,1.8571428571428572,24.94438166970698,108.05561833029302,0.0,107.45272103873776,0.0,0.0,Healthy,0.0
22426,15.060404973565582,0,156,15,121,ENAMEL WASH BOWL CREAM,1.88,3.75,2.142857142857143,32.272296371926245,123.72770362807375,0.0,120.48323978852466,0.0,0.0,Healthy,0.0
22420,49.44487097381861,0,367,8,191,LIPSTICK PEN BABY PINK,0.23,0.42,1.1428571428571428,56.50842397007841,310.4915760299216,0.0,395.5589677905489,0.0,0.0,Healthy,0.0
22427,10.611762201211574,0,166,9,152,ENAMEL FLOWER JUG CREAM,2.98,5.95,1.2857142857142858,13.643694258700597,152.3563057412994,0.0,84.8940976096926,0.0,0.0,Healthy,0.0
22429,23.716118307980715,0,201,9,138,ENAMEL MEASURING JUG CREAM,2.12,4.25,1.2857142857142858,30.49215211026092,170.50784788973908,0.0,189.72894646384572,0.0,0.0,Healthy,0.0
22430,8.816423157817285,0,171,11,147,ENAMEL WATERING CAN CREAM,2.48,4.95,1.5714285714285714,13.85437924799859,157.1456207520014,0.0,70.53138526253828,0.0,0.0,Healthy,0.0
22431,14.856024096201237,0,286,17,260,WATERING CAN BLUE ELEPHANT,0.98,1.95,2.4285714285714284,36.078915662203,249.921084337797,0.03876506023924231,118.8481927696099,0.0,0.0,Healthy,0.0
22432,6.066346810436389,0,330,7,165,WATERING CAN PINK BUNNY,0.98,1.95,1.0,6.066346810436389,323.9336531895636,0.0,48.530774483491115,0.0,0.0,Healthy,0.0
22433,14.206454292773635,0,324,13,247,WATERING CAN GREEN DINOSAUR,0.98,1.95,1.8571428571428572,26.38341511515104,297.616584884849,0.0,113.65163434218908,0.0,0.0,Healthy,0.0
22434,22.5607678691488,0,438,15,416,BALLOON PUMP WITH 10 BALLOONS,0.98,1.95,2.142857142857143,48.34450257674743,389.65549742325254,0.06332813119410452,180.4861429531904,0.0,0.0,Healthy,0.0
22428,9.636058502672462,0,90,16,68,ENAMEL FIRE BUCKET CREAM,3.48,6.95,2.2857142857142856,22.025276577537056,67.97472342246294,0.00037171437554495146,77.0884680213797,0.0,0.0,Healthy,0.0
22419,140.19569966155103,0,737,12,534,LIPSTICK PEN RED,0.23,0.42,1.7142857142857142,240.33548513408746,496.66451486591257,0.06991663882787913,1121.5655972924083,0.0,0.0,Healthy,0.0
22418,142.26235686447112,0,1345,15,866,10 COLOUR SPACEBOY PEN,0.47,0.85,2.142857142857143,304.8479075667238,1040.1520924332763,0.0,1138.098854915769,0.0,0.0,Healthy,0.0
22417,127.19783194192703,0,1909,15,1273,PACK OF 60 SPACEBOY CAKE CASES,0.28,0.55,2.142857142857143,272.5667827327008,1636.4332172672991,0.0,1017.5826555354163,0.0,0.0,Healthy,0.0
22400,53.40747500944184,0,465,9,268,MAGNETS PACK OF 4 HOME SWEET HOME,0.62,1.25,1.2857142857142858,68.66675358356808,396.3332464164319,0.0,427.2598000755347,0.0,0.0,Healthy,0.0
22402,63.34208290677451,0,889,17,716,MAGNETS PACK OF 4 VINTAGE COLLAGE,0.62,1.25,2.4285714285714284,153.8307727735952,735.1692272264048,0.0,506.73666325419606,0.0,0.0,Healthy,0.0
22403,35.111711411873145,0,317,17,290,MAGNETS PACK OF 4 VINTAGE LABELS,0.62,1.25,2.4285714285714284,85.27129914312049,231.72870085687953,0.20093551428662237,280.89369129498516,0.0,0.0,Healthy,0.0
22405,10.652507026607365,0,145,7,123,MONEY BOX POCKET MONEY DESIGN,0.62,1.25,1.0,10.652507026607365,134.34749297339263,0.0,85.22005621285892,0.0,0.0,Healthy,0.0
22406,17.771554434319317,0,673,9,462,MONEY BOX KINGS CHOICE DESIGN,0.62,1.25,1.2857142857142858,22.849141415553408,650.1508585844466,0.0,142.17243547455453,0.0,0.0,Healthy,0.0
22407,3.6021602796645866,68,203,18,189,MONEY BOX FIRST ADE DESIGN,0.62,1.25,2.5714285714285716,9.262697861994653,261.73730213800536,0.0,28.817282237316693,2.3596951107326833,0.4532317035775611,Healthy,0.0
22408,14.66572081151687,0,244,14,184,MONEY BOX CONFECTIONERY DESIGN,0.62,1.25,2.0,29.33144162303374,214.66855837696625,0.0,117.32576649213496,0.0,0.0,Healthy,0.0
22409,4.435574205436875,54,581,8,406,MONEY BOX BISCUITS DESIGN,0.62,1.25,1.1428571428571428,5.069227663356429,629.9307723366436,0.0,35.484593643495,1.521787188618383,0.1739290628727943,Healthy,0.0
22410,9.560331869977942,0,277,21,257,MONEY BOX HOUSEKEEPING DESIGN,0.62,1.25,3.0,28.680995609933824,248.31900439006617,0.03377819303476204,76.48265495982353,0.0,0.0,Healthy,0.0
22411,279.3670761330437,0,818,10,811,JUMBO SHOPPER VINTAGE RED PAISLEY,0.98,1.95,1.4285714285714286,399.09582304720533,418.90417695279467,0.48347203828262064,2234.93660906435,0.0,0.0,Healthy,0.0
22412,5.6665273955539455,0,192,7,124,METAL SIGN NEIGHBOURHOOD WITCH,1.05,2.1,1.0,5.6665273955539455,186.33347260444606,0.0,45.332219164431564,0.0,0.0,Healthy,0.0
22413,34.17405507025508,0,895,20,851,METAL SIGN TAKE IT OR LEAVE IT,1.48,2.95,2.857142857142857,97.64015734358594,797.359842656414,0.063031912272134,273.39244056204063,0.0,0.0,Healthy,0.0
22414,5.749573444999537,0,284,7,190,DOORMAT NEIGHBOURHOOD WITCH,3.98,7.95,1.0,5.749573444999537,278.25042655500044,0.0,45.99658755999629,0.0,0.0,Healthy,0.0
22415,2.5392146649338887,0,64,15,50,WHITE TISSUE REAM,3.98,7.95,2.142857142857143,5.44117428200119,58.55882571799881,0.0,20.31371731947111,0.0,0.0,Healthy,0.0
22416,15.759474933704473,0,574,21,483,SET OF 36 DOILIES SPACEBOY DESIGN,0.72,1.45,3.0,47.27842480111342,526.7215751988866,0.0,126.07579946963578,0.0,0.0,Healthy,0.0
22435,49.728202701493615,0,228,8,212,SET OF 9 HEART SHAPED BALLOONS,0.62,1.25,1.1428571428571428,56.83223165884984,171.16776834115015,0.19260486631532947,397.8256216119489,0.0,0.0,Healthy,0.0
22244,3.1040244695712698,0,788,19,597,3 HOOK HANGER MAGIC GARDEN,0.98,1.95,2.7142857142857144,8.425209274550589,779.5747907254494,0.0,24.832195756570158,0.0,0.0,Healthy,0.0
22436,62.21492807884444,0,612,11,465,12 COLOURED PARTY BALLOONS,0.32,0.65,1.5714285714285714,97.76631555246983,514.2336844475302,0.0,497.7194246307555,0.0,0.0,Healthy,0.0
22438,35.01600342482496,0,492,16,363,BALLOON ART MAKE YOUR OWN FLOWERS,0.98,1.95,2.2857142857142856,80.03657925674275,411.96342074325725,0.0,280.12802739859967,0.0,0.0,Healthy,0.0
22459,2.5392146649338887,0,465,17,384,CAST IRON HOOK GARDEN TROWEL,1.27,2.55,2.4285714285714284,6.166664186268015,458.833335813732,0.0,20.31371731947111,0.0,0.0,Healthy,0.0
22460,57.48358473869995,0,558,14,410,EMBOSSED GLASS TEALIGHT HOLDER,0.62,1.25,2.0,114.9671694773999,443.0328305226001,0.0,459.8686779095996,0.0,0.0,Healthy,0.0
22461,2.5392146649338887,0,98,17,88,SAVOY ART DECO CLOCK,6.38,12.75,2.4285714285714284,6.166664186268015,91.83333581373199,0.0,20.31371731947111,0.0,0.0,Healthy,0.0
22464,71.60048401719392,0,613,18,494,HANGING METAL HEART LANTERN,0.82,1.65,2.5714285714285716,184.11553032992722,428.8844696700728,0.13181281443305104,572.8038721375514,0.0,0.0,Healthy,0.0
22465,55.58990832218147,0,508,15,381,HANGING METAL STAR LANTERN,0.82,1.65,2.142857142857143,119.1212321189603,388.8787678810397,0.0,444.7192665774518,0.0,0.0,Healthy,0.0
22466,77.91792793071171,0,540,11,497,FAIRY TALE COTTAGE NIGHTLIGHT,0.98,1.95,1.5714285714285714,122.44245817683269,417.5575418231673,0.15984398023507584,623.3434234456937,0.0,0.0,Healthy,0.0
22458,2.527455328645957,0,583,18,475,CAST IRON HOOK GARDEN FORK,1.27,2.55,2.5714285714285716,6.499170845089604,576.5008291549104,0.0,20.219642629167655,0.0,0.0,Healthy,0.0
22467,201.44291130733296,0,1109,18,856,GUMBALL COAT RACK,1.27,2.55,2.5714285714285716,517.9960576474276,591.0039423525724,0.30957483370026595,1611.5432904586637,0.0,0.0,Healthy,0.0
22469,363.740683733758,0,2882,21,2273,HEART OF WICKER SMALL,0.82,1.65,3.0,1091.2220512012739,1790.7779487987261,0.2121522442592494,2909.925469870064,0.0,0.0,Healthy,0.0
22470,253.25913080439858,0,1182,9,837,HEART OF WICKER LARGE,1.48,2.95,1.2857142857142858,325.6188824627982,856.3811175372018,0.0,2026.0730464351886,0.0,0.0,Healthy,0.0
22471,11.815333642717087,0,133,13,101,TV DINNER TRAY AIR HOSTESS,2.48,4.95,1.8571428571428572,21.942762479331734,111.05723752066827,0.0,94.5226691417367,0.0,0.0,Healthy,0.0
22472,13.431102355663448,0,332,20,246,TV DINNER TRAY DOLLY GIRL,2.48,4.95,2.857142857142857,38.37457815903842,293.62542184096156,0.0,107.44881884530758,0.0,0.0,Healthy,0.0
22473,16.946231777037244,0,151,14,136,TV DINNER TRAY VINTAGE PAISLEY,2.48,4.95,2.0,33.89246355407449,117.10753644592552,0.13891517319172408,135.56985421629795,0.0,0.0,Healthy,0.0
22474,16.213534244946867,0,287,21,237,SPACEBOY TV DINNER TRAY,2.48,4.95,3.0,48.6406027348406,238.3593972651594,0.0,129.70827395957494,0.0,0.0,Healthy,0.0
22468,21.002747679776352,0,297,17,203,BABUSHKA LIGHTS STRING OF 10,3.38,6.75,2.4285714285714284,51.006672936599706,245.9933270634003,0.0,168.02198143821082,0.0,0.0,Healthy,0.0
22457,176.55023828665597,0,1010,12,641,NATURAL SLATE HEART CHALKBOARD,1.48,2.95,1.7142857142857142,302.65755134855306,707.342448651447,0.0,1412.4019062932477,0.0,0.0,Healthy,0.0
22456,35.830564402647184,0,439,14,341,NATURAL SLATE CHALKBOARD LARGE,2.48,4.95,2.0,71.66112880529437,367.33887119470563,0.0,286.64451522117747,0.0,0.0,Healthy,0.0
22454,5.00340119570569,0,522,15,376,MEASURING TAPE BABUSHKA RED,1.48,2.95,2.142857142857143,10.721573990797907,511.2784260092021,0.0,40.02720956564552,0.0,0.0,Healthy,0.0
22439,52.222082524125184,0,453,21,449,6 ROCKET BALLOONS,0.32,0.65,3.0,156.66624757237554,296.33375242762446,0.3400139144150903,417.7766601930015,0.0,0.0,Healthy,0.0
22440,65.44202395999558,0,2378,19,1810,BALLOON WATER BOMB PACK OF 35,0.21,0.42,2.7142857142857144,177.62835074855946,2200.3716492514404,0.0,523.5361916799646,0.0,0.0,Healthy,0.0
22441,37.45684384154098,0,217,9,146,GROW YOUR OWN BASIL IN ENAMEL MUG,1.05,2.1,1.2857142857142858,48.158799224838404,168.8412007751616,0.0,299.65475073232784,0.0,0.0,Healthy,0.0
22442,14.201454744332024,0,273,7,175,GROW YOUR OWN FLOWERS SET OF 3,3.98,7.95,1.0,14.201454744332024,258.798545255668,0.0,113.61163795465619,0.0,0.0,Healthy,0.0
22443,2.5392146649338887,0,61,7,51,GROW YOUR OWN HERBS SET OF 3,3.98,7.95,1.0,2.5392146649338887,58.46078533506611,0.0,20.31371731947111,0.0,0.0,Healthy,0.0
22444,5.503654424975725,0,1481,15,1095,GROW YOUR OWN PLANT IN A CAN,0.62,1.25,2.142857142857143,11.793545196376552,1469.2064548036235,0.0,44.0292353998058,0.0,0.0,Healthy,0.0
22445,16.8438571001205,0,102,9,94,PENCIL CASE LIFE IS BEAUTIFUL,1.62,2.95,1.2857142857142858,21.656387700154927,80.34361229984508,0.14528072021441407,134.750856800964,0.0,0.0,Healthy,0.0
22446,29.26944614937871,0,130,10,70,PIN CUSHION BABUSHKA PINK,1.25,2.51,1.4285714285714286,41.813494499112444,88.18650550088756,0.0,234.15556919502967,0.0,0.0,Healthy,0.0
22447,2.5392146649338887,21,117,19,90,PIN CUSHION BABUSHKA BLUE,1.68,3.35,2.7142857142857144,6.8921540905348415,131.10784590946517,0.0,20.31371731947111,1.033784199599503,0.011261399866500987,Healthy,0.0
22448,11.419022855048599,0,413,20,315,PIN CUSHION BABUSHKA RED,1.68,3.35,2.857142857142857,32.62577958585314,380.37422041414686,0.0,91.35218284038879,0.0,0.0,Healthy,0.0
22449,8.816423157817285,0,187,19,180,SILK PURSE BABUSHKA PINK,1.68,3.35,2.7142857142857144,23.930291428361205,163.06970857163878,0.0940571746020068,70.53138526253828,0.0,0.0,Healthy,0.0
22450,8.005285897672948,0,182,10,97,SILK PURSE BABUSHKA BLUE,1.68,3.35,1.4285714285714286,11.436122710961355,170.56387728903866,0.0,64.04228718138359,0.0,0.0,Healthy,0.0
22451,2.5392146649338887,0,290,16,234,SILK PURSE BABUSHKA RED,1.68,3.35,2.2857142857142856,5.803919234134602,284.1960807658654,0.0,20.31371731947111,0.0,0.0,Healthy,0.0
22452,8.755334753274107,0,267,16,180,MEASURING TAPE BABUSHKA PINK,1.48,2.95,2.2857142857142856,20.01219372176939,246.9878062782306,0.0,70.04267802619286,0.0,0.0,Healthy,0.0
22453,22.360938631789367,0,204,9,115,MEASURING TAPE BABUSHKA BLUE,1.48,2.95,1.2857142857142858,28.749778240872043,175.25022175912795,0.0,178.88750905431493,0.0,0.0,Healthy,0.0
22437,51.886617246489685,0,699,12,562,SET OF 9 BLACK SKULL BALLOONS,0.42,0.85,1.7142857142857142,88.94848670826802,610.051513291732,0.0,415.0929379719175,0.0,0.0,Healthy,0.0
22554,209.6057857600312,0,893,16,752,PLASTERS IN TIN WOODLAND ANIMALS,0.82,1.65,2.2857142857142856,479.09893888007133,413.90106111992867,0.4495996527660523,1676.8462860802497,0.0,0.0,Healthy,0.0
22243,6.457772417248499,0,903,7,586,5 HOOK HANGER RED MAGIC TOADSTOOL,0.82,1.65,1.0,6.457772417248499,896.5422275827515,0.0,51.66217933798799,0.0,0.0,Healthy,0.0
22241,5.914443986821101,0,754,11,451,GARLAND WOODEN HAPPY EASTER,0.62,1.25,1.5714285714285714,9.294126265004587,744.7058737349954,0.0,47.315551894568806,0.0,0.0,Healthy,0.0
22029,109.11708632839245,0,1150,19,1013,SPACEBOY BIRTHDAY CARD,0.23,0.42,2.7142857142857144,296.17494860563664,853.8250513943633,0.15713222962056927,872.9366906271396,0.0,0.0,Healthy,0.0
22030,188.70624445982213,0,985,10,690,SWALLOWS GREETING CARD,0.23,0.42,1.4285714285714286,269.58034922831735,715.4196507716827,0.0,1509.649955678577,0.0,0.0,Healthy,0.0
22031,15.143964175389442,0,135,7,97,BOTANICAL LAVENDER BIRTHDAY CARD,0.23,0.42,1.0,15.143964175389442,119.85603582461056,0.0,121.15171340311554,0.0,0.0,Healthy,0.0
22032,14.618140993507977,0,162,7,109,BOTANICAL LILY GREETING CARD,0.23,0.42,1.0,14.618140993507977,147.38185900649202,0.0,116.94512794806381,0.0,0.0,Healthy,0.0
22033,4.434116109959191,0,425,12,242,BOTANICAL ROSE GREETING CARD,0.23,0.42,1.7142857142857142,7.601341902787183,417.39865809721283,0.0,35.472928879673525,0.0,0.0,Healthy,0.0
22034,3.4908755161689506,282,770,21,756,ROBIN CHRISTMAS CARD,0.19,0.42,3.0,10.472626548506852,1041.527373451493,0.0,27.927004129351605,10.097753367809858,1.0,Markdown / clear,53.58
22028,67.42137630586035,0,558,13,382,PENNY FARTHING BIRTHDAY CARD,0.23,0.42,1.8571428571428572,125.21112742516922,432.78887257483075,0.0,539.3710104468828,0.0,0.0,Healthy,0.0
22035,4.047265063361509,0,281,7,183,VINTAGE CARAVAN GREETING CARD,0.23,0.42,1.0,4.047265063361509,276.9527349366385,0.0,32.378120506892074,0.0,0.0,Healthy,0.0
22037,63.229738901452365,0,290,8,251,ROBOT BIRTHDAY CARD,0.23,0.42,1.1428571428571428,72.26255874451698,217.73744125548302,0.13252015436062536,505.8379112116189,0.0,0.0,Healthy,0.0
22038,13.241817601571192,147,750,20,539,BOTANICAL LAVENDER GIFT WRAP,0.23,0.42,2.857142857142857,37.83376457591769,859.1662354240823,0.0,105.93454081256954,1.3876493811408288,0.12921646038027626,Healthy,0.0
22039,6.622736357628944,648,425,17,623,BOTANICAL LILY GIFT WRAP,0.23,0.42,2.4285714285714284,16.083788297098863,1056.9162117029011,0.0,52.98189086103155,12.23059406655883,1.0,Markdown / clear,149.04
22040,14.882879555761264,0,950,18,878,BOTANICAL ROSE GIFT WRAP,0.23,0.42,2.5714285714285716,38.27026171481468,911.7297382851854,0.0,119.06303644609011,0.0,0.0,Healthy,0.0
22041,113.52518692215922,0,672,17,647,"RECORD FRAME 7"" SINGLE SIZE",1.27,2.55,2.4285714285714284,275.70402538238665,396.29597461761335,0.3874869016729314,908.2014953772738,0.0,0.0,Healthy,0.0
22042,27.596139153264065,0,623,16,448,CHRISTMAS CARD SINGING ANGEL,0.19,0.42,2.2857142857142856,63.076889493175,559.923110506825,0.0,220.76911322611252,0.0,0.0,Healthy,0.0
22036,4.047265063361509,0,485,12,284,DINOSAUR BIRTHDAY CARD,0.23,0.42,1.7142857142857142,6.938168680048301,478.0618313199517,0.0,32.378120506892074,0.0,0.0,Healthy,0.0
22043,86.69707473903864,0,840,18,581,CHRISTMAS CARD SCREEN PRINT,0.19,0.42,2.5714285714285716,222.93533504324225,617.0646649567577,0.0,693.5765979123091,0.0,0.0,Healthy,0.0
22027,65.08182920510944,0,897,20,736,TEA PARTY BIRTHDAY CARD,0.23,0.42,2.857142857142857,185.94808344316985,711.0519165568302,0.03389685250430685,520.6546336408755,0.0,0.0,Healthy,0.0
22025,27.85736506946989,0,772,19,528,RING OF ROSES BIRTHDAY CARD,0.23,0.42,2.7142857142857144,75.61284804570398,696.387151954296,0.0,222.8589205557591,0.0,0.0,Healthy,0.0
21984,31.49553353542745,0,7990,21,6826,PACK OF 12 PINK PAISLEY TISSUES,0.14,0.29,3.0,94.48660060628235,7895.513399393718,0.0,251.9642682834196,0.0,0.0,Healthy,0.0
21985,86.11456650044597,0,3647,19,2926,PACK OF 12 HEARTS DESIGN TISSUES,0.14,0.29,2.7142857142857144,233.73953764406767,3413.2604623559323,0.0,688.9165320035678,0.0,0.0,Healthy,0.0
21986,28.051425315422836,0,2083,13,1632,PACK OF 12 PINK POLKADOT TISSUES,0.14,0.29,1.8571428571428572,52.09550415721384,2030.9044958427862,0.0,224.4114025233827,0.0,0.0,Healthy,0.0
21987,35.13569657964736,0,886,11,574,PACK OF 6 SKULL PAPER CUPS,0.32,0.65,1.5714285714285714,55.21323748230299,830.786762517697,0.0,281.08557263717887,0.0,0.0,Healthy,0.0
21988,36.186451174111895,0,1530,21,1153,PACK OF 6 SKULL PAPER PLATES,0.42,0.85,3.0,108.55935352233568,1421.4406464776644,0.0,289.49160939289516,0.0,0.0,Healthy,0.0
21989,46.38665753663695,0,879,10,570,PACK OF 20 SKULL PAPER NAPKINS,0.47,0.85,1.4285714285714286,66.26665362376708,812.7333463762329,0.0,371.0932602930956,0.0,0.0,Healthy,0.0
22026,26.710932456559842,0,261,10,240,BANQUET BIRTHDAY  CARD,0.23,0.42,1.4285714285714286,38.158474937942636,222.84152506205737,0.0714936455747609,213.68745965247874,0.0,0.0,Healthy,0.0
21990,58.83143994717131,0,323,13,200,MODERN FLORAL STATIONERY SET,1.23,2.46,1.8571428571428572,109.25838847331815,213.74161152668185,0.0,470.6515195773705,0.0,0.0,Healthy,0.0
21992,26.292254437644576,0,323,18,273,VINTAGE PAISLEY STATIONERY SET,1.23,2.46,2.5714285714285716,67.60865426822892,255.39134573177108,0.06450056508508761,210.3380355011566,0.0,0.0,Healthy,0.0
21993,84.90707092190081,0,244,16,234,FLORAL FOLK STATIONERY SET,1.23,2.46,2.2857142857142856,194.0733049643447,49.926695035655314,0.7866380554031824,679.2565673752065,0.0,0.0,Reorder now,477.42
22021,3.1040244695712698,0,213,10,204,BLUE FELT EASTER EGG BASKET,0.82,1.65,1.4285714285714286,4.4343206708161,208.5656793291839,0.0,24.832195756570158,0.0,0.0,Healthy,0.0
22023,22.059493112286138,0,546,15,404,EMPIRE BIRTHDAY CARD,0.23,0.42,2.142857142857143,47.27034238347029,498.7296576165297,0.0,176.4759448982891,0.0,0.0,Healthy,0.0
22024,34.953346846640414,0,564,15,411,RAINY LADIES BIRTHDAY CARD,0.23,0.42,2.142857142857143,74.9000289570866,489.0999710429134,0.0,279.6267747731233,0.0,0.0,Healthy,0.0
21991,34.54605495212126,0,155,8,102,BOHEMIAN COLLAGE STATIONERY SET,1.23,2.46,1.1428571428571428,39.48120565956715,115.51879434043285,0.0,276.3684396169701,0.0,0.0,Healthy,0.0
22044,19.908259545732804,0,482,7,356,CHRISTMAS CARD STACK OF PRESENTS,0.19,0.42,1.0,19.908259545732804,462.0917404542672,0.0,159.26607636586243,0.0,0.0,Healthy,0.0
22045,101.16214105504498,0,1400,19,1245,SPACEBOY GIFT WRAP,0.23,0.42,2.7142857142857144,274.58295429226496,1125.417045707735,0.09605056569659831,809.2971284403599,0.0,0.0,Healthy,0.0
22046,50.08222623237645,0,1075,18,899,TEA PARTY  WRAPPING PAPER,0.23,0.42,2.5714285714285716,128.7828674546823,946.2171325453177,0.0,400.6578098590116,0.0,0.0,Healthy,0.0
22066,68.50323199440126,0,477,18,468,LOVE HEART TRINKET POT,0.72,1.45,2.5714285714285716,176.15116798560325,300.84883201439675,0.35716061535385313,548.0258559552101,0.0,0.0,Healthy,0.0
22067,17.806808631890576,0,322,13,229,CHOC TRUFFLE GOLD TRINKET POT,0.82,1.65,1.8571428571428572,33.06978745922535,288.9302125407746,0.0,142.4544690551246,0.0,0.0,Healthy,0.0
22068,12.885130080822552,0,165,17,152,BLACK PIRATE TREASURE CHEST,0.82,1.65,2.4285714285714284,31.29245876771191,133.7075412322881,0.12034512347178883,103.08104064658042,0.0,0.0,Healthy,0.0
22069,16.042780939534005,0,160,20,159,BROWN  PIRATE TREASURE CHEST,1.68,3.36,2.857142857142857,45.83651697009716,114.16348302990284,0.2819906727679067,128.34224751627204,0.0,0.0,Healthy,0.0
22070,46.22985876927081,0,335,16,244,SMALL RED RETROSPOT MUG IN BOX,1.88,3.75,2.2857142857142856,105.66824861547613,229.33175138452387,0.06011577301424642,369.8388701541665,0.0,0.0,Healthy,0.0
22071,35.42985742346553,0,353,17,269,SMALL WHITE RETROSPOT MUG IN BOX,1.88,3.75,2.4285714285714284,86.0439394569877,266.9560605430123,0.00759828794419215,283.4388593877242,0.0,0.0,Healthy,0.0
22065,329.88662368567856,0,1240,7,837,CHRISTMAS PUDDING TRINKET POT,0.65,1.45,1.0,329.88662368567856,910.1133763143214,0.0,2639.0929894854285,0.0,0.0,Healthy,0.0
22072,29.318161712312346,0,255,10,146,RED RETROSPOT TEA CUP AND SAUCER,1.88,3.75,1.4285714285714286,41.883088160446206,213.11691183955378,0.0,234.54529369849877,0.0,0.0,Healthy,0.0
22074,32.658784413713086,0,334,13,261,6 RIBBONS SHIMMERING PINKS,0.91,1.65,1.8571428571428572,60.652028196895735,273.34797180310426,0.0,261.2702753097047,0.0,0.0,Healthy,0.0
22075,102.09783315982973,0,682,19,511,6 RIBBONS ELEGANT CHRISTMAS,0.74,1.65,2.7142857142857144,277.12269000525214,404.87730999474786,0.20767649707485747,816.7826652786379,0.0,0.0,Healthy,0.0
22076,54.82160311979326,0,263,14,226,6 RIBBONS EMPIRE,0.91,1.65,2.0,109.64320623958652,153.3567937604135,0.3214301161043651,438.5728249583461,0.0,0.0,Healthy,0.0
22077,209.34266856315654,0,1018,12,626,6 RIBBONS RUSTIC CHARM,0.91,1.65,1.7142857142857142,358.8731461082683,659.1268538917317,0.0,1674.7413485052523,0.0,0.0,Healthy,0.0
22078,39.04606738258618,0,553,18,408,RIBBON REEL LACE DESIGN,1.16,2.1,2.5714285714285716,100.40417326950733,452.59582673049266,0.0,312.36853906068944,0.0,0.0,Healthy,0.0
22079,49.96043207122769,0,455,19,391,RIBBON REEL HEARTS DESIGN,0.91,1.65,2.7142857142857144,135.60688705047517,319.39311294952483,0.1831378185434147,399.68345656982154,0.0,0.0,Healthy,0.0
22073,2.527455328645957,0,214,10,118,RED RETROSPOT STORAGE JAR,1.88,3.75,1.4285714285714286,3.610650469494224,210.38934953050577,0.0,20.219642629167655,0.0,0.0,Healthy,0.0
22064,47.43037396352773,0,659,14,430,PINK DOUGHNUT TRINKET POT,0.82,1.65,2.0,94.86074792705546,564.1392520729446,0.0,379.4429917082218,0.0,0.0,Healthy,0.0
22063,14.201244678134346,0,407,17,280,CERAMIC BOWL WITH STRAWBERRY DESIGN,1.48,2.95,2.4285714285714284,34.488737075469125,372.51126292453085,0.0,113.60995742507477,0.0,0.0,Healthy,0.0
22062,3.3608692544182444,0,216,10,127,CERAMIC BOWL WITH LOVE HEART DESIGN,1.23,2.46,1.4285714285714286,4.8012417920260635,211.19875820797392,0.0,26.886954035345955,0.0,0.0,Healthy,0.0
22047,67.09888082635626,0,1450,18,1051,EMPIRE GIFT WRAP,0.23,0.42,2.5714285714285716,172.53997926777328,1277.4600207322267,0.0,536.7910466108501,0.0,0.0,Healthy,0.0
22048,14.235499409230918,0,900,12,496,BIRTHDAY BANQUET GIFT WRAP,0.23,0.42,1.7142857142857142,24.403713272967288,875.5962867270327,0.0,113.88399527384735,0.0,0.0,Healthy,0.0
22049,20.616424556048777,0,1475,19,1200,WRAP CHRISTMAS SCREEN PRINT,0.09,0.19,2.7142857142857144,55.9588666521324,1419.0411333478676,0.0,164.93139644839022,0.0,0.0,Healthy,0.0
22050,14.235499409230918,0,950,12,555,PINK PAISLEY ROSE GIFT WRAP,0.23,0.42,1.7142857142857142,24.403713272967288,925.5962867270327,0.0,113.88399527384735,0.0,0.0,Healthy,0.0
22051,19.544623023216804,0,425,7,299,BLUE SCANDINAVIAN PAISLEY WRAP,0.21,0.42,1.0,19.544623023216804,405.4553769767832,0.0,156.35698418573443,0.0,0.0,Healthy,0.0
22052,4.047265063361509,0,1000,20,822,VINTAGE CARAVAN GIFT WRAP,0.23,0.42,2.857142857142857,11.56361446674717,988.4363855332529,0.0,32.378120506892074,0.0,0.0,Healthy,0.0
22053,6.066346810436389,3667,3806,10,2956,EMPIRE DESIGN ROSETTE,0.62,1.25,1.4285714285714286,8.666209729194842,7464.333790270805,0.0,48.530774483491115,75.56030248904057,1.0,Markdown / clear,2273.54
22054,4.047265063361509,0,123,8,101,MINI CAKE STAND HANGING HEARTS,0.82,1.65,1.1428571428571428,4.625445786698868,118.37455421330114,0.0,32.378120506892074,0.0,0.0,Healthy,0.0
22055,30.811763210945138,0,525,16,350,MINI CAKE STAND  HANGING STRAWBERY,0.82,1.65,2.2857142857142856,70.42688733930316,454.57311266069684,0.0,246.4941056875611,0.0,0.0,Healthy,0.0
22056,4.047265063361509,743,416,10,477,CERAMIC PLATE LOVE HEART DESIGN,0.74,1.49,1.4285714285714286,5.781807233373585,1153.2181927666263,0.0,32.378120506892074,22.947595115715362,1.0,Markdown / clear,549.82
22057,21.695363905391073,0,827,19,592,CERAMIC PLATE STRAWBERRY DESIGN,0.74,1.49,2.7142857142857144,58.887416314632915,768.1125836853671,0.0,173.56291124312858,0.0,0.0,Healthy,0.0
22058,4.047265063361509,0,202,13,132,CERAMIC LOVE HEARTS DESIGN MUG,0.74,1.49,1.8571428571428572,7.51634940338566,194.48365059661435,0.0,32.378120506892074,0.0,0.0,Healthy,0.0
22059,32.968883785436475,0,493,7,268,CERAMIC STRAWBERRY DESIGN MUG,0.74,1.49,1.0,32.968883785436475,460.03111621456355,0.0,263.7510702834918,0.0,0.0,Healthy,0.0
22060,2.527455328645957,0,249,21,209,LARGE CAKE STAND HANGING HEARTS,4.97,9.95,3.0,7.582365985937871,241.41763401406212,0.0,20.219642629167655,0.0,0.0,Healthy,0.0
22061,28.914604538385625,0,186,14,178,LARGE CAKE STAND  HANGING STRAWBERY,4.97,9.95,2.0,57.82920907677125,128.17079092322876,0.2799393768357935,231.316836307085,0.0,0.0,Healthy,0.0
21983,44.07690304788445,0,1060,20,748,PACK OF 12 BLUE PAISLEY TISSUES,0.14,0.29,2.857142857142857,125.9340087082413,934.0659912917587,0.0,352.6152243830756,0.0,0.0,Healthy,0.0
22080,48.997412013932504,0,440,20,395,RIBBON REEL SPOTS DESIGN,0.91,1.65,2.857142857142857,139.99260575409286,300.0073942459071,0.24048760950403258,391.97929611146003,0.0,0.0,Healthy,0.0
21982,81.9753311713095,0,6322,14,5095,PACK OF 12 SUKI TISSUES,0.14,0.29,2.0,163.950662342619,6158.049337657381,0.0,655.802649370476,0.0,0.0,Healthy,0.0
21980,67.29515706532656,0,6419,18,5291,PACK OF 12 RED RETROSPOT TISSUES,0.14,0.29,2.5714285714285716,173.04468959655404,6245.955310403446,0.0,538.3612565226125,0.0,0.0,Healthy,0.0
21901,34.599337384383226,0,470,13,424,"KEY FOB , BACK DOOR",0.32,0.65,1.8571428571428572,64.25591228528313,405.7440877147169,0.04305639689925256,276.7946990750658,0.0,0.0,Healthy,0.0
21902,25.84004570409729,0,585,11,475,"KEY FOB , FRONT  DOOR",0.32,0.65,1.5714285714285714,40.60578610643859,544.3942138935614,0.0,206.7203656327783,0.0,0.0,Healthy,0.0
21903,30.9833269436915,0,386,9,281,MAN FLU METAL SIGN,1.05,2.1,1.2857142857142858,39.8357060704605,346.1642939295395,0.0,247.866615549532,0.0,0.0,Healthy,0.0
21904,2.8154898181844623,0,233,17,213,HOUSE WRECKING METAL SIGN,1.05,2.1,2.4285714285714284,6.83761812987655,226.16238187012345,0.0,22.5239185454757,0.0,0.0,Healthy,0.0
21905,24.544908729739046,0,370,14,261,MORE BUTTER METAL SIGN,0.83,1.66,2.0,49.08981745947809,320.91018254052193,0.0,196.35926983791236,0.0,0.0,Healthy,0.0
21906,9.62429916638453,0,380,16,292,PHARMACIE FIRST AID TIN,3.38,6.75,2.2857142857142856,21.99839809459321,358.0016019054068,0.0,76.99439333107624,0.0,0.0,Healthy,0.0
21900,49.96189769146831,0,586,7,337,"KEY FOB , SHED",0.32,0.65,1.0,49.96189769146831,536.0381023085317,0.0,399.69518153174647,0.0,0.0,Healthy,0.0
21907,32.76235789502837,0,357,17,307,I'M ON HOLIDAY METAL SIGN,1.05,2.1,2.4285714285714284,79.56572631649748,277.4342736835025,0.09630529744787453,262.098863160227,0.0,0.0,Healthy,0.0
21910,3.1040244695712698,142,513,19,521,WAY OUT METAL SIGN,0.82,1.65,2.7142857142857144,8.425209274550589,646.5747907254494,0.0,24.832195756570158,5.718382755678355,1.0,Markdown / clear,116.44
21911,3.1040244695712698,0,416,16,400,GARDEN METAL SIGN,0.82,1.65,2.2857142857142856,7.094913073305759,408.90508692669425,0.0,24.832195756570158,0.0,0.0,Healthy,0.0
21912,69.76331368369776,0,447,20,320,VINTAGE SNAKES & LADDERS,1.88,3.75,2.857142857142857,199.3237533819936,247.6762466180064,0.22601172931873004,558.1065094695821,0.0,0.0,Healthy,0.0
21913,8.816423157817285,0,221,14,152,VINTAGE SEASIDE JIGSAW PUZZLES,1.88,3.75,2.0,17.63284631563457,203.36715368436543,0.0,70.53138526253828,0.0,0.0,Healthy,0.0
21914,299.1581030577334,0,1474,21,1073,BLUE HARMONICA IN BOX,0.62,1.25,3.0,897.4743091732003,576.5256908267997,0.46269739904305707,2393.264824461867,0.0,0.0,Healthy,0.0
21915,327.36607071341246,0,4126,18,3171,RED  HARMONICA IN BOX,0.62,1.25,2.5714285714285716,841.798467548775,3284.201532451225,0.0,2618.9285657072996,0.0,0.0,Healthy,0.0
21908,104.68256475306337,0,962,21,767,CHOCOLATE THIS WAY METAL SIGN,1.05,2.1,3.0,314.0476942591901,647.9523057408098,0.15521211767821408,837.460518024507,0.0,0.0,Healthy,0.0
21916,53.39067495282925,0,1200,16,821,SET 12 RETRO WHITE CHALK STICKS,0.21,0.42,2.2857142857142856,122.0358284636097,1077.9641715363903,0.0,427.125399622634,0.0,0.0,Healthy,0.0
21899,46.15426236425162,0,780,15,569,"KEY FOB , GARAGE DESIGN",0.32,0.65,2.142857142857143,98.9019907805392,681.0980092194608,0.0,369.234098914013,0.0,0.0,Healthy,0.0
21897,2.5392146649338887,0,279,9,268,POTTING SHED CANDLE CITRONELLA,1.48,2.95,1.2857142857142858,3.264704569200714,275.7352954307993,0.0,20.31371731947111,0.0,0.0,Healthy,0.0
21880,36.76111503805641,0,341,12,214,RED RETROSPOT TAPE,0.32,0.65,1.7142857142857142,63.019054350953844,277.98094564904613,0.0,294.0889203044513,0.0,0.0,Healthy,0.0
21881,17.084929046749842,0,402,9,290,CUTE CATS TAPE,0.32,0.65,1.2857142857142858,21.966337345821227,380.0336626541788,0.0,136.67943237399874,0.0,0.0,Healthy,0.0
21882,16.128948811744397,0,317,7,168,SKULLS TAPE,0.32,0.65,1.0,16.128948811744397,300.8710511882556,0.0,129.03159049395518,0.0,0.0,Healthy,0.0
21883,23.45115460755144,0,413,12,307,STARS GIFT TAPE,0.32,0.65,1.7142857142857142,40.20197932723104,372.798020672769,0.0,187.60923686041153,0.0,0.0,Healthy,0.0
21884,17.270279677456653,0,348,11,287,CAKES AND BOWS GIFT  TAPE,0.32,0.65,1.5714285714285714,27.139010921717595,320.8609890782824,0.0,138.16223741965322,0.0,0.0,Healthy,0.0
21888,54.924744431333416,0,256,9,159,BINGO SET,1.88,3.75,1.2857142857142858,70.61752855457154,185.38247144542845,0.0,439.3979554506673,0.0,0.0,Healthy,0.0
21898,2.5392146649338887,383,513,15,387,POTTING SHED ROSE CANDLE,1.48,2.95,2.142857142857143,5.44117428200119,890.5588257179988,0.0,20.31371731947111,18.85425468793379,1.0,Markdown / clear,566.84
21889,290.69178628135705,0,827,10,522,WOODEN BOX OF DOMINOES,0.62,1.25,1.4285714285714286,415.2739804019387,411.7260195980613,0.21125283601903955,2325.5342902508564,0.0,0.0,Healthy,0.0
21891,178.3142643133044,0,1454,16,1008,TRADITIONAL WOODEN SKIPPING ROPE,0.62,1.25,2.2857142857142856,407.57546128755286,1046.4245387124472,0.0,1426.5141145064351,0.0,0.0,Healthy,0.0
21892,133.29546451575217,0,961,20,682,TRADITIONAL WOODEN CATCH CUP GAME,0.62,1.25,2.857142857142857,380.8441843307205,580.1558156692795,0.14933164857876913,1066.3637161260174,0.0,0.0,Healthy,0.0
21893,2.527455328645957,560,169,17,402,POTTING SHED SEED TIN,2.12,4.25,2.4285714285714284,6.138105798140181,722.8618942018599,0.0,20.219642629167655,27.69584063727107,1.0,Markdown / clear,1187.2
21894,19.597967019216195,0,206,13,149,POTTING SHED SEED ENVELOPES,0.69,1.25,1.8571428571428572,36.39622446425865,169.60377553574136,0.0,156.78373615372956,0.0,0.0,Healthy,0.0
21895,2.5392146649338887,143,286,13,291,POTTING SHED SOW 'N' GROW SET,2.12,4.25,1.8571428571428572,4.715684377734365,424.28431562226564,0.0,20.31371731947111,7.039578121082329,1.0,Markdown / clear,303.16
21896,5.6665273955539455,0,436,11,327,POTTING SHED TWINE,1.05,2.1,1.5714285714285714,8.9045430501562,427.0954569498438,0.0,45.332219164431564,0.0,0.0,Healthy,0.0
21890,25.56532625602487,0,371,7,219,S/6 WOODEN SKITTLES IN COTTON BAG,1.48,2.95,1.0,25.56532625602487,345.4346737439751,0.0,204.52261004819897,0.0,0.0,Healthy,0.0
21917,52.65370932468231,0,1140,20,877,SET 12 KIDS  WHITE CHALK STICKS,0.21,0.42,2.857142857142857,150.43916949909232,989.5608305009077,0.0,421.2296745974585,0.0,0.0,Healthy,0.0
21918,79.65576674427695,0,1021,14,995,SET 12 KIDS COLOUR  CHALK STICKS,0.21,0.42,2.0,159.3115334885539,861.6884665114461,0.133981440692014,637.2461339542156,0.0,0.0,Healthy,0.0
21919,2.5392146649338887,36,0,17,23,Electronic Talking Breath-A-Loser,2.53,5.06,2.4285714285714284,6.166664186268015,29.833335813731985,0.0,20.31371731947111,1.7722014850277192,0.2574004950092397,Healthy,0.0
21945,24.541440965262787,0,751,21,595,STRAWBERRIES  DESIGN FLANNEL,0.82,1.63,3.0,73.62432289578837,677.3756771042116,0.0,196.3315277221023,0.0,0.0,Healthy,0.0
21946,4.435574205436875,82,290,9,265,PARTY TIME DESIGN FLANNEL,0.42,0.85,1.2857142857142858,5.702881121275983,366.297118878724,0.0,35.484593643495,2.310862027161248,0.43695400905374937,Healthy,0.0
21947,19.134710120018966,0,236,11,159,SET OF 6 HEART CHOPSTICKS,0.62,1.25,1.5714285714285714,30.068830188601233,205.93116981139877,0.0,153.07768096015172,0.0,0.0,Healthy,0.0
21948,13.933624717071202,0,845,19,691,SET OF 6 CAKE CHOPSTICKS,1.23,2.46,2.7142857142857144,37.819838517764694,807.1801614822353,0.0,111.46899773656962,0.0,0.0,Healthy,0.0
21949,16.9446170330247,0,941,18,748,SET OF 6 STRAWBERRY CHOPSTICKS,0.62,1.25,2.5714285714285716,43.57187237063494,897.428127629365,0.0,135.5569362641976,0.0,0.0,Healthy,0.0
21950,2.5392146649338887,835,205,21,643,SET OF 6 DOTS CHOPSTICKS,1.28,2.57,3.0,7.617643994801666,1032.3823560051983,0.0,20.31371731947111,41.105228888837374,1.0,Markdown / clear,1068.8
21944,22.90037901107272,0,527,8,351,KITTENS DESIGN FLANNEL,0.42,0.85,1.1428571428571428,26.17186172694025,500.8281382730597,0.0,183.20303208858175,0.0,0.0,Healthy,0.0
21955,9.827184369325296,0,508,18,445,DOORMAT UNION JACK GUNS AND ROSES,3.74,7.49,2.5714285714285716,25.269902663979337,482.73009733602066,0.0,78.61747495460237,0.0,0.0,Healthy,0.0
21972,21.073650141164684,0,215,12,145,SET OF 36 DINOSAUR PAPER DOILIES,0.8,1.45,1.7142857142857142,36.126257384853744,178.87374261514626,0.0,168.58920112931747,0.0,0.0,Healthy,0.0
21973,4.545400873454827,0,307,7,163,SET OF 36 MUSHROOM PAPER DOILIES,0.8,1.45,1.0,4.545400873454827,302.4545991265452,0.0,36.36320698763861,0.0,0.0,Healthy,0.0
21974,54.66169344630042,0,420,8,263,SET OF 36 PAISLEY FLOWER DOILIES,0.72,1.45,1.1428571428571428,62.470506795771904,357.5294932042281,0.0,437.29354757040335,0.0,0.0,Healthy,0.0
21975,117.36601503985378,0,1735,11,1273,PACK OF 60 DINOSAUR CAKE CASES,0.28,0.55,1.5714285714285714,184.43230934834165,1550.5676906516583,0.0,938.9281203188302,0.0,0.0,Healthy,0.0
21976,57.557750552533584,0,891,7,495,PACK OF 60 MUSHROOM CAKE CASES,0.28,0.55,1.0,57.557750552533584,833.4422494474665,0.0,460.46200442026867,0.0,0.0,Healthy,0.0
21977,227.98660768128286,0,3344,14,2493,PACK OF 60 PINK PAISLEY CAKE CASES,0.28,0.55,2.0,455.9732153625657,2888.0267846374345,0.0,1823.892861450263,0.0,0.0,Healthy,0.0
21967,63.78467204441063,0,3750,16,3010,PACK OF 12 SKULL TISSUES,0.14,0.29,2.2857142857142856,145.79353610151,3604.20646389849,0.0,510.277376355285,0.0,0.0,Healthy,0.0
21943,7.009587404226625,0,220,21,157,CAKES AND RABBITS DESIGN FLANNEL,0.42,0.85,3.0,21.028762212679876,198.97123778732012,0.0,56.076699233813,0.0,0.0,Healthy,0.0
21942,28.739998487294223,0,610,13,453,SKULLS DESIGN FLANNEL,0.82,1.63,1.8571428571428572,53.37428290497499,556.625717095025,0.0,229.91998789835378,0.0,0.0,Healthy,0.0
21937,3.755160797457552,0,561,16,387,STRAWBERRY   PICNIC BAG,1.48,2.95,2.2857142857142856,8.583224679902976,552.416775320097,0.0,30.041286379660416,0.0,0.0,Healthy,0.0
21922,4.1922639355613525,0,176,11,116,UNION STRIPE WITH FRINGE  HAMMOCK,3.98,7.95,1.5714285714285714,6.587843327310696,169.4121566726893,0.0,33.53811148449082,0.0,0.0,Healthy,0.0
21923,2.5392146649338887,11,132,21,126,RED/CREAM STRIPE FRINGE HAMMOCK,3.98,7.95,3.0,7.617643994801666,135.38235600519835,0.0,20.31371731947111,0.5415060093140253,0.0,Healthy,0.0
21924,2.5392146649338887,0,107,16,86,BLUE/CREAM STRIPE FRINGE HAMMOCK,3.98,7.95,2.2857142857142856,5.803919234134602,101.1960807658654,0.0,20.31371731947111,0.0,0.0,Healthy,0.0
21925,3.215309233066906,0,318,18,249,UNION STRIPE CUSHION COVER,0.62,1.25,2.5714285714285716,8.26793802788633,309.7320619721137,0.0,25.72247386453525,0.0,0.0,Healthy,0.0
21926,11.048817814275854,0,272,13,167,RED/CREAM STRIPE CUSHION COVER,0.62,1.25,1.8571428571428572,20.519233083655156,251.48076691634483,0.0,88.39054251420683,0.0,0.0,Healthy,0.0
21927,16.677800312131712,0,235,20,225,BLUE/CREAM STRIPE CUSHION COVER,0.62,1.25,2.857142857142857,47.650858034662036,187.34914196533796,0.1673371468207202,133.4224024970537,0.0,0.0,Healthy,0.0
21928,169.20215847881235,0,744,8,675,JUMBO BAG SCANDINAVIAN PAISLEY,0.98,1.95,1.1428571428571428,193.37389540435697,550.626104595643,0.18425762282126956,1353.6172678304988,0.0,0.0,Healthy,0.0
21929,123.27810157581389,0,1420,8,735,JUMBO BAG PINK VINTAGE PAISLEY,0.98,1.95,1.1428571428571428,140.8892589437873,1279.1107410562126,0.0,986.2248126065111,0.0,0.0,Healthy,0.0
21930,138.03605197275962,0,812,14,582,JUMBO STORAGE BAG SKULLS,0.98,1.95,2.0,276.07210394551925,535.9278960544807,0.07916169062804002,1104.288415782077,0.0,0.0,Healthy,0.0
21931,229.54547853060558,0,1619,17,1242,JUMBO STORAGE BAG SUKI,0.98,1.95,2.4285714285714284,557.467590717185,1061.532409282815,0.1453040182908092,1836.3638282448446,0.0,0.0,Healthy,0.0
21932,38.68988100561533,0,478,19,396,SCANDINAVIAN PAISLEY PICNIC BAG,1.23,2.46,2.7142857142857144,105.0153913009559,372.9846086990441,0.058119675002413884,309.5190480449226,0.0,0.0,Healthy,0.0
21933,33.916470429746994,0,503,13,336,PINK VINTAGE PAISLEY PICNIC BAG,1.23,2.46,1.8571428571428572,62.98773079810156,440.01226920189845,0.0,271.33176343797595,0.0,0.0,Healthy,0.0
21934,92.9974108259939,0,393,16,313,SKULL SHOULDER BAG,0.82,1.65,2.2857142857142856,212.5655104594146,180.4344895405854,0.42353198229844924,743.9792866079512,0.0,0.0,Healthy,0.0
21935,115.08025775380875,0,494,15,417,SUKI  SHOULDER BAG,0.82,1.65,2.142857142857143,246.6005523295902,247.3994476704098,0.4067159528287534,920.64206203047,0.0,0.0,Healthy,0.0
21936,19.219295553221436,0,864,21,609,RED RETROSPOT PICNIC BAG,1.48,2.95,3.0,57.65788665966431,806.3421133403357,0.0,153.75436442577148,0.0,0.0,Healthy,0.0
21981,41.70668613192004,0,7558,21,6397,PACK OF 12 WOODLAND TISSUES,0.14,0.29,3.0,125.12005839576011,7432.87994160424,0.0,333.6534890553603,0.0,0.0,Healthy,0.0
22081,18.80416929046006,0,204,11,115,RIBBON REEL FLORA + FAUNA,0.91,1.65,1.5714285714285714,29.549408885008663,174.45059111499134,0.0,150.43335432368048,0.0,0.0,Healthy,0.0
22082,80.4215770707746,0,497,17,426,RIBBON REEL STRIPES DESIGN,0.91,1.65,2.4285714285714284,195.3095443147383,301.69045568526167,0.29180644205337636,643.3726165661968,0.0,0.0,Healthy,0.0
22083,114.60585831592836,0,820,15,689,PAPER CHAIN KIT RETROSPOT,1.62,2.95,2.142857142857143,245.58398210556075,574.4160178944393,0.16630476357846258,916.8468665274269,0.0,0.0,Healthy,0.0
22180,5.00340119570569,0,53,7,38,RETROSPOT LAMP,4.97,9.95,1.0,5.00340119570569,47.99659880429431,0.0,40.02720956564552,0.0,0.0,Healthy,0.0
22181,25.00558648295086,0,365,15,333,SNOWSTORM PHOTO FRAME FRIDGE MAGNET,0.42,0.85,2.142857142857143,53.58339960632327,311.41660039367673,0.06481501383280264,200.0446918636069,0.0,0.0,Healthy,0.0
22182,19.952548343506034,0,75,10,70,CAKE STAND VICTORIAN FILIGREE SMALL,2.1,4.21,1.4285714285714286,28.50364049072291,46.49635950927709,0.335766292724613,159.62038674804828,0.0,0.0,Healthy,0.0
22183,2.527455328645957,0,126,18,105,CAKE STAND VICTORIAN FILIGREE MED,2.96,5.91,2.5714285714285716,6.499170845089604,119.50082915491039,0.0,20.219642629167655,0.0,0.0,Healthy,0.0
22184,2.527455328645957,0,112,15,85,CAKE STAND VICTORIAN FILIGREE LARGE,4.25,8.5,2.142857142857143,5.415975704241336,106.58402429575867,0.0,20.219642629167655,0.0,0.0,Healthy,0.0
22185,41.038019404418954,0,422,18,355,SLATE TILE NATURAL HANGING,0.82,1.65,2.5714285714285716,105.52633561136304,316.47366438863696,0.10852488904609303,328.30415523535163,0.0,0.0,Healthy,0.0
22179,43.84417911656543,0,167,11,107,SET 10 LIGHTS NIGHT OWL,3.38,6.75,1.5714285714285714,68.89799575460282,98.10200424539718,0.08315883882806374,350.7534329325234,0.0,0.0,Healthy,0.0
22186,56.26852312867426,0,325,16,266,RED STAR CARD HOLDER,1.48,2.95,2.2857142857142856,128.61376715125544,196.38623284874456,0.26170589154607315,450.1481850293941,0.0,0.0,Healthy,0.0
22188,33.88255250063258,0,1788,19,1613,BLACK HEART CARD HOLDER,1.98,3.95,2.7142857142857144,91.96692821600271,1696.0330717839972,0.0,271.0604200050606,0.0,0.0,Healthy,0.0
22189,74.28644482625528,0,1472,14,1252,CREAM HEART CARD HOLDER,1.98,3.95,2.0,148.57288965251055,1323.4271103474894,0.0,594.2915586100422,0.0,0.0,Healthy,0.0
22190,17.45832186317042,0,391,21,278,LOCAL CAFE MUG,1.05,2.1,3.0,52.374965589511255,338.62503441048875,0.0,139.66657490536335,0.0,0.0,Healthy,0.0
22191,27.181978297921773,0,331,21,270,IVORY DINER WALL CLOCK,4.25,8.5,3.0,81.54593489376532,249.45406510623468,0.07609605516209383,217.4558263833742,0.0,0.0,Healthy,0.0
22192,19.951993085311813,0,128,15,97,BLUE DINER WALL CLOCK,4.25,8.5,2.142857142857143,42.75427089709674,85.24572910290325,0.12117805048553343,159.6159446824945,0.0,0.0,Healthy,0.0
22193,36.29534487229923,0,190,17,165,RED DINER WALL CLOCK,4.25,8.5,2.4285714285714284,88.14583754701242,101.85416245298758,0.3827020457394692,290.36275897839386,0.0,0.0,Healthy,0.0
22187,78.73932027310741,0,368,13,261,GREEN CHRISTMAS TREE CARD HOLDER,1.91,4.25,1.8571428571428572,146.2301662214852,221.7698337785148,0.15030715027388963,629.9145621848593,0.0,0.0,Healthy,0.0
22194,2.5392146649338887,0,84,10,46,BLACK DINER WALL CLOCK,4.25,8.5,1.4285714285714286,3.627449521334127,80.37255047866587,0.0,20.31371731947111,0.0,0.0,Healthy,0.0
22178,545.5326350550813,0,1002,7,966,VICTORIAN GLASS HANGING T-LIGHT,0.62,1.25,1.0,545.5326350550813,456.4673649449187,0.5274664959162332,4364.26108044065,0.0,0.0,Reorder now,681.92
22176,6.644463149895757,0,178,12,125,BLUE OWL SOFT TOY,1.48,2.95,1.7142857142857142,11.390508256964155,166.60949174303585,0.0,53.15570519916606,0.0,0.0,Healthy,0.0
22162,8.816423157817285,0,326,21,246,HEART GARLAND RUSTIC PADDED,1.48,2.95,3.0,26.449269473451857,299.55073052654814,0.0,70.53138526253828,0.0,0.0,Healthy,0.0
22163,62.42281680633984,0,258,18,250,HEART STRING MEMO HOLDER HANGING,1.48,2.95,2.5714285714285716,160.51581464487387,97.48418535512613,0.6100632585794955,499.3825344507187,0.0,0.0,Reorder now,473.52
22164,19.72659010875391,6,210,10,118,STRING OF STARS CARD HOLDER,1.48,2.95,1.4285714285714286,28.180843012505587,187.8191569874944,0.0,157.81272087003128,0.03801974876880412,0.0,Healthy,0.0
22165,11.419022855048599,0,240,15,170,"DIAMANTE HEART SHAPED WALL MIRROR,",6.38,12.75,2.142857142857143,24.469334689389854,215.53066531061015,0.0,91.35218284038879,0.0,0.0,Healthy,0.0
22166,3.650692270123807,0,152,16,133,WALL MIRROR RECTANGLE DIAMANTE PINK,7.9,15.79,2.2857142857142856,8.344439474568702,143.6555605254313,0.0,29.205538160990457,0.0,0.0,Healthy,0.0
22167,10.03236929034095,0,137,16,95,OVAL WALL MIRROR DIAMANTE,4.97,9.95,2.2857142857142856,22.9311298064936,114.0688701935064,0.0,80.2589543227276,0.0,0.0,Healthy,0.0
22177,2.5392146649338887,145,212,20,184,5 HOOK BLACKBOARD ORGANISER,4.97,9.95,2.857142857142857,7.254899042668254,349.7451009573318,0.0,20.31371731947111,7.138033759139424,1.0,Markdown / clear,720.65
22168,2.5392146649338887,0,91,7,46,ORGANISER WOOD ANTIQUE WHITE,4.25,8.5,1.0,2.5392146649338887,88.4607853350661,0.0,20.31371731947111,0.0,0.0,Healthy,0.0
22170,19.507264979745308,0,229,19,205,PICTURE FRAME WOOD TRIPLE PORTRAIT,3.38,6.75,2.7142857142857144,52.9482906593087,176.0517093406913,0.14121117394784732,156.05811983796247,0.0,0.0,Healthy,0.0
22171,25.174001637063384,0,335,10,220,3 HOOK PHOTO SHELF ANTIQUE WHITE,4.25,8.5,1.4285714285714286,35.96285948151912,299.0371405184809,0.0,201.39201309650707,0.0,0.0,Healthy,0.0
22172,2.5392146649338887,0,95,11,53,METAL SHELF WITH RAIL,4.25,8.5,1.5714285714285714,3.990194473467539,91.00980552653246,0.0,20.31371731947111,0.0,0.0,Healthy,0.0
22173,53.110571872562716,0,368,11,232,METAL 4 HOOK HANGER FRENCH CHATEAU,1.48,2.95,1.5714285714285714,83.45947008545569,284.5405299145443,0.0,424.8845749805017,0.0,0.0,Healthy,0.0
22174,80.52924336868746,0,554,9,401,PHOTO CUBE,0.82,1.65,1.2857142857142858,103.53759861688388,450.4624013831161,0.0,644.2339469494997,0.0,0.0,Healthy,0.0
22175,52.137937555423335,0,189,9,138,PINK OWL SOFT TOY,1.48,2.95,1.2857142857142858,67.03449114268714,121.96550885731286,0.11619196480208072,417.1035004433867,0.0,0.0,Healthy,0.0
22169,23.803031481310363,0,160,11,107,FAMILY ALBUM WHITE PICTURE FRAME,4.25,8.5,1.5714285714285714,37.404763756344856,122.59523624365514,0.0,190.4242518504829,0.0,0.0,Healthy,0.0
22195,59.83733552971046,0,402,19,370,LARGE HEART MEASURING SPOONS,0.82,1.65,2.7142857142857144,162.4156250092141,239.5843749907859,0.35247466218706514,478.69868423768366,0.0,0.0,Healthy,0.0
22196,89.97413073686977,0,428,17,393,SMALL HEART MEASURING SPOONS,0.42,0.85,2.4285714285714284,218.50860321811228,209.49139678188772,0.4669430107331102,719.7930458949581,0.0,0.0,Healthy,0.0
22197,1525.1404039612407,0,7074,20,5768,SMALL POPCORN HOLDER,0.42,0.85,2.857142857142857,4357.544011317831,2716.455988682169,0.5290471586889444,12201.123231689926,0.0,0.0,Reorder now,3703.91
22219,91.43955975428638,0,868,21,607,LOVEBIRD HANGING DECORATION WHITE,0.42,0.85,3.0,274.3186792628591,593.6813207371408,0.02194181097670378,731.516478034291,0.0,0.0,Healthy,0.0
22220,13.107490555946745,0,107,18,99,CAKE STAND LOVEBIRD 2 TIER WHITE,4.97,9.95,2.5714285714285716,33.70497571529163,73.29502428470838,0.25964621934638,104.85992444757396,0.0,0.0,Healthy,0.0
22221,11.134394965316606,0,278,8,181,CAKE STAND LOVEBIRD 2 TIER PINK,4.97,9.95,1.1428571428571428,12.72502281750469,265.2749771824953,0.0,89.07515972253285,0.0,0.0,Healthy,0.0
22222,11.407263518760667,0,166,11,109,CAKE PLATE LOVEBIRD WHITE,2.48,4.95,1.5714285714285714,17.925699815195333,148.07430018480466,0.0,91.25810815008533,0.0,0.0,Healthy,0.0
22223,6.359779739318044,0,75,7,63,CAKE PLATE LOVEBIRD PINK,2.48,4.95,1.0,6.359779739318044,68.64022026068196,0.0,50.87823791454435,0.0,0.0,Healthy,0.0
22224,22.289696869028734,0,126,7,103,WHITE LOVEBIRD LANTERN,1.48,2.95,1.0,22.289696869028734,103.71030313097127,0.0,178.31757495222988,0.0,0.0,Healthy,0.0
22218,2.527455328645957,0,321,21,246,CAKE STAND LACE WHITE,2.12,4.25,3.0,7.582365985937871,313.4176340140621,0.0,20.219642629167655,0.0,0.0,Healthy,0.0
22227,58.138768331929704,0,461,10,243,HANGING HEART MIRROR DECORATION,0.32,0.65,1.4285714285714286,83.05538333132814,377.94461666867187,0.0,465.11014665543763,0.0,0.0,Healthy,0.0
22229,8.037240825815074,0,114,7,81,BUNNY WOODEN PAINTED WITH FLOWER,0.42,0.85,1.0,8.037240825815074,105.96275917418492,0.0,64.29792660652059,0.0,0.0,Healthy,0.0
22230,23.704799228204166,0,469,21,392,JIGSAW TREE WITH WATERING CAN,0.42,0.85,3.0,71.1143976846125,397.8856023153875,0.0,189.63839382563333,0.0,0.0,Healthy,0.0
22231,22.52936146464794,0,287,13,209,JIGSAW TREE WITH BIRDHOUSE,0.72,1.45,1.8571428571428572,41.840242720060466,245.15975727993953,0.0,180.23489171718353,0.0,0.0,Healthy,0.0
22232,28.739998487294223,0,255,10,140,JIGSAW TOADSTOOLS 3 PIECE,0.82,1.65,1.4285714285714286,41.0571406961346,213.9428593038654,0.0,229.91998789835378,0.0,0.0,Healthy,0.0
22233,30.420337604133028,0,200,14,145,JIGSAW RABBIT AND BIRDHOUSE,0.82,1.65,2.0,60.840675208266056,139.15932479173395,0.040280518677696886,243.36270083306422,0.0,0.0,Healthy,0.0
22236,11.223872056762326,0,128,18,116,CAKE STAND 3 TIER MAGIC GARDEN,6.38,12.75,2.5714285714285716,28.861385288817413,99.13861471118258,0.1453567697311846,89.79097645409861,0.0,0.0,Healthy,0.0
22228,15.588721628291614,0,281,15,200,BUNNY WOODEN PAINTED WITH BIRD,0.42,0.85,2.142857142857143,33.40440348919631,247.5955965108037,0.0,124.70977302633291,0.0,0.0,Healthy,0.0
22217,50.38799431761236,0,203,7,196,T-LIGHT HOLDER HANGING LACE,0.62,1.25,1.0,50.38799431761236,152.61200568238763,0.22136731794700193,403.1039545408989,0.0,0.0,Healthy,0.0
22216,8.127228979227164,0,426,9,230,T-LIGHT HOLDER WHITE LACE,0.42,0.85,1.2857142857142858,10.449294401863497,415.5507055981365,0.0,65.01783183381731,0.0,0.0,Healthy,0.0
22215,8.340413805942921,0,138,13,88,CAKE STAND WHITE TWO TIER LACE,4.25,8.5,1.8571428571428572,15.489339925322568,122.51066007467743,0.0,66.72331044754337,0.0,0.0,Healthy,0.0
22198,5.503654424975725,0,794,11,493,LARGE POPCORN HOLDER,0.82,1.65,1.5714285714285714,8.648599810676139,785.3514001893238,0.0,44.0292353998058,0.0,0.0,Healthy,0.0
22199,11.419022855048599,0,279,18,275,FRYING PAN RED RETROSPOT,2.12,4.25,2.5714285714285716,29.363201627267827,249.6367983727322,0.0922298240991557,91.35218284038879,0.0,0.0,Healthy,0.0
22200,13.107700622144423,0,165,14,132,FRYING PAN PINK POLKADOT,2.12,4.25,2.0,26.215401244288845,138.78459875571116,0.0,104.86160497715538,0.0,0.0,Healthy,0.0
22201,4.1922639355613525,0,144,9,93,FRYING PAN BLUE POLKADOT,2.12,4.25,1.2857142857142858,5.390053631436025,138.60994636856398,0.0,33.53811148449082,0.0,0.0,Healthy,0.0
22202,2.5392146649338887,0,192,9,112,MILK PAN PINK RETROSPOT,1.88,3.75,1.2857142857142858,3.264704569200714,188.73529543079928,0.0,20.31371731947111,0.0,0.0,Healthy,0.0
22203,11.419022855048599,0,251,15,183,MILK PAN RED RETROSPOT,1.88,3.75,2.142857142857143,24.469334689389854,226.53066531061015,0.0,91.35218284038879,0.0,0.0,Healthy,0.0
22204,3.650692270123807,0,170,11,113,MILK PAN BLUE POLKADOT,1.88,3.75,1.5714285714285714,5.736802138765983,164.263197861234,0.0,29.205538160990457,0.0,0.0,Healthy,0.0
22206,4.434116109959191,22,0,8,16,"MUG , DOTCOMGIFTSHOP.COM",0.42,0.85,1.1428571428571428,5.067561268524789,16.932438731475212,0.0,35.472928879673525,0.6201912470950856,0.0,Healthy,0.0
22207,24.258987024704115,0,296,13,283,FRYING PAN UNION FLAG,2.12,4.25,1.8571428571428572,45.052404474450505,250.9475955255495,0.1132593797683763,194.07189619763292,0.0,0.0,Healthy,0.0
22208,61.81214259372754,0,257,16,214,WOOD STAMP SET THANK YOU,0.82,1.65,2.2857142857142856,141.28489735709152,115.71510264290848,0.45927522129482024,494.49714074982035,0.0,0.0,Healthy,0.0
22209,18.651555723370993,0,213,11,124,WOOD STAMP SET HAPPY BIRTHDAY,0.82,1.63,1.5714285714285714,29.309587565297274,183.69041243470272,0.0,149.21244578696795,0.0,0.0,Healthy,0.0
22210,31.95057752924441,0,372,21,263,WOOD STAMP SET BEST WISHES,0.72,1.45,3.0,95.85173258773322,276.14826741226676,0.0,255.60462023395527,0.0,0.0,Healthy,0.0
22211,34.84516404060992,0,223,18,191,WOOD STAMP SET FLOWERS,0.82,1.63,2.5714285714285716,89.6018503901398,133.39814960986018,0.30158036853476344,278.7613123248794,0.0,0.0,Healthy,0.0
22212,47.96463484356577,0,259,14,225,FOUR HOOK  WHITE LOVEBIRDS,1.05,2.1,2.0,95.92926968713154,163.07073031286848,0.2752411986094734,383.71707874852615,0.0,0.0,Healthy,0.0
22214,2.527455328645957,49,244,21,251,CANDLE PLATE LACE WHITE,1.27,2.55,3.0,7.582365985937871,285.4176340140621,0.0,20.219642629167655,2.4233860557612186,0.4744620185870729,Healthy,0.0
22161,143.198574489617,0,721,14,570,HEART DECORATION RUSTIC HANGING,0.4,0.79,2.0,286.397148979234,434.602851020766,0.2375388578583052,1145.588595916936,0.0,0.0,Healthy,0.0
22158,194.5948257094326,0,1080,11,765,3 HEARTS HANGING DECORATION RUSTIC,1.48,2.95,1.5714285714285714,305.7918689719655,774.2081310280345,0.0,1556.7586056754608,0.0,0.0,Healthy,0.0
22157,3.1040244695712698,0,625,20,577,ANGEL DECORATION WITH LACE PADDED,0.42,0.85,2.857142857142857,8.8686413416322,616.1313586583678,0.0,24.832195756570158,0.0,0.0,Healthy,0.0
22156,57.04623240546062,0,532,20,518,HEART DECORATION WITH PEARLS,0.42,0.85,2.857142857142857,162.9892354441732,369.01076455582677,0.287624006648983,456.36985924368497,0.0,0.0,Healthy,0.0
22103,34.96785275039248,0,1345,11,963,MIRROR MOSAIC T-LIGHT HOLDER ROUND,0.82,1.65,1.5714285714285714,54.9494828934739,1290.050517106526,0.0,279.74282200313985,0.0,0.0,Healthy,0.0
22104,10.822609366338218,426,746,18,598,MIRROR MOSAIC CANDLE PLATE,0.82,1.63,2.5714285714285716,27.829566942012562,1144.1704330579873,0.0,86.58087493070575,4.920255198864015,1.0,Markdown / clear,349.32
22105,17.09148218515498,578,481,13,589,MIRROR MOSAIC GOBLET CANDLE HOLDER,2.1,4.21,1.8571428571428572,31.741324058144965,1027.258675941855,0.0,136.73185748123984,4.227251868346072,1.0,Markdown / clear,1213.8
22106,16.27337589186561,253,358,15,296,MIRROR MOSAIC HURRICANE LAMP,2.53,5.06,2.142857142857143,34.87151976828345,576.1284802317166,0.0,130.18700713492487,1.9433582933340854,0.3144527644446951,Healthy,0.0
22107,45.57680535702928,0,107,9,83,PIZZA PLATE IN BOX,1.88,3.75,1.2857142857142858,58.598749744751935,48.401250255248065,0.41685240656327627,364.61444285623423,0.0,0.0,Healthy,0.0
22108,13.107490555946745,0,44,8,38,PING! MICROWAVE PLATE,1.68,3.36,1.1428571428571428,14.97998920679628,29.02001079320372,0.2363155054420073,104.85992444757396,0.0,0.0,Healthy,0.0
22102,62.91763992013706,2343,1820,16,1887,MIRROR MOSAIC T-LIGHT HOLDER,0.82,1.65,2.2857142857142856,143.8117483888847,4019.1882516111154,0.0,503.3411193610965,4.65489488117726,1.0,Markdown / clear,1921.26
22109,63.23335698111152,0,333,15,254,FULL ENGLISH BREAKFAST PLATE,1.88,3.75,2.142857142857143,135.5000506738104,197.4999493261896,0.22244114438508034,505.86685584889216,0.0,0.0,Healthy,0.0
22111,171.235436127901,0,1078,21,811,SCOTTIE DOG HOT WATER BOTTLE,2.48,4.95,3.0,513.706308383703,564.293691616297,0.30420013364205056,1369.883489023208,0.0,0.0,Healthy,0.0
22112,298.39123800490944,0,805,19,704,CHOCOLATE HOT WATER BOTTLE,2.48,4.95,2.7142857142857144,809.9190745847542,-4.919074584754185,1.0,2387.1299040392755,0.0,0.0,Reorder now,4009.1
22113,118.74040613034903,0,695,17,550,GREY HEART HOT WATER BOTTLE,1.88,3.75,2.4285714285714284,288.3695577451333,406.6304422548667,0.2606719231729696,949.9232490427922,0.0,0.0,Healthy,0.0
22114,339.67549891383516,0,1185,18,896,HOT WATER BOTTLE TEA AND SYMPATHY,1.98,3.95,2.5714285714285716,873.4512829212905,311.5487170787095,0.6522893782603689,2717.4039913106812,0.0,0.0,Reorder now,3450.13
22115,46.13940420716495,0,414,15,287,METAL SIGN EMPIRE TEA,1.48,2.95,2.142857142857143,98.87015187249632,315.1298481275037,0.0,369.1152336573196,0.0,0.0,Healthy,0.0
22116,16.630184499225958,0,136,7,78,METAL SIGN HIS DINNER IS SERVED,0.82,1.63,1.0,16.630184499225958,119.36981550077404,0.0,133.04147599380767,0.0,0.0,Healthy,0.0
22110,61.96693903981253,0,209,9,171,BIRD HOUSE HOT WATER BOTTLE,1.27,2.55,1.2857142857142858,79.67177876547326,129.32822123452672,0.24369461266358639,495.73551231850024,0.0,0.0,Healthy,0.0
22101,27.246681888067286,524,1168,21,923,MIRROR MOSAIC VOTIVE HOLDER,1.23,2.46,3.0,81.74004566420186,1610.259954335798,0.0,217.9734551045383,2.403962444641224,0.46798748154707476,Healthy,0.0
22100,24.99023968641663,0,397,15,268,SKULLS SQUARE TISSUE BOX,0.62,1.25,2.142857142857143,53.55051361374992,343.4494863862501,0.0,199.92191749133303,0.0,0.0,Healthy,0.0
22099,31.38983245740655,0,456,19,386,CARAVAN SQUARE TISSUE BOX,0.62,1.25,2.7142857142857144,85.20097381296064,370.7990261870394,0.03938076117347311,251.1186596592524,0.0,0.0,Healthy,0.0
22084,2.527455328645957,0,920,13,626,PAPER CHAIN KIT EMPIRE,1.62,2.95,1.8571428571428572,4.693845610342492,915.3061543896575,0.0,20.219642629167655,0.0,0.0,Healthy,0.0
22085,14.201244678134346,0,646,12,459,PAPER CHAIN KIT SKULLS,1.62,2.95,1.7142857142857142,24.344990876801734,621.6550091231983,0.0,113.60995742507477,0.0,0.0,Healthy,0.0
22086,752.2619294308031,0,1813,8,1743,PAPER CHAIN KIT 50'S CHRISTMAS,1.33,2.95,1.1428571428571428,859.7279193494892,953.2720806505108,0.45308543852523764,6018.095435446425,0.0,0.0,Healthy,0.0
22087,46.25258615900297,0,802,11,465,PAPER BUNTING WHITE LACE,1.62,2.95,1.5714285714285714,72.68263539271895,729.3173646072811,0.0,370.0206892720238,0.0,0.0,Healthy,0.0
22088,2.527455328645957,0,417,15,327,PAPER BUNTING COLOURED LACE,1.62,2.95,2.142857142857143,5.415975704241336,411.58402429575864,0.0,20.219642629167655,0.0,0.0,Healthy,0.0
22089,19.011995976491615,0,382,20,335,PAPER BUNTING VINTAGE PAISLEY,1.62,2.95,2.857142857142857,54.31998850426176,327.68001149573826,0.02185071195302013,152.09596781193292,0.0,0.0,Healthy,0.0
22090,59.01592722602717,0,963,19,910,PAPER BUNTING RETROSPOT,1.62,2.95,2.7142857142857144,160.1860881849309,802.8139118150691,0.11778691009333064,472.1274178082174,0.0,0.0,Healthy,0.0
22091,69.41217252145404,0,456,9,275,EMPIRE TISSUE BOX,0.62,1.25,1.2857142857142858,89.24422181329805,366.75577818670195,0.0,555.2973801716323,0.0,0.0,Healthy,0.0
22092,22.89788193194609,0,243,17,232,BLUE PAISLEY TISSUE BOX,0.2,0.39,2.4285714285714284,55.60914183472621,187.39085816527378,0.1922807837703716,183.1830554555687,0.0,0.0,Healthy,0.0
22093,63.156369623543966,0,358,8,241,MOTORING TISSUE BOX,0.62,1.25,1.1428571428571428,72.1787081411931,285.8212918588069,0.0,505.25095698835173,0.0,0.0,Healthy,0.0
22094,85.1621946767515,0,600,17,555,RED RETROSPOT TISSUE BOX,0.62,1.25,2.4285714285714284,206.82247278639647,393.1775272136035,0.29157202303855223,681.297557414012,0.0,0.0,Healthy,0.0
22095,91.53817032303364,0,493,12,436,LADS ONLY TISSUE BOX,0.62,1.25,1.7142857142857142,156.92257769662908,336.0774223033709,0.2291802240748374,732.3053625842691,0.0,0.0,Healthy,0.0
22096,29.65748865539985,0,576,13,407,PINK PAISLEY SQUARE TISSUE BOX,0.2,0.39,1.8571428571428572,55.07819321717115,520.9218067828289,0.0,237.2599092431988,0.0,0.0,Healthy,0.0
22097,38.81466784093217,0,526,17,406,SWALLOW SQUARE TISSUE BOX,0.62,1.25,2.4285714285714284,94.2641933279781,431.7358066720219,0.0,310.51734272745733,0.0,0.0,Healthy,0.0
22098,98.42921747249308,0,397,13,351,BOUDOIR SQUARE TISSUE BOX,0.62,1.25,1.8571428571428572,182.79711816320145,214.20288183679855,0.38973537938234026,787.4337397799446,0.0,0.0,Healthy,0.0
22117,6.219347328229352,149,597,12,458,METAL SIGN HER DINNER IS SERVED,1.48,2.95,1.7142857142857142,10.661738276964604,735.3382617230354,0.0,49.75477862583482,2.9946872263367443,0.6648957421122481,Markdown / clear,220.52
22242,3.1040244695712698,0,403,7,315,"HOOK, 5 HANGER , MAGIC TOADSTOOL",0.82,1.65,1.0,3.1040244695712698,399.89597553042876,0.0,24.832195756570158,0.0,0.0,Healthy,0.0
22118,14.201454744332024,0,216,14,152,JOY WOODEN BLOCK LETTERS,2.48,4.95,2.0,28.402909488664047,187.59709051133595,0.0,113.61163795465619,0.0,0.0,Healthy,0.0
22120,16.211990576562016,0,115,10,60,WELCOME  WOODEN BLOCK LETTERS,4.97,9.95,1.4285714285714286,23.159986537945738,91.84001346205426,0.0,129.69592461249613,0.0,0.0,Healthy,0.0
22142,169.23308865167354,0,841,20,829,CHRISTMAS CRAFT WHITE FAIRY,0.65,1.45,2.857142857142857,483.523110433353,357.476889566647,0.5687854166867949,1353.8647092133883,0.0,0.0,Reorder now,701.11
22143,2.8154898181844623,314,268,21,359,CHRISTMAS CRAFT HEART DECORATIONS,0.94,2.1,3.0,8.446469454553387,573.5535305454466,0.0,22.5239185454757,13.940735905523512,1.0,Markdown / clear,295.16
22144,237.90822542608927,0,959,21,909,CHRISTMAS CRAFT LITTLE FRIENDS,0.94,2.1,3.0,713.7246762782678,245.2753237217322,0.7301701609221868,1903.2658034087142,0.0,0.0,Reorder now,1498.82
22145,2.8154898181844623,0,419,18,395,CHRISTMAS CRAFT HEART STOCKING,0.94,2.1,2.5714285714285716,7.239830961045761,411.76016903895425,0.0,22.5239185454757,0.0,0.0,Healthy,0.0
22146,3.1040244695712698,637,881,14,795,EASTER CRAFT IVY WREATH WITH CHICK,0.98,1.95,2.0,6.2080489391425395,1511.7919510608574,0.0,24.832195756570158,25.65218179835994,1.0,Markdown / clear,624.26
22147,85.10209389905216,0,1241,15,856,FELTCRAFT BUTTERFLY HEARTS,0.72,1.45,2.142857142857143,182.3616297836832,1058.6383702163168,0.0,680.8167511924173,0.0,0.0,Healthy,0.0
22141,181.0557234138928,0,824,13,528,CHRISTMAS CRAFT TREE TOP ANGEL,0.94,2.1,1.8571428571428572,336.24634348294376,487.75365651705624,0.07622413538436312,1448.4457873111423,0.0,0.0,Healthy,0.0
22148,12.977043044421047,0,1028,21,732,EASTER CRAFT 4 CHICKS,0.98,1.95,3.0,38.93112913326314,989.0688708667369,0.0,103.81634435536837,0.0,0.0,Healthy,0.0
22150,97.0517525013269,0,538,12,481,3 STRIPEY MICE FELTCRAFT,0.98,1.95,1.7142857142857142,166.37443285941754,371.62556714058246,0.2273896733044024,776.4140200106152,0.0,0.0,Healthy,0.0
22151,140.95231494070467,0,2398,20,2244,PLACE SETTING WHITE HEART,0.21,0.42,2.857142857142857,402.72089983058476,1995.2791001694152,0.11083819065534084,1127.6185195256373,0.0,0.0,Healthy,0.0
22152,71.20060568241502,0,1145,12,797,PLACE SETTING WHITE STAR,0.21,0.42,1.7142857142857142,122.05818116985431,1022.9418188301457,0.0,569.6048454593201,0.0,0.0,Healthy,0.0
22153,140.96691359225633,0,985,10,579,ANGEL DECORATION STARS ON DRESS,0.21,0.42,1.4285714285714286,201.38130513179476,783.6186948682052,0.0,1127.7353087380507,0.0,0.0,Healthy,0.0
22154,190.48481815089738,0,1476,15,1038,ANGEL DECORATION 3 BUTTONS,0.21,0.42,2.142857142857143,408.18175318049435,1067.8182468195057,0.0,1523.878545207179,0.0,0.0,Healthy,0.0
22155,99.61355607830855,0,1033,11,607,STAR DECORATION RUSTIC,0.21,0.42,1.5714285714285714,156.5355881230563,876.4644118769437,0.0,796.9084486264684,0.0,0.0,Healthy,0.0
22149,29.308002292608926,0,786,11,589,FELTCRAFT 6 FLOWER FRIENDS,1.05,2.1,1.5714285714285714,46.05543217409974,739.9445678259002,0.0,234.4640183408714,0.0,0.0,Healthy,0.0
22139,155.94849652470353,0,632,13,417,RETROSPOT TEA SET CERAMIC 11 PC,2.48,4.95,1.8571428571428572,289.61863640302084,342.38136359697916,0.17894157410796363,1247.5879721976282,0.0,0.0,Healthy,0.0
22138,189.11028383441072,0,561,12,385,BAKING SET 9 PIECE RETROSPOT,2.48,4.95,1.7142857142857142,324.18905800184694,236.81094199815306,0.38490664416064146,1512.8822706752858,0.0,0.0,Healthy,0.0
22137,2.5392146649338887,889,476,20,803,BATHROOM SET LOVE HEART DESIGN,1.48,2.95,2.857142857142857,7.254899042668254,1357.7451009573317,0.0,20.31371731947111,43.76353111637896,1.0,Markdown / clear,1315.72
22121,18.220315790492926,0,234,14,214,NOEL WOODEN BLOCK LETTERS,2.98,5.95,2.0,36.44063158098585,197.55936841901416,0.07682538121955995,145.7625263239434,0.0,0.0,Healthy,0.0
22122,2.5392146649338887,0,325,12,201,SET OF 2 FANCY FONT TEA TOWELS,1.48,2.95,1.7142857142857142,4.352939425600952,320.64706057439906,0.0,20.31371731947111,0.0,0.0,Healthy,0.0
22123,22.983420775890337,0,136,9,78,PING MICROWAVE APRON,2.06,4.13,1.2857142857142858,29.55011242614472,106.44988757385528,0.0,183.8673662071227,0.0,0.0,Healthy,0.0
22124,14.201454744332024,0,75,8,39,SET OF 2 TEA TOWELS PING MICROWAVE,1.25,2.51,1.1428571428571428,16.23023399352231,58.76976600647769,0.0,113.61163795465619,0.0,0.0,Healthy,0.0
22125,3.3726285907061757,81,328,12,203,UNION JACK HOT WATER BOTTLE,2.98,5.95,1.7142857142857142,5.781649012639158,403.21835098736085,0.0,26.981028725649406,3.0021094015217322,0.667369800507244,Markdown / clear,241.38
22127,3.1040244695712698,0,880,8,541,PARTY CONES CARNIVAL ASSORTED,0.62,1.25,1.1428571428571428,3.5474565366528794,876.4525434633471,0.0,24.832195756570158,0.0,0.0,Healthy,0.0
22128,22.5594285646237,0,724,8,374,PARTY CONES CANDY ASSORTED,0.62,1.25,1.1428571428571428,25.782204073855656,698.2177959261444,0.0,180.4754285169896,0.0,0.0,Healthy,0.0
22129,33.98599918668696,0,811,12,547,PARTY CONES CANDY TREE DECORATION,0.42,0.85,1.7142857142857142,58.26171289146336,752.7382871085366,0.0,271.8879934934957,0.0,0.0,Healthy,0.0
22130,122.07031270216979,0,1416,10,1168,PARTY CONE CHRISTMAS DECORATION,0.38,0.85,1.4285714285714286,174.3861610030997,1241.6138389969003,0.0,976.5625016173583,0.0,0.0,Healthy,0.0
22131,31.567897354915893,0,464,15,414,FOOD CONTAINER SET 3 LOVE HEART,0.98,1.95,2.142857142857143,67.64549433196262,396.3545056680374,0.04262196698541687,252.54317883932714,0.0,0.0,Healthy,0.0
22132,29.04776962775924,0,363,7,184,RED LOVE HEART SHAPE CUP,0.42,0.85,1.0,29.04776962775924,333.95223037224076,0.0,232.38215702207393,0.0,0.0,Healthy,0.0
22133,12.907070757970233,0,319,11,220,PINK LOVE HEART SHAPE CUP,0.42,0.85,1.5714285714285714,20.282539762524653,298.71746023747534,0.0,103.25656606376187,0.0,0.0,Healthy,0.0
22134,16.630184499225958,0,406,13,336,MINI LADLE LOVE HEART RED,0.42,0.83,1.8571428571428572,30.884628355705352,375.11537164429467,0.0,133.04147599380767,0.0,0.0,Healthy,0.0
22135,20.777315742593885,0,410,21,308,MINI LADLE LOVE HEART PINK,0.42,0.83,3.0,62.331947227781654,347.66805277221835,0.0,166.21852594075108,0.0,0.0,Healthy,0.0
22136,3.215309233066906,0,318,16,287,LOVE HEART SOCK HANGER,0.82,1.65,2.2857142857142856,7.349278247010071,310.6507217529899,0.0,25.72247386453525,0.0,0.0,Healthy,0.0
22119,28.86231741476058,0,193,20,134,PEACE WOODEN BLOCK LETTERS,3.48,6.95,2.857142857142857,82.46376404217308,110.53623595782692,0.1751027167326349,230.89853931808463,0.0,0.0,Healthy,0.0
21879,11.249009637073765,0,500,16,413,HEARTS GIFT TAPE,0.32,0.65,2.2857142857142856,25.712022027597175,474.2879779724028,0.0,89.99207709659012,0.0,0.0,Healthy,0.0
22555,141.04367556078472,0,831,11,621,PLASTERS IN TIN STRONGMAN,0.82,1.65,1.5714285714285714,221.64006159551883,609.3599384044812,0.018744060540287877,1128.3494044862778,0.0,0.0,Healthy,0.0
22557,114.79774023682042,0,997,16,678,PLASTERS IN TIN VINTAGE PAISLEY,0.82,1.65,2.2857142857142856,262.3948348270181,734.605165172982,0.0,918.3819218945633,0.0,0.0,Healthy,0.0
22950,21.165665124441546,0,2839,21,2442,36 DOILIES VINTAGE CHRISTMAS,0.65,1.45,3.0,63.49699537332464,2775.503004626675,0.0,169.32532099553237,0.0,0.0,Healthy,0.0
22951,144.2748176151451,0,1309,16,1050,60 CAKE CASES DOLLY GIRL DESIGN,0.28,0.55,2.2857142857142856,329.77101169176024,979.2289883082398,0.06740096351596214,1154.1985409211609,0.0,0.0,Healthy,0.0
22952,535.6104807377568,0,4425,12,2986,60 CAKE CASES VINTAGE CHRISTMAS,0.25,0.55,1.7142857142857142,918.1893955504402,3506.81060444956,0.0,4284.883845902054,0.0,0.0,Healthy,0.0
22953,14.66572081151687,0,257,13,194,BIRTHDAY PARTY CORDON BARRIER TAPE,0.62,1.25,1.8571428571428572,27.2363386499599,229.7636613500401,0.0,117.32576649213496,0.0,0.0,Healthy,0.0
22954,4.435574205436875,0,74,9,72,HEN PARTY CORDON BARRIER TAPE,0.62,1.25,1.2857142857142858,5.702881121275983,68.29711887872402,0.051428904462166414,35.484593643495,0.0,0.0,Healthy,0.0
22955,28.042849235147497,0,547,21,399,36 FOIL STAR CAKE CASES,1.05,2.1,3.0,84.12854770544249,462.8714522945575,0.0,224.34279388117997,0.0,0.0,Healthy,0.0
22949,14.897209581437394,0,699,20,636,36 DOILIES DOLLY GIRL,0.72,1.45,2.857142857142857,42.563455946963984,656.436544053036,0.0,119.17767665149916,0.0,0.0,Healthy,0.0
22956,31.763890424188897,0,700,19,514,36 FOIL HEART CAKE CASES,1.05,2.1,2.7142857142857144,86.21627400851273,613.7837259914872,0.0,254.11112339351118,0.0,0.0,Healthy,0.0
22959,329.8964145719931,0,2225,11,1266,WRAP CHRISTMAS VILLAGE,0.19,0.42,1.5714285714285714,518.4086514702749,1706.591348529725,0.0,2639.1713165759447,0.0,0.0,Healthy,0.0
22960,163.80679271113962,0,905,11,528,JAM MAKING SET WITH JARS,2.12,4.25,1.5714285714285714,257.41067426036227,647.5893257396377,0.0,1310.454341689117,0.0,0.0,Healthy,0.0
22961,265.12051072858185,0,1717,19,1710,JAM MAKING SET PRINTED,0.72,1.45,2.7142857142857144,719.6128148347221,997.3871851652779,0.4167326402542235,2120.964085828655,0.0,0.0,Healthy,0.0
22962,52.6078482487764,0,713,15,606,JAM JAR WITH PINK LID,0.42,0.85,2.142857142857143,112.73110339023513,600.2688966097649,0.00945726632052002,420.8627859902112,0.0,0.0,Healthy,0.0
22963,44.61620403531106,0,616,17,573,JAM JAR WITH GREEN LID,0.42,0.85,2.4285714285714284,108.3536383714697,507.6463616285303,0.11405521530797502,356.92963228248846,0.0,0.0,Healthy,0.0
22964,46.29447809968226,0,401,14,357,3 PIECE SPACEBOY COOKIE CUTTER SET,1.05,2.1,2.0,92.58895619936452,308.41104380063547,0.13610351876572702,370.35582479745807,0.0,0.0,Healthy,0.0
22957,2.527455328645957,0,683,19,649,SET 3 PAPER VINTAGE CHICK PAPER EGG,1.62,2.95,2.7142857142857144,6.860235892039026,676.139764107961,0.0,20.219642629167655,0.0,0.0,Healthy,0.0
22965,35.98589201547713,0,426,13,279,3 TRADITIONAl BISCUIT CUTTERS  SET,1.05,2.1,1.8571428571428572,66.83094231445753,359.1690576855425,0.0,287.887136123817,0.0,0.0,Healthy,0.0
22948,57.73739372712728,0,452,17,381,METAL DECORATION NAUGHTY CHILDREN,0.42,0.85,2.4285714285714284,140.2193847658805,311.7806152341195,0.18167817523853147,461.8991498170182,0.0,0.0,Healthy,0.0
22946,20.607164210483262,0,218,15,162,WOODEN ADVENT CALENDAR CREAM,7.63,16.95,2.142857142857143,44.158209022464135,173.84179097753588,0.0,164.8573136838661,0.0,0.0,Healthy,0.0
22932,3.3608692544182444,387,529,18,522,BAKING MOULD TOFFEE CUP CHOCOLATE,1.27,2.55,2.5714285714285716,8.642235225646914,907.3577647743531,0.0,26.886954035345955,14.393597708808686,1.0,Markdown / clear,491.49
22933,2.527455328645957,201,483,10,310,BAKING MOULD EASTER EGG MILK CHOC,1.48,2.95,1.4285714285714286,3.610650469494224,680.3893495305058,0.0,20.219642629167655,9.94082851444908,1.0,Markdown / clear,297.48
22934,2.527455328645957,76,331,11,194,BAKING MOULD EASTER EGG WHITE CHOC,1.48,2.95,1.5714285714285714,3.9717155164436466,403.0282844835564,0.0,20.219642629167655,3.758721229343931,0.9195737431146437,Markdown / clear,112.48
22935,4.926676848567267,247,403,16,350,BAKING MOULD ROSE MILK CHOCOLATE,1.62,3.25,2.2857142857142856,11.260975653868037,638.7390243461319,0.0,39.413414788538134,6.266901797908422,1.0,Markdown / clear,400.14
22936,3.638932933835876,95,177,7,106,BAKING MOULD ROSE WHITE CHOCOLATE,1.62,3.25,1.0,3.638932933835876,268.36106706616414,0.0,29.111463470687006,3.2633192795565793,0.7544397598521931,Markdown / clear,153.9
22937,4.991641859417759,0,276,11,159,BAKING MOULD CHOCOLATE CUPCAKES,1.27,2.55,1.5714285714285714,7.8440086362279065,268.1559913637721,0.0,39.93313487534207,0.0,0.0,Healthy,0.0
22947,63.567026455222575,0,276,13,189,WOODEN ADVENT CALENDAR RED,7.48,16.63,1.8571428571428572,118.05304913112764,157.94695086887236,0.16430184725464358,508.5362116417806,0.0,0.0,Healthy,0.0
22938,33.363932584344084,0,609,17,513,CUPCAKE LACE PAPER SET 6,0.98,1.95,2.4285714285714284,81.02669341912134,527.9733065808787,0.0,266.9114606747527,0.0,0.0,Healthy,0.0
22940,83.50874031051674,0,545,14,436,FELTCRAFT CHRISTMAS FAIRY,1.91,4.25,2.0,167.01748062103349,377.9825193789665,0.13306761610328777,668.0699224841339,0.0,0.0,Healthy,0.0
22941,94.025731535015,0,566,12,460,CHRISTMAS LIGHTS 10 REINDEER,3.82,8.5,1.7142857142857142,161.18696834573998,404.81303165426004,0.11997167031682598,752.20585228012,0.0,0.0,Healthy,0.0
22942,38.06029648324106,0,346,13,249,CHRISTMAS LIGHTS 10 SANTAS,3.82,8.5,1.8571428571428572,70.68340775459055,275.3165922454094,0.0,304.4823718659285,0.0,0.0,Healthy,0.0
22943,30.187635023393018,0,610,17,544,CHRISTMAS LIGHTS 10 VINTAGE BAUBLES,2.23,4.95,2.4285714285714284,73.31282791395446,536.6871720860455,0.013442698371239903,241.50108018714414,0.0,0.0,Healthy,0.0
22944,225.6877777340236,0,1532,15,1198,CHRISTMAS METAL POSTCARD WITH BELLS,0.44,0.97,2.142857142857143,483.6166665729077,1048.3833334270923,0.12488870331628354,1805.5022218721888,0.0,0.0,Healthy,0.0
22945,107.4026765499965,0,690,7,607,CHRISTMAS METAL TAGS ASSORTED,0.38,0.85,1.0,107.4026765499965,582.5973234500035,0.040202103047770166,859.221412399972,0.0,0.0,Healthy,0.0
22939,15.479293044471637,0,213,21,169,APRON APPLE DELIGHT,2.48,4.95,3.0,46.43787913341491,166.56212086658508,0.014425320316064694,123.8343443557731,0.0,0.0,Healthy,0.0
22966,212.3911661109852,0,1009,16,848,GINGERBREAD MAN COOKIE CUTTER,0.62,1.25,2.2857142857142856,485.4655225393947,523.5344774606053,0.38262443695683335,1699.1293288878817,0.0,0.0,Healthy,0.0
22967,2.527455328645957,111,490,19,548,SET 3 SONG BIRD PAPER EGGS ASSORTED,1.62,2.95,2.7142857142857144,6.860235892039026,594.139764107961,0.0,20.219642629167655,5.489711269173373,1.0,Markdown / clear,179.82
22968,10.828502658432129,0,225,12,173,ROSE COTTAGE KEEPSAKE BOX,4.97,9.95,1.7142857142857142,18.563147414455077,206.43685258554493,0.0,86.62802126745703,0.0,0.0,Healthy,0.0
22988,146.71828969079263,0,1604,13,1176,SOLDIERS EGG CUP,0.62,1.25,1.8571428571428572,272.47682371147204,1331.523176288528,0.0,1173.746317526341,0.0,0.0,Healthy,0.0
22989,29.316874279815668,0,532,17,488,SET 2 PANTRY DESIGN TEA TOWELS,1.62,3.25,2.4285714285714284,71.1981232509809,460.80187674901913,0.05573385912086248,234.53499423852534,0.0,0.0,Healthy,0.0
22990,9.827184369325296,0,127,10,117,COTTON APRON PANTRY DESIGN,2.48,4.95,1.4285714285714286,14.038834813321852,112.96116518667814,0.03451995566941757,78.61747495460237,0.0,0.0,Healthy,0.0
22991,72.86936214130287,0,1066,16,770,GIRAFFE WOODEN RULER,0.98,1.95,2.2857142857142856,166.5585420372637,899.4414579627363,0.0,582.954897130423,0.0,0.0,Healthy,0.0
22992,149.86276662299395,0,1413,16,961,REVOLVER WOODEN RULER,0.98,1.95,2.2857142857142856,342.5434665668433,1070.4565334331567,0.0,1198.9021329839516,0.0,0.0,Healthy,0.0
22993,289.80739041557536,0,1458,16,1168,SET OF 4 PANTRY JELLY MOULDS,0.62,1.25,2.2857142857142856,662.4168923784579,795.5831076215421,0.3188500790911455,2318.459123324603,0.0,0.0,Healthy,0.0
22987,3.1040244695712698,481,0,16,412,"WRAP , SUMMER ROSE DESIGN",0.21,0.42,2.2857142857142856,7.094913073305759,473.90508692669425,0.0,24.832195756570158,19.370014827333016,1.0,Markdown / clear,101.01
22994,62.16842535769318,0,490,11,295,TRAVEL CARD WALLET RETROSPOT,0.21,0.42,1.5714285714285714,97.69323984780357,392.30676015219643,0.0,497.34740286154545,0.0,0.0,Healthy,0.0
22996,141.87882468107733,0,836,10,484,TRAVEL CARD WALLET VINTAGE TICKET,0.21,0.42,1.4285714285714286,202.68403525868192,633.3159647413181,0.0,1135.0305974486187,0.0,0.0,Healthy,0.0
22997,87.43614603521019,0,560,13,348,TRAVEL CARD WALLET UNION JACK,0.21,0.42,1.8571428571428572,162.38141406539035,397.61858593460965,0.0,699.4891682816815,0.0,0.0,Healthy,0.0
22998,195.50150511015508,0,1932,15,1517,TRAVEL CARD WALLET KEEP CALM,0.21,0.42,2.142857142857143,418.931796664618,1513.068203335382,0.0025918237736440863,1564.0120408812406,0.0,0.0,Healthy,0.0
22999,51.21026063424947,0,657,12,456,TRAVEL CARD WALLET VINTAGE LEAF,0.21,0.42,1.7142857142857142,87.78901823014195,569.2109817698581,0.0,409.6820850739958,0.0,0.0,Healthy,0.0
23000,79.30987021615734,0,559,13,389,TRAVEL CARD WALLET TRANSPORT,0.21,0.42,1.8571428571428572,147.28975897286364,411.71024102713636,0.0,634.4789617292587,0.0,0.0,Healthy,0.0
23002,64.58435779833961,0,465,11,310,TRAVEL CARD WALLET SKULLS,0.21,0.42,1.5714285714285714,101.48970511167653,363.5102948883235,0.0,516.6748623867169,0.0,0.0,Healthy,0.0
22995,45.431526625596476,0,299,11,298,TRAVEL CARD WALLET SUKI,0.21,0.42,1.5714285714285714,71.39239898308017,227.60760101691983,0.23621610397006765,363.4522130047718,0.0,0.0,Healthy,0.0
22986,34.32325552703689,0,1125,14,793,GINGHAM ROSE WRAP,0.21,0.42,2.0,68.64651105407378,1056.3534889459263,0.0,274.58604421629514,0.0,0.0,Healthy,0.0
22985,42.72073916247683,0,1304,8,708,"WRAP, BILLBOARD FONTS DESIGN",0.21,0.42,1.1428571428571428,48.82370189997352,1255.1762981000265,0.0,341.76591329981466,0.0,0.0,Healthy,0.0
22984,32.856733222348005,0,656,18,560,CARD GINGHAM ROSE,0.23,0.42,2.5714285714285716,84.48874257175201,571.511257428248,0.0,262.85386577878404,0.0,0.0,Healthy,0.0
22969,147.2522979855452,0,2607,19,1878,HOMEMADE JAM SCENTED CANDLES,0.72,1.45,2.7142857142857144,399.6848088179084,2207.3151911820914,0.0,1178.0183838843616,0.0,0.0,Healthy,0.0
22970,62.122709825313024,0,771,10,516,LONDON BUS COFFEE MUG,1.27,2.55,1.4285714285714286,88.74672832187575,682.2532716781243,0.0,496.9816786025042,0.0,0.0,Healthy,0.0
22971,45.57262596030206,0,415,13,325,QUEENS GUARD COFFEE MUG,1.27,2.55,1.8571428571428572,84.63487678341812,330.3651232165819,0.0,364.5810076824165,0.0,0.0,Healthy,0.0
22972,32.33149116134128,0,342,20,334,CHILDREN'S SPACEBOY MUG,0.82,1.65,2.857142857142857,92.37568903240367,249.62431096759633,0.25262182345031037,258.65192929073027,0.0,0.0,Healthy,0.0
22973,30.00746710889989,0,339,21,333,CHILDREN'S CIRCUS PARADE MUG,0.82,1.65,3.0,90.02240132669966,248.97759867330035,0.25231952350360254,240.0597368711991,0.0,0.0,Healthy,0.0
22974,31.72471251467947,0,385,20,351,CHILDRENS DOLLY GIRL MUG,0.82,1.65,2.857142857142857,90.64203575622706,294.3579642437729,0.16137332124281223,253.79770011743577,0.0,0.0,Healthy,0.0
22975,26.917372457142644,0,274,11,145,SPACEBOY CHILDRENS EGG CUP,0.62,1.25,1.5714285714285714,42.29872814693844,231.70127185306157,0.0,215.33897965714115,0.0,0.0,Healthy,0.0
22976,19.737166562709717,0,283,19,240,CIRCUS PARADE CHILDRENS EGG CUP,0.62,1.25,2.7142857142857144,53.57230924164066,229.42769075835935,0.04405128850683604,157.89733250167774,0.0,0.0,Healthy,0.0
22977,16.73256195889188,0,268,21,261,DOLLY GIRL CHILDRENS EGG CUP,0.62,1.25,3.0,50.197685876675635,217.80231412332438,0.16550837500642002,133.86049567113503,0.0,0.0,Healthy,0.0
22978,17.093535533998544,239,1069,21,833,PANTRY ROLLING PIN,1.88,3.75,3.0,51.28060660199563,1256.7193933980043,0.0,136.74828427198835,1.7477367359478966,0.24924557864929886,Healthy,0.0
22979,76.74021696885822,0,641,7,399,PANTRY WASHING UP BRUSH,0.72,1.45,1.0,76.74021696885822,564.2597830311418,0.0,613.9217357508658,0.0,0.0,Healthy,0.0
22980,29.16142650324923,0,450,18,414,PANTRY SCRUBBING BRUSH,0.82,1.65,2.5714285714285716,74.98652529406945,375.01347470593055,0.09417035095185855,233.29141202599385,0.0,0.0,Healthy,0.0
22981,23.633076543163096,31,265,21,242,PANTRY APPLE CORER,0.72,1.45,3.0,70.89922962948928,225.1007703705107,0.06983152739458387,189.06461234530477,0.16396511020995333,0.0,Healthy,0.0
22982,29.1888544070422,0,263,18,238,PANTRY PASTRY BRUSH,0.62,1.25,2.5714285714285716,75.0570541895371,187.9429458104629,0.2103237570988954,233.5108352563376,0.0,0.0,Healthy,0.0
22983,78.58316831261142,0,720,10,389,CARD BILLBOARD FONT,0.23,0.42,1.4285714285714286,112.26166901801632,607.7383309819837,0.0,628.6653465008914,0.0,0.0,Healthy,0.0
22931,5.26970553883539,0,302,16,274,BAKING MOULD HEART WHITE CHOCOLATE,1.27,2.55,2.2857142857142856,12.045041231623747,289.95495876837623,0.0,42.15764431068312,0.0,0.0,Healthy,0.0
23003,3.1040244695712698,130,176,10,280,TRAVEL CARD WALLET VINTAGE ROSE,0.21,0.42,1.4285714285714286,4.4343206708161,301.5656793291839,0.0,24.832195756570158,5.235139142522437,1.0,Markdown / clear,27.3
22930,29.321733273003755,0,273,15,258,BAKING MOULD HEART MILK CHOCOLATE,1.27,2.55,2.142857142857143,62.832285585008044,210.16771441499196,0.18539645575584507,234.57386618403004,0.0,0.0,Healthy,0.0
22928,15.072164309853509,0,90,18,87,YELLOW GIANT GARDEN THERMOMETER,2.98,5.95,2.5714285714285716,38.756993939623314,51.243006060376686,0.41099993034049787,120.57731447882807,0.0,0.0,Healthy,0.0
22876,3.1040244695712698,162,75,13,129,NUMBER TILE COTTAGE GARDEN 8,0.98,1.95,1.8571428571428572,5.764616872060929,231.23538312793906,0.0,24.832195756570158,6.523788777604883,1.0,Markdown / clear,158.76
22877,3.1040244695712698,98,71,9,88,NUMBER TILE COTTAGE GARDEN 9,0.98,1.95,1.2857142857142858,3.99088860373449,165.0091113962655,0.0,24.832195756570158,3.946489507439991,0.9821631691466637,Markdown / clear,96.04
22878,2.5392146649338887,49,44,16,88,NUMBER TILE COTTAGE GARDEN No,2.06,4.13,2.2857142857142856,5.803919234134602,87.1960807658654,0.009135445842438639,20.31371731947111,2.41216313239884,0.47072104413294663,Healthy,0.0
22879,2.5392146649338887,140,65,13,99,NUMBER TILE VINTAGE FONT 0,2.06,4.13,1.8571428571428572,4.715684377734365,200.28431562226564,0.0,20.31371731947111,6.891894663996686,1.0,Markdown / clear,288.4
22880,2.5392146649338887,76,69,12,72,NUMBER TILE VINTAGE FONT 1,2.06,4.13,1.7142857142857142,4.352939425600952,140.64706057439903,0.0,20.31371731947111,3.7413142461696296,0.9137714153898765,Markdown / clear,156.56
22881,2.5392146649338887,99,63,17,99,NUMBER TILE VINTAGE FONT 2,2.06,4.13,2.4285714285714284,6.166664186268015,155.833335813732,0.0,20.31371731947111,4.873554083826228,1.0,Markdown / clear,203.94
22875,3.1040244695712698,105,67,11,98,NUMBER TILE COTTAGE GARDEN 7,0.98,1.95,1.5714285714285714,4.877752737897709,167.1222472621023,0.0,24.832195756570158,4.228381615114277,1.0,Markdown / clear,102.9
22882,2.5392146649338887,26,83,13,69,NUMBER TILE VINTAGE FONT 3,1.08,2.17,1.8571428571428572,4.715684377734365,104.28431562226564,0.0,20.31371731947111,1.2799232947422416,0.09330776491408055,Healthy,0.0
22884,3.213589132020008,74,67,13,73,NUMBER TILE VINTAGE FONT 5,2.06,4.13,1.8571428571428572,5.968094102322873,135.03190589767712,0.0,25.708713056160065,2.878401569084722,0.6261338563615739,Markdown / clear,152.44
22885,2.5392146649338887,75,69,10,68,NUMBER TILE VINTAGE FONT 6,2.06,4.13,1.4285714285714286,3.627449521334127,140.3725504786659,0.0,20.31371731947111,3.692086427141082,0.8973621423803606,Markdown / clear,154.5
22886,2.5392146649338887,74,63,8,59,NUMBER TILE VINTAGE FONT 7,1.08,2.17,1.1428571428571428,2.901959617067301,134.0980403829327,0.0,20.31371731947111,3.642858608112534,0.8809528693708447,Markdown / clear,79.92
22887,2.5392146649338887,142,68,19,116,NUMBER TILE VINTAGE FONT 8,1.58,3.15,2.7142857142857144,6.8921540905348415,203.10784590946517,0.0,20.31371731947111,6.990350302053781,1.0,Markdown / clear,224.36
22888,2.5392146649338887,95,55,8,65,NUMBER TILE VINTAGE FONT 9,2.06,4.13,1.1428571428571428,2.901959617067301,147.0980403829327,0.0,20.31371731947111,4.676642807712037,1.0,Markdown / clear,195.7
22889,2.5392146649338887,173,125,11,161,NUMBER TILE VINTAGE FONT No,2.06,4.13,1.5714285714285714,3.990194473467539,294.0098055265325,0.0,20.31371731947111,8.516412691938761,1.0,Markdown / clear,356.38
22883,2.5392146649338887,83,62,13,82,NUMBER TILE VINTAGE FONT 4,2.06,4.13,1.8571428571428572,4.715684377734365,140.28431562226564,0.0,20.31371731947111,4.085908979369464,1.0,Markdown / clear,170.98
22890,14.519321082306812,0,206,17,145,NOVELTY BISCUITS CAKE STAND 3 TIER,4.97,9.95,2.4285714285714284,35.261208342745114,170.7387916572549,0.0,116.1545686584545,0.0,0.0,Healthy,0.0
22874,3.4908755161689506,177,68,20,166,NUMBER TILE COTTAGE GARDEN 6,0.98,1.95,2.857142857142857,9.973930046197003,235.026069953803,0.0,27.927004129351605,6.3379515819232095,1.0,Markdown / clear,173.46
22872,2.5392146649338887,71,57,14,99,NUMBER TILE COTTAGE GARDEN 4,2.06,4.13,2.0,5.078429329867777,122.92157067013223,0.0,20.31371731947111,3.4951751510268907,0.8317250503422969,Markdown / clear,146.26
22858,4.047265063361509,0,476,11,293,EASTER TIN KEEPSAKE,0.82,1.65,1.5714285714285714,6.359987956710943,469.64001204328906,0.0,32.378120506892074,0.0,0.0,Healthy,0.0
22859,10.406774319313303,0,436,12,280,EASTER TIN BUNNY BOUQUET,0.82,1.65,1.7142857142857142,17.840184547394234,418.15981545260576,0.0,83.25419455450643,0.0,0.0,Healthy,0.0
22860,4.545400873454827,124,292,21,300,EASTER TIN CHICKS PINK DAISY,0.82,1.65,3.0,13.636202620364479,402.3637973796355,0.0,36.36320698763861,3.410040265209634,0.8033467550698781,Markdown / clear,101.68
22861,4.047265063361509,139,134,17,197,EASTER TIN CHICKS IN GARDEN,0.82,1.65,2.4285714285714284,9.829072296735093,263.1709277032649,0.0,32.378120506892074,4.293022504824274,1.0,Markdown / clear,113.98
22862,2.5392146649338887,0,267,12,152,LOVE HEART NAPKIN BOX,2.12,4.25,1.7142857142857142,4.352939425600952,262.64706057439906,0.0,20.31371731947111,0.0,0.0,Healthy,0.0
22863,13.827413143331936,0,270,18,230,SOAP DISH BROCANTE,1.48,2.95,2.5714285714285716,35.5562052257107,234.4437947742893,0.0,110.61930514665549,0.0,0.0,Healthy,0.0
22873,3.4908755161689506,116,57,17,124,NUMBER TILE COTTAGE GARDEN 5,0.98,1.95,2.4285714285714284,8.47784053926745,164.52215946073255,0.0,27.927004129351605,4.153685782503346,1.0,Markdown / clear,113.68
22864,4.047265063361509,7396,0,18,4798,MUG AND COASTER SET RED CIRCLES,0.21,0.42,2.5714285714285716,10.407253020072453,7385.592746979927,0.0,32.378120506892074,228.4258593214412,1.0,Markdown / clear,1553.16
22866,289.0770861453463,0,2159,13,1421,HAND WARMER SCOTTY DOG DESIGN,1.05,2.1,1.8571428571428572,536.8574456985003,1622.1425543014998,0.0,2312.6166891627704,0.0,0.0,Healthy,0.0
22867,359.5260679655649,0,2095,20,1815,HAND WARMER BIRD DESIGN,1.05,2.1,2.857142857142857,1027.2173370444712,1067.7826629555288,0.4116899928619676,2876.208543724519,0.0,0.0,Healthy,0.0
22868,3.4908755161689506,143,69,15,131,NUMBER TILE COTTAGE GARDEN 0,0.98,1.95,2.142857142857143,7.480447534647751,204.51955246535226,0.0,27.927004129351605,5.120491956017056,1.0,Markdown / clear,140.14
22869,2.5392146649338887,7,64,9,63,NUMBER TILE COTTAGE GARDEN 1,2.06,4.13,1.2857142857142858,3.264704569200714,67.73529543079928,0.0,20.31371731947111,0.3445947331998343,0.0,Healthy,0.0
22870,2.5392146649338887,61,56,17,110,NUMBER TILE COTTAGE GARDEN 2,2.06,4.13,2.4285714285714284,6.166664186268015,110.83333581373199,0.0,20.31371731947111,3.0028969607414133,0.6676323202471378,Markdown / clear,125.66
22871,2.5392146649338887,124,66,15,123,NUMBER TILE COTTAGE GARDEN 3,2.06,4.13,2.142857142857143,5.44117428200119,184.55882571799881,0.0,20.31371731947111,6.104249559539921,1.0,Markdown / clear,255.44
22865,331.5749076144122,0,2231,12,1374,HAND WARMER OWL DESIGN,1.05,2.1,1.7142857142857142,568.4141273389923,1662.5858726610077,0.0,2652.5992609152977,0.0,0.0,Healthy,0.0
22891,14.16379988775382,0,68,8,63,TEA FOR ONE POLKADOT,2.12,4.25,1.1428571428571428,16.18719987171865,51.81280012828135,0.17757460113839119,113.31039910203056,0.0,0.0,Healthy,0.0
22892,20.67806415478251,0,595,16,446,SET OF SALT AND PEPPER TOADSTOOLS,0.62,1.25,2.2857142857142856,47.26414663950288,547.7358533604971,0.0,165.4245132382601,0.0,0.0,Healthy,0.0
22893,20.792832148314922,0,702,17,615,MINI CAKE STAND T-LIGHT HOLDER,0.21,0.42,2.4285714285714284,50.49687807447909,651.5031219255209,0.0,166.34265718651938,0.0,0.0,Healthy,0.0
22914,5.823036540560865,0,196,18,150,BLUE COAT RACK PARIS FASHION,2.48,4.95,2.5714285714285716,14.973522532870795,181.0264774671292,0.0,46.58429232448692,0.0,0.0,Healthy,0.0
22915,73.29994022937838,0,453,9,403,ASSORTED BOTTLE TOP  MAGNETS,0.21,0.42,1.2857142857142858,94.24278029491506,358.75721970508494,0.1097835739327917,586.399521835027,0.0,0.0,Healthy,0.0
22916,30.420337604133028,0,363,11,246,HERB MARKER THYME,0.32,0.65,1.5714285714285714,47.803387663637615,315.19661233636236,0.0,243.36270083306422,0.0,0.0,Healthy,0.0
22917,30.472624727758074,0,387,11,254,HERB MARKER ROSEMARY,0.32,0.65,1.5714285714285714,47.88555314361983,339.11444685638014,0.0,243.7809978220646,0.0,0.0,Healthy,0.0
22918,30.472624727758074,0,367,11,249,HERB MARKER PARSLEY,0.32,0.65,1.5714285714285714,47.88555314361983,319.11444685638014,0.0,243.7809978220646,0.0,0.0,Healthy,0.0
22919,30.472624727758074,0,359,17,302,HERB MARKER MINT,0.32,0.65,2.4285714285714284,74.00494576741247,284.99505423258756,0.056307767441763024,243.7809978220646,0.0,0.0,Healthy,0.0
22913,3.650692270123807,0,161,11,116,RED COAT RACK PARIS FASHION,2.48,4.95,1.5714285714285714,5.736802138765983,155.263197861234,0.0,29.205538160990457,0.0,0.0,Healthy,0.0
22920,30.420337604133028,496,1682,20,1364,HERB MARKER BASIL,0.32,0.65,2.857142857142857,86.91525029752295,2091.084749702477,0.0,243.36270083306422,2.0381101882175177,0.34603672940583924,Healthy,0.0
22922,54.605994682275735,0,667,18,636,FRIDGE MAGNETS US DINER ASSORTED,0.42,0.85,2.5714285714285716,140.41541489728047,526.5845851027195,0.1720368158762271,436.8479574582059,0.0,0.0,Healthy,0.0
22923,53.01938840707941,0,684,10,372,FRIDGE MAGNETS LES ENFANTS ASSORTED,0.42,0.85,1.4285714285714286,75.74198343868487,608.2580165613151,0.0,424.1551072566353,0.0,0.0,Healthy,0.0
22924,55.01312341689387,0,796,21,589,FRIDGE MAGNETS LA VIE EN ROSE,0.42,0.85,3.0,165.0393702506816,630.9606297493184,0.0,440.10498733515095,0.0,0.0,Healthy,0.0
22925,5.00340119570569,0,104,15,81,BLUE GIANT GARDEN THERMOMETER,2.98,5.95,2.142857142857143,10.721573990797907,93.2784260092021,0.0,40.02720956564552,0.0,0.0,Healthy,0.0
22926,2.5392146649338887,0,200,15,147,IVORY GIANT GARDEN THERMOMETER,2.98,5.95,2.142857142857143,5.44117428200119,194.55882571799881,0.0,20.31371731947111,0.0,0.0,Healthy,0.0
22927,2.5392146649338887,0,123,17,104,GREEN GIANT GARDEN THERMOMETER,2.98,5.95,2.4285714285714284,6.166664186268015,116.83333581373199,0.0,20.31371731947111,0.0,0.0,Healthy,0.0
22921,30.472624727758074,0,597,20,417,HERB MARKER CHIVES,0.32,0.65,2.857142857142857,87.06464207930878,509.9353579206912,0.0,243.7809978220646,0.0,0.0,Healthy,0.0
22912,4.047003057792295,6,146,20,125,YELLOW COAT RACK PARIS FASHION,2.48,4.95,2.857142857142857,11.562865879406557,140.43713412059344,0.0,32.37602446233836,0.18532232105827395,0.0,Healthy,0.0
22911,16.828299661228954,0,210,8,114,PAPER CHAIN KIT LONDON,1.62,2.95,1.1428571428571428,19.232342469975947,190.76765753002405,0.0,134.62639728983163,0.0,0.0,Healthy,0.0
22910,651.2166045555188,0,1322,9,1241,PAPER CHAIN KIT VINTAGE CHRISTMAS,1.33,2.95,1.2857142857142858,837.2784915713813,484.7215084286187,0.6094105492114273,5209.73283644415,0.0,0.0,Reorder now,2469.97
22894,5.975228287937488,0,128,16,108,TABLECLOTH RED APPLES DESIGN,4.97,9.95,2.2857142857142856,13.657664658142828,114.34233534185717,0.0,47.8018263034999,0.0,0.0,Healthy,0.0
22895,37.05126907390636,0,380,11,245,SET OF 2 TEA TOWELS APPLE AND PEARS,1.62,3.25,1.5714285714285714,58.22342283042428,321.7765771695757,0.0,296.4101525912509,0.0,0.0,Healthy,0.0
22896,16.84399239855614,0,133,7,124,PEG BAG APPLES DESIGN,1.27,2.55,1.0,16.84399239855614,116.15600760144386,0.06325800321416242,134.75193918844911,0.0,0.0,Healthy,0.0
22897,33.12913314109292,0,311,20,290,OVEN MITT APPLES DESIGN,0.72,1.45,2.857142857142857,94.65466611740835,216.34533388259166,0.25398160730140806,265.0330651287434,0.0,0.0,Healthy,0.0
22898,75.9980552486486,0,382,11,224,CHILDRENS APRON APPLES DESIGN,0.98,1.95,1.5714285714285714,119.42551539073351,262.5744846092665,0.0,607.9844419891888,0.0,0.0,Healthy,0.0
22899,54.70002725110945,0,503,19,343,CHILDREN'S APRON DOLLY GIRL,1.05,2.1,2.7142857142857144,148.47150253872564,354.52849746127436,0.0,437.6002180088756,0.0,0.0,Healthy,0.0
22900,76.24459534285393,0,681,9,425,SET 2 TEA TOWELS I LOVE LONDON,1.62,3.25,1.2857142857142858,98.0287654408122,582.9712345591878,0.0,609.9567627428314,0.0,0.0,Healthy,0.0
22902,23.645593564996812,0,340,9,198,TOTE BAG I LOVE LONDON,1.05,2.1,1.2857142857142858,30.401477440710188,309.5985225592898,0.0,189.1647485199745,0.0,0.0,Healthy,0.0
22903,16.213534244946867,187,360,18,420,CALENDAR FAMILY FAVOURITES,1.48,2.95,2.5714285714285716,41.69194520129195,505.30805479870804,0.0,129.70827395957494,1.4416967730083332,0.1472322576694444,Healthy,0.0
22904,25.566081524953912,0,726,21,512,CALENDAR PAPER CUT DESIGN,1.62,2.95,3.0,76.69824457486173,649.3017554251383,0.0,204.5286521996313,0.0,0.0,Healthy,0.0
22905,41.51762601039315,0,249,19,243,CALENDAR IN SEASON DESIGN,1.48,2.95,2.7142857142857144,112.69069917106712,136.30930082893286,0.43905637518957674,332.1410080831452,0.0,0.0,Healthy,0.0
22906,41.70042067408952,0,491,18,439,12 MESSAGE CARDS WITH ENVELOPES,0.91,1.65,2.5714285714285716,107.2296531619445,383.7703468380555,0.12580786597253868,333.60336539271617,0.0,0.0,Healthy,0.0
22907,78.54810854308175,0,585,10,457,PACK OF 20 NAPKINS PANTRY DESIGN,0.42,0.85,1.4285714285714286,112.21158363297394,472.78841636702606,0.0,628.384868344654,0.0,0.0,Healthy,0.0
22908,45.82101268869153,0,1022,20,725,PACK OF 20 NAPKINS RED APPLES,0.42,0.85,2.857142857142857,130.91717911054724,891.0828208894527,0.0,366.56810150953226,0.0,0.0,Healthy,0.0
22909,300.7493738830678,0,2443,17,2169,SET OF 20 VINTAGE CHRISTMAS NAPKINS,0.38,0.85,2.4285714285714284,730.3913365731646,1712.6086634268354,0.2104155539756407,2405.9949910645423,0.0,0.0,Healthy,0.0
22929,2.5392146649338887,56,21,21,37,SCHOOL DESK AND CHAIR,32.5,65.0,3.0,7.617643994801666,69.38235600519833,0.0,20.31371731947111,2.7567578655986744,0.5855859551995581,Markdown / clear,1820.0
23004,63.46013096517078,0,413,16,334,TRAVEL CARD WALLET PANTRY,0.21,0.42,2.2857142857142856,145.05172792039033,267.94827207960964,0.19775966443230653,507.6810477213662,0.0,0.0,Healthy,0.0
23005,164.7706271341507,0,1692,19,1248,TRAVEL CARD WALLET I LOVE LONDON,0.21,0.42,2.7142857142857144,447.2345593641233,1244.7654406358768,0.002591794362278188,1318.1650170732055,0.0,0.0,Healthy,0.0
23006,24.13726769048322,0,459,11,252,TRAVEL CARD WALLET FLOWER MEADOW,0.21,0.42,1.5714285714285714,37.92999208504506,421.07000791495494,0.0,193.09814152386576,0.0,0.0,Healthy,0.0
23108,69.86030338385581,0,430,13,415,SET OF 10 LED DOLLY LIGHTS,3.12,6.25,1.8571428571428572,129.7405634271608,300.2594365728392,0.27648328536665256,558.8824270708465,0.0,0.0,Healthy,0.0
23109,117.44478352597285,0,559,12,378,PACK OF SIX LED TEA LIGHTS,1.44,2.89,1.7142857142857142,201.33391461595346,357.66608538404654,0.05379342490992978,939.5582682077828,0.0,0.0,Healthy,0.0
23110,21.084277105717423,0,159,11,92,PARISIENNE KEY CABINET,2.88,5.75,1.5714285714285714,33.132435451841665,125.86756454815833,0.0,168.67421684573938,0.0,0.0,Healthy,0.0
23111,13.107700622144423,0,56,10,55,PARISIENNE SEWING BOX,6.25,12.5,1.4285714285714286,18.725286603063463,37.274713396936534,0.3222779382375176,104.86160497715538,0.0,0.0,Healthy,0.0
23112,19.951993085311813,0,120,18,104,PARISIENNE CURIO CABINET,3.75,7.5,2.5714285714285716,51.30512507651609,68.69487492348391,0.33947235650496244,159.6159446824945,0.0,0.0,Healthy,0.0
23113,14.424784163323165,1741,949,17,1525,PANTRY CHOPPING BOARD,2.48,4.95,2.4285714285714284,35.03161868235625,2654.968381317644,0.0,115.39827330658532,15.086880852840698,1.0,Markdown / clear,4317.68
23107,9.642672795126616,126,193,21,178,WHITE HEARTS WIRE PLANT POT HOLDER,1.44,2.89,3.0,28.92801838537985,290.07198161462014,0.0,77.14138236101293,1.6333645592495902,0.2111215197498634,Healthy,0.0
23114,13.431102355663448,174,76,19,162,VINTAGE LEAF CHOPPING BOARD,2.48,4.95,2.7142857142857144,36.455849251086505,213.5441507489135,0.0,107.44881884530758,1.619375642002218,0.20645854733407268,Healthy,0.0
23116,6.569208789854713,125,52,14,98,VEGETABLE GARDEN CHOPPING BOARD,2.48,4.95,2.0,13.138417579709426,163.86158242029057,0.0,52.5536703188377,2.378520838632923,0.4595069462109744,Healthy,0.0
23117,13.037019631259444,30,41,10,40,POPPY FIELDS CHOPPING BOARD,2.48,4.95,1.4285714285714286,18.624313758942062,52.375686241057934,0.0,104.29615705007555,0.28764242948660274,0.0,Healthy,0.0
23118,31.32580435141585,0,296,20,210,PARISIENNE JEWELLERY DRAWER,3.75,7.5,2.857142857142857,89.50229814690243,206.49770185309757,0.016677610223344908,250.6064348113268,0.0,0.0,Healthy,0.0
23119,42.1121798803211,0,862,11,507,PACK OF 6 LARGE FRUIT STRAWS,0.31,0.62,1.5714285714285714,66.17628266907602,795.823717330924,0.0,336.8974390425688,0.0,0.0,Healthy,0.0
23120,37.33773379383952,0,566,9,454,PACK OF 6 SMALL FRUIT STRAWS,0.21,0.42,1.2857142857142858,48.00565773493653,517.9943422650634,0.0,298.70187035071615,0.0,0.0,Healthy,0.0
23121,54.620945717987695,0,964,15,942,PACK OF 6 COCKTAIL PARASOL STRAWS,0.21,0.42,2.142857142857143,117.0448836814022,846.9551163185978,0.10089690412038455,436.96756574390156,0.0,0.0,Healthy,0.0
23115,22.983420775890337,66,76,9,74,RED APPLES CHOPPING BOARD,2.48,4.95,1.2857142857142858,29.55011242614472,112.44988757385528,0.0,183.8673662071227,0.3589543993666195,0.0,Healthy,0.0
23122,41.557622206338785,257,1079,20,1050,PARTY CHARMS 50 PIECES,0.42,0.83,2.857142857142857,118.73606344668224,1217.2639365533178,0.0,332.4609776507103,0.7730230531596674,0.0,Healthy,0.0
23106,10.5998752843722,65,96,19,152,ZINC HEARTS PLANT POT HOLDER,1.44,2.89,2.7142857142857144,28.771090057581684,132.2289099424183,0.13007296090514264,84.7990022749776,0.7665184525311347,0.0,Healthy,0.0
23103,204.69811021445707,0,941,19,791,JINGLE BELL HEART DECORATION,0.82,1.65,2.7142857142857144,555.6091562963835,385.3908437036165,0.5127802228778553,1637.5848817156566,0.0,0.0,Reorder now,916.76
23086,40.7675408007367,478,602,11,647,ZINC  STAR T-LIGHT HOLDER,0.62,1.25,1.5714285714285714,64.06327840115766,1015.9367215988424,0.0,326.1403264058936,1.4656267909817184,0.15520893032723948,Healthy,0.0
23087,19.137494288598674,164,489,11,309,ZINC  HEART T-LIGHT HOLDER,0.62,1.25,1.5714285714285714,30.07320531065506,622.9267946893449,0.0,153.0999543087894,1.0711956168793242,0.023731872293108063,Healthy,0.0
23088,18.727581385400836,99,424,13,252,ZINC HEART FLOWER T-LIGHT HOLDER,0.62,1.25,1.8571428571428572,34.7797940014587,488.2202059985413,0.0,149.82065108320668,0.6607900799003861,0.0,Healthy,0.0
23089,81.60164236412949,0,410,9,370,GLASS BON BON JAR,0.98,1.95,1.2857142857142858,104.91639732530935,305.08360267469067,0.17544972250083601,652.8131389130359,0.0,0.0,Healthy,0.0
23090,93.78452509955731,0,769,13,550,VINTAGE GLASS T-LIGHT HOLDER,0.42,0.83,1.8571428571428572,174.17126089917787,594.8287391008221,0.0,750.2762007964585,0.0,0.0,Healthy,0.0
23091,5.00340119570569,0,161,10,84,ZINC HERB GARDEN CONTAINER,3.12,6.25,1.4285714285714286,7.147715993865272,153.85228400613474,0.0,40.02720956564552,0.0,0.0,Healthy,0.0
23104,25.540916343731705,62,43,20,93,IVORY CAFE HANGING LAMP,6.25,12.5,2.857142857142857,72.9740466963763,32.025953303623695,0.6556349107137237,204.32733074985364,0.3034346887049735,0.0,Reorder now,912.18
23092,13.107700622144423,15,200,7,113,LARGE ANTIQUE WHITE PHOTO FRAME,3.95,7.9,1.0,13.107700622144423,201.89229937785558,0.0,104.86160497715538,0.1430456839113594,0.0,Healthy,0.0
23094,5.00340119570569,0,62,17,52,LE GRAND TRAY CHIC SET,6.25,12.5,2.4285714285714284,12.15111718957096,49.84888281042904,0.04136763826098,40.02720956564552,0.0,0.0,Healthy,0.0
23096,51.39730800610645,0,320,18,309,PETIT TRAY CHIC,0.82,1.65,2.5714285714285716,132.1645063014166,187.8354936985834,0.3921181433702803,411.1784640488516,0.0,0.0,Healthy,0.0
23099,5.823036540560865,32,83,12,46,FRENCH CARRIAGE LANTERN,3.32,6.65,1.7142857142857142,9.982348355247195,105.0176516447528,0.0,46.58429232448692,0.6869268245420845,0.0,Healthy,0.0
23100,132.96468144309065,0,586,11,327,SILVER BELLS TABLE DECORATION,0.62,1.25,1.5714285714285714,208.944499410571,377.055500589429,0.0,1063.7174515447252,0.0,0.0,Healthy,0.0
23101,98.21548310030873,0,604,18,522,SILVER STARS TABLE DECORATION,0.42,0.83,2.5714285714285716,252.5540994007939,351.4459005992061,0.32673199118926033,785.7238648024698,0.0,0.0,Healthy,0.0
23102,31.092551728883397,0,418,17,342,SILVER HEARTS TABLE DECORATION,0.42,0.83,2.4285714285714284,75.51048277014539,342.48951722985464,0.0,248.74041383106717,0.0,0.0,Healthy,0.0
23093,24.338387330401325,0,275,12,215,SMALL PARISIENNE HEART PHOTO FRAME,1.25,2.49,1.7142857142857142,41.72294970925941,233.2770502907406,0.0,194.7070986432106,0.0,0.0,Healthy,0.0
23123,33.800530634881184,214,443,20,491,COCKTAIL SWORDS 50 PIECES,0.42,0.83,2.857142857142857,96.5729446710891,560.4270553289109,0.0,270.4042450790495,0.7914076938305449,0.0,Healthy,0.0
23124,3.1040244695712698,223,286,8,276,18PC WOODEN CUTLERY SET DISPOSABLE,0.62,1.25,1.1428571428571428,3.5474565366528794,505.4525434633471,0.0,24.832195756570158,8.980277144480796,1.0,Markdown / clear,138.26
23125,2.527455328645957,645,385,11,489,6PC WOOD PLATE SET DISPOSABLE,1.23,2.46,1.5714285714285714,3.9717155164436466,1026.0282844835563,0.0,20.219642629167655,31.899673591142573,1.0,Markdown / clear,793.35
23145,54.683815737362096,0,526,12,320,ZINC T-LIGHT HOLDER STAR LARGE,0.48,0.95,1.7142857142857142,93.74368412119216,432.25631587880787,0.0,437.47052589889677,0.0,0.0,Healthy,0.0
23146,31.455605835333728,0,101,9,85,TRIPLE HOOK ANTIQUE IVORY ROSE,1.64,3.29,1.2857142857142858,40.44292178828623,60.55707821171377,0.2875637857445439,251.64484668266982,0.0,0.0,Healthy,0.0
23147,41.338766469075516,0,229,7,138,SINGLE ANTIQUE ROSE HOOK IVORY,0.72,1.45,1.0,41.338766469075516,187.66123353092448,0.0,330.7101317526041,0.0,0.0,Healthy,0.0
23148,33.60814535441556,0,233,9,220,MINIATURE ANTIQUE ROSE HOOK IVORY,0.42,0.83,1.2857142857142858,43.210472598534295,189.7895274014657,0.13732032999333765,268.8651628353245,0.0,0.0,Healthy,0.0
23149,3.638932933835876,103,74,7,52,ANTIQUE IVORY WIRE BOWL SMALL,1.25,2.49,1.0,3.638932933835876,173.3610670661641,0.0,29.111463470687006,3.5381251136245018,0.8460417045415006,Markdown / clear,128.75
23150,12.151720387138978,34,51,19,83,IVORY SWEETHEART SOAP DISH,1.25,2.49,2.7142857142857144,32.9832410508058,52.0167589491942,0.373292060853082,97.21376309711182,0.3497447163529268,0.0,Healthy,0.0
23144,100.94856650894222,0,1219,19,1007,ZINC T-LIGHT HOLDER STARS SMALL,0.42,0.83,2.7142857142857144,274.0032519528432,944.9967480471569,0.061572246229238514,807.5885320715378,0.0,0.0,Healthy,0.0
23151,2.81727834435152,59,0,11,51,ZINC SWEETHEART SOAP DISH,1.25,2.49,1.5714285714285714,4.42715168398096,54.57284831601904,0.0,22.53822675481216,2.617774709689743,0.5392582365632476,Markdown / clear,73.75
23153,12.611954784987043,0,112,15,79,ZINC SWEETHEART WIRE LETTER RACK,1.88,3.75,2.142857142857143,27.025617396400808,84.9743826035992,0.0,100.89563827989635,0.0,0.0,Healthy,0.0
23154,59.15189561782639,0,541,15,462,SET OF 4 JAM JAR MAGNETS,1.04,2.08,2.142857142857143,126.75406203819941,414.24593796180056,0.10336377064545332,473.2151649426111,0.0,0.0,Healthy,0.0
23155,40.473567948612136,0,714,13,472,KNICKERBOCKERGLORY MAGNET ASSORTED,0.42,0.83,1.8571428571428572,75.16519761885111,638.8348023811488,0.0,323.7885435888971,0.0,0.0,Healthy,0.0
23156,45.18253871599706,0,438,19,386,SET OF 5 MINI GROCERY MAGNETS,1.04,2.08,2.7142857142857144,122.63831937199203,315.361680628008,0.18300082738858026,361.4603097279765,0.0,0.0,Healthy,0.0
23157,128.6877687689186,0,565,7,425,SET OF 6 NATIVITY MAGNETS,1.04,2.08,1.0,128.6877687689186,436.3122312310814,0.0,1029.5021501513488,0.0,0.0,Healthy,0.0
23158,82.69946016774828,0,362,8,287,SET OF 5 LUCKY CAT MAGNETS,1.04,2.08,1.1428571428571428,94.51366876314088,267.4863312368591,0.06799187722348754,661.5956813419863,0.0,0.0,Healthy,0.0
23152,13.840398154234801,0,143,19,138,IVORY SWEETHEART WIRE LETTER RACK,1.88,3.75,2.7142857142857144,37.566794990065894,105.43320500993411,0.23599126804395565,110.72318523387841,0.0,0.0,Healthy,0.0
23143,2.527455328645957,69,0,18,54,ZINC WIRE KITCHEN ORGANISER,5.2,10.4,2.5714285714285716,6.499170845089604,62.5008291549104,0.0,20.219642629167655,3.4125232213780423,0.8041744071260141,Markdown / clear,358.8
23142,2.527455328645957,132,67,16,128,IVORY WIRE KITCHEN ORGANISER,5.2,10.4,2.2857142857142856,5.777040751190758,193.22295924880925,0.0,20.219642629167655,6.528305293071038,1.0,Markdown / clear,686.4
23141,2.5392146649338887,89,46,12,57,TRIPLE WIRE HOOK PINK HEART,2.08,4.15,1.7142857142857142,4.352939425600952,130.64706057439903,0.0,20.31371731947111,4.38127589354075,1.0,Markdown / clear,185.12
23126,47.52911888929522,0,146,9,106,FELTCRAFT GIRL AMELIE KIT,2.48,4.95,1.2857142857142858,61.10886714337957,84.89113285662043,0.1991402560696186,380.23295111436175,0.0,0.0,Healthy,0.0
23127,27.946857534804426,0,179,11,97,FELTCRAFT GIRL NICOLE KIT,2.48,4.95,1.5714285714285714,43.916490411835525,135.08350958816447,0.0,223.5748602784354,0.0,0.0,Healthy,0.0
23128,18.220315790492926,0,161,15,103,FELTCRAFT BOY JEAN-PAUL KIT,2.48,4.95,2.142857142857143,39.04353383677056,121.95646616322944,0.0,145.7625263239434,0.0,0.0,Healthy,0.0
23129,44.48664395323262,0,214,11,204,HEART SHAPED HOLLY WREATH,1.87,4.15,1.5714285714285714,69.90758335507984,144.09241664492015,0.29366462428960716,355.893151625861,0.0,0.0,Healthy,0.0
23130,54.54442767802185,0,167,8,139,MISTLETOE HEART WREATH GREEN,2.08,4.15,1.1428571428571428,62.336488774882106,104.6635112251179,0.24702509909987125,436.3554214241748,0.0,0.0,Healthy,0.0
23131,31.32580435141585,11,465,14,328,MISTLETOE HEART WREATH CREAM,2.08,4.15,2.0,62.6516087028317,413.3483912971683,0.0,250.6064348113268,0.043893525751968546,0.0,Healthy,0.0
23132,27.488695787834025,0,293,7,170,SMALL IVORY HEART WALL ORGANISER,2.88,5.75,1.0,27.488695787834025,265.51130421216595,0.0,219.9095663026722,0.0,0.0,Healthy,0.0
23133,21.43074488018679,0,278,10,176,LARGE IVORY HEART WALL ORGANISER,4.12,8.25,1.4285714285714286,30.615349828838273,247.38465017116172,0.0,171.44595904149432,0.0,0.0,Healthy,0.0
23134,2.5392146649338887,611,660,7,589,LARGE ZINC HEART WALL ORGANISER,4.12,8.25,1.0,2.5392146649338887,1268.460785335066,0.0,20.31371731947111,30.078197426442678,1.0,Markdown / clear,2517.32
23135,2.5392146649338887,458,608,8,805,SMALL ZINC HEART WALL ORGANISER,2.88,5.75,1.1428571428571428,2.901959617067301,1063.0980403829326,0.0,20.31371731947111,22.54634111507487,1.0,Markdown / clear,1319.04
23136,8.352173142230853,24,52,13,58,IVORY WIRE SWEETHEART LETTER TRAY,1.88,3.75,1.8571428571428572,15.511178692714443,60.488821307285555,0.0,66.81738513784683,0.35918795610584103,0.0,Healthy,0.0
23137,3.3726285907061757,157,58,19,114,ZINC WIRE SWEETHEART LETTER TRAY,1.88,3.75,2.7142857142857144,9.154277603345335,205.84572239665465,0.0,26.981028725649406,5.8189034078878015,1.0,Markdown / clear,295.16
23138,8.835716244716378,311,504,18,484,SINGLE WIRE HOOK IVORY HEART,0.72,1.45,2.5714285714285716,22.72041320069926,792.2795867993008,0.0,70.68572995773103,4.3997565022809155,1.0,Markdown / clear,223.92
23139,12.977043044421047,522,331,8,352,SINGLE WIRE HOOK PINK HEART,0.72,1.45,1.1428571428571428,14.830906336481195,838.1690936635188,0.0,103.81634435536837,5.028110007545331,1.0,Markdown / clear,375.84
23140,5.00340119570569,0,58,7,50,TRIPLE WIRE HOOK IVORY HEART,2.08,4.15,1.0,5.00340119570569,52.99659880429431,0.0,40.02720956564552,0.0,0.0,Healthy,0.0
23085,35.12058011974444,55,190,11,111,ANTIQUE SILVER BAUBLE LAMP,5.2,10.4,1.5714285714285714,55.18948304531269,189.8105169546873,0.0,280.9646409579555,0.19575416967941664,0.0,Healthy,0.0
23084,1336.404754556946,0,11115,21,7997,RABBIT NIGHT LIGHT,1.04,2.08,3.0,4009.214263670838,7105.785736329162,0.11144357429921692,10691.238036455568,0.0,0.0,Healthy,0.0
23083,139.8737985301573,0,281,8,247,SET 6 PAPER TABLE LANTERN STARS,1.88,3.75,1.1428571428571428,159.8557697487512,121.14423025124881,0.5095375293471708,1118.9903882412584,0.0,0.0,Reorder now,599.46
23082,105.92389211231864,0,495,17,427,SET 6 PAPER TABLE LANTERN HEARTS,1.88,3.75,2.4285714285714284,257.24373798705955,237.75626201294045,0.443193765777657,847.3911368985491,0.0,0.0,Healthy,0.0
23027,30.705258103821812,282,159,13,217,DRAWER KNOB VINTAGE GLASS HEXAGON,1.04,2.08,1.8571428571428572,57.02405076424051,383.97594923575946,0.0,245.6420648305745,1.1480118447730134,0.04933728159100448,Healthy,0.0
23028,5.679495763838708,83,565,21,607,DRAWER KNOB CRACKLE GLAZE BLUE,0.82,1.65,3.0,17.038487291516123,630.9615127084838,0.0,45.435966110709664,1.8267466746005023,0.2755822248668341,Healthy,0.0
23029,46.990495538494315,0,418,11,255,DRAWER KNOB CRACKLE GLAZE GREEN,0.82,1.65,1.5714285714285714,73.84220727477678,344.1577927252232,0.0,375.9239643079545,0.0,0.0,Healthy,0.0
23031,48.83791710897905,0,385,9,201,DRAWER KNOB CRACKLE GLAZE PINK,0.82,1.65,1.2857142857142858,62.79160771154449,322.2083922884555,0.0,390.7033368718324,0.0,0.0,Healthy,0.0
23032,26.696223323621137,0,971,21,658,DRAWER KNOB CRACKLE GLAZE IVORY,0.82,1.65,3.0,80.0886699708634,890.9113300291366,0.0,213.5697865889691,0.0,0.0,Healthy,0.0
23033,25.488281219491224,0,339,9,188,DRAWER KNOB CERAMIC RED,0.72,1.45,1.2857142857142858,32.77064728220301,306.229352717797,0.0,203.9062497559298,0.0,0.0,Healthy,0.0
23026,16.037035848145898,130,323,12,207,DRAWER KNOB VINTAGE GLASS STAR,1.04,2.08,1.7142857142857142,27.492061453964396,425.5079385460356,0.0,128.29628678516718,1.0132795208460375,0.00442650694867915,Healthy,0.0
23034,21.18679104401015,0,281,7,178,DRAWER KNOB CERAMIC BLACK,0.72,1.45,1.0,21.18679104401015,259.81320895598986,0.0,169.4943283520812,0.0,0.0,Healthy,0.0
23036,29.13630927496271,177,172,13,188,T-LIGHT HOLDER SILVER PETIT FOUR,0.62,1.25,1.8571428571428572,54.110288653502174,294.88971134649785,0.0,233.09047419970167,0.7593617912002452,0.0,Healthy,0.0
23037,24.029387330831582,313,145,16,208,CANDLE HOLDER SILVER MADELINE,0.82,1.65,2.2857142857142856,54.92431389904361,403.0756861009564,0.0,192.23509864665266,1.6282146299169087,0.20940487663896956,Healthy,0.0
23038,3.4908755161689506,183,0,20,150,T-LIGHT HOLDER SILVER SAUCER,0.82,1.63,2.857142857142857,9.973930046197003,173.026069953803,0.0,27.927004129351605,6.552797398259589,1.0,Markdown / clear,150.06
23039,22.5607678691488,213,106,20,203,T-LIGHT HOLDER SILVER HEART HANDLE,0.98,1.95,2.857142857142857,64.45933676899658,254.5406632310034,0.0,180.4861429531904,1.1801460018747376,0.060048667291579205,Healthy,0.0
23040,18.423171588481477,219,189,11,177,PAPER LANTERN 9 POINT SNOW STAR,2.88,5.75,1.5714285714285714,28.950698210470893,379.0493017895291,0.0,147.38537270785181,1.4859005067897961,0.16196683559659872,Healthy,0.0
23041,15.481460108424864,77,168,21,178,PAPER LANTERN 9 POINT SNOW STAR,2.08,4.15,3.0,46.444380325274594,198.5556196747254,0.0,123.85168086739891,0.6217113846233513,0.0,Healthy,0.0
23035,96.40606009270381,0,570,13,411,DRAWER KNOB CERAMIC IVORY,0.72,1.45,1.8571428571428572,179.03982588644993,390.96017411355007,0.048758700453649495,771.2484807416305,0.0,0.0,Healthy,0.0
23025,19.412616388509385,0,125,8,92,DRAWER KNOB VINTAGE GLASS BALL,1.04,2.08,1.1428571428571428,22.185847301153583,102.81415269884641,0.0,155.30093110807508,0.0,0.0,Healthy,0.0
23024,8.804663821529353,454,0,8,352,LARGE BONNE JAM JAR  T-LIGHT HOLDER,1.44,2.89,1.1428571428571428,10.062472938890688,443.93752706110934,0.0,70.43731057223482,6.445447679811884,1.0,Markdown / clear,653.76
23023,15.025269728126107,326,175,16,265,RIDGED BONNE JAM JAR T-LIGHT HOLDER,0.82,1.65,2.2857142857142856,34.34347366428824,466.65652633571176,0.0,120.20215782500885,2.7120977351720517,0.5706992450573506,Markdown / clear,267.32
23007,18.220315790492926,0,113,19,112,SPACEBOY BABY GIFT SET,8.48,16.95,2.7142857142857144,49.45514285990937,63.54485714009063,0.4326352041063337,145.7625263239434,0.0,0.0,Healthy,0.0
23008,12.380835535377685,0,138,15,104,DOLLY GIRL BABY GIFT SET,8.48,16.95,2.142857142857143,26.53036186152361,111.4696381384764,0.0,99.04668428302148,0.0,0.0,Healthy,0.0
23009,15.072164309853509,0,98,9,51,I LOVE LONDON BABY GIFT SET,8.48,16.95,1.2857142857142858,19.378496969811657,78.62150303018834,0.0,120.57731447882807,0.0,0.0,Healthy,0.0
23010,14.16379988775382,0,112,12,76,CIRCUS PARADE BABY GIFT SET,8.48,16.95,1.7142857142857142,24.280799807577974,87.71920019242202,0.0,113.31039910203056,0.0,0.0,Healthy,0.0
23012,52.99074334125294,0,125,7,95,GLASS APOTHECARY BOTTLE PERFUME,1.98,3.95,1.0,52.99074334125294,72.00925665874706,0.24200782464476778,423.9259467300235,0.0,0.0,Healthy,0.0
23013,52.76550552487772,0,111,7,84,GLASS APOTHECARY BOTTLE TONIC,1.98,3.95,1.0,52.76550552487772,58.23449447512228,0.3067322086294967,422.12404419902174,0.0,0.0,Healthy,0.0
23014,31.919551169697844,0,216,12,135,GLASS APOTHECARY BOTTLE ELIXIR,1.98,3.95,1.7142857142857142,54.719230576624874,161.28076942337512,0.0,255.35640935758275,0.0,0.0,Healthy,0.0
23015,2.5392146649338887,62,31,13,38,CORDIAL GLASS JUG,4.12,8.25,1.8571428571428572,4.715684377734365,88.28431562226564,0.0,20.31371731947111,3.0521247797699607,0.6840415932566536,Markdown / clear,255.44
23016,6.467461300154691,108,55,18,80,GLASS TWIST BON BON JAR,3.92,7.85,2.5714285714285716,16.630614771826348,146.36938522817366,0.0,51.739690401237524,2.0873723666003388,0.36245745553344627,Healthy,0.0
23017,3.3608692544182444,75,51,9,43,APOTHECARY MEASURING JAR,6.25,12.5,1.2857142857142858,4.321117612823457,121.67888238717654,0.0,26.886954035345955,2.789456920311761,0.5964856401039204,Markdown / clear,468.75
23018,2.527455328645957,128,45,19,88,LARGE APOTHECARY MEASURING JAR,6.25,12.5,2.7142857142857144,6.860235892039026,166.13976410796099,0.0,20.219642629167655,6.330477859947673,1.0,Markdown / clear,800.0
23019,3.638932933835876,63,47,10,51,SMALL APOTHECARY MEASURING JAR,4.12,8.25,1.4285714285714286,5.198475619765537,104.80152438023447,0.0,29.111463470687006,2.1640959432848894,0.3880319810949631,Healthy,0.0
23020,9.62429916638453,0,50,9,44,GLASS  SONGBIRD STORAGE JAR,6.25,12.5,1.2857142857142858,12.374098928208682,37.62590107179132,0.14486588473201545,76.99439333107624,0.0,0.0,Healthy,0.0
23021,4.991641859417759,142,71,17,117,GLASS BONNE JAM JAR,2.08,4.15,2.4285714285714284,12.122558801443127,200.87744119855688,0.0,39.93313487534207,3.555944216332543,0.8519814054441811,Markdown / clear,295.36
23022,25.530231118256214,667,282,18,526,SMALL BONNE JAM JAR  T-LIGHT HOLDER,1.04,2.08,2.5714285714285716,65.64916573265884,883.3508342673412,0.0,204.2418489460497,3.265736201674258,0.7552454005580861,Markdown / clear,693.68
23042,11.815333642717087,98,56,16,90,PAPER LANTERN 7 POINT SNOW STAR,3.32,6.65,2.2857142857142856,27.006476897639054,126.99352310236094,0.0,94.5226691417367,1.0367883269678837,0.012262775655961233,Healthy,0.0
22857,4.440148765651304,236,697,9,368,ASSORTED EASTER GIFT TAGS,0.42,0.85,1.2857142857142858,5.708762698694534,927.2912373013055,0.0,35.52119012521043,6.643921534388677,1.0,Markdown / clear,99.12
23043,8.816423157817285,88,62,8,50,PAPER LANTERN 9 POINT HOLLY STAR L,2.81,6.25,1.1428571428571428,10.07591218036261,139.92408781963738,0.0,70.53138526253828,1.247671510667747,0.08255717022258231,Healthy,0.0
23045,19.72659010875391,107,74,9,78,PAPER LANTERN 5 POINT STAR MOON,2.08,4.15,1.2857142857142858,25.36275871125503,155.63724128874497,0.0,157.81272087003128,0.6780188530436735,0.0,Healthy,0.0
23068,28.86231741476058,0,245,14,176,ALUMINIUM STAMPED HEART,1.25,2.49,2.0,57.72463482952116,187.27536517047884,0.0,230.89853931808463,0.0,0.0,Healthy,0.0
23069,5.281464875123321,41,44,11,42,EDWARDIAN PHOTO FRAME,3.12,6.25,1.5714285714285714,8.299444803765219,76.70055519623477,0.0,42.25171900098657,0.9703747201159474,0.0,Healthy,0.0
23070,9.636058502672462,25,104,17,80,EDWARDIAN HEART PHOTO FRAME,2.08,4.15,2.4285714285714284,23.40185636363312,105.59814363636688,0.0,77.0884680213797,0.3243027218165304,0.0,Healthy,0.0
23071,12.760884548939066,683,0,18,561,MARIE ANTOINETTE TRINKET BOX GOLD,6.25,12.5,2.5714285714285716,32.81370312584331,650.1862968741567,0.0,102.08707639151253,6.690366931271864,1.0,Markdown / clear,4268.75
23072,13.382888342707252,458,0,16,409,MARIE ANTOINETTE TRINKET BOX SILVER,6.25,12.5,2.2857142857142856,30.589459069045148,427.4105409309549,0.0,107.06310674165802,4.277850829652725,1.0,Markdown / clear,2862.5
23073,12.151720387138978,0,48,7,37,GEORGIAN TRINKET BOX,6.25,12.5,1.0,12.151720387138978,35.84827961286102,0.031127578030783254,97.21376309711182,0.0,0.0,Healthy,0.0
23067,14.201454744332024,0,77,10,69,HANGING ENGRAVED METAL HEART,2.08,4.15,1.4285714285714286,20.28779249190289,56.71220750809711,0.17808394915801296,113.61163795465619,0.0,0.0,Healthy,0.0
23074,27.901905217789817,130,94,21,186,EMBOSSED HEART TRINKET BOX,1.04,2.08,3.0,83.70571565336945,140.29428434663055,0.2457296540503734,223.21524174231854,0.5823975055882297,0.0,Healthy,0.0
23076,208.75883218300336,0,1755,21,1492,ICE CREAM SUNDAE LIP GLOSS,0.62,1.25,3.0,626.2764965490101,1128.72350345099,0.24348290653418903,1670.070657464027,0.0,0.0,Healthy,0.0
23077,253.10449099268592,0,964,7,804,DOUGHNUT LIP GLOSS,0.62,1.25,1.0,253.10449099268592,710.8955090073141,0.11580160571229592,2024.8359279414874,0.0,0.0,Healthy,0.0
23078,147.24543112921603,0,1401,14,931,ICE CREAM PEN LIP GLOSS,0.69,1.25,2.0,294.49086225843206,1106.5091377415679,0.0,1177.9634490337282,0.0,0.0,Healthy,0.0
23079,17.996986371501784,0,64,8,41,TOADSTOOL BEDSIDE LIGHT,4.47,8.95,1.1428571428571428,20.567984424573467,43.43201557542653,0.0,143.97589097201427,0.0,0.0,Healthy,0.0
23080,63.19028468344856,0,265,8,153,RED METAL BOX TOP SECRET,4.12,8.25,1.1428571428571428,72.2174682096555,192.7825317903445,0.0,505.5222774675885,0.0,0.0,Healthy,0.0
23081,31.455605835333728,0,146,17,144,GREEN METAL BOX ARMY SUPPLIES,4.12,8.25,2.4285714285714284,76.39218560009618,69.60781439990382,0.516612400000668,251.64484668266982,0.0,0.0,Reorder now,630.24
23075,13.945384053359133,0,102,7,84,PARLOUR CERAMIC WALL HOOK,2.08,4.15,1.0,13.945384053359133,88.05461594664087,0.0,111.56307242687306,0.0,0.0,Healthy,0.0
23066,2.5392146649338887,24,119,15,105,SMALL DECO JEWELLERY STAND,4.12,8.25,2.142857142857143,5.44117428200119,137.55882571799881,0.0,20.31371731947111,1.181467656685146,0.06048921889504869,Healthy,0.0
23065,2.5392146649338887,4,123,14,97,LARGE DECO JEWELLERY STAND,6.25,12.5,2.0,5.078429329867777,121.92157067013223,0.0,20.31371731947111,0.19691127611419101,0.0,Healthy,0.0
23064,9.586174629952373,359,0,13,317,CINDERELLA CHANDELIER,24.98,49.95,1.8571428571428572,17.802895741340123,341.19710425865986,0.0,76.68939703961898,4.681220792680568,1.0,Markdown / clear,8967.82
23046,16.573906511050655,575,310,15,451,PAPER LANTERN 9 POINT DELUXE STAR,3.32,6.65,2.142857142857143,35.5155139522514,849.4844860477486,0.0,132.59125208840524,4.336636021934679,1.0,Markdown / clear,1909.0
23047,2.5392146649338887,74,36,18,59,PAPER LANTERN 5 POINT SEQUIN STAR,2.88,5.75,2.5714285714285716,6.529409138401428,103.47059086159857,0.0,20.31371731947111,3.642858608112534,0.8809528693708447,Markdown / clear,213.12
23048,15.71721214206176,47,299,10,207,SET OF 10 LANTERNS FAIRY LIGHT STAR,2.08,4.15,1.4285714285714286,22.453160202945373,323.54683979705464,0.0,125.73769713649408,0.3737940257405806,0.0,Healthy,0.0
23049,11.024940130644598,0,115,11,64,RECYCLED ACAPULCO MAT RED,4.12,8.25,1.5714285714285714,17.324905919584367,97.67509408041563,0.0,88.19952104515679,0.0,0.0,Healthy,0.0
23050,7.606000892937003,0,120,14,82,RECYCLED ACAPULCO MAT GREEN,4.12,8.25,2.0,15.212001785874007,104.78799821412599,0.0,60.84800714349603,0.0,0.0,Healthy,0.0
23051,3.3726285907061757,0,99,20,94,RECYCLED ACAPULCO MAT BLUE,4.12,8.25,2.857142857142857,9.63608168773193,89.36391831226807,0.04932001795459506,26.981028725649406,0.0,0.0,Healthy,0.0
23052,7.225392885736472,0,135,10,69,RECYCLED ACAPULCO MAT TURQUOISE,4.12,8.25,1.4285714285714286,10.321989836766388,124.67801016323361,0.0,57.803143085891776,0.0,0.0,Healthy,0.0
23053,5.00340119570569,0,123,16,84,RECYCLED ACAPULCO MAT PINK,4.12,8.25,2.2857142857142856,11.436345590184434,111.56365440981557,0.0,40.02720956564552,0.0,0.0,Healthy,0.0
23054,2.5392146649338887,0,94,13,55,RECYCLED ACAPULCO MAT LAVENDER,4.12,8.25,1.8571428571428572,4.715684377734365,89.28431562226564,0.0,20.31371731947111,0.0,0.0,Healthy,0.0
23055,41.9832638087202,621,367,8,392,IVORY CHANDELIER T-LIGHT HOLDER,3.12,6.25,1.1428571428571428,47.980872924251656,940.0191270757483,0.0,335.8661104697616,1.8489510571085417,0.2829836857028472,Healthy,0.0
23056,47.23641069900267,1224,673,17,1116,FLOWERS CHANDELIER T-LIGHT HOLDER,3.12,6.25,2.4285714285714284,114.71699741186362,1782.2830025881365,0.0,377.89128559202135,3.2390267959802963,0.7463422653267654,Markdown / clear,3818.88
23057,41.9832638087202,959,484,19,722,BEADED CHANDELIER T-LIGHT HOLDER,2.48,4.95,2.7142857142857144,113.9545731950977,1329.0454268049023,0.0,335.8661104697616,2.8553044505106144,0.6184348168368715,Markdown / clear,2378.32
23058,58.312074489145104,337,242,15,328,CHRISTMAS HANGING SNOWFLAKE,0.36,0.79,2.142857142857143,124.95444533388236,454.04555466611765,0.0,466.49659591316083,0.7224061289028851,0.0,Healthy,0.0
23060,11.781515346366232,17,90,9,79,HEART BEADED TRELLIS DECORATION,1.04,2.08,1.2857142857142858,15.147662588185156,91.85233741181484,0.0,94.25212277092986,0.18036729041442134,0.0,Healthy,0.0
23061,26.947162114238314,0,174,9,151,VINTAGE EMBOSSED HEART,0.62,1.25,1.2857142857142858,34.64635128973498,139.35364871026502,0.07712815423665553,215.5772969139065,0.0,0.0,Healthy,0.0
23044,6.027637124417168,152,64,21,126,PAPER LANTERN 9 POINT HOLLY STAR S,1.87,4.15,3.0,18.082911373251502,197.9170886267485,0.0,48.22109699533734,3.152147285548012,0.7173824285160041,Markdown / clear,284.24
22556,143.4337203036519,0,890,12,696,PLASTERS IN TIN CIRCUS PARADE,0.82,1.65,1.7142857142857142,245.88637766340327,644.1136223365968,0.07454939319454479,1147.4697624292153,0.0,0.0,Healthy,0.0
22856,9.879368772547982,1220,614,16,1008,ASSORTED EASTER DECORATIONS  BELLS,0.62,1.25,2.2857142857142856,22.58141433725253,1811.4185856627475,0.0,79.03495018038386,15.436208882469806,1.0,Markdown / clear,756.4
22854,2.5392146649338887,0,229,14,172,CREAM SWEETHEART EGG HOLDER,2.48,4.95,2.0,5.078429329867777,223.9215706701322,0.0,20.31371731947111,0.0,0.0,Healthy,0.0
22651,40.948273151068825,0,507,9,341,GENTLEMAN SHIRT REPAIR KIT,0.42,0.85,1.2857142857142858,52.64777976565992,454.35222023434005,0.0,327.5861852085506,0.0,0.0,Healthy,0.0
22652,27.653015020565896,0,897,8,534,TRAVEL SEWING KIT,0.82,1.65,1.1428571428571428,31.603445737789592,865.3965542622104,0.0,221.22412016452716,0.0,0.0,Healthy,0.0
22653,68.07918491411452,0,376,10,248,BUTTON BOX,0.98,1.95,1.4285714285714286,97.25597844873504,278.74402155126495,0.0,544.6334793129162,0.0,0.0,Healthy,0.0
22654,36.99544768668383,0,274,13,197,DELUXE SEWING KIT,2.98,5.95,1.8571428571428572,68.70583141812712,205.2941685818729,0.0,295.96358149347066,0.0,0.0,Healthy,0.0
22655,2.527455328645957,0,25,9,20,VINTAGE RED KITCHEN CABINET,62.5,125.0,1.2857142857142858,3.249585422544802,21.7504145774552,0.0,20.219642629167655,0.0,0.0,Healthy,0.0
22656,2.527455328645957,8,19,8,14,VINTAGE BLUE KITCHEN CABINET,147.5,295.0,1.1428571428571428,2.888520375595379,24.11147962440462,0.0,20.219642629167655,0.3956548662467296,0.0,Healthy,0.0
22650,43.62795914351617,0,283,14,195,CERAMIC PIRATE CHEST MONEY BANK,0.72,1.45,2.0,87.25591828703234,195.74408171296767,0.0,349.0236731481294,0.0,0.0,Healthy,0.0
22657,3.1040244695712698,274,0,19,210,HEN & 2 CHICKS IN BASKET,0.42,0.85,2.7142857142857144,8.425209274550589,265.5747907254494,0.0,24.832195756570158,11.034062500393444,1.0,Markdown / clear,115.08
22660,11.648138003287306,0,252,15,226,DOORMAT I LOVE LONDON,3.98,7.95,2.142857142857143,24.960295721329942,227.03970427867006,0.0,93.18510402629845,0.0,0.0,Healthy,0.0
22661,86.1187480661669,0,982,14,609,CHARLOTTE BAG DOLLY GIRL DESIGN,0.42,0.85,2.0,172.2374961323338,809.7625038676662,0.0,688.9499845293352,0.0,0.0,Healthy,0.0
22662,84.6750793599318,0,894,18,753,LUNCH BAG DOLLY GIRL DESIGN,0.82,1.65,2.5714285714285716,217.73591835411037,676.2640816458896,0.10190693008513996,677.4006348794544,0.0,0.0,Healthy,0.0
22663,55.20873938390491,0,550,18,522,JUMBO BAG DOLLY GIRL DESIGN,1.04,2.08,2.5714285714285716,141.96532984432693,408.0346701556731,0.2183243866749558,441.6699150712393,0.0,0.0,Healthy,0.0
22664,16.391962379762298,0,249,11,160,TOY TIDY DOLLY GIRL DESIGN,1.05,2.1,1.5714285714285714,25.758798025340752,223.24120197465925,0.0,131.13569903809838,0.0,0.0,Healthy,0.0
22665,14.566961498797072,0,318,19,287,RECIPE BOX BLUE SKETCHBOOK DESIGN,1.48,2.95,2.7142857142857144,39.53889549673491,278.4611045032651,0.02975224911754315,116.53569199037658,0.0,0.0,Healthy,0.0
22659,179.59807506022545,0,1195,12,925,LUNCH BOX I LOVE LONDON,0.98,1.95,1.7142857142857142,307.8824143889579,887.1175856110422,0.04095396150157604,1436.7846004818036,0.0,0.0,Healthy,0.0
22666,161.96903438509955,0,756,12,585,RECIPE BOX PANTRY YELLOW DESIGN,1.48,2.95,1.7142857142857142,277.6612018030278,478.3387981969722,0.18232684068893634,1295.7522750807964,0.0,0.0,Healthy,0.0
22649,28.86231741476058,0,286,15,189,STRAWBERRY FAIRY CAKE TEAPOT,2.48,4.95,2.142857142857143,61.84782303162981,224.15217696837018,0.0,230.89853931808463,0.0,0.0,Healthy,0.0
22646,116.92011779896569,0,773,16,619,CERAMIC STRAWBERRY CAKE MONEY BANK,0.72,1.45,2.2857142857142856,267.245983540493,505.754016459507,0.1829498926340759,935.3609423917255,0.0,0.0,Healthy,0.0
22632,225.9929376373215,0,3012,21,2706,HAND WARMER RED RETROSPOT,1.05,2.1,3.0,677.9788129119645,2334.0211870880357,0.13746445414337183,1807.943501098572,0.0,0.0,Healthy,0.0
22633,285.61765533852684,0,1709,15,1240,HAND WARMER UNION JACK,1.05,2.1,2.142857142857143,612.0378328682718,1096.9621671317282,0.11535309102279989,2284.9412427082148,0.0,0.0,Healthy,0.0
22634,31.455605835333728,0,95,8,83,CHILDS BREAKFAST SET SPACEBOY,4.97,9.95,1.1428571428571428,35.94926381180997,59.05073618819003,0.2885453471302406,251.64484668266982,0.0,0.0,Healthy,0.0
22635,21.002747679776352,0,184,13,137,CHILDS BREAKFAST SET DOLLY GIRL,4.97,9.95,1.8571428571428572,39.00510283387037,144.99489716612965,0.0,168.02198143821082,0.0,0.0,Healthy,0.0
22636,21.409876414394482,0,101,9,93,CHILDS BREAKFAST SET CIRCUS PARADE,4.25,8.5,1.2857142857142858,27.526983961364337,73.47301603863566,0.20996756947703588,171.27901131515586,0.0,0.0,Healthy,0.0
22637,23.6446229138957,0,820,21,625,PIGGY BANK RETROSPOT,1.27,2.55,3.0,70.93386874168709,749.0661312583129,0.0,189.1569833111656,0.0,0.0,Healthy,0.0
22647,29.175586437611447,8,417,13,295,CERAMIC LOVE HEART MONEY BANK,0.72,1.45,1.8571428571428572,54.18323195556412,370.8167680444359,0.0,233.40469150089157,0.03427523220958668,0.0,Healthy,0.0
22638,11.419022855048599,54,193,11,132,SET OF 4 NAPKIN CHARMS CROWNS,1.27,2.55,1.5714285714285714,17.944178772219228,229.05582122778077,0.0,91.35218284038879,0.5911188799325047,0.0,Healthy,0.0
22640,27.22125546057051,0,132,15,109,SET OF 4 NAPKIN CHARMS 3 KEYS,1.27,2.55,2.142857142857143,58.33126170122252,73.66873829877747,0.32414001560754613,217.7700436845641,0.0,0.0,Healthy,0.0
22641,5.281464875123321,11,137,13,104,SET OF 4 NAPKIN CHARMS INSTRUMENT,1.27,2.55,1.8571428571428572,9.808434768086167,138.19156523191384,0.0,42.25171900098657,0.26034443710427857,0.0,Healthy,0.0
22642,19.219295553221436,0,164,8,137,SET OF 4 NAPKIN CHARMS STARS,1.27,2.55,1.1428571428571428,21.96490920368164,142.03509079631837,0.0,153.75436442577148,0.0,0.0,Healthy,0.0
22643,13.433330418927932,0,177,19,162,SET OF 4 NAPKIN CHARMS LEAVES,1.27,2.55,2.7142857142857144,36.46189685137582,140.53810314862417,0.13248084476157918,107.46664335142346,0.0,0.0,Healthy,0.0
22644,61.39187369593704,0,531,19,471,CERAMIC CHERRY CAKE MONEY BANK,0.72,1.45,2.7142857142857144,166.63508574611484,364.36491425388516,0.2264014559365496,491.13498956749635,0.0,0.0,Healthy,0.0
22645,68.3190097878451,0,580,18,442,CERAMIC HEART FAIRY CAKE MONEY BANK,0.72,1.45,2.5714285714285716,175.67745374017315,404.3225462598268,0.08524310800944157,546.5520783027608,0.0,0.0,Healthy,0.0
22639,35.19230315420965,0,270,10,142,SET OF 4 NAPKIN CHARMS HEARTS,1.27,2.55,1.4285714285714286,50.27471879172807,219.72528120827192,0.0,281.5384252336772,0.0,0.0,Healthy,0.0
22667,79.58920309453202,0,670,19,493,RECIPE BOX RETROSPOT,1.48,2.95,2.7142857142857144,216.02783697087264,453.9721630291274,0.07916396951495464,636.7136247562562,0.0,0.0,Healthy,0.0
22668,21.48600568356086,0,349,13,248,PINK BABY BUNTING,1.48,2.95,1.8571428571428572,39.90258198375589,309.0974180162441,0.0,171.8880454684869,0.0,0.0,Healthy,0.0
22669,28.639861627004443,0,148,8,127,RED BABY BUNTING,1.48,2.95,1.1428571428571428,32.73127043086222,115.26872956913778,0.0923722081170254,229.11889301603554,0.0,0.0,Healthy,0.0
22689,18.894184018723156,0,366,16,257,DOORMAT MERRY CHRISTMAS RED,3.58,7.95,2.2857142857142856,43.18670632851007,322.81329367148993,0.0,151.15347214978524,0.0,0.0,Healthy,0.0
22690,16.43686366393801,0,369,13,316,DOORMAT HOME SWEET HOME BLUE,3.98,7.95,1.8571428571428572,30.525603947313446,338.47439605268653,0.0,131.49490931150407,0.0,0.0,Healthy,0.0
22691,11.815333642717087,0,161,7,96,DOORMAT WELCOME SUNRISE,3.98,7.95,1.0,11.815333642717087,149.1846663572829,0.0,94.5226691417367,0.0,0.0,Healthy,0.0
22692,27.181978297921773,0,220,13,206,DOORMAT WELCOME TO OUR HOME,3.98,7.95,1.8571428571428572,50.48081683899758,169.51918316100242,0.17709134387862902,217.4558263833742,0.0,0.0,Healthy,0.0
22693,168.8140407890959,0,2959,9,2125,GROW A FLYTRAP OR SUNFLOWER IN TIN,0.62,1.25,1.2857142857142858,217.04662387169475,2741.953376128305,0.0,1350.5123263127673,0.0,0.0,Healthy,0.0
22694,88.76797743901722,0,537,10,304,WICKER STAR,1.05,2.1,1.4285714285714286,126.81139634145316,410.18860365854687,0.0,710.1438195121377,0.0,0.0,Healthy,0.0
22688,4.047003057792295,456,645,9,477,DOORMAT PEACE ON EARTH BLUE,3.98,7.95,1.2857142857142858,5.2032896457329505,1095.7967103542671,0.0,32.37602446233836,14.08449640042882,1.0,Markdown / clear,1814.88
22695,39.08802712729902,0,290,20,288,WICKER WREATH SMALL,0.72,1.45,2.857142857142857,111.68007750656864,178.31992249343136,0.3808336024533633,312.70421701839217,0.0,0.0,Healthy,0.0
22697,99.17465428932564,0,367,9,364,GREEN REGENCY TEACUP AND SAUCER,1.48,2.95,1.2857142857142858,127.51026980056156,239.48973019943844,0.3420611807707735,793.3972343146052,0.0,0.0,Healthy,0.0
22698,98.08722069360158,0,925,19,726,PINK REGENCY TEACUP AND SAUCER,1.48,2.95,2.7142857142857144,266.2367418826329,658.7632581173671,0.09261259212483874,784.6977655488126,0.0,0.0,Healthy,0.0
22699,135.23030750620626,0,987,15,886,ROSES REGENCY TEACUP AND SAUCER,1.48,2.95,2.142857142857143,289.77923037044195,697.220769629558,0.21306910877025054,1081.84246004965,0.0,0.0,Healthy,0.0
22700,2.527455328645957,770,1048,20,809,BLACK AND WHITE DOG BOWL,1.48,2.95,2.857142857142857,7.221300938988448,1810.7786990610116,0.0,20.219642629167655,38.08178087624772,1.0,Markdown / clear,1139.6
22701,22.074846287592973,0,252,18,174,PINK DOG BOWL,1.48,2.95,2.5714285714285716,56.763890453810504,195.23610954618948,0.0,176.59877030074378,0.0,0.0,Healthy,0.0
22702,5.7986307291998465,704,1057,12,789,BLACK AND WHITE CAT BOWL,1.05,2.1,1.7142857142857142,9.94050982148545,1751.0594901785146,0.0,46.38904583359877,15.175996560164322,1.0,Markdown / clear,739.2
22696,27.12334644539732,0,230,17,206,WICKER WREATH LARGE,0.98,1.95,2.4285714285714284,65.87098422453634,164.12901577546364,0.20325720497347743,216.98677156317856,0.0,0.0,Healthy,0.0
22687,6.083674959981902,473,666,16,515,DOORMAT CHRISTMAS VILLAGE,3.58,7.95,2.2857142857142856,13.90554276567292,1125.0944572343271,0.0,48.66939967985522,9.71863230513155,1.0,Markdown / clear,1693.34
22686,52.022772376023816,0,358,19,278,FRENCH BLUE METAL DOOR SIGN No,0.62,1.25,2.7142857142857144,141.20466787777895,216.79533212222105,0.22016067581934873,416.18217900819053,0.0,0.0,Healthy,0.0
22685,16.772574671590807,0,137,9,118,FRENCH BLUE METAL DOOR SIGN 0,0.62,1.25,1.2857142857142858,21.564738863473895,115.43526113652611,0.021735075114185487,134.18059737272645,0.0,0.0,Healthy,0.0
22670,43.19355682744487,0,1024,18,774,FRENCH WC SIGN BLUE METAL,0.62,1.25,2.5714285714285716,111.0691461277154,912.9308538722846,0.0,345.548454619559,0.0,0.0,Healthy,0.0
22671,15.721820077126269,0,148,7,145,FRENCH LAUNDRY SIGN BLUE METAL,0.82,1.65,1.0,15.721820077126269,132.27817992287373,0.08773669018707775,125.77456061701015,0.0,0.0,Healthy,0.0
22672,28.739998487294223,0,452,18,374,FRENCH BATHROOM SIGN BLUE METAL,0.82,1.65,2.5714285714285716,73.9028532530423,378.0971467469577,0.0,229.91998789835378,0.0,0.0,Healthy,0.0
22673,18.504251966409694,0,144,7,115,FRENCH GARDEN SIGN BLUE METAL,0.62,1.25,1.0,18.504251966409694,125.4957480335903,0.0,148.03401573127755,0.0,0.0,Healthy,0.0
22674,18.87519208212349,0,374,10,216,FRENCH TOILET SIGN BLUE METAL,0.62,1.25,1.4285714285714286,26.964560117319273,347.03543988268075,0.0,151.00153665698792,0.0,0.0,Healthy,0.0
22675,25.459489128059975,0,482,16,349,FRENCH KITCHEN SIGN BLUE METAL,0.62,1.25,2.2857142857142856,58.193118006994226,423.8068819930058,0.0,203.6759130244798,0.0,0.0,Healthy,0.0
22676,46.40618181053648,0,327,21,275,FRENCH BLUE METAL DOOR SIGN 1,0.62,1.25,3.0,139.21854543160944,187.78145456839056,0.31715834702403434,371.24945448429185,0.0,0.0,Healthy,0.0
22677,32.38404150233189,0,279,13,170,FRENCH BLUE METAL DOOR SIGN 2,0.62,1.25,1.8571428571428572,60.14179136147351,218.8582086385265,0.0,259.0723320186551,0.0,0.0,Healthy,0.0
22678,29.147127221912353,0,143,8,102,FRENCH BLUE METAL DOOR SIGN 3,0.62,1.25,1.1428571428571428,33.3110025393284,109.6889974606716,0.0,233.17701777529882,0.0,0.0,Healthy,0.0
22679,21.184444477212015,0,141,10,115,FRENCH BLUE METAL DOOR SIGN 4,0.62,1.25,1.4285714285714286,30.263492110302877,110.73650788969712,0.03707384443741635,169.47555581769612,0.0,0.0,Healthy,0.0
22680,28.309033952407948,0,273,20,226,FRENCH BLUE METAL DOOR SIGN 5,0.62,1.25,2.857142857142857,80.88295414973699,192.11704585026303,0.14992457588379193,226.47227161926358,0.0,0.0,Healthy,0.0
22681,21.065285169117757,0,256,17,182,FRENCH BLUE METAL DOOR SIGN 6,0.62,1.25,2.4285714285714284,51.158549696428835,204.84145030357115,0.0,168.52228135294206,0.0,0.0,Healthy,0.0
22682,26.732021826435833,0,137,8,104,FRENCH BLUE METAL DOOR SIGN 7,0.62,1.25,1.1428571428571428,30.550882087355237,106.44911791264477,0.0,213.85617461148667,0.0,0.0,Healthy,0.0
22683,18.40201258792859,0,152,12,135,FRENCH BLUE METAL DOOR SIGN 8,0.62,1.25,1.7142857142857142,31.546307293591866,120.45369270640813,0.1077504243969768,147.2161007034287,0.0,0.0,Healthy,0.0
22684,16.772574671590807,0,157,10,117,FRENCH BLUE METAL DOOR SIGN 9,0.62,1.25,1.4285714285714286,23.96082095941544,133.03917904058457,0.0,134.18059737272645,0.0,0.0,Healthy,0.0
22631,57.958913924903136,0,568,12,407,CIRCUS PARADE LUNCH BOX,0.98,1.95,1.7142857142857142,99.35813815697679,468.6418618430232,0.0,463.6713113992251,0.0,0.0,Healthy,0.0
22703,26.510243722524514,0,135,15,98,PINK CAT BOWL,0.82,1.63,2.142857142857143,56.807665119695386,78.19233488030461,0.20211903183362634,212.0819497801961,0.0,0.0,Healthy,0.0
22630,165.45047556766116,0,1995,21,1541,DOLLY GIRL LUNCH BOX,0.98,1.95,3.0,496.3514267029835,1498.6485732970166,0.027483080274486316,1323.6038045412893,0.0,0.0,Healthy,0.0
22628,21.34235882170027,0,410,21,301,PICNIC BOXES SET OF 3 RETROSPOT,2.48,4.95,3.0,64.0270764651008,345.9729235348992,0.0,170.73887057360216,0.0,0.0,Healthy,0.0
22576,105.53314488162128,0,586,11,357,SWALLOW WOODEN CHRISTMAS DECORATION,0.38,0.85,1.5714285714285714,165.83779909969059,420.1622009003094,0.0,844.2651590529703,0.0,0.0,Healthy,0.0
22577,519.7956874796465,0,1794,9,974,WOODEN HEART CHRISTMAS SCANDINAVIAN,0.37,0.83,1.2857142857142858,668.3087410452598,1125.69125895474,0.0,4158.365499837172,0.0,0.0,Healthy,0.0
22578,519.230275782436,0,2079,11,1314,WOODEN STAR CHRISTMAS SCANDINAVIAN,0.37,0.83,1.5714285714285714,815.9332905152565,1263.0667094847436,0.03876201713489835,4153.842206259488,0.0,0.0,Healthy,0.0
22579,116.66128773299393,0,1272,17,1083,WOODEN TREE CHRISTMAS SCANDINAVIAN,0.38,0.85,2.4285714285714284,283.3202702086995,988.6797297913005,0.08709166224256648,933.2903018639514,0.0,0.0,Healthy,0.0
22580,85.89251845511762,0,182,7,145,ADVENT CALENDAR GINGHAM SACK,2.68,5.95,1.0,85.89251845511762,96.10748154488238,0.33718978244908704,687.140147640941,0.0,0.0,Healthy,0.0
22581,128.98257901520296,0,654,12,420,WOOD STOCKING CHRISTMAS SCANDISPOT,0.38,0.85,1.7142857142857142,221.11299259749077,432.8870074025092,0.0,1031.8606321216237,0.0,0.0,Healthy,0.0
22575,19.458935734794753,0,591,8,306,METAL MERRY CHRISTMAS WREATH,0.88,1.95,1.1428571428571428,22.23878369690829,568.7612163030917,0.0,155.67148587835803,0.0,0.0,Healthy,0.0
22582,17.20721605260659,0,216,7,210,PACK OF 6 SWEETIE GIFT BOXES,1.27,2.55,1.0,17.20721605260659,198.79278394739342,0.05336769548860276,137.65772842085272,0.0,0.0,Healthy,0.0
22584,49.141673574847566,0,522,17,490,PACK OF 6 PANNETONE GIFT BOXES,1.27,2.55,2.4285714285714284,119.34406439605837,402.65593560394166,0.17825319264501704,393.1333885987805,0.0,0.0,Healthy,0.0
22585,156.46485632128702,0,839,10,750,PACK OF 6 BIRDY GIFT TAGS,0.62,1.25,1.4285714285714286,223.52122331612432,615.4787766838757,0.17936163108816572,1251.7188505702961,0.0,0.0,Healthy,0.0
22586,31.359310965191188,0,168,9,167,FELTCRAFT HAIRBAND PINK AND BLUE,0.42,0.85,1.2857142857142858,40.31911409810296,127.68088590189704,0.23544379699462847,250.8744877215295,0.0,0.0,Healthy,0.0
22587,55.24013002574648,0,300,8,159,FELTCRAFT HAIRBAND RED AND BLUE,0.42,0.85,1.1428571428571428,63.13157717228169,236.86842282771832,0.0,441.92104020597185,0.0,0.0,Healthy,0.0
22588,29.53559582744667,0,374,14,292,CARD HOLDER GINGHAM HEART,1.27,2.55,2.0,59.07119165489334,314.92880834510663,0.0,236.28476661957336,0.0,0.0,Healthy,0.0
22589,21.936133945902057,0,317,18,256,CARDHOLDER GINGHAM STAR,1.27,2.55,2.5714285714285716,56.40720157517672,260.5927984248233,0.0,175.48907156721646,0.0,0.0,Healthy,0.0
22583,9.094486837234918,0,283,21,272,PACK OF 6 HANDBAG GIFT BOXES,1.27,2.55,3.0,27.283460511704753,255.71653948829524,0.059865663645973344,72.75589469787934,0.0,0.0,Healthy,0.0
22591,36.79371764169272,0,378,15,279,CARDHOLDER GINGHAM CHRISTMAS TREE,1.15,2.55,2.142857142857143,78.84368066077012,299.15631933922987,0.0,294.3497411335418,0.0,0.0,Healthy,0.0
22574,169.84086585488464,0,827,18,758,HEART WOODEN CHRISTMAS DECORATION,0.38,0.85,2.5714285714285716,436.73365505541767,390.26634494458233,0.4851367480942186,1358.7269268390771,0.0,0.0,Healthy,0.0
22572,57.661718385683194,0,674,12,398,ROCKING HORSE GREEN CHRISTMAS,0.38,0.85,1.7142857142857142,98.84866008974261,575.1513399102574,0.0,461.29374708546555,0.0,0.0,Healthy,0.0
22558,135.27651478611216,0,1135,15,857,CLOTHES PEGS RETROSPOT PACK 24,0.74,1.49,2.142857142857143,289.87824597024036,845.1217540297596,0.013860263675893103,1082.2121182888973,0.0,0.0,Healthy,0.0
22559,10.612066304638361,0,391,15,256,SEASIDE FLYING DISC,0.62,1.25,2.142857142857143,22.740142081367917,368.25985791863206,0.0,84.89653043710689,0.0,0.0,Healthy,0.0
22560,198.331692236678,0,1181,12,860,TRADITIONAL MODELLING CLAY,0.62,1.25,1.7142857142857142,339.997186691448,841.002813308552,0.022089751966799964,1586.653537893424,0.0,0.0,Healthy,0.0
22561,159.7827192283354,0,930,13,627,WOODEN SCHOOL COLOURING SET,0.82,1.65,1.8571428571428572,296.7393357097657,633.2606642902342,0.0,1278.2617538266832,0.0,0.0,Healthy,0.0
22562,57.114471003128145,0,563,7,350,MONSTERS STENCIL CRAFT,0.62,1.25,1.0,57.114471003128145,505.88552899687187,0.0,456.91576802502516,0.0,0.0,Healthy,0.0
22563,83.61152434985348,0,886,16,672,HAPPY STENCIL CRAFT,0.62,1.25,2.2857142857142856,191.11205565680794,694.8879443431921,0.0,668.8921947988279,0.0,0.0,Healthy,0.0
22573,154.72546009437332,0,1041,12,642,STAR WOODEN CHRISTMAS DECORATION,0.38,0.85,1.7142857142857142,265.2436458760685,775.7563541239315,0.0,1237.8036807549865,0.0,0.0,Healthy,0.0
22564,62.772831072354556,0,994,15,722,ALPHABET STENCIL CRAFT,0.62,1.25,2.142857142857143,134.51320944075977,859.4867905592403,0.0,502.18264857883645,0.0,0.0,Healthy,0.0
22566,52.33664908616348,0,710,14,519,FELTCRAFT HAIRBAND PINK AND PURPLE,0.42,0.85,2.0,104.67329817232697,605.326701827673,0.0,418.69319268930786,0.0,0.0,Healthy,0.0
22567,41.01766458356534,0,757,14,504,20 DOLLY PEGS RETROSPOT,0.62,1.25,2.0,82.03532916713068,674.9646708328693,0.0,328.14131666852273,0.0,0.0,Healthy,0.0
22568,51.13557792386535,0,433,8,237,FELTCRAFT CUSHION OWL,1.88,3.75,1.1428571428571428,58.440660484417535,374.55933951558245,0.0,409.0846233909228,0.0,0.0,Healthy,0.0
22569,13.814963405340823,0,506,9,315,FELTCRAFT CUSHION BUTTERFLY,1.88,3.75,1.2857142857142858,17.762095806866775,488.2379041931332,0.0,110.51970724272658,0.0,0.0,Healthy,0.0
22570,21.372715817633942,0,499,12,388,FELTCRAFT CUSHION RABBIT,1.88,3.75,1.7142857142857142,36.63894140165819,462.3610585983418,0.0,170.98172654107154,0.0,0.0,Healthy,0.0
22571,140.5476518163972,0,902,12,551,ROCKING HORSE RED CHRISTMAS,0.38,0.85,1.7142857142857142,240.93883168525235,661.0611683147476,0.0,1124.3812145311776,0.0,0.0,Healthy,0.0
22565,46.39423826524304,0,317,21,315,FELTCRAFT HAIRBANDS PINK AND WHITE,0.42,0.85,3.0,139.1827147957291,177.8172852042709,0.4355006818912035,371.1539061219443,0.0,0.0,Healthy,0.0
22592,53.53339299977336,0,551,20,529,CARDHOLDER HOLLY WREATH METAL,1.69,3.75,2.857142857142857,152.9525514279239,398.04744857207606,0.24754735619645352,428.2671439981869,0.0,0.0,Healthy,0.0
22593,146.01503070146978,0,883,12,536,CHRISTMAS GINGHAM STAR,0.38,0.85,1.7142857142857142,250.31148120251962,632.6885187974804,0.0,1168.1202456117583,0.0,0.0,Healthy,0.0
22594,142.76492099100324,0,818,11,445,CHRISTMAS GINGHAM TREE,0.38,0.85,1.5714285714285714,224.34487584300507,593.6551241569949,0.0,1142.119367928026,0.0,0.0,Healthy,0.0
22614,59.64172877710438,0,761,14,488,PACK OF 12 SPACEBOY TISSUES,0.14,0.29,2.0,119.28345755420877,641.7165424457912,0.0,477.13383021683507,0.0,0.0,Healthy,0.0
22615,24.986177089718815,0,1069,20,793,PACK OF 12 CIRCUS PARADE TISSUES,0.14,0.29,2.857142857142857,71.38907739919662,997.6109226008034,0.0,199.88941671775052,0.0,0.0,Healthy,0.0
22616,334.55426063588845,0,2983,8,1850,PACK OF 12 LONDON TISSUES,0.14,0.29,1.1428571428571428,382.34772644101537,2600.6522735589847,0.0,2676.4340850871076,0.0,0.0,Healthy,0.0
22617,80.99309089556358,0,346,10,223,BAKING SET SPACEBOY DESIGN,2.48,4.95,1.4285714285714286,115.70441556509084,230.29558443490916,0.0,647.9447271645087,0.0,0.0,Healthy,0.0
22618,2.5392146649338887,0,143,10,81,COOKING SET RETROSPOT,4.97,9.95,1.4285714285714286,3.627449521334127,139.3725504786659,0.0,20.31371731947111,0.0,0.0,Healthy,0.0
22619,86.44566519755791,0,222,9,205,SET OF 6 SOLDIER SKITTLES,1.88,3.75,1.2857142857142858,111.14442668257448,110.85557331742552,0.45924110576865596,691.5653215804633,0.0,0.0,Healthy,0.0
22613,19.819745123127515,0,485,17,447,PACK OF 20 SPACEBOY NAPKINS,0.42,0.85,2.4285714285714284,48.13366672759539,436.86633327240463,0.02267039536374804,158.55796098502012,0.0,0.0,Healthy,0.0
22620,129.44253683806593,0,764,11,443,4 TRADITIONAL SPINNING TOPS,0.72,1.45,1.5714285714285714,203.40970074553218,560.5902992544678,0.0,1035.5402947045275,0.0,0.0,Healthy,0.0
22622,44.63225525113536,0,326,18,292,BOX OF VINTAGE ALPHABET BLOCKS,4.97,9.95,2.5714285714285716,114.76865636006237,211.23134363993762,0.27660498753446017,357.0580420090829,0.0,0.0,Healthy,0.0
22623,33.08099950248457,0,241,11,157,BOX OF VINTAGE JIGSAW BLOCKS,2.48,4.95,1.5714285714285714,51.984427789618614,189.01557221038138,0.0,264.6479960198766,0.0,0.0,Healthy,0.0
22624,40.314535155145876,0,222,20,215,IVORY KITCHEN SCALES,4.25,8.5,2.857142857142857,115.18438615755964,106.81561384244036,0.50318319143051,322.516281241167,0.0,0.0,Reorder now,979.07
22625,37.65316774862293,0,196,18,187,RED KITCHEN SCALES,4.25,8.5,2.5714285714285716,96.82243135360181,99.17756864639819,0.46963867034011664,301.2253419889834,0.0,0.0,Healthy,0.0
22626,10.280483262266287,0,161,20,110,BLACK KITCHEN SCALES,4.25,8.5,2.857142857142857,29.372809320760823,131.62719067923916,0.0,82.2438660981303,0.0,0.0,Healthy,0.0
22627,22.986678474168922,0,71,8,65,MINT KITCHEN SCALES,4.25,8.5,1.1428571428571428,26.27048968476448,44.729510315235515,0.3118536874579152,183.89342779335138,0.0,0.0,Healthy,0.0
22621,217.35738747406032,0,800,11,440,TRADITIONAL KNITTING NANCY,0.82,1.65,1.5714285714285714,341.5616088878091,458.4383911121909,0.0,1738.8590997924825,0.0,0.0,Healthy,0.0
22612,2.5392146649338887,62,673,16,546,TEA COSY VINTAGE UNION JACK,1.88,3.75,2.2857142857142856,5.803919234134602,729.1960807658654,0.0,20.31371731947111,3.0521247797699607,0.6840415932566536,Markdown / clear,116.56
22611,5.00340119570569,0,197,10,107,VINTAGE UNION JACK SHOPPING BAG,2.48,4.95,1.4285714285714286,7.147715993865272,189.85228400613474,0.0,40.02720956564552,0.0,0.0,Healthy,0.0
22610,154.90441562420327,0,3036,21,2153,PENS ASSORTED FUNNY FACE,0.12,0.21,3.0,464.71324687260983,2571.28675312739,0.0,1239.2353249936261,0.0,0.0,Healthy,0.0
22595,198.69088223576912,0,1879,14,1296,GINGHAM HEART DECORATION,0.42,0.85,2.0,397.38176447153825,1481.6182355284618,0.0,1589.527057886153,0.0,0.0,Healthy,0.0
22596,184.27552920747425,0,1089,10,615,CHRISTMAS STAR WISH LIST CHALKBOARD,0.56,1.25,1.4285714285714286,263.2507560106775,825.7492439893225,0.0,1474.204233659794,0.0,0.0,Healthy,0.0
22597,209.8518255488707,0,1296,21,905,MUSICAL ZINC HEART DECORATION,0.42,0.85,3.0,629.5554766466121,666.4445233533879,0.26359721176421225,1678.8146043909655,0.0,0.0,Healthy,0.0
22598,78.7775318039836,0,312,9,311,CHRISTMAS MUSICAL ZINC TREE,0.37,0.83,1.2857142857142858,101.28539803369321,210.7146019663068,0.3224610869250586,630.2202544318689,0.0,0.0,Healthy,0.0
22599,156.9649997855487,0,910,14,609,CHRISTMAS MUSICAL ZINC STAR,0.37,0.83,2.0,313.9299995710974,596.0700004289026,0.021231526389322464,1255.7199982843897,0.0,0.0,Healthy,0.0
22600,81.79855407055572,0,820,14,562,CHRISTMAS RETROSPOT STAR WOOD,0.38,0.85,2.0,163.59710814111145,656.4028918588886,0.0,654.3884325644458,0.0,0.0,Healthy,0.0
22601,113.30473986952225,0,429,7,428,CHRISTMAS RETROSPOT ANGEL WOOD,0.38,0.85,1.0,113.30473986952225,315.6952601304778,0.26239425203159394,906.437918956178,0.0,0.0,Healthy,0.0
22602,97.03495025860408,0,865,14,581,CHRISTMAS RETROSPOT HEART WOOD,0.38,0.85,2.0,194.06990051720817,670.9300994827918,0.0,776.2796020688327,0.0,0.0,Healthy,0.0
22603,81.59817858510453,0,711,13,572,CHRISTMAS RETROSPOT TREE WOOD,0.38,0.85,1.8571428571428572,151.53947451519414,559.4605254848059,0.021922158243346312,652.7854286808363,0.0,0.0,Healthy,0.0
22604,22.983420775890337,0,349,10,272,SET OF 4 NAPKIN CHARMS CUTLERY,1.27,2.55,1.4285714285714286,32.833458251271914,316.1665417487281,0.0,183.8673662071227,0.0,0.0,Healthy,0.0
22605,17.854596199136935,0,169,8,104,WOODEN CROQUET GARDEN SET,6.38,12.75,1.1428571428571428,20.40525279901364,148.59474720098638,0.0,142.83676959309548,0.0,0.0,Healthy,0.0
22606,2.5392146649338887,0,141,7,94,WOODEN SKITTLES GARDEN SET,7.98,15.95,1.0,2.5392146649338887,138.4607853350661,0.0,20.31371731947111,0.0,0.0,Healthy,0.0
22607,28.386087987919215,0,122,7,112,WOODEN ROUNDERS GARDEN SET,4.25,8.5,1.0,28.386087987919215,93.61391201208079,0.1641614998921358,227.08870390335372,0.0,0.0,Healthy,0.0
22608,111.77353535951121,0,1788,14,1141,PENS ASSORTED FUNKY JEWELED,0.23,0.42,2.0,223.54707071902243,1564.4529292809775,0.0,894.1882828760897,0.0,0.0,Healthy,0.0
22609,238.70221693541922,0,696,8,577,PENS ASSORTED SPACEBALL,0.12,0.21,1.1428571428571428,272.8025336404791,423.1974663595209,0.26655551757448714,1909.6177354833537,0.0,0.0,Healthy,0.0
22629,246.20093860807208,0,1566,16,1345,SPACEBOY LUNCH BOX,0.98,1.95,2.2857142857142856,562.7450025327362,1003.2549974672638,0.25408550374181127,1969.6075088645766,0.0,0.0,Healthy,0.0
22704,83.23666656450317,0,1200,14,817,WRAP RED APPLES,0.21,0.42,2.0,166.47333312900633,1033.5266668709937,0.0,665.8933325160253,0.0,0.0,Healthy,0.0
22705,35.66799420542767,0,875,17,590,WRAP GREEN PEARS,0.21,0.42,2.4285714285714284,86.6222716417529,788.377728358247,0.0,285.34395364342134,0.0,0.0,Healthy,0.0
22706,36.51167817555135,0,775,10,672,WRAP COWBOYS,0.21,0.42,1.4285714285714286,52.15954025078765,722.8404597492123,0.0,292.0934254044108,0.0,0.0,Healthy,0.0
22802,5.990931068405443,2,64,15,47,FAUX FUR CHOCOLATE THROW,9.98,19.95,2.142857142857143,12.837709432297377,53.16229056770263,0.0,47.92744854724354,0.0417297406939687,0.0,Healthy,0.0
22803,2.5392146649338887,78,33,21,70,IVORY EMBROIDERED QUILT,19.98,39.95,3.0,7.617643994801666,103.38235600519833,0.0,20.31371731947111,3.839769884226725,0.9465899614089084,Markdown / clear,1558.44
22804,60.48198244833026,0,589,11,415,CANDLEHOLDER PINK HANGING HEART,1.48,2.95,1.5714285714285714,95.04311527594754,493.95688472405243,0.0,483.85585958664205,0.0,0.0,Healthy,0.0
22805,46.6464306985796,0,371,11,237,BLUE DRAWER KNOB ACRYLIC EDWARDIAN,0.62,1.25,1.5714285714285714,73.3015339549108,297.6984660450892,0.0,373.1714455886368,0.0,0.0,Healthy,0.0
22806,11.409491582025154,114,248,20,252,SET OF 6 T-LIGHTS WEDDING CAKE,1.48,2.95,2.857142857142857,32.59854737721473,329.40145262278526,0.0,91.27593265620123,1.2489601221538973,0.08298670738463243,Healthy,0.0
22807,25.389141924865864,0,148,7,96,SET OF 6 T-LIGHTS TOADSTOOLS,1.48,2.95,1.0,25.389141924865864,122.61085807513413,0.0,203.11313539892691,0.0,0.0,Healthy,0.0
22801,42.94265915196868,0,124,7,92,ANTIQUE GLASS PEDESTAL BOWL,1.88,3.75,1.0,42.94265915196868,81.05734084803132,0.11894194730400742,343.5412732157494,0.0,0.0,Healthy,0.0
22808,2.5392146649338887,45,197,12,127,SET OF 6 T-LIGHTS EASTER CHICKS,1.48,2.95,1.7142857142857142,4.352939425600952,237.64706057439903,0.0,20.31371731947111,2.215251856284649,0.40508395209488296,Healthy,0.0
22810,55.423286897308394,0,493,18,423,SET OF 6 T-LIGHTS SNOWMEN,1.48,2.95,2.5714285714285716,142.5170234502216,350.4829765497784,0.17143504361754514,443.38629517846715,0.0,0.0,Healthy,0.0
22811,63.62471105882739,0,336,8,197,SET OF 6 T-LIGHTS CACTI,1.48,2.95,1.1428571428571428,72.71395549580272,263.28604450419726,0.0,508.9976884706191,0.0,0.0,Healthy,0.0
22812,31.511676750210192,0,966,13,657,PACK 3 BOXES CHRISTMAS PANNETONE,0.88,1.95,1.8571428571428572,58.5216853932475,907.4783146067525,0.0,252.09341400168154,0.0,0.0,Healthy,0.0
22813,52.72660907273498,0,584,9,315,PACK 3 BOXES BIRD PANNETONE,0.98,1.95,1.2857142857142858,67.79135452208784,516.2086454779121,0.0,421.81287258187984,0.0,0.0,Healthy,0.0
22814,45.117248347319155,0,465,18,384,CARD PARTY GAMES,0.23,0.42,2.5714285714285716,116.01578146453498,348.984218535465,0.09118693089722651,360.93798677855324,0.0,0.0,Healthy,0.0
22815,46.66727108022979,0,461,16,352,CARD PSYCHEDELIC APPLES,0.23,0.42,2.2857142857142856,106.66804818338237,354.3319518166176,0.0,373.3381686418383,0.0,0.0,Healthy,0.0
22809,92.21060910899953,0,532,13,366,SET OF 6 T-LIGHTS SANTA,1.33,2.95,1.8571428571428572,171.24827405957058,360.7517259404294,0.014339546610848575,737.6848728719963,0.0,0.0,Healthy,0.0
22816,240.57099286384016,0,1247,14,796,CARD MOTORBIKE SANTA,0.19,0.42,2.0,481.1419857276803,765.8580142723197,0.03786681624080446,1924.5679429107213,0.0,0.0,Healthy,0.0
22800,28.86231741476058,0,283,18,195,ANTIQUE TALL SWIRLGLASS TRINKET POT,1.88,3.75,2.5714285714285716,74.21738763795578,208.78261236204423,0.0,230.89853931808463,0.0,0.0,Healthy,0.0
22798,55.63317658178952,0,370,11,208,ANTIQUE GLASS DRESSING TABLE POT,1.48,2.95,1.5714285714285714,87.42356319995496,282.57643680004503,0.0,445.06541265431616,0.0,0.0,Healthy,0.0
22782,3.3726285907061757,0,77,7,51,SET 3 WICKER STORAGE BASKETS,12.48,24.95,1.0,3.3726285907061757,73.62737140929383,0.0,26.981028725649406,0.0,0.0,Healthy,0.0
22783,2.5392146649338887,624,207,18,506,SET 3 WICKER OVAL BASKETS W LIDS,9.98,19.95,2.5714285714285716,6.529409138401428,824.4705908615986,0.0,20.31371731947111,30.7181590738138,1.0,Markdown / clear,6227.52
22784,30.65760582076681,0,212,16,168,LANTERN CREAM GAZEBO,2.48,4.95,2.2857142857142856,70.07452759032414,141.92547240967588,0.15520552137097687,245.2608465661345,0.0,0.0,Healthy,0.0
22785,3.3726285907061757,31,133,16,137,SQUARECUSHION COVER PINK UNION FLAG,3.38,6.75,2.2857142857142856,7.708865350185544,156.29113464981447,0.0,26.981028725649406,1.1489554499651073,0.049651816655035784,Healthy,0.0
22786,4.1922639355613525,0,52,7,39,CUSHION COVER PINK UNION JACK,2.98,5.95,1.0,4.1922639355613525,47.80773606443865,0.0,33.53811148449082,0.0,0.0,Healthy,0.0
22788,2.5392146649338887,145,200,18,317,BROCANTE COAT RACK,4.97,9.95,2.5714285714285716,6.529409138401428,338.47059086159857,0.0,20.31371731947111,7.138033759139424,1.0,Markdown / clear,720.65
22799,14.597555465802834,0,84,16,67,SWEETHEART WIRE FRUIT BOWL,4.25,8.5,2.2857142857142856,33.36584106469219,50.63415893530781,0.24426628454764465,116.78044372642267,0.0,0.0,Healthy,0.0
22789,15.759474933704473,0,265,16,214,T-LIGHT HOLDER SWEETHEART HANGING,0.98,1.95,2.2857142857142856,36.021656991324505,228.9783430086755,0.0,126.07579946963578,0.0,0.0,Healthy,0.0
22791,243.76792746656977,0,1393,19,1252,T-LIGHT GLASS FLUTED ANTIQUE,0.62,1.25,2.7142857142857144,661.6558031235465,731.3441968764535,0.41585926767056436,1950.1434197325582,0.0,0.0,Healthy,0.0
22792,132.7830294712456,0,640,10,345,FLUTED ANTIQUE CANDLE HOLDER,0.42,0.85,1.4285714285714286,189.69004210177945,450.30995789822055,0.0,1062.264235769965,0.0,0.0,Healthy,0.0
22794,6.569208789854713,0,35,10,34,SWEETHEART WIRE MAGAZINE RACK,3.98,7.95,1.4285714285714286,9.384583985506733,25.615416014493267,0.24660541133843328,52.5536703188377,0.0,0.0,Healthy,0.0
22795,43.35396728331403,0,223,20,212,SWEETHEART RECIPE BOOK STAND,3.38,6.75,2.857142857142857,123.86847795232579,99.13152204767421,0.5323984809071971,346.8317382665122,0.0,0.0,Reorder now,836.11
22796,16.855616436408425,0,121,14,81,PHOTO FRAME 3 CLASSIC HANGING,4.97,9.95,2.0,33.71123287281685,87.28876712718315,0.0,134.8449314912674,0.0,0.0,Healthy,0.0
22797,6.027637124417168,0,66,13,51,CHEST OF DRAWERS GINGHAM HEART,8.48,16.95,1.8571428571428572,11.194183231060455,54.80581676893954,0.0,48.22109699533734,0.0,0.0,Healthy,0.0
22817,60.02615043402434,0,505,12,281,CARD SUKI BIRTHDAY,0.23,0.42,1.7142857142857142,102.90197217261314,402.0980278273869,0.0,480.2092034721947,0.0,0.0,Healthy,0.0
22818,229.54617557143797,0,540,9,508,CARD CHRISTMAS VILLAGE,0.19,0.42,1.2857142857142858,295.1307971632774,244.8692028367226,0.5179740101639319,1836.3694045715038,0.0,0.0,Reorder now,123.95
22819,64.37561325560478,0,513,20,458,"BIRTHDAY CARD, RETRO SPOT",0.23,0.42,2.857142857142857,183.93032358744222,329.0696764125578,0.2815072567411402,515.0049060448382,0.0,0.0,Healthy,0.0
22840,18.532460099454287,0,227,17,192,ROUND CAKE TIN VINTAGE RED,3.98,7.95,2.4285714285714284,45.00740309867469,181.9925969013253,0.05212189113893073,148.2596807956343,0.0,0.0,Healthy,0.0
22841,9.082727500946985,0,182,21,130,ROUND CAKE TIN VINTAGE GREEN,3.98,7.95,3.0,27.248182502840955,154.75181749715904,0.0,72.66182000757588,0.0,0.0,Healthy,0.0
22842,9.082727500946985,0,165,19,161,BISCUIT TIN VINTAGE RED,3.38,6.75,2.7142857142857144,24.65311750257039,140.34688249742962,0.12828023293521973,72.66182000757588,0.0,0.0,Healthy,0.0
22843,5.666016326503877,0,133,15,118,BISCUIT TIN VINTAGE GREEN,3.38,6.75,2.142857142857143,12.141463556794022,120.85853644320598,0.0,45.32813061203102,0.0,0.0,Healthy,0.0
22844,21.882568134410604,0,77,7,61,VINTAGE CREAM DOG FOOD CONTAINER,4.25,8.5,1.0,21.882568134410604,55.117431865589396,0.09643554318705905,175.06054507528484,0.0,0.0,Healthy,0.0
22845,19.100136245127178,0,187,21,142,VINTAGE CREAM CAT FOOD CONTAINER,3.18,6.35,3.0,57.30040873538154,129.69959126461845,0.08662259672803907,152.80108996101742,0.0,0.0,Healthy,0.0
22839,12.369076199089752,0,91,8,49,3 TIER CAKE TIN GREEN AND CREAM,7.48,14.95,1.1428571428571428,14.136087084674003,76.863912915326,0.0,98.95260959271802,0.0,0.0,Healthy,0.0
22846,24.338387330401325,0,126,13,85,BREAD BIN DINER STYLE RED,8.48,16.95,1.8571428571428572,45.19986218503104,80.80013781496896,0.04941014335330629,194.7070986432106,0.0,0.0,Healthy,0.0
22848,2.5392146649338887,0,141,20,95,BREAD BIN DINER STYLE PINK,8.48,16.95,2.857142857142857,7.254899042668254,133.74510095733174,0.0,20.31371731947111,0.0,0.0,Healthy,0.0
22849,2.5392146649338887,0,109,18,97,BREAD BIN DINER STYLE MINT,8.48,16.95,2.5714285714285716,6.529409138401428,102.47059086159857,0.0,20.31371731947111,0.0,0.0,Healthy,0.0
22851,53.16077281086437,0,608,11,352,SET 20 NAPKINS FAIRY CAKES DESIGN,0.42,0.85,1.5714285714285714,83.53835727421544,524.4616427257846,0.0,425.286182486915,0.0,0.0,Healthy,0.0
22852,12.139961050851046,0,150,21,143,DOG BOWL VINTAGE CREAM,2.12,4.25,3.0,36.41988315255314,113.58011684744686,0.2057334486192527,97.11968840680836,0.0,0.0,Healthy,0.0
22853,15.20279514593043,0,165,13,111,CAT BOWL VINTAGE CREAM,1.62,3.25,1.8571428571428572,28.2337624138708,136.7662375861292,0.0,121.62236116744344,0.0,0.0,Healthy,0.0
22847,26.7510137630355,0,102,11,92,BREAD BIN DINER STYLE IVORY,8.48,16.95,1.5714285714285714,42.03730734191293,59.96269265808707,0.34823160154253185,214.008110104284,0.0,0.0,Healthy,0.0
22838,16.425104327650082,0,167,9,114,3 TIER CAKE TIN RED AND CREAM,7.48,14.95,1.2857142857142858,21.11799127840725,145.88200872159274,0.0,131.40083462120066,0.0,0.0,Healthy,0.0
22837,4.938844620338344,0,1012,15,883,HOT WATER BOTTLE BABUSHKA,2.33,4.65,2.142857142857143,10.583238472153594,1001.4167615278465,0.0,39.51075696270675,0.0,0.0,Healthy,0.0
22835,166.20968721493094,0,565,12,389,HOT WATER BOTTLE I AM SO POORLY,2.33,4.65,1.7142857142857142,284.93089236845304,280.06910763154696,0.28002800094718006,1329.6774977194475,0.0,0.0,Healthy,0.0
22820,14.66572081151687,0,483,16,406,GIFT BAG BIRTHDAY,0.32,0.65,2.2857142857142856,33.52164756918142,449.4783524308186,0.0,117.32576649213496,0.0,0.0,Healthy,0.0
22821,32.130267863246665,0,352,11,192,GIFT BAG PSYCHEDELIC APPLES,0.32,0.65,1.5714285714285714,50.49042092795904,301.50957907204094,0.0,257.0421429059733,0.0,0.0,Healthy,0.0
22822,3.650692270123807,0,170,13,106,CREAM WALL PLANTER HEART SHAPED,2.98,5.95,1.8571428571428572,6.77985707308707,163.22014292691293,0.0,29.205538160990457,0.0,0.0,Healthy,0.0
22823,2.5392146649338887,59,25,17,37,CHEST NATURAL WOOD 20 DRAWERS,58.75,117.5,2.4285714285714284,6.166664186268015,77.83333581373199,0.0,20.31371731947111,2.9044413226843178,0.6348137742281059,Markdown / clear,3466.25
22824,2.5392146649338887,27,39,17,29,3 TIER SWEETHEART GARDEN SHELF,17.98,35.95,2.4285714285714284,6.166664186268015,59.833335813731985,0.0,20.31371731947111,1.3291511137707894,0.10971703792359648,Healthy,0.0
22825,2.5392146649338887,37,46,13,50,DECORATIVE PLANT POT WITH FRIEZE,3.98,7.95,1.8571428571428572,4.715684377734365,78.28431562226564,0.0,20.31371731947111,1.821429304056267,0.2738097680187557,Healthy,0.0
22826,4.118800840000022,19,23,11,24,LOVE SEAT ANTIQUE WHITE METAL,42.5,85.0,1.5714285714285714,6.472401320000034,35.52759867999997,0.0,32.950406720000174,0.5766241418946558,0.0,Healthy,0.0
22827,2.5392146649338887,26,21,16,29,RUSTIC  SEVENTEEN DRAWER SIDEBOARD,82.5,165.0,2.2857142857142856,5.803919234134602,41.196080765865396,0.0,20.31371731947111,1.2799232947422416,0.09330776491408055,Healthy,0.0
22828,2.5392146649338887,42,0,16,33,REGENCY MIRROR WITH SHUTTERS,72.5,145.0,2.2857142857142856,5.803919234134602,36.196080765865396,0.0,20.31371731947111,2.067568399199006,0.3558561330663353,Healthy,0.0
22829,2.5392146649338887,0,77,15,54,SWEETHEART WIRE WALL TIDY,4.97,9.95,2.142857142857143,5.44117428200119,71.55882571799881,0.0,20.31371731947111,0.0,0.0,Healthy,0.0
22830,3.5932935213356463,364,178,8,207,UTILTY CABINET WITH HOOKS,13.48,26.95,1.1428571428571428,4.106621167240738,537.8933788327593,0.0,28.74634817068517,12.662477955067642,1.0,Markdown / clear,4906.72
22831,19.330279321085424,0,215,14,194,WHITE BROCANTE SOAP DISH,1.48,2.95,2.0,38.66055864217085,176.33944135782914,0.09103380743387035,154.6422345686834,0.0,0.0,Healthy,0.0
22832,6.1419980249861625,0,72,16,57,BROCANTE SHELF WITH HOOKS,5.38,10.75,2.2857142857142856,14.0388526285398,57.9611473714602,0.0,49.1359841998893,0.0,0.0,Healthy,0.0
22833,2.5392146649338887,395,0,21,374,HALL CABINET WITH 3 DRAWERS,24.98,49.95,3.0,7.617643994801666,387.38235600519835,0.0,20.31371731947111,19.444988516276364,1.0,Markdown / clear,9867.1
22834,59.95063069683112,0,1062,14,1035,HAND WARMER BABUSHKA DESIGN,1.05,2.1,2.0,119.90126139366224,942.0987386063377,0.08975967284411812,479.60504557464895,0.0,0.0,Healthy,0.0
22781,15.804861841943888,0,141,12,83,GUMBALL MAGAZINE RACK,3.82,7.65,1.7142857142857142,27.094048871903805,113.90595112809619,0.0,126.4388947355511,0.0,0.0,Healthy,0.0
22780,25.646693357079506,0,477,20,445,LIGHT GARLAND BUTTERFILES PINK,2.12,4.25,2.857142857142857,73.27626673451287,403.7237332654871,0.092755655583175,205.17354685663605,0.0,0.0,Healthy,0.0
22779,27.22370548305162,0,377,7,205,WOODEN OWLS LIGHT GARLAND,2.12,4.25,1.0,27.22370548305162,349.7762945169484,0.0,217.78964386441297,0.0,0.0,Healthy,0.0
22778,14.241392701324827,0,209,15,164,GLASS CLOCHE SMALL,1.98,3.95,2.142857142857143,30.517270074267486,178.4827299257325,0.0,113.93114161059862,0.0,0.0,Healthy,0.0
22727,205.40384591609813,0,772,13,681,ALARM CLOCK BAKELIKE RED,1.88,3.75,1.8571428571428572,381.46428527275367,390.53571472724633,0.42652611640639304,1643.230767328785,0.0,0.0,Healthy,0.0
22728,135.14691657173202,0,546,12,486,ALARM CLOCK BAKELIKE PINK,1.88,3.75,1.7142857142857142,231.68042840868344,314.31957159131656,0.35325191030593306,1081.1753325738562,0.0,0.0,Healthy,0.0
22729,11.419022855048599,0,311,8,185,ALARM CLOCK BAKELIKE ORANGE,1.88,3.75,1.1428571428571428,13.050311834341255,297.94968816565876,0.0,91.35218284038879,0.0,0.0,Healthy,0.0
22730,90.25053892076805,0,365,12,274,ALARM CLOCK BAKELIKE IVORY,1.88,3.75,1.7142857142857142,154.7152095784595,210.2847904215405,0.23253726123525364,722.0043113661444,0.0,0.0,Healthy,0.0
22731,46.81623921437431,0,351,8,300,3D CHRISTMAS STAMPS STICKERS,0.56,1.25,1.1428571428571428,53.50427338785636,297.49572661214364,0.008347577959521235,374.5299137149945,0.0,0.0,Healthy,0.0
22732,72.28174206958856,0,458,9,390,3D VINTAGE CHRISTMAS STICKERS,0.56,1.25,1.2857142857142858,92.93366837518529,365.0663316248147,0.06393248301329557,578.2539365567085,0.0,0.0,Healthy,0.0
22726,210.25705142539402,0,1057,19,708,ALARM CLOCK BAKELIKE GREEN,1.88,3.75,2.7142857142857144,570.6977110117838,486.3022889882162,0.31313236018613533,1682.0564114031522,0.0,0.0,Healthy,0.0
22733,69.61892338436797,0,1016,21,700,3D TRADITIONAL CHRISTMAS STICKERS,0.56,1.25,3.0,208.85677015310392,807.143229846896,0.0,556.9513870749438,0.0,0.0,Healthy,0.0
22735,42.18881552191166,0,383,14,274,RIBBON REEL SOCKS AND MITTENS,0.91,1.65,2.0,84.37763104382331,298.6223689561767,0.0,337.51052417529326,0.0,0.0,Healthy,0.0
22736,61.40811604897685,0,463,19,422,RIBBON REEL MAKING SNOWMEN,0.91,1.65,2.7142857142857144,166.67917213293717,296.3208278670628,0.2978179434429792,491.2649283918148,0.0,0.0,Healthy,0.0
22737,73.26078774811498,0,633,21,557,RIBBON REEL CHRISTMAS PRESENT,0.74,1.65,3.0,219.78236324434494,413.21763675565506,0.2581370973866157,586.0863019849198,0.0,0.0,Healthy,0.0
22738,80.69438008415165,0,448,9,398,RIBBON REEL SNOWY VILLAGE,0.91,1.65,1.2857142857142858,103.74991725105212,344.2500827489479,0.1350500433443521,645.5550406732132,0.0,0.0,Healthy,0.0
22739,80.23759696151708,0,392,9,345,RIBBON REEL CHRISTMAS SOCK BAUBLE,0.74,1.65,1.2857142857142858,103.1626246648077,288.8373753351923,0.16279021641973246,641.9007756921367,0.0,0.0,Healthy,0.0
22740,5.101343919763267,0,2611,12,1782,POLKADOT PEN,0.47,0.85,1.7142857142857142,8.745161005308457,2602.2548389946915,0.0,40.81075135810614,0.0,0.0,Healthy,0.0
22734,217.5343318278591,0,1504,8,972,SET OF 6 RIBBONS VINTAGE CHRISTMAS,1.3,2.89,1.1428571428571428,248.61066494612467,1255.3893350538754,0.0,1740.2746546228727,0.0,0.0,Healthy,0.0
22725,57.781488340836766,0,355,15,223,ALARM CLOCK BAKELIKE CHOCOLATE,1.88,3.75,2.142857142857143,123.81747501607879,231.1825249839212,0.0,462.25190672669413,0.0,0.0,Healthy,0.0
22723,16.946231777037244,0,229,12,137,SET OF 6 HERB TINS SKETCHBOOK,1.98,3.95,1.7142857142857142,29.050683046349562,199.94931695365045,0.0,135.56985421629795,0.0,0.0,Healthy,0.0
22722,82.11419508760484,0,954,14,891,SET OF 6 SPICE TINS PANTRY DESIGN,1.98,3.95,2.0,164.22839017520968,789.7716098247903,0.1136121101854205,656.9135607008387,0.0,0.0,Healthy,0.0
22707,48.71905840716333,0,400,11,361,WRAP MONSTER FUN,0.21,0.42,1.5714285714285714,76.55852035411381,323.4414796458862,0.10404022258757284,389.75246725730665,0.0,0.0,Healthy,0.0
22708,74.13757087447789,0,1200,10,807,WRAP DOLLY GIRL,0.21,0.42,1.4285714285714286,105.9108155349684,1094.0891844650316,0.0,593.1005669958231,0.0,0.0,Healthy,0.0
22709,5.679495763838708,0,1250,11,748,WRAP WEDDING DAY,0.21,0.42,1.5714285714285714,8.924921914603685,1241.0750780853964,0.0,45.435966110709664,0.0,0.0,Healthy,0.0
22710,69.99608714605571,0,1555,9,837,WRAP I LOVE LONDON,0.21,0.42,1.2857142857142858,89.99496918778593,1465.005030812214,0.0,559.9686971684457,0.0,0.0,Healthy,0.0
22711,42.013818025538285,0,525,7,423,WRAP CIRCUS PARADE,0.21,0.42,1.0,42.013818025538285,482.9861819744617,0.0,336.1105442043063,0.0,0.0,Healthy,0.0
22712,72.50390849002724,0,1150,21,857,CARD DOLLY GIRL,0.23,0.42,3.0,217.51172547008173,932.4882745299183,0.0,580.0312679202179,0.0,0.0,Healthy,0.0
22713,37.33789127557534,0,803,8,447,CARD I LOVE LONDON,0.23,0.42,1.1428571428571428,42.67187574351467,760.3281242564854,0.0,298.7031302046027,0.0,0.0,Healthy,0.0
22714,71.7927651621921,0,933,20,724,CARD BIRTHDAY COWBOY,0.23,0.42,2.857142857142857,205.1221861776917,727.8778138223083,0.0,574.3421212975368,0.0,0.0,Healthy,0.0
22715,7.009587404226625,0,239,7,198,CARD WEDDING DAY,0.23,0.42,1.0,7.009587404226625,231.99041259577336,0.0,56.076699233813,0.0,0.0,Healthy,0.0
22716,42.04013202061737,0,607,18,461,CARD CIRCUS PARADE,0.23,0.42,2.5714285714285716,108.10319662444468,498.89680337555535,0.0,336.32105616493897,0.0,0.0,Healthy,0.0
22717,20.077950713809205,0,478,11,292,CARD DOG AND BALL,0.23,0.42,1.5714285714285714,31.551065407414466,446.44893459258554,0.0,160.62360571047364,0.0,0.0,Healthy,0.0
22718,20.472160489201023,0,390,14,269,CARD CAT AND TREE,0.23,0.42,2.0,40.94432097840205,349.05567902159794,0.0,163.7772839136082,0.0,0.0,Healthy,0.0
22719,2.5392146649338887,0,305,11,189,GUMBALL MONOCHROME COAT RACK,1.23,2.46,1.5714285714285714,3.990194473467539,301.0098055265325,0.0,20.31371731947111,0.0,0.0,Healthy,0.0
22720,114.09109063767022,0,1027,14,729,SET OF 3 CAKE TINS PANTRY DESIGN,2.48,4.95,2.0,228.18218127534044,798.8178187246596,0.0,912.7287251013618,0.0,0.0,Healthy,0.0
22721,23.605689798310948,0,216,13,136,SET OF 3 CAKE TINS SKETCHBOOK,2.48,4.95,1.8571428571428572,43.83913819686319,172.1608618031368,0.0,188.84551838648758,0.0,0.0,Healthy,0.0
22741,145.26931126303367,0,1551,15,1169,FUNKY DIVA PEN,0.47,0.85,2.142857142857143,311.2913812779293,1239.7086187220707,0.0,1162.1544901042694,0.0,0.0,Healthy,0.0
22855,4.158103325973028,0,873,18,664,FINE WICKER HEART,0.62,1.25,2.5714285714285716,10.692265695359215,862.3077343046408,0.0,33.26482660778422,0.0,0.0,Healthy,0.0
22742,28.386087987919215,0,301,21,261,MAKE YOUR OWN PLAYTIME CARD KIT,1.62,2.95,3.0,85.15826396375765,215.84173603624237,0.17302016844351586,227.08870390335372,0.0,0.0,Healthy,0.0
22744,28.86231741476058,0,160,9,142,MAKE YOUR OWN MONSOON CARD KIT,1.62,2.95,1.2857142857142858,37.10869381897789,122.89130618102212,0.1345682663308302,230.89853931808463,0.0,0.0,Healthy,0.0
22764,2.5392146649338887,529,177,19,382,"RUSTIC WOODEN CABINET, GLASS DOORS",12.48,24.95,2.7142857142857144,6.8921540905348415,699.1078459094651,0.0,20.31371731947111,26.041516266101763,1.0,Markdown / clear,6601.92
22765,2.527455328645957,443,250,21,362,NEWSPAPER STAND,8.22,14.95,3.0,7.582365985937871,685.4176340140622,0.0,20.219642629167655,21.90938821841265,1.0,Markdown / clear,3641.46
22766,44.75899781615991,0,446,9,306,PHOTO FRAME CORNICE,1.48,2.95,1.2857142857142858,57.54728290649132,388.4527170935087,0.0,358.0719825292793,0.0,0.0,Healthy,0.0
22767,15.804861841943888,0,238,19,182,TRIPLE PHOTO FRAME CORNICE,4.97,9.95,2.7142857142857144,42.8989107138477,195.1010892861523,0.0,126.4388947355511,0.0,0.0,Healthy,0.0
22768,19.100136245127178,0,240,19,184,FAMILY PHOTO FRAME CORNICE,4.97,9.95,2.7142857142857144,51.843226951059485,188.15677304894052,0.0,152.80108996101742,0.0,0.0,Healthy,0.0
22769,2.527455328645957,242,111,18,225,CHALKBOARD KITCHEN ORGANISER,12.48,24.95,2.5714285714285716,6.499170845089604,346.5008291549104,0.0,20.219642629167655,11.96855970396357,1.0,Markdown / clear,3020.16
22763,10.29224259855422,122,341,9,254,KEY CABINET MA CAMPAGNE,4.97,9.95,1.2857142857142858,13.232883340998283,449.7671166590017,0.0,82.33794078843376,1.4816984592009337,0.16056615306697788,Healthy,0.0
22770,4.1922639355613525,0,48,12,28,MIRROR CORNICE,7.48,14.95,1.7142857142857142,7.186738175248032,40.81326182475197,0.0,33.53811148449082,0.0,0.0,Healthy,0.0
22772,59.73061179230463,0,920,19,630,PINK DRAWER KNOB ACRYLIC EDWARDIAN,0.62,1.25,2.7142857142857144,162.12594629339827,757.8740537066017,0.0,477.84489433843703,0.0,0.0,Healthy,0.0
22773,37.54887768501235,0,426,9,223,GREEN DRAWER KNOB ACRYLIC EDWARDIAN,0.62,1.25,1.2857142857142858,48.27712845215874,377.72287154784124,0.0,300.3910214800988,0.0,0.0,Healthy,0.0
22774,45.543388980490015,0,947,19,646,RED DRAWER KNOB ACRYLIC EDWARDIAN,0.62,1.25,2.7142857142857144,123.61777008990147,823.3822299100985,0.0,364.3471118439201,0.0,0.0,Healthy,0.0
22775,84.73922469647047,0,822,20,564,PURPLE DRAWERKNOB ACRYLIC EDWARDIAN,0.62,1.25,2.857142857142857,242.1120705613442,579.8879294386558,0.0,677.9137975717638,0.0,0.0,Healthy,0.0
22776,21.892924351981318,0,175,17,154,SWEETHEART CAKESTAND 3 TIER,4.97,9.95,2.4285714285714284,53.168530569097484,121.83146943090252,0.20888656213699663,175.14339481585054,0.0,0.0,Healthy,0.0
22777,2.5392146649338887,168,225,12,185,GLASS CLOCHE LARGE,4.25,8.5,1.7142857142857142,4.352939425600952,388.64706057439906,0.0,20.31371731947111,8.270273596796024,1.0,Markdown / clear,714.0
22771,102.33136697093578,0,924,14,585,CLEAR DRAWER KNOB ACRYLIC EDWARDIAN,0.62,1.25,2.0,204.66273394187155,719.3372660581284,0.0,818.6509357674862,0.0,0.0,Healthy,0.0
22762,5.26970553883539,0,55,16,42,CUPBOARD 3 DRAWER MA CAMPAGNE,7.48,14.95,2.2857142857142856,12.045041231623747,42.95495876837625,0.0,42.15764431068312,0.0,0.0,Healthy,0.0
22761,2.5392146649338887,18,20,14,25,CHEST 7 DRAWER MA CAMPAGNE,12.48,24.95,2.0,5.078429329867777,32.921570670132226,0.0,20.31371731947111,0.8861007425138596,0.0,Healthy,0.0
22760,2.5392146649338887,0,108,14,92,"TRAY, BREAKFAST IN BED",6.38,12.75,2.0,5.078429329867777,102.92157067013223,0.0,20.31371731947111,0.0,0.0,Healthy,0.0
22745,48.91550345081576,0,301,10,295,POPPY'S PLAYHOUSE BEDROOM,1.05,2.1,1.4285714285714286,69.87929064402252,231.12070935597748,0.21653996828482214,391.3240276065261,0.0,0.0,Healthy,0.0
22746,33.070449596451475,0,488,20,408,POPPY'S PLAYHOUSE LIVINGROOM,1.05,2.1,2.857142857142857,94.48699884700422,393.5130011529958,0.03550735011520634,264.5635967716118,0.0,0.0,Healthy,0.0
22747,18.88344199034118,0,300,7,172,POPPY'S PLAYHOUSE BATHROOM,1.05,2.1,1.0,18.88344199034118,281.11655800965883,0.0,151.06753592272943,0.0,0.0,Healthy,0.0
22748,51.16341877352689,0,512,12,338,POPPY'S PLAYHOUSE KITCHEN,1.05,2.1,1.7142857142857142,87.70871789747467,424.2912821025253,0.0,409.30735018821514,0.0,0.0,Healthy,0.0
22749,80.15270670943377,0,376,8,197,FELTCRAFT PRINCESS CHARLOTTE DOLL,1.88,3.75,1.1428571428571428,91.60309338221002,284.39690661778997,0.0,641.2216536754702,0.0,0.0,Healthy,0.0
22750,56.67208030260099,0,333,9,184,FELTCRAFT PRINCESS LOLA DOLL,1.88,3.75,1.2857142857142858,72.86410324620128,260.1358967537987,0.0,453.3766424208079,0.0,0.0,Healthy,0.0
22751,45.31898869616321,0,429,20,340,FELTCRAFT PRINCESS OLIVIA DOLL,1.88,3.75,2.857142857142857,129.4828248461806,299.5171751538194,0.1190671319005312,362.5519095693057,0.0,0.0,Healthy,0.0
22752,57.7075470611295,0,347,7,179,SET 7 BABUSHKA NESTING BOXES,4.25,8.5,1.0,57.7075470611295,289.2924529388705,0.0,461.660376489036,0.0,0.0,Healthy,0.0
22753,52.51008966381175,0,318,11,195,SMALL YELLOW BABUSHKA NOTEBOOK,0.47,0.85,1.5714285714285714,82.51585518598989,235.4841448140101,0.0,420.080717310494,0.0,0.0,Healthy,0.0
22754,58.431117148155344,0,772,20,547,SMALL RED BABUSHKA NOTEBOOK,0.47,0.85,2.857142857142857,166.94604899472955,605.0539510052704,0.0,467.44893718524276,0.0,0.0,Healthy,0.0
22755,43.420751135651706,0,497,16,410,SMALL PURPLE BABUSHKA NOTEBOOK,0.47,0.85,2.2857142857142856,99.2474311672039,397.7525688327961,0.029871783334643687,347.36600908521365,0.0,0.0,Healthy,0.0
22756,22.261239600405364,0,253,8,136,LARGE YELLOW BABUSHKA NOTEBOOK,0.69,1.25,1.1428571428571428,25.441416686177558,227.55858331382245,0.0,178.08991680324291,0.0,0.0,Healthy,0.0
22757,27.826982568872566,0,440,13,411,LARGE RED BABUSHKA NOTEBOOK,0.69,1.25,1.8571428571428572,51.67868191362048,388.3213180863795,0.055179274729003636,222.61586055098053,0.0,0.0,Healthy,0.0
22758,28.739998487294223,0,558,21,504,LARGE PURPLE BABUSHKA NOTEBOOK,0.69,1.25,3.0,86.21999546188266,471.78000453811734,0.0639285624243704,229.91998789835378,0.0,0.0,Healthy,0.0
22759,139.96518627510213,0,864,13,689,SET OF 3 NOTEBOOKS IN PARCEL,0.91,1.65,1.8571428571428572,259.9353459394754,604.0646540605246,0.1232733613054795,1119.721490200817,0.0,0.0,Healthy,0.0
22743,15.79310250565596,0,222,10,145,MAKE YOUR OWN FLOWERPOWER CARD KIT,1.62,2.95,1.4285714285714286,22.561575008079945,199.43842499192004,0.0,126.34482004524769,0.0,0.0,Healthy,0.0
23159,33.06665358397307,0,488,13,363,SET OF 5 PANCAKE DAY MAGNETS,1.04,2.08,1.8571428571428572,61.40949951309285,426.59050048690716,0.0,264.53322867178457,0.0,0.0,Healthy,0.0
21878,11.19407869204491,0,1064,16,734,PACK OF 6 SANDCASTLE FLAGS ASSORTED,0.42,0.85,2.2857142857142856,25.586465581816935,1038.413534418183,0.0,89.55262953635928,0.0,0.0,Healthy,0.0
21876,55.03242237102144,0,696,21,688,POTTERING MUG,0.62,1.25,3.0,165.09726711306433,530.9027328869356,0.22833905103643082,440.2593789681715,0.0,0.0,Healthy,0.0
20897,2.527455328645957,0,154,7,119,VINTAGE NOTEBOOK PARIS DAYS,1.62,2.95,1.0,2.527455328645957,151.47254467135403,0.0,20.219642629167655,0.0,0.0,Healthy,0.0
20898,2.527455328645957,97,173,8,151,VINTAGE NOTEBOOK TRAVELOGUE,1.62,2.95,1.1428571428571428,2.888520375595379,267.11147962440464,0.0,20.219642629167655,4.797315253241596,1.0,Markdown / clear,157.14
20899,2.527455328645957,66,0,8,51,VINTAGE NOTEBOOK RED ROSE,1.62,2.95,1.1428571428571428,2.888520375595379,63.11147962440462,0.0,20.219642629167655,3.264152646535519,0.7547175488451731,Markdown / clear,106.92
20901,2.5392146649338887,15,45,19,39,VINTAGE KEEPSAKE BOX PINK FLOWER,6.36,12.72,2.7142857142857144,6.8921540905348415,53.107845909465155,0.0,20.31371731947111,0.7384172854282164,0.0,Healthy,0.0
20902,2.5392146649338887,0,89,20,67,VINTAGE KEEPSAKE BOX PARIS DAYS,6.36,12.72,2.857142857142857,7.254899042668254,81.74510095733174,0.0,20.31371731947111,0.0,0.0,Healthy,0.0
20903,2.5392146649338887,0,50,9,45,VINTAGE KEEPSAKE BOX TRAVELOGUE,3.18,6.35,1.2857142857142858,3.264704569200714,46.73529543079928,0.0,20.31371731947111,0.0,0.0,Healthy,0.0
20896,2.527455328645957,48,0,10,44,VINTAGE NOTEBOOK PINK FLOWER,1.62,2.95,1.4285714285714286,3.610650469494224,44.389349530505775,0.0,20.219642629167655,2.3739291974803773,0.4579763991601258,Healthy,0.0
20905,2.5392146649338887,86,0,18,57,VINTAGE KEEPSAKE BOX BEAUTY GIRL,3.18,6.35,2.5714285714285716,6.529409138401428,79.47059086159857,0.0,20.31371731947111,4.233592436455107,1.0,Markdown / clear,273.48
20910,2.5392146649338887,24,44,12,48,VINTAGE PHOTO ALBUM PARIS DAYS,3.18,6.35,1.7142857142857142,4.352939425600952,63.64706057439905,0.0,20.31371731947111,1.181467656685146,0.06048921889504869,Healthy,0.0
20913,2.527455328645957,450,300,15,536,SET/5 BLUE SPOTTY LID GLASS BOWLS,1.48,2.95,2.142857142857143,5.415975704241336,744.5840242957587,0.0,20.219642629167655,22.255586226378536,1.0,Markdown / clear,666.0
20914,135.81473806954506,0,989,17,925,SET/5 RED RETROSPOT LID GLASS BOWLS,1.48,2.95,2.4285714285714284,329.8357924546094,659.1642075453906,0.287390045896875,1086.5179045563605,0.0,0.0,Healthy,0.0
20931,15.870774215392167,0,239,20,165,BLUE POT PLANT CANDLE,1.88,3.75,2.857142857142857,45.34506918683476,193.65493081316524,0.0,126.96619372313734,0.0,0.0,Healthy,0.0
20932,11.649066774593935,0,124,7,62,PINK POT PLANT CANDLE,1.88,3.75,1.0,11.649066774593935,112.35093322540607,0.0,93.19253419675148,0.0,0.0,Healthy,0.0
20933,2.5392146649338887,451,468,9,330,YELLOW POT PLANT CANDLE,1.88,3.75,1.2857142857142858,3.264704569200714,915.7352954307993,0.0,20.31371731947111,22.201746381875036,1.0,Markdown / clear,847.88
20906,2.527455328645957,17,41,9,36,VINTAGE NOTEBOOK BEAUTY GIRL,1.62,2.95,1.2857142857142858,3.249585422544802,54.750414577455196,0.0,20.219642629167655,0.8407665907743004,0.0,Healthy,0.0
20934,3.3726285907061757,4,98,11,57,SET/3 POT PLANT CANDLES,2.72,5.45,1.5714285714285714,5.299844928252562,96.70015507174743,0.0,26.981028725649406,0.14825231612453,0.0,Healthy,0.0
20895,2.527455328645957,166,0,21,124,VINTAGE NOTEBOOK FRENCH LETTER,1.62,2.95,3.0,7.582365985937871,158.41763401406212,0.0,20.219642629167655,8.20983847461964,1.0,Markdown / clear,268.92
20893,29.31091532605411,15,239,7,130,HANGING BAUBLE T-LIGHT HOLDER SMALL,1.27,2.55,1.0,29.31091532605411,224.6890846739459,0.0,234.4873226084329,0.06396934313181737,0.0,Healthy,0.0
20877,3.1040244695712698,77,0,14,47,MODERN CHRISTMAS BAUBLE CANDLE,0.19,0.42,2.0,6.2080489391425395,70.79195106085746,0.0,24.832195756570158,3.100813184417136,0.7002710614723786,Markdown / clear,14.63
20878,3.1040244695712698,0,430,11,242,SET/9 CHRISTMAS T-LIGHTS SCENTED,0.56,1.25,1.5714285714285714,4.877752737897709,425.1222472621023,0.0,24.832195756570158,0.0,0.0,Healthy,0.0
20879,3.1040244695712698,128,0,7,84,TREE OF NOAH FESTIVE SCENTED CANDLE,0.32,0.65,1.0,3.1040244695712698,124.89597553042873,0.0,24.832195756570158,5.1545985403297845,1.0,Markdown / clear,40.96
20881,3.1040244695712698,51,0,18,32,MODERN CHRISTMAS TREE CANDLE,0.38,0.85,2.5714285714285716,7.98177720746898,43.01822279253102,0.0,24.832195756570158,2.053785355912648,0.3512617853042161,Healthy,0.0
20882,2.5392146649338887,41,0,12,22,MODERN CHRISTMAS TREE CANDLE,1.33,2.95,1.7142857142857142,4.352939425600952,36.64706057439905,0.0,20.31371731947111,2.018340580170458,0.3394468600568194,Healthy,0.0
20884,2.8154898181844623,28,0,16,16,MODERN CHRISTMAS TREE CANDLE,0.94,2.1,2.2857142857142856,6.435405298707342,21.56459470129266,0.0,22.5239185454757,1.2431229469893579,0.08104098232978596,Healthy,0.0
20894,4.118800840000022,6,159,21,113,HANGING BAUBLE T-LIGHT HOLDER LARGE,1.48,2.95,3.0,12.356402520000065,152.64359747999993,0.0,32.950406720000174,0.18209183428252287,0.0,Healthy,0.0
20887,2.5392146649338887,138,0,20,97,BOX OF 6 PEBBLE CANDLES,2.81,5.62,2.857142857142857,7.254899042668254,130.74510095733174,0.0,20.31371731947111,6.79343902593959,1.0,Markdown / clear,387.78
20888,2.527455328645957,702,321,8,439,SET 3 JARDIN DE FEMME SCENT CANDLES,1.88,3.75,1.1428571428571428,2.888520375595379,1020.1114796244046,0.0,20.219642629167655,34.718714513150516,1.0,Markdown / clear,1319.76
20889,2.527455328645957,2126,0,18,1919,JARDIN DE FEMME SCENTED CANDLE,1.48,2.95,2.5714285714285716,6.499170845089604,2119.50082915491,0.0,20.219642629167655,105.14528070506839,1.0,Markdown / clear,3146.48
20890,3.1040244695712698,6009,0,18,4496,SMALL GLASS ROSE SCENTED CANDLE,1.01,2.02,2.5714285714285716,7.98177720746898,6001.018222792531,0.0,24.832195756570158,241.98423928782557,1.0,Markdown / clear,6069.09
20891,2.5392146649338887,7486,0,12,4978,LARGE GLASS ROSE SCENTED CANDLE,3.98,7.95,1.7142857142857142,4.352939425600952,7481.647060574399,0.0,20.31371731947111,368.5194532477085,1.0,Markdown / clear,29794.28
20892,2.5392146649338887,25,40,10,46,SET/3 TALL GLASS CANDLE HOLDER PINK,6.38,12.75,1.4285714285714286,3.627449521334127,61.37255047866587,0.0,20.31371731947111,1.2306954757136939,0.07689849190456462,Healthy,0.0
20886,4.048723158839194,0,240,12,163,BOX OF 9 PEBBLE CANDLES,0.98,1.95,1.7142857142857142,6.940668272295761,233.05933172770423,0.0,32.38978527071355,0.0,0.0,Healthy,0.0
20935,2.5392146649338887,41,106,11,134,ROUND CACTUS CANDLE,1.48,2.95,1.5714285714285714,3.990194473467539,143.00980552653246,0.0,20.31371731947111,2.018340580170458,0.3394468600568194,Healthy,0.0
20936,4.781415970798209,49,156,21,156,FORKED CACTUS CANDLE,1.48,2.95,3.0,14.344247912394627,190.65575208760538,0.0,38.25132776638567,1.281001284432798,0.09366709481093267,Healthy,0.0
20970,53.35597459823982,0,259,17,202,PINK FLORAL FELTCRAFT SHOULDER BAG,1.88,3.75,2.4285714285714284,129.57879545286812,129.42120454713188,0.3593009675884561,426.84779678591855,0.0,0.0,Healthy,0.0
20971,200.28081482392037,0,2661,18,2002,PINK BLUE FELT CRAFT TRINKET BOX,0.62,1.25,2.5714285714285716,515.0078095472238,2145.9921904527764,0.0,1602.246518591363,0.0,0.0,Healthy,0.0
20972,162.2983586667222,0,1285,15,1104,PINK CREAM FELT CRAFT TRINKET BOX,0.62,1.25,2.142857142857143,347.78219714297614,937.2178028570238,0.15107083074544947,1298.3868693337777,0.0,0.0,Healthy,0.0
20973,263.70788899719497,0,1278,13,861,12 PENCIL SMALL TUBE WOODLAND,0.36,0.65,1.8571428571428572,489.7432224233621,788.2567775766379,0.08448690176929397,2109.6631119775598,0.0,0.0,Healthy,0.0
20974,67.01633855749684,0,1001,9,556,12 PENCILS SMALL TUBE SKULL,0.36,0.65,1.2857142857142858,86.1638638596388,914.8361361403612,0.0,536.1307084599747,0.0,0.0,Healthy,0.0
20975,206.34478639075905,0,2220,19,1615,12 PENCILS SMALL TUBE RED RETROSPOT,0.36,0.65,2.7142857142857144,560.0787059177746,1659.9212940822254,0.0,1650.7582911260724,0.0,0.0,Healthy,0.0
20969,50.827251028200855,0,501,20,377,RED FLORAL FELTCRAFT SHOULDER BAG,1.88,3.75,2.857142857142857,145.22071722343102,355.77928277656895,0.05628837459796032,406.61800822560684,0.0,0.0,Healthy,0.0
20976,4.047265063361509,66,261,19,238,12 PENCILS SMALL TUBE POSY,0.36,0.65,2.7142857142857144,10.98543374340981,316.0145662565902,0.0,32.378120506892074,2.0384135634417415,0.3461378544805805,Healthy,0.0
20978,55.25076983899441,0,375,17,323,36 PENCILS TUBE SKULLS,0.69,1.25,2.4285714285714284,134.18044103755784,240.81955896244216,0.2544286100233989,442.00615871195527,0.0,0.0,Healthy,0.0
20979,80.14157804357241,0,338,8,298,36 PENCILS TUBE RED RETROSPOT,0.69,1.25,1.1428571428571428,91.59037490693989,246.40962509306013,0.17312206344610692,641.1326243485793,0.0,0.0,Healthy,0.0
20980,4.047265063361509,82,139,18,114,36 PENCILS TUBE POSY,0.69,1.25,2.5714285714285716,10.407253020072453,210.59274697992754,0.0,32.378120506892074,2.532574427306406,0.5108581424354687,Markdown / clear,56.58
20981,59.798541894239605,0,633,19,429,12 PENCILS TALL TUBE WOODLAND,0.47,0.85,2.7142857142857144,162.31032799865037,470.68967200134966,0.0,478.38833515391684,0.0,0.0,Healthy,0.0
20982,85.55097424877074,0,233,8,195,12 PENCILS TALL TUBE SKULLS,0.47,0.85,1.1428571428571428,97.77254199859513,135.22745800140487,0.30652585640305197,684.4077939901659,0.0,0.0,Healthy,0.0
20983,86.05500495993205,0,500,13,349,12 PENCILS TALL TUBE RED RETROSPOT,0.47,0.85,1.8571428571428572,159.81643778273096,340.183562217269,0.02526199937745266,688.4400396794564,0.0,0.0,Healthy,0.0
20977,16.24757890984576,0,175,7,151,36 PENCILS TUBE WOODLAND,0.69,1.25,1.0,16.24757890984576,158.75242109015423,0.0,129.98063127876608,0.0,0.0,Healthy,0.0
20968,2.5392146649338887,62,0,14,57,GREEN FLORAL FELTCRAFT SHOULDER BAG,1.88,3.75,2.0,5.078429329867777,56.921570670132226,0.0013759531555749271,20.31371731947111,3.0521247797699607,0.6840415932566536,Markdown / clear,116.56
20967,2.5392146649338887,0,177,11,98,GREY FLORAL FELTCRAFT SHOULDER BAG,1.88,3.75,1.5714285714285714,3.990194473467539,173.00980552653246,0.0,20.31371731947111,0.0,0.0,Healthy,0.0
20966,4.158103325973028,0,364,8,206,SANDWICH BATH SPONGE,0.62,1.25,1.1428571428571428,4.752118086826317,359.24788191317367,0.0,33.26482660778422,0.0,0.0,Healthy,0.0
20940,2.5392146649338887,285,0,11,197,SET/6 GARDEN GNOME T-LIGHT CANDLES,1.48,2.95,1.5714285714285714,3.990194473467539,281.0098055265325,0.0,20.31371731947111,14.029928423136111,1.0,Markdown / clear,421.8
20941,3.1040244695712698,0,421,21,396,FROG CANDLE,0.62,1.25,3.0,9.31207340871381,411.6879265912862,0.0,24.832195756570158,0.0,0.0,Healthy,0.0
20942,3.1040244695712698,62,0,14,39,SET/6 GINGERBREAD TREE T-LIGHTS,0.62,1.25,2.0,6.2080489391425395,55.79195106085746,0.0,24.832195756570158,2.496758667972239,0.4989195559907464,Healthy,0.0
20943,3.1040244695712698,18,247,14,160,SET/6 GINGERBREAD STAR T-LIGHTS,0.62,1.25,2.0,6.2080489391425395,258.79195106085746,0.0,24.832195756570158,0.7248654197338759,0.0,Healthy,0.0
20950,3.1040244695712698,73,312,13,211,SET/6  ANGEL T-LIGHTS WHITE/GOLD,0.21,0.42,1.8571428571428572,5.764616872060929,379.2353831279391,0.0,24.832195756570158,2.93973198003183,0.6465773266772766,Markdown / clear,15.33
20952,3.1040244695712698,521,0,9,393,PORCELAIN CHERUB BELL SMALL,0.21,0.42,1.2857142857142858,3.99088860373449,517.0091113962656,0.0,24.832195756570158,20.980826871186075,1.0,Markdown / clear,109.41
20953,3.1040244695712698,123,0,21,105,PORCELAIN CHERUB BELL LARGE,0.82,1.65,3.0,9.31207340871381,113.68792659128619,0.0,24.832195756570158,4.953247034848152,1.0,Markdown / clear,100.86
20954,2.5392146649338887,34,0,7,14,*USB Office Mirror Ball,4.24,8.47,1.0,2.5392146649338887,31.460785335066113,0.0,20.31371731947111,1.6737458469706237,0.2245819489902079,Healthy,0.0
20956,42.00346489120484,0,422,9,248,PORCELAIN T-LIGHT HOLDERS ASSORTED,0.62,1.25,1.2857142857142858,54.00445486012052,367.9955451398795,0.0,336.02771912963874,0.0,0.0,Healthy,0.0
20957,3.1040244695712698,127,126,10,135,PORCELAIN HANGING BELL SMALL,0.72,1.45,1.4285714285714286,4.4343206708161,248.5656793291839,0.0,24.832195756570158,5.1143282392334575,1.0,Markdown / clear,91.44
20958,3.1040244695712698,77,0,11,62,PORCELAIN HANGING BELL LARGE,0.98,1.95,1.5714285714285714,4.877752737897709,72.12224726210229,0.0,24.832195756570158,3.100813184417136,0.7002710614723786,Markdown / clear,75.46
20960,3.1040244695712698,0,196,8,185,WATERMELON BATH SPONGE,0.62,1.25,1.1428571428571428,3.5474565366528794,192.45254346334713,0.0,24.832195756570158,0.0,0.0,Healthy,0.0
20961,61.07582919101639,0,324,7,174,STRAWBERRY BATH SPONGE,0.62,1.25,1.0,61.07582919101639,262.9241708089836,0.0,488.6066335281311,0.0,0.0,Healthy,0.0
20963,60.216734867624794,0,380,17,337,APPLE BATH SPONGE,0.62,1.25,2.4285714285714284,146.24064182137448,233.75935817862552,0.30635205288241685,481.73387894099835,0.0,0.0,Healthy,0.0
20964,2.5392146649338887,115,0,21,86,POLYESTER FILLER PAD 60x40cm,1.27,2.55,3.0,7.617643994801666,107.38235600519833,0.0,20.31371731947111,5.661199188282992,1.0,Markdown / clear,146.05
20871,2.8154898181844623,0,532,14,434,OPULENT VELVET SET/3 CANDLES,1.05,2.1,2.0,5.630979636368925,526.3690203636311,0.0,22.5239185454757,0.0,0.0,Healthy,0.0
20984,8.263798311819013,0,1025,8,640,12 PENCILS TALL TUBE POSY,0.16,0.29,1.1428571428571428,9.444340927793156,1015.5556590722068,0.0,66.1103864945521,0.0,0.0,Healthy,0.0
20870,2.8154898181844623,122,0,8,82,OPULENT VELVET CANDLE IN BOX,1.05,2.1,1.1428571428571428,3.217702649353671,118.78229735064633,0.0,22.5239185454757,5.416464269025059,1.0,Markdown / clear,128.1
20868,49.673063265926054,158,473,10,345,SILVER FABRIC MIRROR,0.42,0.85,1.4285714285714286,70.96151895132293,560.0384810486771,0.0,397.38450612740843,0.39759979959898695,0.0,Healthy,0.0
20798,2.8154898181844623,0,215,17,190,CLEAR MILKSHAKE GLASS,1.05,2.1,2.4285714285714284,6.83761812987655,208.16238187012345,0.0,22.5239185454757,0.0,0.0,Healthy,0.0
20799,2.5392146649338887,264,194,8,158,PINK MILKSHAKE GLASS,1.58,3.16,1.1428571428571428,2.901959617067301,455.0980403829327,0.0,20.31371731947111,12.996144223536607,1.0,Markdown / clear,417.12
20800,2.5392146649338887,6446,0,11,4631,LARGE GLASS SUNDAE DISH CLEAR,2.53,5.06,1.5714285714285714,3.990194473467539,6442.009805526533,0.0,20.31371731947111,317.32252145801885,1.0,Markdown / clear,16308.38
20801,2.5392146649338887,0,385,10,230,LARGE PINK GLASS SUNDAE DISH,1.23,2.46,1.4285714285714286,3.627449521334127,381.37255047866586,0.0,20.31371731947111,0.0,0.0,Healthy,0.0
20802,12.977043044421047,0,379,16,276,SMALL GLASS SUNDAE DISH CLEAR,0.82,1.65,2.2857142857142856,29.66181267296239,349.3381873270376,0.0,103.81634435536837,0.0,0.0,Healthy,0.0
20803,3.1040244695712698,242,493,17,457,SMALL PINK GLASS SUNDAE DISH,0.82,1.65,2.4285714285714284,7.538345140387369,727.4616548596126,0.0,24.832195756570158,9.745412865310998,1.0,Markdown / clear,198.44
20796,3.4908755161689506,142,72,16,102,SMALL BLUE PROVENCAL CERAMIC BALL,0.82,1.65,2.2857142857142856,7.979144036957601,206.0208559630424,0.0,27.927004129351605,5.084684319960993,1.0,Markdown / clear,116.44
20804,2.5392146649338887,388,209,17,346,GLASS CHICKEN BUTTER DISH,1.68,3.36,2.4285714285714284,6.166664186268015,590.833335813732,0.0,20.31371731947111,19.10039378307653,1.0,Markdown / clear,651.84
20814,3.1040244695712698,584,0,18,505,SILVER FINCH DECORATION,0.62,1.25,2.5714285714285716,7.98177720746898,576.018222792531,0.0,24.832195756570158,23.51785584025464,1.0,Markdown / clear,362.08
20816,2.5392146649338887,98,0,11,58,GOLD FLOWER CUSHION COVER,3.38,6.75,1.5714285714285714,3.990194473467539,94.00980552653246,0.0,20.31371731947111,4.82432626479768,1.0,Markdown / clear,331.24
20818,2.5392146649338887,67,52,8,48,GOLD TEDDY BEAR,1.88,3.75,1.1428571428571428,2.901959617067301,116.0980403829327,0.0,20.31371731947111,3.2982638749126996,0.7660879583042332,Markdown / clear,125.96
20819,10.223495156993785,60,114,16,115,SILVER TEDDY BEAR,1.88,3.75,2.2857142857142856,23.36798893027151,150.6320110697285,0.0,81.78796125595028,0.733604299197944,0.0,Healthy,0.0
20820,2.5392146649338887,43,0,20,33,SILVER LOOKING MIRROR,2.48,4.95,2.857142857142857,7.254899042668254,35.74510095733174,0.0,20.31371731947111,2.1167962182275537,0.37226540607585124,Healthy,0.0
20821,2.5392146649338887,56,24,21,48,GOLDIE LOOKING MIRROR,5.08,10.17,3.0,7.617643994801666,72.38235600519833,0.0,20.31371731947111,2.7567578655986744,0.5855859551995581,Markdown / clear,284.48
20812,2.5392146649338887,59,0,21,39,EMBOSSED FLOWER TRELLIS PHOTO FRAME,1.27,2.55,3.0,7.617643994801666,51.38235600519833,0.0,20.31371731947111,2.9044413226843178,0.6348137742281059,Markdown / clear,74.93
20822,2.5392146649338887,46,0,10,20,SILVER WINE GOBLET,2.33,4.65,1.4285714285714286,3.627449521334127,42.37255047866587,0.0,20.31371731947111,2.2644796753131966,0.42149322510439885,Healthy,0.0
20795,5.907885018959853,75,72,8,70,LARGE BLUE PROVENCAL CERAMIC BALL,1.05,2.1,1.1428571428571428,6.751868593096974,140.248131406903,0.0,47.26308015167882,1.586862298422079,0.19562076614069301,Healthy,0.0
20793,2.5392146649338887,679,264,15,516,BLUE TILED TRAY,3.38,6.75,2.142857142857143,5.44117428200119,937.5588257179988,0.0,20.31371731947111,33.42568912038393,1.0,Markdown / clear,2295.02
20774,4.047265063361509,2504,2693,11,2185,GREEN FERN NOTEBOOK,0.91,1.65,1.5714285714285714,6.359987956710943,5190.640012043289,0.0,32.378120506892074,77.33617519482002,1.0,Markdown / clear,2278.64
20775,15.93236313882613,3217,3398,15,2862,DAISY NOTEBOOK,0.91,1.65,2.142857142857143,34.14077815462742,6580.859221845372,0.0,127.45890511060904,25.239507566837187,1.0,Markdown / clear,2927.47
20776,4.047265063361509,4003,3173,14,3283,ABSTRACT CIRCLES NOTEBOOK,0.91,1.65,2.0,8.094530126723019,7167.905469873277,0.0,32.378120506892074,123.63287112814078,1.0,Markdown / clear,3642.73
20777,20.330664551306572,2578,2931,19,2540,CHRYSANTHEMUM NOTEBOOK,0.91,1.65,2.7142857142857144,55.183232353546416,5453.816767646454,0.0,162.64531641045258,15.850441051091478,1.0,Markdown / clear,2345.98
20778,4.047265063361509,3424,3427,13,2932,GARDEN PATH NOTEBOOK,0.91,1.65,1.8571428571428572,7.51634940338566,6843.483650596614,0.0,32.378120506892074,105.75042486703823,1.0,Markdown / clear,3115.84
20780,3.3726285907061757,0,96,11,68,BLACK EAR MUFF HEADPHONES,2.74,5.49,1.5714285714285714,5.299844928252562,90.70015507174743,0.0,26.981028725649406,0.0,0.0,Healthy,0.0
20794,4.58857472322984,47,127,11,69,BLUE  TILE HOOK,1.27,2.55,1.5714285714285714,7.21061742221832,166.78938257778168,0.0,36.70859778583872,1.2803539997414843,0.09345133324716144,Healthy,0.0
20781,3.3726285907061757,0,26,7,21,GOLD EAR MUFF HEADPHONES,2.74,5.49,1.0,3.3726285907061757,22.627371409293826,0.0,26.981028725649406,0.0,0.0,Healthy,0.0
20783,2.5392146649338887,83,60,19,130,HEART EAR MUFF HEADPHONES,2.74,5.49,2.7142857142857144,6.8921540905348415,136.10784590946517,0.0,20.31371731947111,4.085908979369464,1.0,Markdown / clear,227.42
20784,2.5392146649338887,22,42,7,38,RED RETRO BAR STOOL,17.0,34.0,1.0,2.5392146649338887,61.46078533506611,0.0,20.31371731947111,1.0830120186280505,0.02767067287601684,Healthy,0.0
20785,2.5392146649338887,72,45,20,85,FUSCHIA RETRO BAR STOOL,17.0,34.0,2.857142857142857,7.254899042668254,109.74510095733174,0.0,20.31371731947111,3.5444029700554385,0.8481343233518128,Markdown / clear,1224.0
20786,2.5392146649338887,86,52,15,81,BLACK RETRO BAR STOOL,17.0,34.0,2.142857142857143,5.44117428200119,132.55882571799881,0.0,20.31371731947111,4.233592436455107,1.0,Markdown / clear,1462.0
20787,2.5392146649338887,50,37,9,44,BLUE RETRO BAR STOOL,17.0,34.0,1.2857142857142858,3.264704569200714,83.73529543079928,0.0,20.31371731947111,2.4613909514273877,0.4871303171424626,Healthy,0.0
20782,2.5392146649338887,0,67,12,40,CAMOUFLAGE EAR MUFF HEADPHONES,2.74,5.49,1.7142857142857142,4.352939425600952,62.64706057439905,0.0,20.31371731947111,0.0,0.0,Healthy,0.0
20823,2.5392146649338887,419,213,10,243,GOLD WINE GOBLET,2.12,4.25,1.4285714285714286,3.627449521334127,628.3725504786659,0.0,20.31371731947111,20.62645617296151,1.0,Markdown / clear,888.28
20825,2.5392146649338887,1401,0,7,914,GOLD WINE GLASS,1.88,3.75,1.0,2.5392146649338887,1398.460785335066,0.0,20.31371731947111,68.9681744589954,1.0,Markdown / clear,2633.88
20826,3.1040244695712698,363,0,9,351,SILVER APERITIF GLASS,0.95,1.9,1.2857142857142858,3.99088860373449,359.0091113962655,0.0,24.832195756570158,14.618119297966498,1.0,Markdown / clear,344.85
20851,2.5392146649338887,511,301,9,376,ZINC HEART LATTICE TRAY OVAL,2.98,5.95,1.2857142857142858,3.264704569200714,808.7352954307993,0.0,20.31371731947111,25.1554155235879,1.0,Markdown / clear,1522.78
20854,3.1040244695712698,0,138,9,92,BLUE PATCH PURSE PINK HEART,0.82,1.65,1.2857142857142858,3.99088860373449,134.0091113962655,0.0,24.832195756570158,0.0,0.0,Healthy,0.0
20855,3.1040244695712698,64,90,14,70,PINK PATCH PURSE BLUE HEART,0.82,1.65,2.0,6.2080489391425395,147.79195106085746,0.0,24.832195756570158,2.5772992701648922,0.5257664233882974,Markdown / clear,52.48
20856,3.1040244695712698,0,54,7,42,DENIM PATCH PURSE PINK BUTTERFLY,0.82,1.65,1.0,3.1040244695712698,50.89597553042873,0.0,24.832195756570158,0.0,0.0,Healthy,0.0
20857,3.1040244695712698,0,104,11,57,BLUE ROSE PATCH PURSE PINK BUTTERFL,0.82,1.65,1.5714285714285714,4.877752737897709,99.12224726210229,0.0,24.832195756570158,0.0,0.0,Healthy,0.0
20858,3.1040244695712698,104,0,13,52,SILVER PURSE GOLD PINK BUTTERFLY,0.82,1.65,1.8571428571428572,5.764616872060929,98.23538312793907,0.0,24.832195756570158,4.18811131401795,1.0,Markdown / clear,85.28
20850,2.527455328645957,2440,751,21,1959,ZINC HEART LATTICE PLANTER BOWL,1.48,2.95,3.0,7.582365985937871,3183.417634014062,0.0,20.219642629167655,120.67473420525252,1.0,Markdown / clear,3611.2
20860,2.8154898181844623,53,0,21,48,GOLD COSMETICS BAG WITH BUTTERFLY,1.05,2.1,3.0,8.446469454553387,44.55353054544661,0.07180144696986224,22.5239185454757,2.353054149658427,0.4510180498861424,Healthy,0.0
20862,461.59912221086273,290,244,9,197,PINK PATCH PENCIL CASE BLUE HEART,1.16,2.1,1.2857142857142858,593.4845856996807,-59.48458569968068,1.0,3692.792977686902,0.07853134517756008,0.0,Reorder now,1246.32
20863,461.59912221086273,207,162,20,243,BLUE PATCH PENCIL CASE PINK HEART,1.16,2.1,2.857142857142857,1318.8546348881794,-949.8546348881794,1.0,3692.792977686902,0.0560551325922584,0.0,Reorder now,2769.59
20864,461.59912221086273,200,146,8,167,DENIM PATCH PENCIL CASE BUTTERFLY,1.16,2.1,1.1428571428571428,527.5418539552717,-181.54185395527168,1.0,3692.792977686902,0.0541595483983173,0.0,Reorder now,1107.84
20865,461.59912221086273,331,154,18,284,PATCHWORK PENCIL CASE BUTTERFLY,1.16,2.1,2.5714285714285716,1186.9691713993614,-701.9691713993614,1.0,3692.792977686902,0.08963405259921513,0.0,Reorder now,2492.64
20866,14.39096586697231,0,404,19,356,BLUE ROSE FABRIC MIRROR,0.62,1.25,2.7142857142857144,39.061193067496276,364.9388069325037,0.0,115.12772693577848,0.0,0.0,Healthy,0.0
20867,14.66572081151687,0,438,20,364,PINK ROSE FABRIC MIRROR,0.62,1.25,2.857142857142857,41.902059461476775,396.09794053852323,0.0,117.32576649213496,0.0,0.0,Healthy,0.0
20861,2.8154898181844623,117,42,21,80,GOLD COSMETIC BAG PINK STAR,1.05,2.1,3.0,8.446469454553387,150.55353054544662,0.0,22.5239185454757,5.194478028491245,1.0,Markdown / clear,122.85
20849,2.5392146649338887,1987,592,21,1619,ZINC HEART LATTICE DOUBLE PLANTER,1.88,3.75,3.0,7.617643994801666,2571.3823560051983,0.0,20.31371731947111,97.81567640972439,1.0,Markdown / clear,3735.56
20848,2.5392146649338887,58,0,10,48,ZINC HEART LATTICE CHARGER SMALL,1.48,2.95,1.4285714285714286,3.627449521334127,54.37255047866587,0.0,20.31371731947111,2.85521350365577,0.61840450121859,Markdown / clear,85.84
20847,2.5392146649338887,93,46,20,83,ZINC HEART LATTICE CHARGER LARGE,1.88,3.75,2.857142857142857,7.254899042668254,131.74510095733174,0.0,20.31371731947111,4.578187169654941,1.0,Markdown / clear,174.84
20827,2.5392146649338887,702,0,15,484,GOLD APERITIF GLASS,1.06,2.12,2.142857142857143,5.44117428200119,696.5588257179988,0.0,20.31371731947111,34.55792895804053,1.0,Markdown / clear,744.12
20828,30.82602131295945,0,522,15,353,GLITTER BUTTERFLY CLIPS,1.27,2.55,2.142857142857143,66.05575995634167,455.94424004365834,0.0,246.6081705036756,0.0,0.0,Healthy,0.0
20829,37.71439527375462,0,538,12,438,GLITTER HANGING BUTTERFLY STRING,1.05,2.1,1.7142857142857142,64.6532490407222,473.3467509592778,0.0,301.71516219003695,0.0,0.0,Healthy,0.0
20830,2.8154898181844623,0,181,11,123,SILVER PHOTO FRAME,1.05,2.1,1.5714285714285714,4.424341142861298,176.5756588571387,0.0,22.5239185454757,0.0,0.0,Healthy,0.0
20831,4.0357547905544315,80,199,19,216,GOLD PHOTO FRAME,1.05,2.1,2.7142857142857144,10.95419157436203,268.045808425638,0.0,32.28603832443545,2.4778512369990153,0.4926170789996718,Healthy,0.0
20832,18.196060361524566,0,401,13,291,RED FLOCK LOVE HEART PHOTO FRAME,0.42,0.85,1.8571428571428572,33.79268352854562,367.20731647145436,0.0,145.56848289219653,0.0,0.0,Healthy,0.0
20833,2.5392146649338887,369,0,19,263,SHAKER THROW  QUILTED,6.38,12.75,2.7142857142857144,6.8921540905348415,362.10784590946514,0.0,20.31371731947111,18.16506522153412,1.0,Markdown / clear,2354.22
20835,4.435574205436875,247,0,21,203,FRENCH LATTICE CUSHION COVER,0.42,0.83,3.0,13.306722616310626,233.69327738368938,0.0,35.484593643495,6.960767325717418,1.0,Markdown / clear,103.74
20836,8.103018712626,224,152,11,141,FRENCH PAISLEY CUSHION COVER,0.42,0.83,1.5714285714285714,12.733315119840857,363.2666848801591,0.0,64.824149701008,3.4555023248768792,0.8185007749589598,Markdown / clear,94.08
20837,9.879368772547982,110,150,10,119,FRENCH FLORAL CUSHION COVER,0.42,0.83,1.4285714285714286,14.113383960782832,245.88661603921716,0.0,79.03495018038386,1.3917893254685891,0.13059644182286304,Healthy,0.0
20838,10.612066304638361,143,244,21,231,FRENCH LATTICE CUSHION COVER,0.42,0.85,3.0,31.836198913915084,355.1638010860849,0.0,84.89653043710689,1.6844033468003425,0.2281344489334475,Healthy,0.0
20839,17.169561196028386,0,207,16,148,FRENCH PAISLEY CUSHION COVER,1.48,2.95,2.2857142857142856,39.24471130520774,167.75528869479226,0.0,137.3564895682271,0.0,0.0,Healthy,0.0
20840,23.633076543163096,0,313,11,258,FRENCH FLORAL CUSHION COVER,0.85,1.7,1.5714285714285714,37.13769171068486,275.86230828931514,0.0,189.06461234530477,0.0,0.0,Healthy,0.0
20845,2.5392146649338887,103,52,16,80,ZINC HEART LATTICE 2 WALL PLANTER,3.18,6.35,2.2857142857142856,5.803919234134602,149.1960807658654,0.0,20.31371731947111,5.070465359940419,1.0,Markdown / clear,327.54
20846,30.18706386942725,0,317,14,224,ZINC HEART LATTICE T-LIGHT HOLDER,0.62,1.25,2.0,60.3741277388545,256.6258722611455,0.0,241.496510955418,0.0,0.0,Healthy,0.0
20869,30.472624727758074,368,248,20,487,GOLD FABRIC MIRROR,0.42,0.85,2.857142857142857,87.06464207930878,528.9353579206912,0.0,243.7809978220646,1.5095516192308094,0.16985053974360312,Healthy,0.0
20985,22.76145660318413,0,316,15,304,HEART CALCULATOR,0.62,1.25,2.142857142857143,48.77454986396599,267.225450136034,0.12096891402620391,182.09165282547303,0.0,0.0,Healthy,0.0
20986,41.899321279448344,0,305,20,284,BLUE CALCULATOR RULER,0.62,1.25,2.857142857142857,119.71234651270956,185.28765348729044,0.34757868490390686,335.19457023558675,0.0,0.0,Healthy,0.0
20987,3.1040244695712698,275,0,8,199,GEISHA GIRL CHOPSTICKS SET/5,0.98,1.95,1.1428571428571428,3.5474565366528794,271.4525434633471,0.0,24.832195756570158,11.07433280148977,1.0,Markdown / clear,269.5
21115,21.34235882170027,0,123,9,87,ROSE CARAVAN DOORSTOP,3.38,6.75,1.2857142857142858,27.44017562790035,95.55982437209965,0.0,170.73887057360216,0.0,0.0,Healthy,0.0
21116,37.94207183747892,0,127,9,68,OWL DOORSTOP,4.14,8.29,1.2857142857142858,48.78266379104433,78.21733620895567,0.0,303.53657469983136,0.0,0.0,Healthy,0.0
21117,12.624145805253205,281,182,11,237,BLOND DOLL DOORSTOP,0.62,1.25,1.5714285714285714,19.837943408255036,443.16205659174494,0.0,100.99316644202564,2.7823664699265165,0.5941221566421722,Markdown / clear,174.22
21118,3.1040244695712698,305,0,15,213,SHOPPING BAG DOORSTOP,0.62,1.25,2.142857142857143,6.65148100622415,298.3485189937758,0.0,24.832195756570158,12.282441834379565,1.0,Markdown / clear,189.1
21119,2.5392146649338887,20,0,9,9,Glow In The Dark Shot Glasses,6.78,13.57,1.2857142857142858,3.264704569200714,16.735295430799287,0.0,20.31371731947111,0.9845563805709551,0.0,Healthy,0.0
21114,23.494154135274506,0,509,15,414,LAVENDER SCENTED FABRIC HEART,0.62,1.25,2.142857142857143,50.344616004159654,458.65538399584034,0.0,187.95323308219605,0.0,0.0,Healthy,0.0
21121,89.37476386585185,0,998,8,532,SET/10 RED POLKADOT PARTY CANDLES,0.62,1.25,1.1428571428571428,102.14258727525925,895.8574127247407,0.0,714.9981109268148,0.0,0.0,Healthy,0.0
21123,23.886432164977773,0,203,7,171,SET/10 IVORY POLKADOT PARTY CANDLES,0.62,1.25,1.0,23.886432164977773,179.11356783502222,0.0,191.09145731982218,0.0,0.0,Healthy,0.0
21124,45.816421795476764,0,782,17,720,SET/10 BLUE SPOTTY PARTY CANDLES,0.62,1.25,2.4285714285714284,111.26845293187213,670.7315470681278,0.06842840684982243,366.5313743638141,0.0,0.0,Healthy,0.0
21125,14.19984000031948,0,337,7,182,SET 6 FOOTBALL CELEBRATION CANDLES,0.62,1.25,1.0,14.19984000031948,322.80015999968055,0.0,113.59872000255584,0.0,0.0,Healthy,0.0
21126,17.771554434319317,0,399,9,251,SET OF 6 GIRLS CELEBRATION CANDLES,0.62,1.25,1.2857142857142858,22.849141415553408,376.1508585844466,0.0,142.17243547455453,0.0,0.0,Healthy,0.0
21127,2.5392146649338887,102,100,9,198,COLOURFUL FISHING GNOME,2.98,5.95,1.2857142857142858,3.264704569200714,198.73529543079928,0.0,20.31371731947111,5.021237540911871,1.0,Markdown / clear,303.96
21128,2.5392146649338887,47,71,19,62,GOLD FISHING GNOME,6.23,12.46,2.7142857142857144,6.8921540905348415,111.10784590946515,0.0,20.31371731947111,2.3137074943417444,0.4379024981139148,Healthy,0.0
21122,59.28566527135407,0,867,15,706,SET/10 PINK POLKADOT PARTY CANDLES,0.62,1.25,2.142857142857143,127.04071129575871,739.9592887042413,0.0,474.28532217083256,0.0,0.0,Healthy,0.0
21129,5.975228287937488,0,32,7,23,SILVER FISHING GNOME,3.48,6.95,1.0,5.975228287937488,26.024771712062513,0.0,47.8018263034999,0.0,0.0,Healthy,0.0
21112,24.880629086987014,0,570,20,560,"SWISS ROLL TOWEL, PINK  SPOTS",1.48,2.95,2.857142857142857,71.08751167710575,498.91248832289426,0.10908484228054594,199.0450326958961,0.0,0.0,Healthy,0.0
21110,13.27836939249607,0,207,9,151,LARGE CAKE TOWEL PINK SPOTS,3.38,6.75,1.2857142857142858,17.07218921892352,189.9278107810765,0.0,106.22695513996857,0.0,0.0,Healthy,0.0
21091,4.047265063361509,26272,0,19,21951,SET/6 WOODLAND PAPER PLATES,0.42,0.85,2.7142857142857144,10.98543374340981,26261.014566256592,0.0,32.378120506892074,811.4121384657793,1.0,Markdown / clear,11034.24
21092,4.047265063361509,35412,0,21,28861,SET/6 STRAWBERRY PAPER PLATES,0.42,0.85,3.0,12.141795190084528,35399.85820480991,0.0,32.378120506892074,1093.701531948469,1.0,Markdown / clear,14873.04
21094,73.62108735889652,0,1203,8,666,SET/6 RED SPOTTY PAPER PLATES,0.42,0.85,1.1428571428571428,84.13838555302459,1118.8616144469754,0.0,588.9686988711721,0.0,0.0,Healthy,0.0
21095,4.047265063361509,137,109,20,203,SET/6 POSIES PAPER PLATES,0.42,0.85,2.857142857142857,11.56361446674717,234.43638553325283,0.0,32.378120506892074,4.231252396841191,1.0,Markdown / clear,57.54
21096,10.822609366338218,0,7280,7,5197,SET/6 FRUIT SALAD  PAPER PLATES,0.42,0.83,1.0,10.822609366338218,7269.177390633662,0.0,86.58087493070575,0.0,0.0,Healthy,0.0
21097,4.047265063361509,119,0,14,87,SET/6 GREEN SPRING  PAPER PLATE,0.42,0.85,2.0,8.094530126723019,110.90546987327699,0.0,32.378120506892074,3.675321424993443,0.8917738083311476,Markdown / clear,49.98
21111,19.100136245127178,0,373,20,269,"SWISS ROLL TOWEL, CHOCOLATE  SPOTS",1.48,2.95,2.857142857142857,54.57181784322051,318.4281821567795,0.0,152.80108996101742,0.0,0.0,Healthy,0.0
21098,128.30318078799164,0,1910,15,1303,CHRISTMAS TOILET ROLL,0.56,1.25,2.142857142857143,274.9353874028392,1635.0646125971607,0.0,1026.425446303933,0.0,0.0,Healthy,0.0
21100,3.1040244695712698,0,452,9,284,CHARLIE AND LOLA CHARLOTTE BAG,0.82,1.65,1.2857142857142858,3.99088860373449,448.0091113962655,0.0,24.832195756570158,0.0,0.0,Healthy,0.0
21102,2.527455328645957,63,0,9,59,"CANDLE IN JAR COLLAGE , VANILLA",1.27,2.55,1.2857142857142858,3.249585422544802,59.750414577455196,0.0,20.219642629167655,3.1157820716929954,0.7052606905643318,Markdown / clear,80.01
21106,24.766872902445254,0,165,19,147,CREAM SLICE FLANNEL CHOCOLATE SPOT,1.48,2.95,2.7142857142857144,67.22436930663712,97.77563069336288,0.3348596551471913,198.13498321956203,0.0,0.0,Healthy,0.0
21107,64.37712804982603,0,383,11,262,CREAM SLICE FLANNEL PINK SPOT,1.48,2.95,1.5714285714285714,101.16405836401232,281.8359416359877,0.0,515.0170243986082,0.0,0.0,Healthy,0.0
21108,302.3920576591472,0,2330,11,1778,FAIRY CAKE FLANNEL ASSORTED COLOUR,1.27,2.55,1.5714285714285714,475.1875191786599,1854.8124808213402,0.0,2419.1364612731777,0.0,0.0,Healthy,0.0
21109,30.44737749575396,0,357,20,296,"LARGE CAKE TOWEL, CHOCOLATE SPOTS",3.38,6.75,2.857142857142857,86.9925071307256,270.0074928692744,0.08781252409028917,243.57901996603167,0.0,0.0,Healthy,0.0
21099,4.047265063361509,24997,13212,12,18829,SET/6 STRAWBERRY PAPER CUPS,0.32,0.65,1.7142857142857142,6.938168680048301,38202.06183131995,0.0,32.378120506892074,772.0336946265638,1.0,Markdown / clear,7999.04
21130,2.5392146649338887,987,716,13,718,COLOURFUL STANDING GNOME,1.72,3.45,1.8571428571428572,4.715684377734365,1698.2843156222657,0.0,20.31371731947111,48.58785738117663,1.0,Markdown / clear,1697.64
21131,3.3726285907061757,159,149,15,199,GOLD STANDING GNOME,2.12,4.25,2.142857142857143,7.227061265798948,300.77293873420103,0.0,26.981028725649406,5.893029565950067,1.0,Markdown / clear,337.08
21132,3.3726285907061757,41,60,14,42,SILVER STANDING GNOME,2.12,4.25,2.0,6.745257181412351,94.25474281858764,0.0,26.981028725649406,1.5195862402764324,0.17319541342547748,Healthy,0.0
21162,53.185789879777865,0,498,16,399,TOXIC AREA  DOOR HANGER,0.72,1.45,2.2857142857142856,121.56751972520654,376.4324802747935,0.056560199812547673,425.4863190382229,0.0,0.0,Healthy,0.0
21163,10.26226919808539,0,782,15,575,DO NOT TOUCH MY STUFF DOOR HANGER,0.72,1.45,2.142857142857143,21.99057685304012,760.0094231469599,0.0,82.09815358468312,0.0,0.0,Healthy,0.0
21164,24.012818532929078,0,794,21,586,HOME SWEET HOME METAL SIGN,1.48,2.95,3.0,72.03845559878724,721.9615444012128,0.0,192.10254826343262,0.0,0.0,Healthy,0.0
21165,86.42357075850228,0,600,13,483,BEWARE OF THE CAT METAL SIGN,0.84,1.69,1.8571428571428572,160.5009171229328,439.49908287706717,0.09006401060648617,691.3885660680182,0.0,0.0,Healthy,0.0
21166,180.71138746391534,0,1225,11,874,COOK WITH WINE METAL SIGN,0.98,1.95,1.5714285714285714,283.97503744329555,941.0249625567044,0.0,1445.6910997113227,0.0,0.0,Healthy,0.0
21167,54.02912326819383,0,363,7,313,WHITE SAGE INCENSE,0.21,0.42,1.0,54.02912326819383,308.9708767318062,0.012872598300938676,432.2329861455506,0.0,0.0,Healthy,0.0
21161,3.1040244695712698,0,648,10,576,KEEP OUT BOYS DOOR HANGER,0.72,1.45,1.4285714285714286,4.4343206708161,643.5656793291839,0.0,24.832195756570158,0.0,0.0,Healthy,0.0
21169,108.5427377199189,0,486,7,372,YOU'RE CONFUSING ME METAL SIGN,0.84,1.69,1.0,108.5427377199189,377.45726228008107,0.0,868.3419017593512,0.0,0.0,Healthy,0.0
21172,82.16140702116259,0,747,20,549,PARTY METAL SIGN,0.72,1.45,2.857142857142857,234.74687720332167,512.2531227966783,0.06693420255614146,657.2912561693007,0.0,0.0,Healthy,0.0
21173,3.1040244695712698,93,194,14,136,LOO ROLL  METAL SIGN,0.82,1.65,2.0,6.2080489391425395,280.79195106085746,0.0,24.832195756570158,3.745138001958359,0.9150460006527864,Markdown / clear,76.26
21174,103.81064241360359,0,855,20,647,POTTERING IN THE SHED METAL SIGN,1.04,2.08,2.857142857142857,296.60183546743883,558.3981645325612,0.13694255868228566,830.4851393088287,0.0,0.0,Healthy,0.0
21175,246.79367849892452,0,1152,8,937,GIN + TONIC DIET METAL SIGN,1.05,2.1,1.1428571428571428,282.04991828448516,869.9500817155149,0.07155807714459461,1974.3494279913962,0.0,0.0,Healthy,0.0
21179,3.1040244695712698,0,440,8,271,NO JUNK MAIL METAL SIGN,0.62,1.25,1.1428571428571428,3.5474565366528794,436.4525434633471,0.0,24.832195756570158,0.0,0.0,Healthy,0.0
21181,178.24890969302533,0,2568,19,1730,PLEASE ONE PERSON METAL SIGN,1.05,2.1,2.7142857142857144,483.8184691667831,2084.181530833217,0.0,1425.9912775442026,0.0,0.0,Healthy,0.0
21171,3.1040244695712698,0,297,12,256,BATHROOM METAL SIGN,0.72,1.45,1.7142857142857142,5.321184804979319,291.67881519502066,0.0,24.832195756570158,0.0,0.0,Healthy,0.0
21160,3.1040244695712698,107,296,10,386,KEEP OUT GIRLS DOOR HANGER,0.72,1.45,1.4285714285714286,4.4343206708161,398.5656793291839,0.0,24.832195756570158,4.308922217306929,1.0,Markdown / clear,77.04
21159,39.83589784888861,0,339,10,264,MOODY BOY  DOOR HANGER,0.72,1.45,1.4285714285714286,56.9084254984123,282.09157450158773,0.0,318.68718279110885,0.0,0.0,Healthy,0.0
21158,53.238077003402914,0,471,20,445,MOODY GIRL DOOR HANGER,0.72,1.45,2.857142857142857,152.10879143829405,318.891208561706,0.28339054255796414,425.9046160272233,0.0,0.0,Healthy,0.0
21133,3.1040244695712698,442,239,17,392,PAINTED BIRD ASSORTED CHRISTMAS,0.76,1.69,2.4285714285714284,7.538345140387369,673.4616548596126,0.0,24.832195756570158,17.799473084576288,1.0,Markdown / clear,335.92
21134,3.1040244695712698,279,179,19,316,VICTORIAN METAL POSTCARD CHRISTMAS,0.74,1.65,2.7142857142857144,8.425209274550589,449.5747907254494,0.0,24.832195756570158,11.235414005875077,1.0,Markdown / clear,206.46
21135,78.86165139810299,0,585,12,527,VICTORIAN  METAL POSTCARD SPRING,0.93,1.69,1.7142857142857142,135.19140239674797,449.808597603252,0.14647324932969263,630.8932111848239,0.0,0.0,Healthy,0.0
21136,120.38331862429256,0,802,19,769,PAINTED METAL PEARS ASSORTED,0.84,1.69,2.7142857142857144,326.75472198022266,475.24527801977734,0.3819957372954781,963.0665489943405,0.0,0.0,Healthy,0.0
21137,335.97281123125777,0,1598,11,1187,BLACK RECORD COVER FRAME,1.88,3.75,1.5714285714285714,527.9572747919765,1070.0427252080235,0.09853182375061209,2687.782489850062,0.0,0.0,Healthy,0.0
21143,5.503654424975725,0,788,21,536,ANTIQUE GLASS HEART DECORATION,0.98,1.95,3.0,16.510963274927175,771.4890367250729,0.0,44.0292353998058,0.0,0.0,Healthy,0.0
21144,3.1040244695712698,97,193,14,263,PINK POODLE HANGING DECORATION,0.19,0.38,2.0,6.2080489391425395,283.79195106085746,0.0,24.832195756570158,3.9062192063436645,0.9687397354478882,Markdown / clear,18.43
21145,4.435574205436875,252,295,18,546,ANTIQUE GLASS PLACE SETTING,0.62,1.25,2.5714285714285716,11.405762242551965,535.594237757448,0.019058172605406543,35.484593643495,7.101673546885786,1.0,Markdown / clear,156.24
21146,3.1040244695712698,300,281,20,533,ANTIQUE GLASS RIDGED HANGING BALL,0.98,1.95,2.857142857142857,8.8686413416322,572.1313586583678,0.0,24.832195756570158,12.081090328897933,1.0,Markdown / clear,294.0
21147,24.379244507828968,0,162,18,141,JINGLE BELLS TREE DECORATION,1.05,2.1,2.5714285714285716,62.68948587727449,99.31051412272551,0.2956701126047836,195.03395606263174,0.0,0.0,Healthy,0.0
21153,2.5392146649338887,12,173,19,117,RED SPOTTY TABLECLOTH,5.32,10.65,2.7142857142857144,6.8921540905348415,178.10784590946517,0.0,20.31371731947111,0.590733828342573,0.0,Healthy,0.0
21154,97.50853562396146,0,607,15,487,RED RETROSPOT OVEN GLOVE,0.62,1.25,2.142857142857143,208.946862051346,398.053137948654,0.182642427210156,780.0682849916917,0.0,0.0,Healthy,0.0
21155,55.1105216263214,0,469,7,248,RED RETROSPOT PEG BAG,1.27,2.55,1.0,55.1105216263214,413.88947837367857,0.0,440.8841730105712,0.0,0.0,Healthy,0.0
21156,96.98354326432008,0,711,14,576,RETROSPOT CHILDRENS APRON,0.98,1.95,2.0,193.96708652864015,517.0329134713598,0.10237341411222245,775.8683461145606,0.0,0.0,Healthy,0.0
21157,2.8154898181844623,0,82,9,74,RED SPOTTY WASHBAG,1.05,2.1,1.2857142857142858,3.6199154805228804,78.38008451947712,0.0,22.5239185454757,0.0,0.0,Healthy,0.0
21090,22.53967849927281,0,545,19,514,SET/6 COLLAGE PAPER PLATES,0.42,0.83,2.7142857142857144,61.17912735516906,483.82087264483096,0.058714255554803585,180.31742799418248,0.0,0.0,Healthy,0.0
21089,4.047265063361509,143,123,18,202,SET/6 GREEN SPRING PAPER CUPS,0.1,0.19,2.5714285714285716,10.407253020072453,255.59274697992754,0.0,32.378120506892074,4.41656272079044,1.0,Markdown / clear,14.3
21088,23.482040429448016,3967,7804,21,10579,SET/6 FRUIT SALAD PAPER CUPS,0.1,0.19,3.0,70.44612128834405,11700.553878711657,0.0,187.85632343558413,21.117202378126404,1.0,Markdown / clear,396.7
21087,4.047265063361509,139,121,10,130,SET/6 POSIES PAPER CUPS,0.32,0.65,1.4285714285714286,5.781807233373585,254.2181927666264,0.0,32.378120506892074,4.293022504824274,1.0,Markdown / clear,44.48
21011,3.1040244695712698,0,755,19,670,GLITTER SNOW PEAR TREE DECORATION,0.72,1.45,2.7142857142857144,8.425209274550589,746.5747907254494,0.0,24.832195756570158,0.0,0.0,Healthy,0.0
21012,41.51762601039315,0,281,8,221,ANTIQUE ALL GLASS CANDLESTICK,1.23,2.46,1.1428571428571428,47.44871544044931,233.55128455955068,0.0,332.1410080831452,0.0,0.0,Healthy,0.0
21014,50.35022925977015,0,528,17,405,SWISS CHALET TREE DECORATION,0.42,0.85,2.4285714285714284,122.27912820229893,405.7208717977011,0.0,402.8018340781612,0.0,0.0,Healthy,0.0
21015,112.9994449917407,0,416,9,231,DARK BIRD HOUSE TREE DECORATION,0.42,0.83,1.2857142857142858,145.28500070366664,270.71499929633336,0.0,903.9955599339256,0.0,0.0,Healthy,0.0
21016,3.1040244695712698,261,449,18,425,LIGHT BIRD HOUSE TREE DECORATION,0.42,0.85,2.5714285714285716,7.98177720746898,702.018222792531,0.0,24.832195756570158,10.510548586141201,1.0,Markdown / clear,109.62
21017,3.1040244695712698,206,369,13,313,RED BIRD HOUSE TREE DECORATION,0.64,1.28,1.8571428571428572,5.764616872060929,569.235383127939,0.0,24.832195756570158,8.295682025843247,1.0,Markdown / clear,131.84
21010,3.1040244695712698,22,445,16,329,ETCHED GLASS BIRD TREE DECORATION,0.62,1.25,2.2857142857142856,7.094913073305759,459.90508692669425,0.0,24.832195756570158,0.8859466241191817,0.0,Healthy,0.0
21018,3.1040244695712698,23,84,7,67,BIRD BOX CHRISTMAS TREE DECORATION,0.38,0.85,1.0,3.1040244695712698,103.89597553042873,0.0,24.832195756570158,0.9262169252155081,0.0,Healthy,0.0
21026,19.95131734854272,0,86,9,80,SPACE OWL,0.62,1.25,1.2857142857142858,25.65169373384064,60.348306266159355,0.24564617167300806,159.61053878834176,0.0,0.0,Healthy,0.0
21027,4.435574205436875,5,164,15,116,NINJA RABBIT PINK,0.62,1.25,2.142857142857143,9.504801868793304,159.4951981312067,0.0,35.484593643495,0.1409062211683688,0.0,Healthy,0.0
21028,6.812519059730236,0,64,9,59,NINJA RABBIT BLACK,0.62,1.25,1.2857142857142858,8.758953076796018,55.24104692320398,0.06371106909823765,54.50015247784189,0.0,0.0,Healthy,0.0
21030,5.181746454730721,99,144,20,127,SPACE CADET RED,0.62,1.25,2.857142857142857,14.804989870659202,228.1950101293408,0.0,41.45397163784577,2.388190952242006,0.462730317414002,Healthy,0.0
21031,4.435574205436875,72,53,18,100,SPACE CADET BLACK,0.62,1.25,2.5714285714285716,11.405762242551965,113.59423775744804,0.0,35.484593643495,2.0290495848245103,0.34301652827483675,Healthy,0.0
21032,9.569920379499548,96,123,19,109,SPACE CADET WHITE,0.62,1.25,2.7142857142857144,25.975498172927345,193.02450182707264,0.0,76.55936303599638,1.2539289277375922,0.08464297591253074,Healthy,0.0
21025,11.346270439421533,27,134,21,129,SPACE FROG,0.62,1.25,3.0,34.0388113182646,126.9611886817354,0.015804738901275983,90.77016351537226,0.2974545704704768,0.0,Healthy,0.0
21009,3.1040244695712698,128,549,9,282,ETCHED GLASS STAR TREE DECORATION,0.62,1.25,1.2857142857142858,3.99088860373449,673.0091113962656,0.0,24.832195756570158,5.1545985403297845,1.0,Markdown / clear,79.36
21008,2.5392146649338887,28,0,15,15,ETCHED GLASS HEART TREE DECORATION,1.25,2.51,2.142857142857143,5.44117428200119,22.55882571799881,0.0,20.31371731947111,1.3783789327993372,0.1261263109331124,Healthy,0.0
21007,3.1040244695712698,1073,836,15,1341,ETCHED GLASS DROPLET DECORATION,0.19,0.38,2.142857142857143,6.65148100622415,1902.3485189937758,0.0,24.832195756570158,43.21003307635827,1.0,Markdown / clear,203.87
20988,3.1040244695712698,67,0,12,47,TRELLIS FLOWER CHOPSTICKS SET/5,0.98,1.95,1.7142857142857142,5.321184804979319,61.67881519502068,0.0,24.832195756570158,2.6981101734538715,0.5660367244846238,Markdown / clear,65.66
20989,3.1040244695712698,308,219,21,348,URBAN CHIC CHOPSTICKS SET/5,0.98,1.95,3.0,9.31207340871381,517.6879265912862,0.0,24.832195756570158,12.403252737668543,1.0,Markdown / clear,301.84
20990,3.1040244695712698,0,409,11,249,SPRING FLOWER CHOPSTICKS SET/5,0.98,1.95,1.5714285714285714,4.877752737897709,404.1222472621023,0.0,24.832195756570158,0.0,0.0,Healthy,0.0
20991,3.1040244695712698,13293,7026,8,9038,JAZZ HEARTS MAGNETIC MEMO PAD,0.48,0.97,1.1428571428571428,3.5474565366528794,20315.452543463347,0.0,24.832195756570158,535.3131124734674,1.0,Markdown / clear,6380.64
20992,202.0344607027553,0,767,14,557,JAZZ HEARTS PURSE NOTEBOOK,0.37,0.74,2.0,404.0689214055106,362.9310785944894,0.3484181712845792,1616.2756856220424,0.0,0.0,Healthy,0.0
20993,3.1040244695712698,22995,10888,14,17168,JAZZ HEARTS MEMO PAD,0.42,0.85,2.0,6.2080489391425395,33876.791951060855,0.0,24.832195756570158,926.0155737100265,1.0,Markdown / clear,9657.9
20994,3.1040244695712698,117,0,16,98,JAZZ HEARTS SPIRAL NOTEPAD,0.42,0.85,2.2857142857142856,7.094913073305759,109.90508692669424,0.0,24.832195756570158,4.711625228270194,1.0,Markdown / clear,49.14
20996,107.22605887261089,0,996,11,728,JAZZ HEARTS ADDRESS BOOK,0.21,0.42,1.5714285714285714,168.49809251410284,827.5019074858972,0.0,857.8084709808871,0.0,0.0,Healthy,0.0
20997,4.047003057792295,0,71,21,61,ROSE DU SUD CUSHION COVER,2.1,4.21,3.0,12.141009173376883,58.85899082662311,0.03509851103896533,32.37602446233836,0.0,0.0,Healthy,0.0
20998,2.5392146649338887,0,80,14,55,ROSE DU SUD OVEN GLOVE,1.48,2.95,2.0,5.078429329867777,74.92157067013223,0.0,20.31371731947111,0.0,0.0,Healthy,0.0
21000,4.047003057792295,315,501,11,388,ROSE DU SUD COSMETICS BAG,1.68,3.36,1.5714285714285714,6.3595762336736055,809.6404237663264,0.0,32.37602446233836,9.729421855559382,1.0,Markdown / clear,529.2
21001,4.047003057792295,0,50,21,48,ROSE DU SUD WASHBAG,2.1,4.21,3.0,12.141009173376883,37.85899082662311,0.21127102444535184,32.37602446233836,0.0,0.0,Healthy,0.0
21002,2.5392146649338887,0,93,20,84,ROSE DU SUD DRAWSTRING BAG,1.68,3.36,2.857142857142857,7.254899042668254,85.74510095733174,0.0,20.31371731947111,0.0,0.0,Healthy,0.0
21003,3.3726285907061757,18,59,14,37,ROSE DU SUD CUSHION COVER,2.9,5.79,2.0,6.745257181412351,70.25474281858764,0.0,26.981028725649406,0.6671354225603849,0.0,Healthy,0.0
21004,2.5392146649338887,0,34,7,24,ROSE DU SUD CHILDS APRON,2.12,4.25,1.0,2.5392146649338887,31.460785335066113,0.0,20.31371731947111,0.0,0.0,Healthy,0.0
21033,2.5392146649338887,0,660,13,443,JUMBO BAG CHARLIE AND LOLA TOYS,1.48,2.95,1.8571428571428572,4.715684377734365,655.2843156222656,0.0,20.31371731947111,0.0,0.0,Healthy,0.0
20773,4.047265063361509,3329,3127,21,3059,BLUE PAISLEY NOTEBOOK,0.91,1.65,3.0,12.141795190084528,6443.858204809915,0.0,32.378120506892074,102.81634473784179,1.0,Markdown / clear,3029.39
21034,65.11952355431818,0,217,14,146,REX CASH+CARRY JUMBO SHOPPER,0.48,0.95,2.0,130.23904710863636,86.76095289136364,0.4057468980043586,520.9561884345454,0.0,0.0,Healthy,0.0
21036,2.5392146649338887,31,0,18,18,SET/2 TEA TOWELS MODERN VINTAGE,1.27,2.55,2.5714285714285716,6.529409138401428,24.470590861598573,0.0,20.31371731947111,1.5260623898849803,0.1753541299616601,Healthy,0.0
21067,4.047265063361509,0,937,13,777,VINTAGE RED TEATIME MUG,0.62,1.25,1.8571428571428572,7.51634940338566,929.4836505966143,0.0,32.378120506892074,0.0,0.0,Healthy,0.0
21068,72.51020544370638,0,634,8,408,VINTAGE BILLBOARD LOVE/HATE MUG,0.62,1.25,1.1428571428571428,82.86880622137872,551.1311937786213,0.0,580.0816435496511,0.0,0.0,Healthy,0.0
21069,4.047265063361509,0,1074,12,848,VINTAGE BILLBOARD TEA MUG,0.62,1.25,1.7142857142857142,6.938168680048301,1067.0618313199518,0.0,32.378120506892074,0.0,0.0,Healthy,0.0
21070,39.792609267126245,0,616,20,505,VINTAGE BILLBOARD MUG,0.62,1.25,2.857142857142857,113.69316933464641,502.3068306653536,0.00533300858345831,318.34087413700996,0.0,0.0,Healthy,0.0
21071,10.019923272715623,0,701,13,493,VINTAGE BILLBOARD DRINK ME MUG,0.62,1.25,1.8571428571428572,18.6084289350433,682.3915710649567,0.0,80.15938618172498,0.0,0.0,Healthy,0.0
21076,4.047265063361509,0,334,8,246,SET/20 COLLAGE PAPER NAPKIN,0.47,0.85,1.1428571428571428,4.625445786698868,329.3745542133011,0.0,32.378120506892074,0.0,0.0,Healthy,0.0
21066,24.526501853203623,0,608,11,521,VINTAGE RED MUG,0.62,1.25,1.5714285714285714,38.54164576931998,569.45835423068,0.0,196.21201482562898,0.0,0.0,Healthy,0.0
21077,4.047265063361509,0,1110,16,825,SET/20 WOODLAND PAPER NAPKINS,0.47,0.85,2.2857142857142856,9.250891573397736,1100.7491084266023,0.0,32.378120506892074,0.0,0.0,Healthy,0.0
21080,174.666623706837,0,2309,20,1595,SET/20 RED RETROSPOT PAPER NAPKINS,0.47,0.85,2.857142857142857,499.04749630524856,1809.9525036947514,0.0,1397.332989654696,0.0,0.0,Healthy,0.0
21081,4.047265063361509,22,0,11,11,SET/20 POSIES PAPER NAPKINS,0.47,0.85,1.5714285714285714,6.359987956710943,15.640012043289058,0.0,32.378120506892074,0.6794711878139138,0.0,Healthy,0.0
21082,4.047265063361509,0,3194,13,2991,SET/20 FRUIT SALAD PAPER NAPKINS,0.47,0.85,1.8571428571428572,7.51634940338566,3186.4836505966146,0.0,32.378120506892074,0.0,0.0,Healthy,0.0
21084,32.40319977685686,0,591,14,458,SET/6 COLLAGE PAPER CUPS,0.32,0.65,2.0,64.80639955371372,526.1936004462863,0.0,259.22559821485487,0.0,0.0,Healthy,0.0
21085,4.047265063361509,15259,13648,10,11715,SET/6 WOODLAND PAPER CUPS,0.32,0.65,1.4285714285714286,5.781807233373585,28901.218192766628,0.0,32.378120506892074,471.2750388569323,1.0,Markdown / clear,4882.88
21086,80.3065987620545,0,1402,11,836,SET/6 RED SPOTTY PAPER CUPS,0.32,0.65,1.5714285714285714,126.1960837689428,1275.8039162310572,0.0,642.452790096436,0.0,0.0,Healthy,0.0
21078,4.047265063361509,0,620,21,615,SET/20 STRAWBERRY PAPER NAPKINS,0.47,0.85,3.0,12.141795190084528,607.8582048099155,0.011612675105828418,32.378120506892074,0.0,0.0,Healthy,0.0
21065,11.648138003287306,0,209,16,207,BOOM BOX SPEAKER GIRLS,2.08,4.17,2.2857142857142856,26.62431543608527,182.37568456391472,0.11895804558495304,93.18510402629845,0.0,0.0,Healthy,0.0
21064,15.072164309853509,108,453,18,378,BOOM BOX SPEAKER BOYS,2.98,5.95,2.5714285714285716,38.756993939623314,522.2430060603767,0.0,120.57731447882807,0.895690872423299,0.0,Healthy,0.0
21063,23.918958821161816,0,344,20,238,PARTY INVITES JAZZ HEARTS,0.42,0.85,2.857142857142857,68.33988234617662,275.66011765382336,0.0,191.35167056929453,0.0,0.0,Healthy,0.0
21038,2.5392146649338887,82,103,19,93,SET/4 MODERN VINTAGE COTTON NAPKINS,1.48,2.95,2.7142857142857144,6.8921540905348415,178.10784590946517,0.0,20.31371731947111,4.036681160340916,1.0,Markdown / clear,121.36
21039,11.419022855048599,0,103,7,93,RED SPOTTY SHOPPING BAG,1.27,2.55,1.0,11.419022855048599,91.5809771449514,0.01525831026933977,91.35218284038879,0.0,0.0,Healthy,0.0
21040,2.5392146649338887,455,532,16,571,MODERN VINTAGE COTTON SHOPPING BAG,1.27,2.55,2.2857142857142856,5.803919234134602,981.1960807658654,0.0,20.31371731947111,22.39865765798923,1.0,Markdown / clear,577.85
21041,5.00340119570569,0,204,8,161,RED RETROSPOT OVEN GLOVE DOUBLE,1.48,2.95,1.1428571428571428,5.718172795092217,198.28182720490778,0.0,40.02720956564552,0.0,0.0,Healthy,0.0
21042,6.9655195775232,0,163,11,120,RED SPOTTY APRON,2.98,5.95,1.5714285714285714,10.945816478965028,152.054183521035,0.0,55.7241566201856,0.0,0.0,Healthy,0.0
21043,2.5392146649338887,0,303,19,207,APRON MODERN VINTAGE COTTON,2.06,4.13,2.7142857142857144,6.8921540905348415,296.10784590946514,0.0,20.31371731947111,0.0,0.0,Healthy,0.0
21051,8.581474284756403,0,210,10,123,RIBBONS PURSE,1.05,2.1,1.4285714285714286,12.259248978223434,197.74075102177656,0.0,68.65179427805123,0.0,0.0,Healthy,0.0
21054,2.5392146649338887,0,74,18,68,NURSE'S BAG SOFT TOY,4.47,8.95,2.5714285714285716,6.529409138401428,67.47059086159857,0.007785428505903469,20.31371731947111,0.0,0.0,Healthy,0.0
21055,9.636058502672462,0,64,13,40,TOOL BOX SOFT TOY,4.47,8.95,1.8571428571428572,17.895537219248858,46.10446278075114,0.0,77.0884680213797,0.0,0.0,Healthy,0.0
21056,12.548031174807466,0,98,10,68,DOCTOR'S BAG SOFT TOY,4.47,8.95,1.4285714285714286,17.925758821153522,80.07424117884648,0.0,100.38424939845973,0.0,0.0,Healthy,0.0
21058,15.759474933704473,0,376,12,245,PARTY INVITES WOODLAND,0.42,0.85,1.7142857142857142,27.01624274349338,348.98375725650664,0.0,126.07579946963578,0.0,0.0,Healthy,0.0
21059,19.819745123127515,0,247,14,192,PARTY INVITES DINOSAURS,0.42,0.85,2.0,39.63949024625503,207.36050975374496,0.0,158.55796098502012,0.0,0.0,Healthy,0.0
21060,17.48123983441833,0,352,18,347,PARTY INVITES BALLOON GIRL,0.42,0.85,2.5714285714285716,44.95175957421856,307.04824042578144,0.11513475381619176,139.84991867534663,0.0,0.0,Healthy,0.0
21061,27.169678523300394,0,386,16,315,PARTY INVITES FOOTBALL,0.42,0.85,2.2857142857142856,62.10212233897233,323.8978776610277,0.0,217.35742818640315,0.0,0.0,Healthy,0.0
21062,15.792562067322514,0,250,20,227,PARTY INVITES SPACEMAN,0.42,0.85,2.857142857142857,45.12160590663576,204.87839409336425,0.09745200839927648,126.34049653858011,0.0,0.0,Healthy,0.0
21035,54.50275459006232,0,428,16,415,SET/2 RED RETROSPOT TEA TOWELS,1.62,3.25,2.2857142857142856,124.57772477728528,303.4222752227147,0.26886198741514533,436.02203672049853,0.0,0.0,Healthy,0.0
21185,2.5392146649338887,60,74,8,56,HOME SWEET HOME  BLACKBOARD,3.18,6.35,1.1428571428571428,2.901959617067301,131.0980403829327,0.0,20.31371731947111,2.9536691417128655,0.6512230472376218,Markdown / clear,190.8
20772,24.745516065019455,0,222,11,180,GARDEN PATH JOURNAL,1.27,2.55,1.5714285714285714,38.88581095931629,183.1141890406837,0.0,197.96412852015564,0.0,0.0,Healthy,0.0
20770,2.5392146649338887,0,250,14,177,ABSTRACT CIRCLE JOURNAL,1.27,2.55,2.0,5.078429329867777,244.9215706701322,0.0,20.31371731947111,0.0,0.0,Healthy,0.0
16219,57.49310841400564,0,1481,19,1153,HOUSE SHAPE PENCIL SHARPENER,0.12,0.21,2.7142857142857144,156.0527228380153,1324.9472771619846,0.0,459.9448673120451,0.0,0.0,Healthy,0.0
16225,29.16142650324923,0,579,19,468,RATTLE SNAKE EGGS,0.62,1.25,2.7142857142857144,79.1524433659622,499.8475566340378,0.0,233.29141202599385,0.0,0.0,Healthy,0.0
16235,52.666322655336124,0,864,12,607,RECYCLED PENCIL WITH RABBIT ERASER,0.12,0.21,1.7142857142857142,90.28512455200477,773.7148754479953,0.0,421.330581242689,0.0,0.0,Healthy,0.0
16236,50.08535287202661,0,415,20,398,KITTY PENCIL ERASERS,0.12,0.21,2.857142857142857,143.10100820579032,271.8989917942097,0.31683670403464903,400.6828229762129,0.0,0.0,Healthy,0.0
16237,131.13579800635884,0,1001,11,570,SLEEPING CAT ERASERS,0.1,0.21,1.5714285714285714,206.07053972427818,794.9294602757218,0.0,1049.0863840508707,0.0,0.0,Healthy,0.0
16238,46.44652538886809,0,398,10,220,PARTY TIME PENCIL ERASERS,0.12,0.21,1.4285714285714286,66.35217912695441,331.6478208730456,0.0,371.5722031109447,0.0,0.0,Healthy,0.0
16218,71.31147648237395,0,1586,13,1136,CARTOON  PENCIL SHARPENERS,0.09,0.16,1.8571428571428572,132.43559918155162,1453.5644008184483,0.0,570.4918118589916,0.0,0.0,Healthy,0.0
16239,2.5392146649338887,1150,309,17,861,BALLERINA HEART DECORATION.,1.48,2.95,2.4285714285714284,6.166664186268015,1452.833335813732,0.0,20.31371731947111,56.61199188282992,1.0,Markdown / clear,1702.0
16244A,2.5392146649338887,88,186,9,166,MAXWELL 2 TONE PINK 60 PAGE PHOTO A,2.1,4.21,1.2857142857142858,3.264704569200714,270.7352954307993,0.0,20.31371731947111,4.332048074512202,1.0,Markdown / clear,184.8
16244B,2.5392146649338887,777,332,19,601,MAXWELL 2 TONE BLUE 60 PAGE PHOTO A,2.1,4.21,2.7142857142857144,6.8921540905348415,1102.1078459094651,0.0,20.31371731947111,38.250015385181605,1.0,Markdown / clear,1631.7
16245A,3.1040244695712698,38,0,9,23,PINK MINI STATIONERY SET W CASE,0.62,1.25,1.2857142857142858,3.99088860373449,34.00911139626551,0.0,24.832195756570158,1.5302714416604046,0.17675714722013489,Healthy,0.0
16248B,3.215309233066906,268,0,19,239,BLUE HOLE PUNCH,0.62,1.25,2.7142857142857144,8.72726791832446,259.27273208167554,0.0,25.72247386453525,10.418904550604047,1.0,Markdown / clear,166.16
16254,4.545400873454827,1226,883,7,871,TRANSPARENT ACRYLIC TAPE DISPENSER,0.9,1.63,1.0,4.545400873454827,2104.454599126545,0.0,36.36320698763861,33.71539810602429,1.0,Markdown / clear,1103.4
16256B,4.047265063361509,396,237,18,395,FLOWER PENCIL/RUBBER+5 MINI PENCILS,0.23,0.42,2.5714285714285716,10.407253020072453,622.5927469799276,0.0,32.378120506892074,12.230481380650449,1.0,Markdown / clear,91.08
16243B,2.5392146649338887,1602,0,16,1114,BROWN COZY SQUARE PHOTO ALBUM,3.02,6.04,2.2857142857142856,5.803919234134602,1596.1960807658654,0.0,20.31371731947111,78.86296608373351,1.0,Markdown / clear,4838.04
16256C,4.047265063361509,486,0,18,406,HEARTS PENCIL/RUBBER+5 MINI PENCILS,0.23,0.42,2.5714285714285716,10.407253020072453,475.59274697992754,0.0,32.378120506892074,15.010136239889189,1.0,Markdown / clear,111.78
16216,71.67066877413848,1037,1981,19,2353,LETTER SHAPE PENCIL SHARPENER,0.09,0.16,2.7142857142857144,194.5346723869473,2823.4653276130525,0.0,573.3653501931078,1.8086199308185285,0.2695399769395095,Healthy,0.0
16212,3.1040244695712698,146,179,11,186,FUNKY GIRLZ ASST MAGNETIC MEMO PAD,0.32,0.65,1.5714285714285714,4.877752737897709,320.1222472621023,0.0,24.832195756570158,5.87946396006366,1.0,Markdown / clear,46.72
16169K,3.1040244695712698,304,1150,8,645,WRAP FOLK ART,0.21,0.42,1.1428571428571428,3.5474565366528794,1450.4525434633472,0.0,24.832195756570158,12.242171533283237,1.0,Markdown / clear,63.84
16169M,25.344880487549403,788,1200,17,1089,WRAP DAISY CARPET,0.21,0.42,2.4285714285714284,61.551852612619975,1926.44814738738,0.0,202.75904390039523,3.886386445909178,0.9621288153030593,Markdown / clear,165.48
16169N,3.1040244695712698,817,1200,14,1063,WRAP BLUE RUSSIAN FOLKART,0.21,0.42,2.0,6.2080489391425395,2010.7919510608574,0.0,24.832195756570158,32.9008359956987,1.0,Markdown / clear,171.57
16169P,3.1040244695712698,710,1100,11,802,WRAP GREEN RUSSIAN FOLKART,0.21,0.42,1.5714285714285714,4.877752737897709,1805.1222472621023,0.0,24.832195756570158,28.59191377839177,1.0,Markdown / clear,149.1
16201A,3.1040244695712698,398,0,15,294,PASTEL PINK PHOTO ALBUM,0.98,1.95,2.142857142857143,6.65148100622415,391.3485189937758,0.0,24.832195756570158,16.027579836337924,1.0,Markdown / clear,390.04
16201B,2.5392146649338887,302,0,17,216,PASTEL BLUE PHOTO ALBUM,1.72,3.43,2.4285714285714284,6.166664186268015,295.833335813732,0.0,20.31371731947111,14.866801346621422,1.0,Markdown / clear,519.44
16202B,2.5392146649338887,2031,1005,13,1380,PASTEL BLUE PHOTO ALBUM,2.78,5.55,1.8571428571428572,4.715684377734365,3031.2843156222657,0.0,20.31371731947111,99.9817004469805,1.0,Markdown / clear,5646.18
16202C,3.1040244695712698,130,0,9,113,BEIGE PHOTO ALBUM,0.98,1.95,1.2857142857142858,3.99088860373449,126.00911139626551,0.0,24.832195756570158,5.235139142522437,1.0,Markdown / clear,127.4
16202E,3.1040244695712698,161,0,19,149,BLACK PHOTO ALBUM,0.98,1.95,2.7142857142857144,8.425209274550589,152.57479072544942,0.0,24.832195756570158,6.483518476508557,1.0,Markdown / clear,157.78
16206B,3.1040244695712698,234,91,16,144,RED PURSE WITH PINK HEART,0.62,1.25,2.2857142857142856,7.094913073305759,317.90508692669425,0.0,24.832195756570158,9.423250456540387,1.0,Markdown / clear,145.08
16207A,2.5392146649338887,0,60,17,48,PINK STRAWBERRY HANDBAG,1.48,2.95,2.4285714285714284,6.166664186268015,53.833335813731985,0.0,20.31371731947111,0.0,0.0,Healthy,0.0
16207B,2.5392146649338887,222,180,8,181,PINK HEART RED HANDBAG,1.25,2.51,1.1428571428571428,2.901959617067301,399.0980403829327,0.0,20.31371731947111,10.928575824337601,1.0,Markdown / clear,277.5
16202A,2.5392146649338887,1769,649,21,1337,PASTEL PINK PHOTO ALBUM,2.78,5.55,3.0,7.617643994801666,2410.3823560051983,0.0,20.31371731947111,87.08401186150098,1.0,Markdown / clear,4917.82
16258A,18.167865221987803,0,553,18,382,SWIRLY CIRCULAR RUBBERS IN BAG,0.21,0.42,2.5714285714285716,46.717367713682926,506.2826322863171,0.0,145.34292177590243,0.0,0.0,Healthy,0.0
16258B,3.1040244695712698,3625,0,16,2693,DAISY ERASERS IN BAG,0.15,0.3,2.2857142857142856,7.094913073305759,3617.9050869266944,0.0,24.832195756570158,145.97984147418333,1.0,Markdown / clear,543.75
16259,9.879368772547982,1201,3130,14,2022,PIECE OF CAMO STATIONERY SET,0.1,0.21,2.0,19.758737545095965,4311.241262454904,0.0,79.03495018038386,15.195808908070687,1.0,Markdown / clear,120.1
17014A,3.1040244695712698,716,260,15,474,ORIGAMI VANILLA INCENSE CONES,0.82,1.65,2.142857142857143,6.65148100622415,969.3485189937759,0.0,24.832195756570158,28.83353558496973,1.0,Markdown / clear,587.12
17014C,3.1040244695712698,1802,0,16,1219,ORIGAMI LAVENDER INCENSE CONES,0.96,1.92,2.2857142857142856,7.094913073305759,1794.9050869266941,0.0,24.832195756570158,72.56708257558024,1.0,Markdown / clear,1729.92
17014D,3.1040244695712698,1900,0,15,1453,ORIGAMI ROSE INCENSE CONES,0.82,1.65,2.142857142857143,6.65148100622415,1893.3485189937758,0.0,24.832195756570158,76.51357208302024,1.0,Markdown / clear,1558.0
17014E,3.1040244695712698,683,0,15,467,ORIGAMI OPIUM INCENSE CONES,0.82,1.65,2.142857142857143,6.65148100622415,676.3485189937759,0.0,24.832195756570158,27.50461564879096,1.0,Markdown / clear,560.06
17014F,3.1040244695712698,462,0,8,252,ORIGAMI SANDLEWOOD INCENSE CONES,0.82,1.65,1.1428571428571428,3.5474565366528794,458.4525434633471,0.0,24.832195756570158,18.604879106502814,1.0,Markdown / clear,378.84
17021,23.48449493853447,449,1847,15,1578,NAMASTE SWAGAT INCENSE,0.15,0.3,2.142857142857143,50.32391772543101,2245.676082274569,0.0,187.87595950827577,2.3898746874009813,0.46329156246699377,Healthy,0.0
17013F,3.1040244695712698,562,0,18,394,ORIGAMI SANDLEWOOD INCENSE IN TUBE,0.82,1.65,2.5714285714285716,7.98177720746898,554.018222792531,0.0,24.832195756570158,22.63190921613546,1.0,Markdown / clear,460.84
17027A,3.1040244695712698,3801,0,18,2349,INCENSE BAZAAR CANNABIS,0.18,0.36,2.5714285714285716,7.98177720746898,3793.018222792531,0.0,24.832195756570158,153.06741446713679,1.0,Markdown / clear,684.18
17033,3.1040244695712698,766,1668,16,1546,"BROCADE PURSE,SMALL ARCH BUTTON",0.14,0.29,2.2857142857142856,7.094913073305759,2426.9050869266944,0.0,24.832195756570158,30.84705063978605,1.0,Markdown / clear,107.24
17038,28.675956294203296,0,718,7,568,PORCELAIN BUDAH INCENSE HOLDER,0.05,0.1,1.0,28.675956294203296,689.3240437057967,0.0,229.40765035362637,0.0,0.0,Healthy,0.0
17039,3.1040244695712698,1788,1829,12,2335,INLAID WOOD INCENSE HOLDER,0.14,0.29,1.7142857142857142,5.321184804979319,3611.678815195021,0.0,24.832195756570158,72.00329836023167,1.0,Markdown / clear,250.32
17061,3.1040244695712698,1352,0,13,676,ASSORTED SHAPED STENCIL FOR HENNA,0.02,0.04,1.8571428571428572,5.764616872060929,1346.235383127939,0.0,24.832195756570158,54.44544708223334,1.0,Markdown / clear,27.04
17084A,3.1040244695712698,873,367,21,579,TRANQUILITY MASALA INCENSE,0.1,0.21,3.0,9.31207340871381,1230.6879265912862,0.0,24.832195756570158,35.15597285709298,1.0,Markdown / clear,87.3
17084G,3.1040244695712698,550,0,10,250,MOON INCENSE,0.1,0.21,1.4285714285714286,4.4343206708161,545.5656793291839,0.0,24.832195756570158,22.14866560297954,1.0,Markdown / clear,55.0
17028J,3.1040244695712698,144,0,11,66,INCENSE BAZAAR PEACH,0.21,0.42,1.5714285714285714,4.877752737897709,139.1222472621023,0.0,24.832195756570158,5.798923357871007,1.0,Markdown / clear,30.24
17013D,3.1040244695712698,433,500,8,507,ORIGAMI ROSE INCENSE IN TUBE,0.82,1.65,1.1428571428571428,3.5474565366528794,929.4525434633471,0.0,24.832195756570158,17.437040374709348,1.0,Markdown / clear,355.06
17013C,3.1040244695712698,3066,0,15,1692,ORIGAMI LAVENDER INCENSE IN TUBE,0.21,0.42,2.142857142857143,6.65148100622415,3059.348518993776,0.0,24.832195756570158,123.46874316133686,1.0,Markdown / clear,643.86
17013B,3.1040244695712698,3211,0,19,2147,ORIGAMI JASMINE INCENSE IN TUBE,0.64,1.27,2.7142857142857144,8.425209274550589,3202.5747907254495,0.0,24.832195756570158,129.3079368203042,1.0,Markdown / clear,2055.04
17001,3.1040244695712698,2080,881,17,1603,HEAVENS SCENT FRAGRANCE OILS ASSTD,0.14,0.29,2.4285714285714284,7.538345140387369,2953.4616548596127,0.0,24.832195756570158,83.76222628035899,1.0,Markdown / clear,291.2
17003,257.10176912593244,0,10393,11,7120,BROCADE RING PURSE,0.14,0.29,1.5714285714285714,404.0170657693224,9988.982934230678,0.0,2056.8141530074595,0.0,0.0,Healthy,0.0
17007B,2.8154898181844623,195,0,18,138,S/3 POT POURI CUSHIONS BLUE COLOURS,1.05,2.1,2.5714285714285716,7.239830961045761,187.76016903895425,0.0,22.5239185454757,8.657463380818742,1.0,Markdown / clear,204.75
17011A,2.5392146649338887,802,0,15,565,ORIGAMI VANILLA INCENSE+FLOWER,1.58,3.16,2.142857142857143,5.44117428200119,796.5588257179988,0.0,20.31371731947111,39.4807108608953,1.0,Markdown / clear,1267.16
17011B,3.1040244695712698,308,0,13,178,ORIGAMI JASMINE INCENSE+FLOWER,0.6,1.2,1.8571428571428572,5.764616872060929,302.2353831279391,0.0,24.832195756570158,12.403252737668543,1.0,Markdown / clear,184.8
17011C,2.5392146649338887,6143,0,14,3799,ORIGAMI LAVENDER INCENSE+FLOWER,1.24,2.48,2.0,5.078429329867777,6137.9215706701325,0.0,20.31371731947111,302.40649229236885,1.0,Markdown / clear,7617.32
17011D,3.1040244695712698,1918,0,15,1381,ORIGAMI ROSE INCENSE+FLOWER,0.69,1.38,2.142857142857143,6.65148100622415,1911.3485189937758,0.0,24.832195756570158,77.23843750275411,1.0,Markdown / clear,1323.42
17011F,2.8154898181844623,582,289,9,384,ORIGAMI SANDLEWOOD INCENSE+FLOWER,1.05,2.1,1.2857142857142858,3.6199154805228804,867.3800845194771,0.0,22.5239185454757,25.839198398135938,1.0,Markdown / clear,611.1
17012A,5.823036540560865,0,223,10,216,ORIGAMI VANILLA INCENSE/CANDLE SET,1.23,2.46,1.4285714285714286,8.318623629372665,214.68137637062733,0.006104739024873407,46.58429232448692,0.0,0.0,Healthy,0.0
17012B,8.00916250398026,0,181,8,120,ORIGAMI JASMINE INCENSE/CANDLE SET,1.23,2.46,1.1428571428571428,9.15332857597744,171.84667142402256,0.0,64.07330003184208,0.0,0.0,Healthy,0.0
17012C,19.79732791646504,0,375,13,291,ORIGAMI LAVENDER INCENSE/CANDL SET,1.23,2.46,1.8571428571428572,36.76646613057793,338.23353386942205,0.0,158.37862333172032,0.0,0.0,Healthy,0.0
17012D,47.30508020440892,0,174,17,149,ORIGAMI ROSE INCENSE/CANDLE SET,1.23,2.46,2.4285714285714284,114.88376621070736,59.116233789292636,0.6032467530919957,378.44064163527133,0.0,0.0,Reorder now,282.61
17012E,2.5392146649338887,526,192,16,421,ORIGAMI OPIUM INCENSE/CANDLE SET,1.25,2.51,2.2857142857142856,5.803919234134602,712.1960807658654,0.0,20.31371731947111,25.893832809016118,1.0,Markdown / clear,657.5
17012F,45.04828880656287,0,237,14,177,ORIGAMI SANDLEWOOD INCENSE/CAND SET,1.23,2.46,2.0,90.09657761312575,146.90342238687424,0.17003716165607774,360.386310452503,0.0,0.0,Healthy,0.0
17084J,3.1040244695712698,528,331,11,309,LOVE POTION MASALA INCENSE,0.1,0.21,1.5714285714285714,4.877752737897709,854.1222472621023,0.0,24.832195756570158,21.26271897886036,1.0,Markdown / clear,52.8
16169F,3.1040244695712698,250,525,9,425,WRAP BLIZZARD,0.21,0.42,1.2857142857142858,3.99088860373449,771.0091113962656,0.0,24.832195756570158,10.06757527408161,1.0,Markdown / clear,52.5
16169D,3.1040244695712698,1404,0,14,854,WRAP WINTER FOREST,0.21,0.42,2.0,6.2080489391425395,1397.7919510608574,0.0,24.832195756570158,56.53950273924232,1.0,Markdown / clear,294.84
15039,32.761308909856794,0,1094,19,781,SANDALWOOD FAN,0.42,0.85,2.7142857142857144,88.92355275532559,1005.0764472446745,0.0,262.09047127885435,0.0,0.0,Healthy,0.0
15044A,8.804663821529353,992,2227,13,1859,PINK PAPER PARASOL,1.62,2.95,1.8571428571428572,16.35151852569737,3202.6484814743026,0.0,70.43731057223482,14.083445150602177,1.0,Markdown / clear,1607.04
15044B,2.527455328645957,0,579,14,423,BLUE PAPER PARASOL,1.62,2.95,2.0,5.054910657291914,573.9450893427081,0.0,20.219642629167655,0.0,0.0,Healthy,0.0
15044C,4.10704150371209,0,153,12,113,PURPLE PAPER PARASOL,1.62,2.95,1.7142857142857142,7.040642577792155,145.95935742220786,0.0,32.85633202969672,0.0,0.0,Healthy,0.0
15044D,13.048325472950738,0,252,9,154,RED PAPER PARASOL,1.62,2.95,1.2857142857142858,16.776418465222378,235.22358153477762,0.0,104.3866037836059,0.0,0.0,Healthy,0.0
15056BL,32.20045802671648,0,899,20,886,EDWARDIAN PARASOL BLACK,2.98,5.95,2.857142857142857,92.00130864776138,806.9986913522387,0.08916626258212346,257.60366421373186,0.0,0.0,Healthy,0.0
15036,131.08814904485934,0,3155,8,1818,ASSORTED COLOURS SILK FAN,0.42,0.83,1.1428571428571428,149.81502747983924,3005.184972520161,0.0,1048.7051923588747,0.0,0.0,Healthy,0.0
15056N,44.87202114215984,0,1144,18,813,EDWARDIAN PARASOL NATURAL,2.98,5.95,2.5714285714285716,115.38519722269673,1028.6148027773033,0.0,358.9761691372787,0.0,0.0,Healthy,0.0
15058A,2.5392146649338887,0,136,13,89,BLUE POLKADOT GARDEN PARASOL,3.98,7.95,1.8571428571428572,4.715684377734365,131.28431562226564,0.0,20.31371731947111,0.0,0.0,Healthy,0.0
15058B,2.5392146649338887,0,113,19,109,PINK POLKADOT GARDEN PARASOL,3.98,7.95,2.7142857142857144,6.8921540905348415,106.10784590946515,0.026533523766374745,20.31371731947111,0.0,0.0,Healthy,0.0
15058C,2.5392146649338887,0,152,15,113,ICE CREAM DESIGN GARDEN PARASOL,3.98,7.95,2.142857142857143,5.44117428200119,146.55882571799881,0.0,20.31371731947111,0.0,0.0,Healthy,0.0
15060B,7.028313761607368,0,143,13,100,FAIRY CAKE DESIGN UMBRELLA,1.88,3.75,1.8571428571428572,13.052582700127969,129.94741729987203,0.0,56.226510092858945,0.0,0.0,Healthy,0.0
16008,123.85122360343333,57,1245,10,781,SMALL FOLDING SCISSOR(POINTED EDGE),0.06,0.12,1.4285714285714286,176.93031943347617,1125.0696805665239,0.0,990.8097888274666,0.057528700909842974,0.0,Healthy,0.0
15056P,16.43686366393801,0,528,16,399,EDWARDIAN PARASOL PINK,2.98,5.95,2.2857142857142856,37.569974089001164,490.43002591099884,0.0,131.49490931150407,0.0,0.0,Healthy,0.0
16010,3.1040244695712698,167,0,8,87,FOLDING CAMPING SCISSOR W/KNIF & S,0.06,0.12,1.1428571428571428,3.5474565366528794,163.45254346334713,0.0,24.832195756570158,6.725140283086516,1.0,Markdown / clear,10.02
15034,118.82490410323075,0,1609,14,1534,PAPER POCKET TRAVELING FAN,0.08,0.14,2.0,237.6498082064615,1371.3501917935384,0.10602986193380803,950.599232825846,0.0,0.0,Healthy,0.0
11001,29.42517987398883,0,1096,17,826,ASSTD DESIGN RACING CAR PEN,0.93,1.69,2.4285714285714284,71.4611511225443,1024.5388488774556,0.0,235.40143899191065,0.0,0.0,Healthy,0.0
10002,4.158103325973028,0,1282,8,742,INFLATABLE POLITICAL GLOBE,0.42,0.85,1.1428571428571428,4.752118086826317,1277.2478819131736,0.0,33.26482660778422,0.0,0.0,Healthy,0.0
10002R,2.527455328645957,43,0,18,28,ROBOT PENCIL SHARPNER,2.84,5.17,2.5714285714285716,6.499170845089604,36.5008291549104,0.0,20.219642629167655,2.1266449060761716,0.3755483020253905,Healthy,0.0
10080,15.723091088525939,292,170,16,267,GROOVY CACTUS INFLATABLE,0.2,0.39,2.2857142857142856,35.93849391663071,426.0615060833693,0.0,125.78472870820751,2.321426479977349,0.44047549332578306,Healthy,0.0
10120,10.30650411927179,17,315,13,211,DOGGY RUBBER,0.1,0.21,1.8571428571428572,19.14065050721904,312.85934949278095,0.0,82.45203295417431,0.20618048325683325,0.0,Healthy,0.0
10123C,3.1040244695712698,394,447,19,434,HEARTS WRAPPING TAPE,0.32,0.65,2.7142857142857144,8.425209274550589,832.5747907254494,0.0,24.832195756570158,15.866498631952616,1.0,Markdown / clear,126.08
15030,10.286497507166112,288,150,18,253,FAN BLACK FRAME,0.14,0.29,2.5714285714285716,26.45099358985572,411.5490064101443,0.0,82.2919800573289,3.4997335074373486,0.8332445024791162,Markdown / clear,40.32
10123G,3.1040244695712698,5086,2228,8,3008,ARMY CAMO WRAPPING TAPE,0.32,0.65,1.1428571428571428,3.5474565366528794,7310.452543463347,0.0,24.832195756570158,204.81475137591627,1.0,Markdown / clear,1627.52
10124G,3.1040244695712698,58,0,10,41,ARMY CAMO BOOKCOVER TAPE,0.21,0.42,1.4285714285714286,4.4343206708161,53.5656793291839,0.0,24.832195756570158,2.3356774635869333,0.4452258211956444,Healthy,0.0
10125,17.264414384484564,0,477,8,240,MINI FUNKY DESIGN TAPES,0.42,0.85,1.1428571428571428,19.730759296553785,457.2692407034462,0.0,138.1153150758765,0.0,0.0,Healthy,0.0
10133,4.047265063361509,0,594,14,443,COLOURING PENCILS BROWN TUBE,0.46,0.83,2.0,8.094530126723019,585.905469873277,0.0,32.378120506892074,0.0,0.0,Healthy,0.0
10134,4.047265063361509,374,253,21,551,COLOURING PENCILS BROWN TUBE,0.69,1.25,3.0,12.141795190084528,614.8582048099155,0.0,32.378120506892074,11.551010192836536,1.0,Markdown / clear,258.06
10135,48.86310039378137,0,956,18,697,COLOURING PENCILS BROWN TUBE,0.69,1.25,2.5714285714285716,125.6479724411521,830.3520275588479,0.0,390.904803150251,0.0,0.0,Healthy,0.0
10138,4.047265063361509,571,203,18,414,ASSORTED COLOUR JUMBO PEN,0.23,0.42,2.5714285714285716,10.407253020072453,763.5927469799276,0.0,32.378120506892074,17.63536582917022,1.0,Markdown / clear,131.33
10124A,3.1040244695712698,105,46,17,68,SPOTS ON RED BOOKCOVER TAPE,0.21,0.42,2.4285714285714284,7.538345140387369,143.46165485961262,0.0,24.832195756570158,4.228381615114277,1.0,Markdown / clear,22.05
16011,52.26438102174553,0,1046,15,757,ANIMAL STICKERS,0.12,0.21,2.142857142857143,111.9951021894547,934.0048978105453,0.0,418.1150481739642,0.0,0.0,Healthy,0.0
16012,20.412220041626394,0,1162,20,1085,FOOD/DRINK SPONGE STICKERS,0.12,0.21,2.857142857142857,58.320628690361126,1103.6793713096388,0.0,163.29776033301115,0.0,0.0,Healthy,0.0
16014,170.2539205580763,0,10378,7,5654,SMALL CHINESE STYLE SCISSOR,0.21,0.42,1.0,170.2539205580763,10207.746079441924,0.0,1362.0313644646103,0.0,0.0,Healthy,0.0
16156N,3.1040244695712698,0,450,7,273,"WRAP, FRIENDSHIP ON GREEN",0.21,0.42,1.0,3.1040244695712698,446.89597553042876,0.0,24.832195756570158,0.0,0.0,Healthy,0.0
16156S,102.29319376574067,0,2161,15,1401,WRAP PINK FAIRY CAKES,0.21,0.42,2.142857142857143,219.19970092658713,1941.8002990734128,0.0,818.3455501259253,0.0,0.0,Healthy,0.0
16161C,3.1040244695712698,5950,0,9,2900,WRAP SPEED DEMONS,0.05,0.1,1.2857142857142858,3.99088860373449,5946.009111396265,0.0,24.832195756570158,239.60829152314233,1.0,Markdown / clear,297.5
16161E,3.1040244695712698,3975,0,18,3225,WRAP BOUDOIR,0.05,0.1,2.5714285714285716,7.98177720746898,3967.018222792531,0.0,24.832195756570158,160.07444685789758,1.0,Markdown / clear,198.75
16161G,19.544623023216804,573,450,17,621,WRAP BAD HAIR DAY,0.05,0.1,2.4285714285714284,47.465513056383664,975.5344869436163,0.0,156.35698418573443,3.6646907906546775,0.8882302635515592,Markdown / clear,28.65
16161M,3.1040244695712698,417,400,20,645,WRAP  PINK FLOCK,0.21,0.42,2.857142857142857,8.8686413416322,808.1313586583678,0.0,24.832195756570158,16.792715557168126,1.0,Markdown / clear,87.57
16156L,25.08014192529612,320,400,14,454,"WRAP, CAROUSEL",0.21,0.42,2.0,50.16028385059224,669.8397161494078,0.0,200.64113540236897,1.5948873064253093,0.19829576880843644,Healthy,0.0
16161P,75.77433861362425,0,1347,18,1148,WRAP ENGLISH ROSE,0.21,0.42,2.5714285714285716,194.84829929217668,1152.1517007078232,0.0,606.194708908994,0.0,0.0,Healthy,0.0
16162L,3.1040244695712698,19128,8081,21,14603,THE KING GIFT BAG,0.32,0.65,3.0,9.31207340871381,27199.687926591287,0.0,24.832195756570158,770.2903193705322,1.0,Markdown / clear,6120.96
16162M,3.4908755161689506,138,0,13,121,THE KING GIFT BAG 25x24x12cm,0.21,0.42,1.8571428571428572,6.483054530028052,131.51694546997194,0.0,27.927004129351605,4.941453775736739,1.0,Markdown / clear,28.98
16168M,14.009597714946372,0,591,11,434,FUNKY MONKEY GIFT BAG MEDIUM,0.21,0.42,1.5714285714285714,22.015082123487154,568.9849178765129,0.0,112.07678171957097,0.0,0.0,Healthy,0.0
16168S,3.1040244695712698,5639,0,20,4551,FUNKY MONKEY GIFT BAG SMALL,0.14,0.29,2.857142857142857,8.8686413416322,5630.131358658367,0.0,24.832195756570158,227.0842278821848,1.0,Markdown / clear,789.46
16169C,3.1040244695712698,459,650,8,468,WRAP BLUE REINDEER,0.19,0.42,1.1428571428571428,3.5474565366528794,1105.4525434633472,0.0,24.832195756570158,18.484068203213837,1.0,Markdown / clear,87.21
16161U,71.54270388657429,0,1200,12,806,WRAP SUKI AND FRIENDS,0.21,0.42,1.7142857142857142,122.64463523412735,1077.3553647658728,0.0,572.3416310925943,0.0,0.0,Healthy,0.0
16151A,3.1040244695712698,395,0,14,258,FLOWERS HANDBAG blue and orange,0.62,1.25,2.0,6.2080489391425395,388.79195106085746,0.0,24.832195756570158,15.906768933048944,1.0,Markdown / clear,244.9
16119,3.1040244695712698,1359,0,12,897,FUNKY GIRL ADDRESS BOOK,0.62,1.25,1.7142857142857142,5.321184804979319,1353.6788151950207,0.0,24.832195756570158,54.72733918990763,1.0,Markdown / clear,842.58
16054,68.97845583446457,397,552,9,463,POPART RECT PENCIL SHARPENER ASST,0.07,0.12,1.2857142857142858,88.68658607288302,860.3134139271169,0.0,551.8276466757166,0.7194275284893409,0.0,Healthy,0.0
16015,9.879368772547982,643,1036,19,802,MEDIUM CHINESE STYLE SCISSOR,0.25,0.5,2.7142857142857144,26.81542952548738,1652.1845704745126,0.0,79.03495018038386,8.13564123887548,1.0,Markdown / clear,160.75
16016,36.14554431816912,0,1054,19,723,LARGE CHINESE STYLE SCISSOR,0.42,0.85,2.7142857142857144,98.10933457788762,955.8906654221124,0.0,289.164354545353,0.0,0.0,Healthy,0.0
16020C,3.1040244695712698,61,66,11,81,CLEAR STATIONERY BOX SET,0.42,0.85,1.5714285714285714,4.877752737897709,122.12224726210229,0.0,24.832195756570158,2.456488366875913,0.485496122291971,Healthy,0.0
16033,4.158103325973028,4573,5640,16,8972,MINI HIGHLIGHTER PENS,0.06,0.12,2.2857142857142856,9.504236173652634,10203.495763826348,0.0,33.26482660778422,137.4725337942956,1.0,Markdown / clear,274.38
16043,3.1040244695712698,3497,0,9,3234,POP ART PUSH DOWN RUBBER,0.21,0.42,1.2857142857142858,3.99088860373449,3493.0091113962653,0.0,24.832195756570158,140.82524293385356,1.0,Markdown / clear,734.37
16044,4.047265063361509,84647,0,18,61891,POP-ART FLUORESCENT PENS,0.23,0.42,2.5714285714285716,10.407253020072453,84636.59274697992,0.0,32.378120506892074,2614.3271652220164,1.0,Markdown / clear,19468.81
16045,229.77366442223902,546,4300,17,3455,POPART WOODEN PENCILS ASST,0.02,0.04,2.4285714285714284,558.021756454009,4287.978243545991,0.0,1838.1893153779122,0.2970314294791493,0.0,Healthy,0.0
16046,4.434116109959191,4817,5157,12,7156,TEATIME PEN CASE & PENS,0.47,0.85,1.7142857142857142,7.601341902787183,9966.398658097212,0.0,35.472928879673525,135.79369260259216,1.0,Markdown / clear,2263.99
16047,4.047265063361509,14548,10487,8,9366,POP ART PEN CASE & PENS,0.47,0.85,1.1428571428571428,4.625445786698868,25030.3745542133,0.0,32.378120506892074,449.3157654689463,1.0,Markdown / clear,6837.56
16048,25.11972348670893,545,1888,21,1566,TEATIME ROUND PENCIL SHARPENER,0.07,0.12,3.0,75.35917046012679,2357.6408295398733,0.0,200.95778789367145,2.712012337080284,0.5706707790267614,Markdown / clear,38.15
16049,4.047265063361509,2536,1595,13,2381,TEATIME GEL PENS ASST,0.23,0.42,1.8571428571428572,7.51634940338566,4123.483650596614,0.0,32.378120506892074,78.32449692254934,1.0,Markdown / clear,583.28
16050,4.047265063361509,736,0,20,585,TEATIME PENCIL WITH RUBBER,0.22,0.4,2.857142857142857,11.56361446674717,724.4363855332529,0.0,32.378120506892074,22.731399737774574,1.0,Markdown / clear,161.92
16051,4.047265063361509,9251,0,17,6862,TEATIME PENCIL W STAMP ASST,0.23,0.42,2.4285714285714284,9.829072296735093,9241.170927703264,0.0,32.378120506892074,285.7176344757508,1.0,Markdown / clear,2127.73
16052,3.1040244695712698,1100,369,18,848,TEATIME PUSH DOWN RUBBER,0.21,0.42,2.5714285714285716,7.98177720746898,1461.018222792531,0.0,24.832195756570158,44.29733120595908,1.0,Markdown / clear,231.0
16053,4.047265063361509,15327,0,18,13552,POPART COL BALLPOINT PEN ASST,0.12,0.21,2.5714285714285716,10.407253020072453,15316.592746979928,0.0,32.378120506892074,473.37522252835714,1.0,Markdown / clear,1839.24
16169E,232.34928421515232,36,1587,18,1336,WRAP 50'S  CHRISTMAS,0.19,0.42,2.5714285714285716,597.4695879818203,1025.5304120181797,0.2323874161540571,1858.7942737212186,0.019367393427530685,0.0,Healthy,0.0
17084N,35.510070050378395,0,590,13,400,FAIRY DREAMS INCENSE,0.21,0.42,1.8571428571428572,65.94727295070274,524.0527270492972,0.0,284.08056040302716,0.0,0.0,Healthy,0.0
17084P,12.298577007780956,388,597,21,534,DRAGONS BLOOD INCENSE,0.21,0.42,3.0,36.89573102334287,948.1042689766572,0.0,98.38861606224765,3.943545661365168,0.9811818871217226,Markdown / clear,81.48
17084R,18.731787965435505,2944,6012,19,5233,ASSORTED INCENSE PACK,0.1,0.21,2.7142857142857144,50.84342447761066,8905.15657552239,0.0,149.85430372348404,19.64574874961458,1.0,Markdown / clear,294.4
20705,4.58857472322984,74,160,11,103,MRS ROBOT SOFT TOY,3.48,6.95,1.5714285714285714,7.21061742221832,226.78938257778168,0.0,36.70859778583872,2.0158765102312732,0.3386255034104244,Healthy,0.0
20707,6.812519059730236,0,589,16,457,CRAZY DAISY HEART DECORATION,0.42,0.83,2.2857142857142856,15.571472136526253,573.4285278634737,0.0,54.50015247784189,0.0,0.0,Healthy,0.0
20711,45.511807700641434,0,931,9,543,JUMBO BAG TOYS,1.04,2.08,1.2857142857142858,58.515181329396135,872.4848186706039,0.0,364.09446160513147,0.0,0.0,Healthy,0.0
20712,193.48184867632094,0,1186,15,878,JUMBO BAG WOODLAND ANIMALS,1.04,2.08,2.142857142857143,414.60396144925915,771.3960385507409,0.1214168125845776,1547.8547894105675,0.0,0.0,Healthy,0.0
20713,168.8789700487569,0,1367,8,746,JUMBO BAG OWLS,0.98,1.95,1.1428571428571428,193.00453719857933,1173.9954628014207,0.0,1351.0317603900553,0.0,0.0,Healthy,0.0
20714,3.1040244695712698,2772,0,16,2768,POSY SHOPPER BAG,0.44,0.87,2.2857142857142856,7.094913073305759,2764.9050869266944,0.0011181044339977353,24.832195756570158,111.62927463901688,1.0,Markdown / clear,1219.68
20704,4.1922639355613525,44,175,13,119,MR ROBOT SOFT TOY,3.48,6.95,1.8571428571428572,7.785633023185369,211.21436697681463,0.0,33.53811148449082,1.311940298735876,0.1039800995786253,Healthy,0.0
20717,45.7524961543277,0,502,18,464,STRAWBERRY SHOPPER BAG,0.62,1.25,2.5714285714285716,117.6492758254141,384.35072417458593,0.17165792203753028,366.0199692346216,0.0,0.0,Healthy,0.0
20718,86.0194361779373,0,884,13,593,RED RETROSPOT SHOPPER BAG,0.62,1.25,1.8571428571428572,159.75038147331213,724.2496185266879,0.0,688.1554894234984,0.0,0.0,Healthy,0.0
20719,239.0431030024125,0,1380,18,1196,WOODLAND CHARLOTTE BAG,0.42,0.85,2.5714285714285716,614.6822648633464,765.3177351366536,0.36010222814661075,1912.3448240193,0.0,0.0,Healthy,0.0
20721,3.1040244695712698,20,0,7,7,OWLS CHARLOTTE BAG,0.42,0.85,1.0,3.1040244695712698,16.89597553042873,0.0,24.832195756570158,0.8054060219265288,0.0,Healthy,0.0
20723,160.59899102847166,0,1004,9,513,STRAWBERRY CHARLOTTE BAG,0.42,0.85,1.2857142857142858,206.48441703660643,797.5155829633936,0.0,1284.7919282277733,0.0,0.0,Healthy,0.0
20724,342.22615901660794,0,1615,14,1160,RED RETROSPOT CHARLOTTE BAG,0.42,0.85,2.0,684.4523180332159,930.5476819667841,0.1978037224424275,2737.8092721328635,0.0,0.0,Healthy,0.0
20716,3.1040244695712698,0,117,8,112,PARTY FOOD SHOPPER BAG,0.62,1.25,1.1428571428571428,3.5474565366528794,113.45254346334713,0.0,24.832195756570158,0.0,0.0,Healthy,0.0
20725,268.01471911935283,0,976,9,928,LUNCH BAG RED RETROSPOT,0.82,1.65,1.2857142857142858,344.5903531534537,631.4096468465464,0.31960167365673886,2144.1177529548227,0.0,0.0,Healthy,0.0
20703,2.5392146649338887,0,106,16,76,BLUE PADDED SOFT MOBILE,2.12,4.25,2.2857142857142856,5.803919234134602,100.1960807658654,0.0,20.31371731947111,0.0,0.0,Healthy,0.0
20701,2.5392146649338887,390,270,14,325,PINK CAT FLORAL CUSHION COVER,2.06,4.13,2.0,5.078429329867777,654.9215706701323,0.0,20.31371731947111,19.198849421133623,1.0,Markdown / clear,803.4
20684,2.5392146649338887,0,115,8,61,STRAWBERRY DREAM CHILDS UMBRELLA,1.62,3.25,1.1428571428571428,2.901959617067301,112.0980403829327,0.0,20.31371731947111,0.0,0.0,Healthy,0.0
20685,66.41187114043488,0,548,13,428,DOORMAT RED RETROSPOT,3.74,7.49,1.8571428571428572,123.3363321179505,424.6636678820495,0.007795168499884375,531.2949691234791,0.0,0.0,Healthy,0.0
20686,11.106566337849761,0,114,17,96,DOLLY MIXTURE CHILDREN'S UMBRELLA,1.62,3.25,2.4285714285714284,26.973089677635134,87.02691032236487,0.0934696841420326,88.85253070279809,0.0,0.0,Healthy,0.0
20688,2.527455328645957,1756,0,10,1150,BEAUTY SPEED EXPRESSO CUPS,2.98,5.95,1.4285714285714286,3.610650469494224,1752.3893495305058,0.0,20.219642629167655,86.84624314115715,1.0,Markdown / clear,5232.88
20689,2.527455328645957,762,409,17,604,RETRO SISTERS EXPRESSO CUPS,2.98,5.95,2.4285714285714284,6.138105798140181,1164.8618942018597,0.0,20.219642629167655,37.68612601000099,1.0,Markdown / clear,2270.76
20692,2.5392146649338887,0,294,11,222,FLORAL ELEPHANT SOFT TOY,2.12,4.25,1.5714285714285714,3.990194473467539,290.0098055265325,0.0,20.31371731947111,0.0,0.0,Healthy,0.0
20702,2.5392146649338887,0,119,17,102,PINK PADDED MOBILE,2.12,4.25,2.4285714285714284,6.166664186268015,112.83333581373199,0.0,20.31371731947111,0.0,0.0,Healthy,0.0
20693,2.5392146649338887,50,0,19,49,FLORAL DINOSAUR GREEN,2.12,4.25,2.7142857142857144,6.8921540905348415,43.107845909465155,0.12024804266397648,20.31371731947111,2.4613909514273877,0.4871303171424626,Healthy,0.0
20695,2.5392146649338887,31,50,15,77,FLORAL BLUE MONSTER,2.12,4.25,2.142857142857143,5.44117428200119,75.55882571799881,0.018716549116898462,20.31371731947111,1.5260623898849803,0.1753541299616601,Healthy,0.0
20696,3.3726285907061757,0,38,9,35,FLORAL SOFT CAR TOY,1.88,3.75,1.2857142857142858,4.336236759479369,33.66376324052063,0.038178193127981985,26.981028725649406,0.0,0.0,Healthy,0.0
20697,2.5392146649338887,54,29,13,35,LITTLE GREEN MONSTER SOFT TOY,1.27,2.55,1.8571428571428572,4.715684377734365,78.28431562226564,0.0,20.31371731947111,2.658302227541579,0.5527674091805262,Markdown / clear,68.58
20698,2.5392146649338887,78,33,19,57,LITTLE PINK MONSTER SOFT TOY,1.27,2.55,2.7142857142857144,6.8921540905348415,104.10784590946515,0.0,20.31371731947111,3.839769884226725,0.9465899614089084,Markdown / clear,99.06
20699,2.5392146649338887,0,58,7,41,MOUSEY LONG LEGS SOFT TOY,1.27,2.55,1.0,2.5392146649338887,55.46078533506611,0.0,20.31371731947111,0.0,0.0,Healthy,0.0
20700,2.5392146649338887,87,196,18,233,GREEN CAT FLORAL CUSHION COVER,2.06,4.13,2.5714285714285716,6.529409138401428,276.47059086159857,0.0,20.31371731947111,4.282820255483655,1.0,Markdown / clear,179.22
20694,3.3726285907061757,74,108,15,80,FLORAL PINK MONSTER,1.88,3.75,2.142857142857143,7.227061265798948,174.77293873420106,0.0,26.981028725649406,2.7426678483038045,0.5808892827679348,Markdown / clear,139.12
20726,115.09093196064715,0,1207,11,1015,LUNCH BAG WOODLAND,0.82,1.65,1.5714285714285714,180.85717879530267,1026.1428212046974,0.0,920.7274556851772,0.0,0.0,Healthy,0.0
20727,224.55484180389067,0,2039,16,1516,LUNCH BAG  BLACK SKULL.,0.82,1.65,2.2857142857142856,513.2682098374644,1525.7317901625356,0.0,1796.4387344311253,0.0,0.0,Healthy,0.0
20728,179.54718957840785,0,1534,9,932,LUNCH BAG CARS BLUE,0.82,1.65,1.2857142857142858,230.84638660081012,1303.15361339919,0.0,1436.3775166272628,0.0,0.0,Healthy,0.0
20756,4.435574205436875,7434,5344,14,6211,GREEN FERN POCKET BOOK,0.42,0.85,2.0,8.87114841087375,12769.128851589126,0.0,35.484593643495,209.4993696331307,1.0,Markdown / clear,3122.28
20757,14.554720854351993,5852,5109,14,4872,RED DAISY POCKET BOOK,0.42,0.85,2.0,29.109441708703987,10931.890558291296,0.0,116.43776683481595,50.258607315115555,1.0,Markdown / clear,2457.84
20758,12.664586527222209,5641,4872,18,5180,ABSTRACT CIRCLES POCKET BOOK,0.42,0.85,2.5714285714285716,32.56607964142854,10480.433920358571,0.0,101.31669221777767,55.676906504949976,1.0,Markdown / clear,2369.22
20759,9.879368772547982,5246,5338,7,4066,CHRYSANTHEMUM POCKET BOOK,0.42,0.85,1.0,9.879368772547982,10574.120631227452,0.0,79.03495018038386,66.37569819462017,1.0,Markdown / clear,2203.32
20760,6.472246107626483,3432,4485,8,3252,GARDEN PATH POCKET BOOK,0.42,0.85,1.1428571428571428,7.396852694430266,7909.60314730557,0.0,51.777968861011864,66.2830171884987,1.0,Markdown / clear,1441.44
20761,5.281464875123321,0,135,11,89,BLUE PAISLEY SKETCHBOOK,1.88,3.75,1.5714285714285714,8.299444803765219,126.70055519623477,0.0,42.25171900098657,0.0,0.0,Healthy,0.0
20755,21.054467222168114,3326,4041,13,3298,BLUE PAISLEY POCKET BOOK,0.42,0.85,1.8571428571428572,39.101153412597924,7327.898846587402,0.0,168.4357377773449,19.74640325081508,1.0,Markdown / clear,1396.92
20762,3.3726285907061757,0,148,14,117,GREEN FERN SKETCHBOOK,1.88,3.75,2.0,6.745257181412351,141.25474281858766,0.0,26.981028725649406,0.0,0.0,Healthy,0.0
20764,10.368756034762841,0,142,14,127,ABSTRACT CIRCLES SKETCHBOOK,1.88,3.75,2.0,20.737512069525682,121.26248793047432,0.045177260389965945,82.95004827810273,0.0,0.0,Healthy,0.0
20765,3.3726285907061757,0,159,13,107,CHRYSANTHEMUM SKETCHBOOK,1.88,3.75,1.8571428571428572,6.263453097025755,152.73654690297425,0.0,26.981028725649406,0.0,0.0,Healthy,0.0
20766,5.823036540560865,0,193,21,161,GARDEN PATH SKETCHBOOK,1.88,3.75,3.0,17.469109621682595,175.5308903783174,0.0,46.58429232448692,0.0,0.0,Healthy,0.0
20767,11.419022855048599,0,174,9,103,BLUE PAISLEY JOURNAL,1.27,2.55,1.2857142857142858,14.681600813633914,159.3183991863661,0.0,91.35218284038879,0.0,0.0,Healthy,0.0
20768,27.22125546057051,0,237,15,201,GREEN FERN JOURNAL,1.27,2.55,2.142857142857143,58.33126170122252,178.66873829877747,0.1111008044836942,217.7700436845641,0.0,0.0,Healthy,0.0
20769,7.117711324899823,100,253,15,189,DAISY JOURNAL,1.27,2.55,2.142857142857143,15.252238553356763,337.7477614466432,0.0,56.94169059919859,1.7561824903282275,0.25206083010940916,Healthy,0.0
20763,8.816423157817285,49,129,17,128,DAISY SKETCHBOOK,1.88,3.75,2.4285714285714284,21.411313383270546,156.58868661672946,0.0,70.53138526253828,0.6947261820763591,0.0,Healthy,0.0
20754,9.479549357665539,0,541,21,421,RETROSPOT RED WASHING UP GLOVES,1.05,2.1,3.0,28.438648072996614,512.5613519270034,0.0,75.83639486132431,0.0,0.0,Healthy,0.0
20753,2.8154898181844623,228,153,9,148,RETRO PINK SPOT WASHING UP GLOVES,1.05,2.1,1.2857142857142858,3.6199154805228804,377.3800845194771,0.0,22.5239185454757,10.122572568341914,1.0,Markdown / clear,239.4
20752,10.212246889755917,0,200,7,115,BLUE POLKADOT WASHING UP GLOVES,1.05,2.1,1.0,10.212246889755917,189.78775311024407,0.0,81.69797511804734,0.0,0.0,Healthy,0.0
20729,3.1040244695712698,5445,5064,17,4612,RED SPOTTY CANDY BAG,0.62,1.25,2.4285714285714284,7.538345140387369,10501.461654859613,0.0,24.832195756570158,219.27178946949746,1.0,Markdown / clear,3375.9
20730,3.1040244695712698,921,1502,8,1126,STRAWBERRY CANDY BAG,0.44,0.87,1.1428571428571428,3.5474565366528794,2419.452543463347,0.0,24.832195756570158,37.08894730971665,1.0,Markdown / clear,405.24
20731,3.1040244695712698,1846,2907,9,2216,POSY CANDY BAG,0.62,1.25,1.2857142857142858,3.99088860373449,4749.009111396265,0.0,24.832195756570158,74.33897582381861,1.0,Markdown / clear,1144.52
20733,17.362882031316335,0,424,15,346,GOLD MINI TAPE MEASURE,0.42,0.83,2.142857142857143,37.20617578139215,386.7938242186078,0.0,138.90305625053068,0.0,0.0,Healthy,0.0
20734,3.1040244695712698,185,814,18,595,SILVER MINI TAPE MEASURE,0.42,0.85,2.5714285714285716,7.98177720746898,991.018222792531,0.0,24.832195756570158,7.450005702820391,1.0,Markdown / clear,77.7
20735,7.592099375816158,0,302,9,216,BLACK MINI TAPE MEASURE,0.42,0.85,1.2857142857142858,9.761270626049347,292.23872937395066,0.0,60.73679500652926,0.0,0.0,Healthy,0.0
20736,3.1040244695712698,386,0,11,385,PINK MINI TAPE MEASURE,0.42,0.85,1.5714285714285714,4.877752737897709,381.1222472621023,0.010072085033500544,24.832195756570158,15.544336223182006,1.0,Markdown / clear,162.12
20738,3.1040244695712698,529,895,21,886,GREEN MINI TAPE MEASURE,0.42,0.85,3.0,9.31207340871381,1414.6879265912862,0.0,24.832195756570158,21.302989279956687,1.0,Markdown / clear,222.18
20747,2.5392146649338887,48,317,13,223,PICCADILLY TEA SET,7.48,14.95,1.8571428571428572,4.715684377734365,360.28431562226564,0.0,20.31371731947111,2.362935313370292,0.45431177112343074,Healthy,0.0
20748,4.118800840000022,164,602,12,427,KENSINGTON COFFEE SET,6.38,12.75,1.7142857142857142,7.060801440000037,758.9391985599999,0.0,32.950406720000174,4.977176803722292,1.0,Markdown / clear,1046.32
20749,47.77457750858182,0,238,16,209,ASSORTED COLOUR MINI CASES,3.98,7.95,2.2857142857142856,109.19903430532987,128.80096569467014,0.383727436867607,382.19662006865457,0.0,0.0,Healthy,0.0
20750,46.09841778847024,0,239,15,190,RED RETROSPOT MINI CASES,3.98,7.95,2.142857142857143,98.78232383243623,140.21767616756375,0.26201223069703283,368.78734230776195,0.0,0.0,Healthy,0.0
20751,14.49739016655495,0,262,11,157,FUNKY WASHING UP GLOVES ASSORTED,1.05,2.1,1.5714285714285714,22.781613118872066,239.21838688112794,0.0,115.9791213324396,0.0,0.0,Healthy,0.0
20682,36.38658890707459,0,259,13,178,RED RETROSPOT CHILDRENS UMBRELLA,1.62,3.25,1.8571428571428572,67.5750936845671,191.4249063154329,0.0,291.0927112565967,0.0,0.0,Healthy,0.0
20681,2.5392146649338887,0,103,8,94,PINK SPOTTY CHILDS UMBRELLA,1.62,3.25,1.1428571428571428,2.901959617067301,100.0980403829327,0.0,20.31371731947111,0.0,0.0,Healthy,0.0
20680,2.5392146649338887,36,0,8,17,PINK FLOWERS CHILDS UMBRELLA,1.62,3.25,1.1428571428571428,2.901959617067301,33.0980403829327,0.0,20.31371731947111,1.7722014850277192,0.2574004950092397,Healthy,0.0
17165B,3.1040244695712698,379,301,19,646,ASS COL LARGE SAND GECKO P'WEIGHT,0.52,1.05,2.7142857142857144,8.425209274550589,671.5747907254494,0.0,24.832195756570158,15.262444115507721,1.0,Markdown / clear,197.08
17165D,3.1040244695712698,0,335,11,211,ASS COL LARGE SAND FROG P'WEIGHT,0.52,1.05,1.5714285714285714,4.877752737897709,330.1222472621023,0.0,24.832195756570158,0.0,0.0,Healthy,0.0
17174,3.6021602796645866,151,0,9,98,ASSTD RASTA KEY-CHAINS,0.21,0.42,1.2857142857142858,4.631348930997326,146.36865106900268,0.0,28.817282237316693,5.239911201774047,1.0,Markdown / clear,31.71
17178,3.1040244695712698,168,87,12,108,FLAT PALM T-LIGHT HOLDER,0.62,1.25,1.7142857142857142,5.321184804979319,249.6788151950207,0.0,24.832195756570158,6.765410584182842,1.0,Markdown / clear,104.16
17181,2.5392146649338887,0,120,7,113,CIRCLE OF FRIENDS CANDLE HOLDER,2.53,5.06,1.0,2.5392146649338887,117.4607853350661,0.0,20.31371731947111,0.0,0.0,Healthy,0.0
17191A,3.213589132020008,37,0,8,29,ROSE FLOWER CANDLE+INCENSE 16X16CM,1.88,3.75,1.1428571428571428,3.672673293737152,33.327326706262845,0.0,25.708713056160065,1.439200784542361,0.1464002615141203,Healthy,0.0
17164D,3.1040244695712698,1565,752,13,1164,ASS COL SMALL SAND FROG P'WEIGHT,0.21,0.42,1.8571428571428572,5.764616872060929,2311.2353831279393,0.0,24.832195756570158,63.02302121575088,1.0,Markdown / clear,328.65
18007,4.047265063361509,4094,5391,8,4319,ESSENTIAL BALM 3.5g TIN IN ENVELOPE,0.09,0.18,1.1428571428571428,4.625445786698868,9480.374554213302,0.0,32.378120506892074,126.44341104137106,1.0,Markdown / clear,368.46
18094C,2.5392146649338887,0,146,17,122,WHITE AND BLUE CERAMIC OIL BURNER,1.23,2.46,2.4285714285714284,6.166664186268015,139.833335813732,0.0,20.31371731947111,0.0,0.0,Healthy,0.0
18096C,2.5392146649338887,268,100,17,190,WHITE ROUND PORCELAIN TLIGHT HOLDER,1.9,3.8,2.4285714285714284,6.166664186268015,361.833335813732,0.0,20.31371731947111,13.193055499650798,1.0,Markdown / clear,509.2
18097A,2.5392146649338887,31,0,13,25,PINK TALL PORCELAIN T-LIGHT HOLDER,1.27,2.55,1.8571428571428572,4.715684377734365,26.284315622265634,0.0,20.31371731947111,1.5260623898849803,0.1753541299616601,Healthy,0.0
18097B,2.5392146649338887,77,0,17,48,BLUE TALL PORCELAIN T-LIGHT HOLDER,1.27,2.55,2.4285714285714284,6.166664186268015,70.83333581373199,0.0,20.31371731947111,3.7905420651981774,0.9301806883993925,Markdown / clear,97.79
18097C,8.816423157817285,0,328,9,244,WHITE TALL PORCELAIN T-LIGHT HOLDER,1.27,2.55,1.2857142857142858,11.335401202907939,316.6645987970921,0.0,70.53138526253828,0.0,0.0,Healthy,0.0
18098A,2.5392146649338887,33,0,20,20,PINK PORCELAIN B'FLY OIL BURNER,1.48,2.95,2.857142857142857,7.254899042668254,25.745100957331747,0.0,20.31371731947111,1.624518027942076,0.20817267598069197,Healthy,0.0
18010,3.1040244695712698,251,0,18,194,ASSORTED FRAGRANCE BATH CONFETTI,0.21,0.42,2.5714285714285716,7.98177720746898,243.01822279253102,0.0,24.832195756570158,10.107845575177937,1.0,Markdown / clear,52.71
17164B,3.1040244695712698,251,903,13,572,ASS COL SMALL SAND GECKO P'WEIGHT,0.21,0.42,1.8571428571428572,5.764616872060929,1148.235383127939,0.0,24.832195756570158,10.107845575177937,1.0,Markdown / clear,52.71
17136A,7.320557718028773,418,343,13,407,BLUE STONES ON WIRE FOR CANDLE,0.04,0.08,1.8571428571428572,13.595321476339151,747.4046785236609,0.0,58.56446174423019,7.1374343339061195,1.0,Markdown / clear,16.72
17129F,6.066346810436389,0,359,16,300,BLUE GLASS GEMS IN BAG,0.82,1.63,2.2857142857142856,13.865935566711746,345.13406443328824,0.0,48.530774483491115,0.0,0.0,Healthy,0.0
17090A,5.378814799227114,121,106,7,86,LAVENDER INCENSE 40 CONES IN TIN,0.62,1.25,1.0,5.378814799227114,221.62118520077289,0.0,43.03051839381691,2.811957757343369,0.6039859191144563,Markdown / clear,75.02
17090D,4.047265063361509,52,49,10,47,VANILLA INCENSE 40 CONES IN TIN,0.62,1.25,1.4285714285714286,5.781807233373585,95.21819276662642,0.0,32.378120506892074,1.60602280756016,0.20200760252005331,Healthy,0.0
17091A,4.047265063361509,0,988,19,701,LAVENDER INCENSE IN TIN,0.62,1.25,2.7142857142857144,10.98543374340981,977.0145662565902,0.0,32.378120506892074,0.0,0.0,Healthy,0.0
17091B,4.047265063361509,0,90,7,83,JASMINE TEA INCENSE IN TIN,0.62,1.25,1.0,4.047265063361509,85.95273493663849,0.0,32.378120506892074,0.0,0.0,Healthy,0.0
17091F,4.047265063361509,88,0,19,63,SANDALWOOD INCENSE IN TIN,0.62,1.25,2.7142857142857144,10.98543374340981,77.01456625659019,0.0,32.378120506892074,2.717884751255655,0.5726282504185517,Markdown / clear,54.56
17091J,45.2987746446934,0,827,11,533,VANILLA INCENSE IN TIN,0.19,0.38,1.5714285714285714,71.18378872737534,755.8162112726246,0.0,362.3901971575472,0.0,0.0,Healthy,0.0
17096,6.771699729316348,2510,3374,20,3800,ASSORTED LAQUERED INCENSE HOLDERS,0.21,0.42,2.857142857142857,19.347713512332422,5864.652286487668,0.0,54.17359783453078,46.33253282653679,1.0,Markdown / clear,527.1
17107D,5.749573444999537,0,118,11,60,"FLOWER FAIRY,5 SUMMER B'DRAW LINERS",1.27,2.55,1.5714285714285714,9.035043984999271,108.96495601500072,0.0,45.99658755999629,0.0,0.0,Healthy,0.0
17108D,3.1040244695712698,397,247,13,267,FLOWER FAIRY SUMMER BOUQUET SACHET,0.21,0.42,1.8571428571428572,5.764616872060929,638.235383127939,0.0,24.832195756570158,15.987309535241597,1.0,Markdown / clear,83.37
17109A,3.1040244695712698,1794,0,16,1439,FLOWER FAIRY INCENSE LILY,0.84,1.69,2.2857142857142856,7.094913073305759,1786.9050869266941,0.0,24.832195756570158,72.24492016680964,1.0,Markdown / clear,1506.96
17109B,3.1040244695712698,11272,4408,8,7065,FLOWER FAIRY INCENSE LAVENDER,0.84,1.69,1.1428571428571428,3.5474565366528794,15676.452543463347,0.0,24.832195756570158,453.92683395779164,1.0,Markdown / clear,9468.48
17109C,3.1040244695712698,9066,0,15,8485,FLOWER FAIRY INCENSE ROSE,0.84,1.69,2.142857142857143,6.65148100622415,9059.348518993776,0.0,24.832195756570158,365.0905497392955,1.0,Markdown / clear,7615.44
17109D,3.1040244695712698,773,517,14,972,FLOWER FAIRY INCENSE BOUQUET,0.84,1.69,2.0,6.2080489391425395,1283.7919510608574,0.0,24.832195756570158,31.12894274746034,1.0,Markdown / clear,649.32
17129C,3.1040244695712698,385,0,18,290,SKY BLUE COLOUR GLASS GEMS IN BAG,0.42,0.85,2.5714285714285716,7.98177720746898,377.018222792531,0.0,24.832195756570158,15.50406592208568,1.0,Markdown / clear,161.7
17129D,3.1040244695712698,1352,630,21,1316,CLEAR COLOUR GLASS GEMS IN BAG,0.42,0.85,3.0,9.31207340871381,1972.6879265912862,0.0,24.832195756570158,54.44544708223334,1.0,Markdown / clear,567.84
18098B,2.5392146649338887,26,0,14,14,BLUE PORCELAIN B'FLY OIL BURNER,1.48,2.95,2.0,5.078429329867777,20.921570670132223,0.0,20.31371731947111,1.2799232947422416,0.09330776491408055,Healthy,0.0
20771,11.419022855048599,0,189,19,182,CHRYSANTHEMUM  JOURNAL,1.27,2.55,2.7142857142857144,30.994490606560486,158.00550939343952,0.13183786047560697,91.35218284038879,0.0,0.0,Healthy,0.0
18098C,2.5392146649338887,0,337,21,244,PORCELAIN BUTTERFLY OIL BURNER,1.48,2.95,3.0,7.617643994801666,329.38235600519835,0.0,20.31371731947111,0.0,0.0,Healthy,0.0
20616,12.832269940830768,0,99,14,74,CHERRY BLOSSOM PASSPORT COVER,0.83,1.66,2.0,25.664539881661536,73.33546011833846,0.00898026867110191,102.65815952664614,0.0,0.0,Healthy,0.0
20666,2.5392146649338887,705,474,14,833,ECONOMY HOLIDAY PURSE,1.25,2.51,2.0,5.078429329867777,1173.9215706701323,0.0,20.31371731947111,34.70561241512617,1.0,Markdown / clear,881.25
20667,2.5392146649338887,42,23,17,35,CHERRY BLOSSOM PURSE,1.23,2.46,2.4285714285714284,6.166664186268015,58.833335813731985,0.0,20.31371731947111,2.067568399199006,0.3558561330663353,Healthy,0.0
20668,998.3481295057904,0,3616,13,2251,DISCO BALL CHRISTMAS DECORATION,0.05,0.12,1.8571428571428572,1854.0750976536108,1761.9249023463892,0.21727014555913404,7986.7850360463235,0.0,0.0,Healthy,0.0
20669,10.652507026607365,0,79,10,74,RED HEART LUGGAGE TAG,0.62,1.25,1.4285714285714286,15.217867180867664,63.782132819132336,0.1380792862279414,85.22005621285892,0.0,0.0,Healthy,0.0
20670,2.5392146649338887,620,367,18,724,VIP HOLIDAY PURSE,1.25,2.51,2.5714285714285716,6.529409138401428,980.4705908615986,0.0,20.31371731947111,30.52124779769961,1.0,Markdown / clear,775.0
20671,4.047265063361509,0,285,21,196,BLUE TEATIME PRINT BOWL,0.62,1.25,3.0,12.141795190084528,272.8582048099155,0.0,32.378120506892074,0.0,0.0,Healthy,0.0
20665,4.1922639355613525,0,155,20,141,RED RETROSPOT PURSE,1.48,2.95,2.857142857142857,11.977896958746722,143.02210304125327,0.0,33.53811148449082,0.0,0.0,Healthy,0.0
20672,4.047265063361509,70,70,10,73,PINK TEATIME PRINT BOWL,0.62,1.25,1.4285714285714286,5.781807233373585,134.2181927666264,0.0,32.378120506892074,2.1619537794079076,0.3873179264693025,Healthy,0.0
20674,22.70571743424586,0,304,10,175,GREEN POLKADOT BOWL,0.62,1.25,1.4285714285714286,32.4367391917798,271.5632608082202,0.0,181.64573947396687,0.0,0.0,Healthy,0.0
20675,41.17883295175139,0,461,17,435,BLUE POLKADOT BOWL,0.62,1.25,2.4285714285714284,100.00573716853908,360.9942628314609,0.17012813142192895,329.4306636140111,0.0,0.0,Healthy,0.0
20676,80.77368258236666,0,625,18,607,RED RETROSPOT BOWL,0.62,1.25,2.5714285714285716,207.7037552118,417.2962447882,0.31252677959110375,646.1894606589333,0.0,0.0,Healthy,0.0
20677,45.011390181776335,0,561,13,397,PINK POLKADOT BOWL,0.62,1.25,1.8571428571428572,83.59258176615606,477.40741823384394,0.0,360.0911214542107,0.0,0.0,Healthy,0.0
20679,28.600321185242112,0,720,11,496,EDWARDIAN PARASOL RED,2.98,5.95,1.5714285714285714,44.94336186252332,675.0566381374767,0.0,228.8025694819369,0.0,0.0,Healthy,0.0
20664,2.5392146649338887,28,27,12,29,TROPICAL HOLIDAY PURSE,1.48,2.95,1.7142857142857142,4.352939425600952,50.64706057439905,0.0,20.31371731947111,1.3783789327993372,0.1261263109331124,Healthy,0.0
20663,2.5392146649338887,1237,540,21,1395,QUEEN OF THE SKIES HOLIDAY PURSE,1.25,2.51,3.0,7.617643994801666,1769.3823560051983,0.0,20.31371731947111,60.894812138313576,1.0,Markdown / clear,1546.25
20662,2.5392146649338887,421,374,12,549,FIRST CLASS HOLIDAY PURSE,1.25,2.51,1.7142857142857142,4.352939425600952,790.647060574399,0.0,20.31371731947111,20.724911811018604,1.0,Markdown / clear,526.25
20617,4.3138184699720625,111,302,17,229,FIRST CLASS PASSPORT COVER,1.05,2.1,2.4285714285714284,10.476416284217866,402.52358371578214,0.0,34.5105477597765,3.216407944975454,0.7388026483251514,Markdown / clear,116.55
20618,4.71012925764055,0,74,14,53,QUEEN OF THE SKIES PASSPORT COVER,1.05,2.1,2.0,9.4202585152811,64.5797414847189,0.0,37.6810340611244,0.0,0.0,Healthy,0.0
20619,5.251700923078095,0,119,13,103,TROPICAL PASSPORT COVER,1.05,2.1,1.8571428571428572,9.753158857145035,109.24684114285496,0.0,42.01360738462476,0.0,0.0,Healthy,0.0
20620,2.5392146649338887,21,0,9,16,RED SPOTTY PASSPORT COVER,2.13,4.26,1.2857142857142858,3.264704569200714,17.735295430799287,0.0,20.31371731947111,1.033784199599503,0.011261399866500987,Healthy,0.0
20621,2.8154898181844623,167,93,12,182,ECONOMY PASSPORT COVER,1.05,2.1,1.7142857142857142,4.826553974030507,255.1734460259695,0.0,22.5239185454757,7.414340433829384,1.0,Markdown / clear,175.35
20622,7.479498691920536,0,232,10,157,VIPPASSPORT COVER,1.05,2.1,1.4285714285714286,10.684998131315051,221.31500186868496,0.0,59.83598953536429,0.0,0.0,Healthy,0.0
20652,14.200723581599206,0,591,11,429,BLUE POLKADOT LUGGAGE TAG,0.62,1.25,1.5714285714285714,22.315422771084467,568.6845772289155,0.0,113.60578865279365,0.0,0.0,Healthy,0.0
20653,5.914443986821101,2203,1858,17,1948,CHERRY BLOSSOM LUGGAGE TAG,0.62,1.25,2.4285714285714284,14.363649682279815,4046.6363503177204,0.0,47.315551894568806,46.55974435020539,1.0,Markdown / clear,1365.86
20654,10.652507026607365,0,105,16,90,FIRST CLASS LUGGAGE TAG,0.62,1.25,2.2857142857142856,24.34858748938826,80.65141251061173,0.1038731943265363,85.22005621285892,0.0,0.0,Healthy,0.0
20655,5.750284124933803,0,101,16,66,QUEEN OF SKIES LUGGAGE TAG,0.62,1.25,2.2857142857142856,13.143506571277262,87.85649342872274,0.0,46.00227299947042,0.0,0.0,Healthy,0.0
20657,4.435574205436875,732,1227,12,950,TROPICAL LUGGAGE TAG,0.62,1.25,1.7142857142857142,7.603841495034644,1951.3961585049653,0.0,35.484593643495,20.62867077904919,1.0,Markdown / clear,453.84
20658,3.1040244695712698,0,192,21,190,RED SPOTTY LUGGAGE TAG,0.62,1.25,3.0,9.31207340871381,182.68792659128619,0.03848459688796746,24.832195756570158,0.0,0.0,Healthy,0.0
20659,11.048817814275854,0,47,8,42,ECONOMY LUGGAGE TAG,0.62,1.25,1.1428571428571428,12.627220359172403,34.372779640827595,0.18160048474220014,88.39054251420683,0.0,0.0,Healthy,0.0
20660,3.1040244695712698,111,54,12,75,VIP LUGGAGE TAG,0.62,1.25,1.7142857142857142,5.321184804979319,159.6788151950207,0.0,24.832195756570158,4.470003421692235,1.0,Markdown / clear,68.82
20661,4.047003057792295,0,351,8,250,BLUE SPOTTY PURSE,1.25,2.51,1.1428571428571428,4.625146351762623,346.3748536482374,0.0,32.37602446233836,0.0,0.0,Healthy,0.0
20615,16.142907018498676,0,121,9,87,BLUE POLKADOT PASSPORT COVER,1.05,2.1,1.2857142857142858,20.755166166641157,100.24483383335884,0.0,129.1432561479894,0.0,0.0,Healthy,0.0
21877,62.16122299876091,0,1442,20,1408,HOME SWEET HOME MUG,0.62,1.25,2.857142857142857,177.60349428217404,1264.396505717826,0.10199111809813499,497.2897839900873,0.0,0.0,Healthy,0.0
21186,4.047265063361509,0,388,7,369,WHITE DOVE HONEYCOMB PAPER GARLAND,0.91,1.65,1.0,4.047265063361509,383.9527349366385,0.0,32.378120506892074,0.0,0.0,Healthy,0.0
21188,2.527455328645957,0,280,20,231,3D HEARTS  HONEYCOMB PAPER GARLAND,1.62,2.95,2.857142857142857,7.221300938988448,272.77869906101154,0.0,20.219642629167655,0.0,0.0,Healthy,0.0
21649,2.5392146649338887,560,0,11,513,ASSORTED TUTTI FRUTTI PHOTO FRAME,1.48,2.95,1.5714285714285714,3.990194473467539,556.0098055265324,0.0,20.31371731947111,27.567578655986743,1.0,Markdown / clear,828.8
21650,60.13770894302871,0,654,13,491,ASSORTED TUTTI FRUTTI BRACELET,0.32,0.65,1.8571428571428572,111.6843166084819,542.3156833915181,0.0,481.1016715442297,0.0,0.0,Healthy,0.0
21651,3.1040244695712698,0,389,14,326,HANGING GLASS ETCHED TEALIGHT,0.82,1.65,2.0,6.2080489391425395,382.79195106085746,0.0,24.832195756570158,0.0,0.0,Healthy,0.0
21652,3.1040244695712698,41,416,14,252,GLASS ETCHED T-LIGHT HOLDER MEDIUM,0.98,1.95,2.0,6.2080489391425395,450.79195106085746,0.0,24.832195756570158,1.651082344949384,0.21702744831646137,Healthy,0.0
21653,2.8154898181844623,0,388,9,237,GLASS ETCHED T-LIGHT HOLDER LARGE,1.05,2.1,1.2857142857142858,3.6199154805228804,384.3800845194771,0.0,22.5239185454757,0.0,0.0,Healthy,0.0
21654,4.047265063361509,0,462,10,283,RIDGED GLASS FINGER BOWL,0.72,1.45,1.4285714285714286,5.781807233373585,456.21819276662643,0.0,32.378120506892074,0.0,0.0,Healthy,0.0
21648,18.180357233718546,0,494,7,254,ASSORTED TUTTI FRUTTI SMALL PURSE,0.62,1.25,1.0,18.180357233718546,475.81964276628145,0.0,145.44285786974837,0.0,0.0,Healthy,0.0
21655,3.1040244695712698,0,287,8,282,HANGING RIDGE GLASS T-LIGHT HOLDER,0.84,1.69,1.1428571428571428,3.5474565366528794,283.4525434633471,0.0,24.832195756570158,0.0,0.0,Healthy,0.0
21657,2.5392146649338887,0,71,12,44,MILK BOTTLE WITH GLASS STOPPER,3.48,6.95,1.7142857142857142,4.352939425600952,66.64706057439905,0.0,20.31371731947111,0.0,0.0,Healthy,0.0
21658,2.5392146649338887,0,230,15,166,GLASS  BEURRE DISH,1.98,3.95,2.142857142857143,5.44117428200119,224.55882571799881,0.0,20.31371731947111,0.0,0.0,Healthy,0.0
21659,2.527455328645957,21,63,15,47,GLASS CAKE STAND,7.48,14.95,2.142857142857143,5.415975704241336,78.58402429575867,0.0,20.219642629167655,1.0385940238976652,0.012864674632555065,Healthy,0.0
21661,2.5392146649338887,0,89,17,70,VINTAGE GLASS TEA CADDY,2.98,5.95,2.4285714285714284,6.166664186268015,82.83333581373199,0.0,20.31371731947111,0.0,0.0,Healthy,0.0
21662,2.5392146649338887,0,92,15,81,VINTAGE GLASS COFFEE CADDY,2.98,5.95,2.142857142857143,5.44117428200119,86.55882571799881,0.0,20.31371731947111,0.0,0.0,Healthy,0.0
21663,2.5392146649338887,65,39,16,62,VINTAGE GLASS SUGAR CADDY,2.98,5.95,2.2857142857142856,5.803919234134602,98.1960807658654,0.0,20.31371731947111,3.199808236855604,0.7332694122852014,Markdown / clear,193.7
21656,3.1040244695712698,0,244,15,198,RIDGED GLASS POSY VASE,0.72,1.45,2.142857142857143,6.65148100622415,237.34851899377585,0.0,24.832195756570158,0.0,0.0,Healthy,0.0
21664,2.527455328645957,59,152,15,107,RIDGED GLASS STORAGE JAR CREAM LID,1.88,3.75,2.142857142857143,5.415975704241336,205.58402429575867,0.0,20.219642629167655,2.9179546385696304,0.6393182128565434,Markdown / clear,110.92
21647,3.202340864782143,0,240,20,232,ASSORTED TUTTI FRUTTI LARGE PURSE,1.05,2.1,2.857142857142857,9.149545327948982,230.85045467205103,0.004954936758400752,25.618726918257146,0.0,0.0,Healthy,0.0
21644,4.435574205436875,0,271,16,210,ASSORTED TUTTI FRUTTI HEART BOX,0.62,1.25,2.2857142857142856,10.138455326712858,260.86154467328714,0.0,35.484593643495,0.0,0.0,Healthy,0.0
21630,5.00340119570569,0,50,16,39,FLOOR CUSHION ELEPHANT CARNIVAL,4.47,8.95,2.2857142857142856,11.436345590184434,38.56365440981557,0.011188348466267484,40.02720956564552,0.0,0.0,Healthy,0.0
21631,2.5392146649338887,69,128,13,98,HIPPY CHIC DECORATIVE PARASOL,6.38,12.75,1.8571428571428572,4.715684377734365,192.28431562226564,0.0,20.31371731947111,3.396719512969795,0.798906504323265,Markdown / clear,440.22
21632,2.5392146649338887,52,45,18,91,VINTAGE PINK DECORATIVE PARASOL,6.38,12.75,2.5714285714285716,6.529409138401428,90.47059086159857,0.005817682839576177,20.31371731947111,2.5598465894844833,0.5199488631614945,Markdown / clear,331.76
21633,2.5392146649338887,14,78,16,73,SUNFLOWER DECORATIVE PARASOL,6.38,12.75,2.2857142857142856,5.803919234134602,86.1960807658654,0.0,20.31371731947111,0.6891894663996686,0.0,Healthy,0.0
21634,6.622736357628944,111,821,13,599,ASSORTED MINI MADRAS NOTEBOOK,0.69,1.25,1.8571428571428572,12.299367521310897,919.7006324786892,0.0,52.98189086103155,2.0950554651049846,0.36501848836832823,Healthy,0.0
21635,2.527455328645957,192,139,16,308,MADRAS NOTEBOOK LARGE,2.06,3.75,2.2857142857142856,5.777040751190758,325.2229592488092,0.0,20.219642629167655,9.49571678992151,1.0,Markdown / clear,395.52
21645,3.1040244695712698,0,290,11,178,ASSORTED TUTTI FRUTTI ROUND BOX,0.82,1.65,1.5714285714285714,4.877752737897709,285.1222472621023,0.0,24.832195756570158,0.0,0.0,Healthy,0.0
21636,42.543348198314035,0,423,21,374,MADRAS NOTEBOOK MEDIUM,0.41,0.75,3.0,127.6300445949421,295.3699554050579,0.21024076094904298,340.3467855865123,0.0,0.0,Healthy,0.0
21638,207.66192941552293,0,123,9,117,ASSORTED TUTTI FRUTTI NOTEBOOK,1.16,2.1,1.2857142857142858,266.9939092485295,-143.99390924852952,1.0,1661.2954353241835,0.0,0.0,Reorder now,560.69
21639,3.1040244695712698,721,0,13,526,ASSORTED TUTTI FRUTTI KEYRING,0.42,0.85,1.8571428571428572,5.764616872060929,715.235383127939,0.0,24.832195756570158,29.034887090451363,1.0,Markdown / clear,302.82
21640,39.717643747005006,0,417,19,391,ASSORTED TUTTI FRUTTI  FOB NOTEBOOK,0.47,0.85,2.7142857142857144,107.80503302758503,309.194966972415,0.2092200333186317,317.74114997604005,0.0,0.0,Healthy,0.0
21641,3.1040244695712698,17,509,10,442,ASSORTED TUTTI FRUTTI KEYRING BALL,0.82,1.63,1.4285714285714286,4.4343206708161,521.5656793291839,0.0,24.832195756570158,0.6845951186375495,0.0,Healthy,0.0
21642,68.37144827763751,0,1061,21,802,ASSORTED TUTTI FRUTTI PEN,0.47,0.85,3.0,205.11434483291254,855.8856551670874,0.0,546.9715862211001,0.0,0.0,Healthy,0.0
21643,17.0833692673924,0,277,15,221,ASSORTED TUTTI FRUTTI MIRROR,0.62,1.25,2.142857142857143,36.607219858697995,240.392780141302,0.0,136.6669541391392,0.0,0.0,Healthy,0.0
21637,4.047265063361509,0,548,13,458,ASSORTED SANSKRIT MINI NOTEBOOK,0.69,1.25,1.8571428571428572,7.51634940338566,540.4836505966143,0.0,32.378120506892074,0.0,0.0,Healthy,0.0
21665,3.1040244695712698,79,529,16,416,TRIANGULAR RIDGED GLASS POSY HOLDER,0.32,0.65,2.2857142857142856,7.094913073305759,600.9050869266943,0.0,24.832195756570158,3.1813537866097885,0.7271179288699295,Markdown / clear,25.28
21666,27.3434729019068,164,834,16,762,RIDGED GLASS T-LIGHT HOLDER,0.32,0.65,2.2857142857142856,62.49936663292983,935.5006333670701,0.0,218.7477832152544,0.7497218833007284,0.0,Healthy,0.0
21667,2.527455328645957,0,88,11,47,GLASS CAKE COVER AND PLATE,8.48,16.95,1.5714285714285714,3.9717155164436466,84.02828448355635,0.0,20.219642629167655,0.0,0.0,Healthy,0.0
21687,2.527455328645957,0,178,14,148,SILVER PLATE CANDLE BOWL LARGE,1.88,3.75,2.0,5.054910657291914,172.9450893427081,0.0,20.219642629167655,0.0,0.0,Healthy,0.0
21688,10.676794049934776,0,224,18,177,SILVER PLATE CANDLE BOWL SMALL,1.48,2.95,2.5714285714285716,27.454613271260854,196.54538672873915,0.0,85.4143523994782,0.0,0.0,Healthy,0.0
21689,4.1922639355613525,98,179,14,170,SILVER VANILLA  FLOWER CANDLE POT,1.88,3.75,2.0,8.384527871122705,268.6154721288773,0.0,33.53811148449082,2.9220488471844512,0.6406829490614837,Markdown / clear,184.24
21690,2.527455328645957,0,114,11,66,SILVER  CANDLEPOT JARDIN,1.88,3.75,1.5714285714285714,3.9717155164436466,110.02828448355635,0.0,20.219642629167655,0.0,0.0,Healthy,0.0
21691,2.5392146649338887,44,124,18,97,SILVER VANILLA FLOWER CANDLE POT,1.88,3.75,2.5714285714285716,6.529409138401428,161.47059086159857,0.0,20.31371731947111,2.166024037256101,0.388674679085367,Healthy,0.0
21692,2.5392146649338887,0,160,10,90,SILVER LATTICE VANILLA CANDLE POT,1.88,3.75,1.4285714285714286,3.627449521334127,156.3725504786659,0.0,20.31371731947111,0.0,0.0,Healthy,0.0
21686,2.5392146649338887,45,30,19,51,MEDINA STAMPED METAL STOOL,19.98,39.95,2.7142857142857144,6.8921540905348415,68.10784590946515,0.0,20.31371731947111,2.215251856284649,0.40508395209488296,Healthy,0.0
21693,16.946231777037244,0,234,11,127,SMALL HAMMERED SILVER CANDLEPOT,1.48,2.95,1.5714285714285714,26.6297927924871,207.3702072075129,0.0,135.56985421629795,0.0,0.0,Healthy,0.0
21695,10.29224259855422,0,226,19,183,SMALL SILVER FLOWER CANDLE POT,1.48,2.95,2.7142857142857144,27.936087053218596,198.06391294678141,0.0,82.33794078843376,0.0,0.0,Healthy,0.0
21696,3.3726285907061757,0,230,12,130,SMALL SILVER TRELLIS CANDLEPOT,1.48,2.95,1.7142857142857142,5.781649012639158,224.21835098736085,0.0,26.981028725649406,0.0,0.0,Healthy,0.0
21697,3.1040244695712698,1909,0,14,1413,SET 5 MINI DOUGHNUT FRIDGE MAGNET,0.84,1.69,2.0,6.2080489391425395,1902.7919510608574,0.0,24.832195756570158,76.87600479288717,1.0,Markdown / clear,1603.56
21698,11.781515346366232,0,75,7,71,MOCK LOBSTER FRIDGE MAGNET,0.82,1.63,1.0,11.781515346366232,63.218484653633766,0.10959880769529906,94.25212277092986,0.0,0.0,Healthy,0.0
21699,3.1040244695712698,832,0,8,436,SET 5 MINI CHOCOLATE FRIDGE MAGNETS,0.84,1.69,1.1428571428571428,3.5474565366528794,828.4525434633471,0.0,24.832195756570158,33.5048905121436,1.0,Markdown / clear,698.88
21700,7.511851273650257,0,296,7,257,BIG DOUGHNUT FRIDGE MAGNETS,0.42,0.85,1.0,7.511851273650257,288.4881487263497,0.0,60.09481018920206,0.0,0.0,Healthy,0.0
21694,5.749573444999537,75,283,14,224,SMALL REGAL  SILVER CANDLEPOT,1.48,2.95,2.0,11.499146889999073,346.50085311000095,0.0,45.99658755999629,1.6305557429053341,0.21018524763511137,Healthy,0.0
21684,15.932850913004904,0,472,8,391,SMALL MEDINA STAMPED METAL BOWL,0.42,0.85,1.1428571428571428,18.208972472005602,453.7910275279944,0.0,127.46280730403923,0.0,0.0,Healthy,0.0
21683,4.991641859417759,0,276,20,224,MEDIUM MEDINA STAMPED METAL BOWL,1.48,2.95,2.857142857142857,14.26183388405074,261.73816611594924,0.0,39.93313487534207,0.0,0.0,Healthy,0.0
21668,70.4826790625306,0,703,10,399,RED STRIPE CERAMIC DRAWER KNOB,0.62,1.25,1.4285714285714286,100.68954151790085,602.3104584820992,0.0,563.8614325002447,0.0,0.0,Healthy,0.0
21669,80.77368258236666,0,742,18,695,BLUE STRIPE CERAMIC DRAWER KNOB,0.62,1.25,2.5714285714285716,207.7037552118,534.2962447882,0.2312284247651798,646.1894606589333,0.0,0.0,Healthy,0.0
21670,71.05404691545175,0,658,12,402,BLUE SPOT CERAMIC DRAWER KNOB,0.62,1.25,1.7142857142857142,121.80693756934585,536.1930624306542,0.0,568.432375323614,0.0,0.0,Healthy,0.0
21671,61.01669044216474,0,705,15,571,RED SPOT CERAMIC DRAWER KNOB,0.62,1.25,2.142857142857143,130.75005094749585,574.2499490525041,0.0,488.1335235373179,0.0,0.0,Healthy,0.0
21672,50.059266496582936,0,727,9,396,WHITE SPOT RED CERAMIC DRAWER KNOB,0.62,1.25,1.2857142857142858,64.3619140670352,662.6380859329648,0.0,400.4741319726635,0.0,0.0,Healthy,0.0
21673,63.184380395781815,0,677,13,508,WHITE SPOT BLUE CERAMIC DRAWER KNOB,0.62,1.25,1.8571428571428572,117.34242073502338,559.6575792649767,0.0,505.4750431662545,0.0,0.0,Healthy,0.0
21674,2.527455328645957,130,0,14,94,RIDGED GLASS PENDANT LAMPSHADE,9.32,16.95,2.0,5.054910657291914,124.94508934270809,0.0,20.219642629167655,6.429391576509356,1.0,Markdown / clear,1211.6
21675,28.218408175684676,0,275,16,189,BUTTERFLIES STICKERS,0.47,0.85,2.2857142857142856,64.49921868727925,210.50078131272073,0.0,225.7472654054774,0.0,0.0,Healthy,0.0
21676,15.944825564411282,0,256,14,206,FLOWERS  STICKERS,0.47,0.85,2.0,31.889651128822564,224.11034887117745,0.0,127.55860451529026,0.0,0.0,Healthy,0.0
21677,32.775467109144,0,287,12,173,HEARTS  STICKERS,0.47,0.85,1.7142857142857142,56.18651504424686,230.81348495575315,0.0,262.203736873152,0.0,0.0,Healthy,0.0
21678,11.555306898428597,62,247,21,275,PAISLEY PATTERN  STICKERS,0.47,0.85,3.0,34.66592069528579,274.33407930471424,0.0024215298010391573,92.44245518742878,0.670687509048671,0.0,Healthy,0.0
21679,33.18234044609431,0,960,14,693,SKULLS  STICKERS,0.47,0.85,2.0,66.36468089218862,893.6353191078114,0.0,265.45872356875446,0.0,0.0,Healthy,0.0
21680,30.36396025759437,0,559,19,503,WOODLAND  STICKERS,0.47,0.85,2.7142857142857144,82.41646355632759,476.5835364436724,0.05251782019150608,242.91168206075497,0.0,0.0,Healthy,0.0
21681,2.527455328645957,12,97,18,99,GIANT MEDINA STAMPED METAL BOWL,4.97,9.95,2.5714285714285716,6.499170845089604,102.50082915491039,0.0,20.219642629167655,0.5934822993700943,0.0,Healthy,0.0
21682,6.015877788129236,0,138,15,103,LARGE MEDINA STAMPED METAL BOWL,2.48,4.95,2.142857142857143,12.891166688848363,125.10883331115164,0.0,48.12702230503389,0.0,0.0,Healthy,0.0
21629,6.569208789854713,0,29,11,28,SQUARE FLOOR CUSHION VINTAGE RED,3.98,7.95,1.5714285714285714,10.323042384057405,18.676957615942595,0.33296579943062166,52.5536703188377,0.0,0.0,Healthy,0.0
21702,3.1040244695712698,10854,0,8,7339,SET 5 MINI GATEAUX  FRIDGE MAGNETS,0.84,1.69,1.1428571428571428,3.5474565366528794,10850.452543463347,0.0,24.832195756570158,437.0938480995272,1.0,Markdown / clear,9117.36
21628,3.3726285907061757,0,59,8,30,TRIANGULAR POUFFE VINTAGE,14.58,29.17,1.1428571428571428,3.854432675092772,55.145567324907226,0.0,26.981028725649406,0.0,0.0,Healthy,0.0
21626,6.111512331317491,0,284,21,276,VINTAGE UNION JACK PENNANT,1.07,1.95,3.0,18.334536993952472,265.6654630060475,0.03744397461576987,48.89209865053993,0.0,0.0,Healthy,0.0
21551,2.5392146649338887,331,167,7,184,CERAMIC BIRDHOUSE BUTTERFLY LARGE,2.98,5.95,1.0,2.5392146649338887,495.46078533506613,0.0,20.31371731947111,16.294408098449306,1.0,Markdown / clear,986.38
21552,2.5392146649338887,212,155,8,125,CERAMIC BIRDHOUSE BLACK ROSE  LARGE,2.98,5.95,1.1428571428571428,2.901959617067301,364.0980403829327,0.0,20.31371731947111,10.436297634052124,1.0,Markdown / clear,631.76
21553,2.5392146649338887,122,67,16,91,CERAMIC BIRDHOUSE FINCH BLUE  LARGE,2.98,5.95,2.2857142857142856,5.803919234134602,183.1960807658654,0.0,20.31371731947111,6.005793921482827,1.0,Markdown / clear,363.56
21554,2.5392146649338887,183,164,7,201,CERAMIC BIRDHOUSE RED ROOF LARGE,2.98,5.95,1.0,2.5392146649338887,344.46078533506613,0.0,20.31371731947111,9.00869088222424,1.0,Markdown / clear,545.34
21555,5.823036540560865,0,88,7,59,CERAMIC STRAWBERRY TRINKET TRAY,1.27,2.55,1.0,5.823036540560865,82.17696345943914,0.0,46.58429232448692,0.0,0.0,Healthy,0.0
21556,2.5392146649338887,0,246,10,238,CERAMIC STRAWBERRY MONEY BOX,1.27,2.55,1.4285714285714286,3.627449521334127,242.3725504786659,0.0,20.31371731947111,0.0,0.0,Healthy,0.0
21550,2.5392146649338887,137,160,14,188,CERAMIC BIRDHOUSE CRESTED TIT LARGE,2.98,5.95,2.0,5.078429329867777,291.9215706701322,0.0,20.31371731947111,6.744211206911043,1.0,Markdown / clear,408.26
21557,8.816423157817285,0,184,20,149,SET OF 6 FUNKY BEAKERS,1.48,2.95,2.857142857142857,25.18978045090653,158.81021954909346,0.0,70.53138526253828,0.0,0.0,Healthy,0.0
21559,47.31083498700703,0,482,17,467,STRAWBERRY LUNCH BOX WITH CUTLERY,1.27,2.55,2.4285714285714284,114.89774211130278,367.10225788869724,0.2139137946708839,378.4866798960562,0.0,0.0,Healthy,0.0
21560,2.5392146649338887,61,0,13,34,TOADSTOOL  LUNCHBOX WITH CUTLERY,1.93,3.86,1.8571428571428572,4.715684377734365,56.28431562226564,0.0,20.31371731947111,3.0028969607414133,0.6676323202471378,Markdown / clear,117.73
21561,18.7465733220005,0,259,9,154,DINOSAUR LUNCH BOX WITH CUTLERY,1.27,2.55,1.2857142857142858,24.10273712828636,234.89726287171365,0.0,149.972586576004,0.0,0.0,Healthy,0.0
21562,10.612066304638361,0,279,12,203,HAWAIIAN GRASS SKIRT,0.62,1.25,1.7142857142857142,18.192113665094332,260.8078863349057,0.0,84.89653043710689,0.0,0.0,Healthy,0.0
21563,25.36533516460444,0,222,8,211,RED HEART SHAPE LOVE BUCKET,1.48,2.95,1.1428571428571428,28.988954473833644,193.01104552616636,0.08525570840679453,202.9226813168355,0.0,0.0,Healthy,0.0
21564,11.815333642717087,0,360,18,336,PINK  HEART SHAPE LOVE BUCKET,1.48,2.95,2.5714285714285716,30.38228650984394,329.61771349015606,0.01899490032691653,94.5226691417367,0.0,0.0,Healthy,0.0
21558,40.74238368068993,0,354,13,250,SKULL LUNCH BOX WITH CUTLERY,1.27,2.55,1.8571428571428572,75.66442683556703,278.33557316443296,0.0,325.93906944551946,0.0,0.0,Healthy,0.0
21576,5.749573444999537,0,76,9,63,LETS GO SHOPPING COTTON TOTE BAG,1.12,2.25,1.2857142857142858,7.3923087149994045,68.6076912850006,0.0,45.99658755999629,0.0,0.0,Healthy,0.0
21549,2.5392146649338887,449,268,16,521,CERAMIC BIRDHOUSE RED ROOF SMALL,1.48,2.95,2.2857142857142856,5.803919234134602,711.1960807658654,0.0,20.31371731947111,22.103290743817944,1.0,Markdown / clear,664.52
21547,2.5392146649338887,90,349,21,355,CERAMIC BIRDHOUSE CRESTED TIT SMALL,1.48,2.95,3.0,7.617643994801666,431.38235600519835,0.0,20.31371731947111,4.430503712569298,1.0,Markdown / clear,133.2
21532,3.7587304119747005,1352,1314,16,1163,DAIRY MAID SUGAR JAM BOWL,1.05,2.1,2.2857142857142856,8.591383798799315,2657.408616201201,0.0,30.069843295797604,44.96199021392799,1.0,Markdown / clear,1419.6
21533,24.012818532929078,0,111,8,105,RETRO SPOT LARGE MILK JUG,2.48,4.95,1.1428571428571428,27.443221180490372,83.55677881950963,0.20422115409990826,192.10254826343262,0.0,0.0,Healthy,0.0
21534,11.419022855048599,0,103,19,94,DAIRY MAID LARGE MILK JUG,2.48,4.95,2.7142857142857144,30.994490606560486,72.00550939343951,0.23398394262298394,91.35218284038879,0.0,0.0,Healthy,0.0
21535,39.74063560007986,0,430,13,318,RED RETROSPOT SMALL MILK JUG,1.27,2.55,1.8571428571428572,73.80403754300546,356.19596245699455,0.0,317.9250848006389,0.0,0.0,Healthy,0.0
21536,2.8154898181844623,0,74,9,67,DAIRY MAID  SMALL  MILK JUG,1.05,2.1,1.2857142857142858,3.6199154805228804,70.38008451947712,0.0,22.5239185454757,0.0,0.0,Healthy,0.0
21537,15.852267588651968,0,153,19,148,RED RETROSPOT PUDDING BOWL,2.12,4.25,2.7142857142857144,43.02758345491249,109.97241654508751,0.25694313145211145,126.81814070921574,0.0,0.0,Healthy,0.0
21548,2.5392146649338887,180,393,18,353,CERAMIC BIRDHOUSE FINCH BLUE ROOF,1.48,2.95,2.5714285714285716,6.529409138401428,566.4705908615986,0.0,20.31371731947111,8.861007425138595,1.0,Markdown / clear,266.4
21538,2.527455328645957,2294,1271,18,1883,DAIRY MAID  PUDDING BOWL,1.88,3.75,2.5714285714285716,6.499170845089604,3558.50082915491,0.0,20.219642629167655,113.4540328962497,1.0,Markdown / clear,4312.72
21540,2.5392146649338887,988,1073,9,812,DAIRY MAID CERAMIC BUTTER DISH,2.12,4.25,1.2857142857142858,3.264704569200714,2057.7352954307994,0.0,20.31371731947111,48.637085200205185,1.0,Markdown / clear,2094.56
21541,3.1040244695712698,0,215,7,189,DINOSAURS WATER TRANSFER TATTOOS,0.42,0.85,1.0,3.1040244695712698,211.89597553042873,0.0,24.832195756570158,0.0,0.0,Healthy,0.0
21542,3.1040244695712698,0,394,11,279,WOODLAND WATER TRANSFER TATTOOS,0.42,0.85,1.5714285714285714,4.877752737897709,389.1222472621023,0.0,24.832195756570158,0.0,0.0,Healthy,0.0
21543,3.1040244695712698,556,0,8,479,BUTTERFLY WATER TRANSFER TATTOOS,0.42,0.85,1.1428571428571428,3.5474565366528794,552.4525434633471,0.0,24.832195756570158,22.3902874095575,1.0,Markdown / clear,233.52
21544,53.79648989213008,0,809,17,601,SKULLS  WATER TRANSFER TATTOOS,0.42,0.85,2.4285714285714284,130.64861830945875,678.3513816905413,0.0,430.37191913704066,0.0,0.0,Healthy,0.0
21545,2.5392146649338887,155,248,14,353,CERAMIC BIRDHOUSE BUTTERFLY SMALL,1.48,2.95,2.0,5.078429329867777,397.9215706701322,0.0,20.31371731947111,7.630311949424902,1.0,Markdown / clear,229.4
21539,5.00340119570569,0,119,7,103,RED RETROSPOT BUTTER DISH,2.48,4.95,1.0,5.00340119570569,113.99659880429431,0.0,40.02720956564552,0.0,0.0,Healthy,0.0
21577,17.493539609039708,0,252,12,244,SAVE THE PLANET COTTON TOTE BAG,1.12,2.25,1.7142857142857142,29.98892504406807,222.01107495593192,0.09011854526257412,139.94831687231766,0.0,0.0,Healthy,0.0
21578,2.5392146649338887,0,266,21,257,WOODLAND DESIGN  COTTON TOTE BAG,1.12,2.25,3.0,7.617643994801666,258.38235600519835,0.0,20.31371731947111,0.0,0.0,Healthy,0.0
21579,3.3726285907061757,0,321,15,297,LOLITA  DESIGN  COTTON TOTE BAG,1.12,2.25,2.142857142857143,7.227061265798948,313.77293873420103,0.0,26.981028725649406,0.0,0.0,Healthy,0.0
21612,2.5392146649338887,0,264,13,168,SET 12 WILDFLOWER BOTANICAL T-LIGHT,1.48,2.95,1.8571428571428572,4.715684377734365,259.28431562226564,0.0,20.31371731947111,0.0,0.0,Healthy,0.0
21613,5.00340119570569,0,208,21,142,S/12 VANILLA  BOTANICAL T-LIGHTS,1.48,2.95,3.0,15.01020358711707,192.98979641288292,0.0,40.02720956564552,0.0,0.0,Healthy,0.0
21614,2.5392146649338887,0,284,9,223,SET OF 12 ROSE BOTANICAL T-LIGHTS,1.48,2.95,1.2857142857142858,3.264704569200714,280.7352954307993,0.0,20.31371731947111,0.0,0.0,Healthy,0.0
21615,75.85896185429692,0,316,9,171,4 LAVENDER BOTANICAL DINNER CANDLES,1.23,2.46,1.2857142857142858,97.53295095552463,218.46704904447537,0.0,606.8716948343754,0.0,0.0,Healthy,0.0
21616,94.18064224641563,0,272,13,208,4 PEAR BOTANICAL DINNER CANDLES,1.23,2.46,1.8571428571428572,174.9069070290576,97.0930929709424,0.5332062837935462,753.445137971325,0.0,0.0,Reorder now,430.27
21617,23.91585731385546,0,206,14,135,4 LILY  BOTANICAL DINNER CANDLES,1.88,3.75,2.0,47.83171462771092,158.16828537228906,0.0,191.3268585108437,0.0,0.0,Healthy,0.0
21611,2.5392146649338887,0,250,16,182,SET OF 12 LILY BOTANICAL T-LIGHTS,1.48,2.95,2.2857142857142856,5.803919234134602,244.1960807658654,0.0,20.31371731947111,0.0,0.0,Healthy,0.0
21618,15.81840482729694,0,221,17,165,4 WILDFLOWER BOTANICAL CANDLES,1.64,3.29,2.4285714285714284,38.41612600914971,182.5838739908503,0.0,126.54723861837552,0.0,0.0,Healthy,0.0
21620,76.7158920439284,0,242,20,227,SET OF 4 ROSE BOTANICAL CANDLES,1.23,2.46,2.857142857142857,219.1882629826526,22.81173701734741,0.8995077664434035,613.7271363514272,0.0,0.0,Reorder now,539.2
21621,30.82602131295945,0,397,14,366,VINTAGE UNION JACK BUNTING,4.25,8.5,2.0,61.6520426259189,335.3479573740811,0.08374875034404072,246.6081705036756,0.0,0.0,Healthy,0.0
21622,3.650692270123807,0,346,8,282,VINTAGE UNION JACK CUSHION COVER,2.48,4.95,1.1428571428571428,4.172219737284351,341.82778026271563,0.0,29.205538160990457,0.0,0.0,Healthy,0.0
21623,25.906080819063817,0,664,8,594,VINTAGE UNION JACK MEMOBOARD,4.97,9.95,1.1428571428571428,29.606949507501504,634.3930504924984,0.0,207.24864655251054,0.0,0.0,Healthy,0.0
21624,11.419022855048599,0,534,21,441,VINTAGE UNION JACK DOORSTOP,2.98,5.95,3.0,34.2570685651458,499.7429314348542,0.0,91.35218284038879,0.0,0.0,Healthy,0.0
21625,9.636058502672462,0,135,9,80,VINTAGE UNION JACK APRON,3.48,6.95,1.2857142857142858,12.389218074864596,122.6107819251354,0.0,77.0884680213797,0.0,0.0,Healthy,0.0
21619,80.15822566082151,0,311,13,198,4 VANILLA BOTANICAL CANDLES,1.23,2.46,1.8571428571428572,148.86527622723997,162.13472377276003,0.18113775872343418,641.2658052865721,0.0,0.0,Healthy,0.0
21610,2.5392146649338887,0,216,10,119,SET 12 PEAR BOTANICAL T-LIGHTS,1.48,2.95,1.4285714285714286,3.627449521334127,212.3725504786659,0.0,20.31371731947111,0.0,0.0,Healthy,0.0
21609,2.5392146649338887,0,381,17,266,SET 12 LAVENDER  BOTANICAL T-LIGHTS,1.48,2.95,2.4285714285714284,6.166664186268015,374.833335813732,0.0,20.31371731947111,0.0,0.0,Healthy,0.0
21596,2.5392146649338887,48,0,15,33,Hypochondriac Pill Stress Ball,2.15,4.3,2.142857142857143,5.44117428200119,42.55882571799881,0.0,20.31371731947111,2.362935313370292,0.45431177112343074,Healthy,0.0
21580,8.352173142230853,0,120,13,79,RABBIT  DESIGN  COTTON TOTE BAG,1.12,2.25,1.8571428571428572,15.511178692714443,104.48882130728556,0.0,66.81738513784683,0.0,0.0,Healthy,0.0
21581,7.0400730978953,0,361,15,251,SKULLS  DESIGN  COTTON TOTE BAG,1.12,2.25,2.142857142857143,15.085870924061357,345.91412907593866,0.0,56.3205847831624,0.0,0.0,Healthy,0.0
21582,3.1040244695712698,369,0,18,321,KINGS CHOICE SMALL TUBE MATCHES,0.82,1.65,2.5714285714285716,7.98177720746898,361.018222792531,0.0,24.832195756570158,14.859741104544456,1.0,Markdown / clear,302.58
21584,44.13562046438955,0,554,10,343,RETROSPOT SMALL TUBE MATCHES,0.82,1.65,1.4285714285714286,63.050886377699356,490.9491136223006,0.0,353.0849637151164,0.0,0.0,Healthy,0.0
21586,27.32972597892208,0,727,20,509,KINGS CHOICE GIANT TUBE MATCHES,1.27,2.55,2.857142857142857,78.0849313683488,648.9150686316511,0.0,218.63780783137665,0.0,0.0,Healthy,0.0
21587,5.00340119570569,0,517,15,380,COSY HOUR GIANT TUBE MATCHES,1.27,2.55,2.142857142857143,10.721573990797907,506.2784260092021,0.0,40.02720956564552,0.0,0.0,Healthy,0.0
21588,69.207916394968,0,518,13,434,RETROSPOT GIANT TUBE MATCHES,1.27,2.55,1.8571428571428572,128.52898759065485,389.4710124093451,0.10260135389551817,553.663331159744,0.0,0.0,Healthy,0.0
21589,2.5392146649338887,0,385,9,299,SWALLOW GIANT TUBE MATCHES,1.27,2.55,1.2857142857142858,3.264704569200714,381.7352954307993,0.0,20.31371731947111,0.0,0.0,Healthy,0.0
21590,3.1040244695712698,0,677,10,391,KINGS CHOICE CIGAR BOX MATCHES,0.62,1.25,1.4285714285714286,4.4343206708161,672.5656793291839,0.0,24.832195756570158,0.0,0.0,Healthy,0.0
21591,62.676665102274455,0,947,21,712,COSY HOUR CIGAR BOX MATCHES,0.62,1.25,3.0,188.02999530682337,758.9700046931766,0.0,501.41332081819564,0.0,0.0,Healthy,0.0
21592,76.16005181582624,0,648,15,617,RETROSPOT CIGAR BOX MATCHES,0.62,1.25,2.142857142857143,163.20011103391334,484.79988896608666,0.21426274073567808,609.2804145266099,0.0,0.0,Healthy,0.0
21593,3.1040244695712698,368,799,11,617,SWALLOW CIGAR BOX MATCHES,0.62,1.25,1.5714285714285714,4.877752737897709,1162.1222472621023,0.0,24.832195756570158,14.81947080344813,1.0,Markdown / clear,228.16
21594,2.5392146649338887,23,0,13,13,Dr. Jam's Arouzer Stress Ball,2.1,4.21,1.8571428571428572,4.715684377734365,18.284315622265634,0.0,20.31371731947111,1.1322398376565983,0.04407994588553277,Healthy,0.0
21595,2.5392146649338887,21,0,15,15,Dad's Cab Electronic Meter,4.24,8.47,2.142857142857143,5.44117428200119,15.558825717998811,0.0,20.31371731947111,1.033784199599503,0.011261399866500987,Healthy,0.0
21627,2.5392146649338887,0,55,11,35,ELEPHANT CARNIVAL POUFFE,14.58,29.17,1.5714285714285714,3.990194473467539,51.00980552653246,0.0,20.31371731947111,0.0,0.0,Healthy,0.0
21703,155.25659972667202,0,1780,20,1559,BAG 125g SWIRLY MARBLES,0.21,0.42,2.857142857142857,443.59028493334864,1336.4097150666514,0.14277760419073038,1242.0527978133762,0.0,0.0,Healthy,0.0
21704,150.9382672408606,0,2458,19,2158,BAG 250g SWIRLY MARBLES,0.42,0.85,2.7142857142857144,409.68958251090737,2048.3104174890927,0.05082927827196815,1207.5061379268848,0.0,0.0,Healthy,0.0
21705,50.0999871779258,0,637,19,586,BAG 500g SWIRLY MARBLES,0.82,1.65,2.7142857142857144,135.98567948294146,501.01432051705854,0.14502675679682842,400.7998974234064,0.0,0.0,Healthy,0.0
21814,10.612066304638361,6,286,15,188,HEART T-LIGHT HOLDER,0.72,1.45,2.142857142857143,22.740142081367917,269.25985791863206,0.0,84.89653043710689,0.07067426629931507,0.0,Healthy,0.0
21815,7.545216591820613,0,308,17,221,STAR  T-LIGHT HOLDER,0.72,1.45,2.4285714285714284,18.32409743727863,289.6759025627214,0.0,60.3617327345649,0.0,0.0,Healthy,0.0
21816,4.435574205436875,124,176,14,212,CHRISTMAS TREE T-LIGHT HOLDER,0.65,1.45,2.0,8.87114841087375,291.12885158912627,0.0,35.484593643495,3.4944742849755457,0.8314914283251819,Markdown / clear,80.6
21817,28.64017021335125,0,275,7,214,GLITTER CHRISTMAS TREE,0.38,0.85,1.0,28.64017021335125,246.35982978664876,0.0,229.12136170681,0.0,0.0,Healthy,0.0
21818,146.63251440763716,0,476,8,334,GLITTER CHRISTMAS HEART,0.38,0.85,1.1428571428571428,167.58001646587104,308.41998353412896,0.0765868756463205,1173.0601152610973,0.0,0.0,Healthy,0.0
21819,209.9510503249226,0,849,11,544,GLITTER CHRISTMAS STAR,0.38,0.85,1.5714285714285714,329.9230790820212,519.0769209179788,0.04581448360665663,1679.6084025993807,0.0,0.0,Healthy,0.0
21813,47.778756905309045,0,281,21,189,GARLAND WITH STARS AND BELLS,2.48,4.95,3.0,143.33627071592713,137.66372928407287,0.2716204799784504,382.23005524247236,0.0,0.0,Healthy,0.0
21820,29.81699390362476,0,187,10,109,GLITTER HEART GARLAND WITH BELLS,1.88,3.75,1.4285714285714286,42.5957055766068,144.4042944233932,0.0,238.53595122899807,0.0,0.0,Healthy,0.0
21822,82.74580944109755,12,324,19,296,GLITTER CHRISTMAS TREE WITH BELLS,0.73,1.63,2.7142857142857144,224.59576848297908,111.40423151702092,0.6236343529830375,661.9664755287804,0.01812780623129649,0.0,Reorder now,366.09
21823,17.489513073870366,0,604,19,582,PAINTED METAL HEART WITH HOLLY BELL,0.65,1.45,2.7142857142857144,47.471535486219565,556.5284645137805,0.04376552489041152,139.91610459096293,0.0,0.0,Healthy,0.0
21824,63.79604586220615,0,756,16,560,PAINTED METAL STAR WITH HOLLY BELLS,0.65,1.45,2.2857142857142856,145.81953339932832,610.1804666006717,0.0,510.3683668976492,0.0,0.0,Healthy,0.0
21825,3.1040244695712698,41,405,15,299,PAINTED METAL TREE WITH HOLLY BELLS,0.65,1.45,2.142857142857143,6.65148100622415,439.3485189937758,0.0,24.832195756570158,1.651082344949384,0.21702744831646137,Healthy,0.0
21826,3.1040244695712698,0,308,16,293,EIGHT PIECE DINOSAUR SET,0.62,1.25,2.2857142857142856,7.094913073305759,300.90508692669425,0.0,24.832195756570158,0.0,0.0,Healthy,0.0
21827,3.1040244695712698,0,281,13,178,EIGHT PIECE CREEPY CRAWLIE SET,0.62,1.25,1.8571428571428572,5.764616872060929,275.2353831279391,0.0,24.832195756570158,0.0,0.0,Healthy,0.0
21821,20.677148371099292,0,203,19,194,GLITTER STAR GARLAND WITH BELLS,1.88,3.75,2.7142857142857144,56.12368843584094,146.87631156415907,0.24290561049402548,165.41718696879434,0.0,0.0,Healthy,0.0
21828,22.5607678691488,0,338,17,246,EIGHT PIECE SNAKE  SET,0.62,1.25,2.4285714285714284,54.79043625364709,283.2095637463529,0.0,180.4861429531904,0.0,0.0,Healthy,0.0
21812,20.00387595779164,0,159,14,115,GARLAND WITH HEARTS AND BELLS,2.48,4.95,2.0,40.00775191558328,118.99224808441673,0.0,160.0310076623331,0.0,0.0,Healthy,0.0
21810,352.0724750500913,0,1373,11,958,CHRISTMAS HANGING STAR WITH BELL,0.37,0.83,1.5714285714285714,553.2567465072864,819.7432534927136,0.14431810700134273,2816.5798004007306,0.0,0.0,Healthy,0.0
21792,2.5392146649338887,0,122,13,96,CLASSIC FRENCH STYLE BASKET GREEN,3.38,6.75,1.8571428571428572,4.715684377734365,117.28431562226564,0.0,20.31371731947111,0.0,0.0,Healthy,0.0
21793,13.685510745145868,0,130,14,91,CLASSIC FRENCH STYLE BASKET BROWN,1.98,3.95,2.0,27.371021490291735,102.62897850970826,0.0,109.48408596116694,0.0,0.0,Healthy,0.0
21794,5.00340119570569,0,145,14,103,CLASSIC FRENCH STYLE BASKET NATURAL,3.38,6.75,2.0,10.00680239141138,134.99319760858862,0.0,40.02720956564552,0.0,0.0,Healthy,0.0
21795,2.5392146649338887,484,92,20,417,SET OF 3 BLUE STRIPE BASKET,6.38,12.75,2.857142857142857,7.254899042668254,568.7451009573317,0.0,20.31371731947111,23.826264409817114,1.0,Markdown / clear,3087.92
21796,2.5392146649338887,255,77,9,196,SET OF 3 RED STRIPE BASKETS,6.38,12.75,1.2857142857142858,3.264704569200714,328.7352954307993,0.0,20.31371731947111,12.553093852279678,1.0,Markdown / clear,1626.9
21801,8.470551326055272,0,629,11,380,CHRISTMAS TREE DECORATION WITH BELL,0.19,0.42,1.5714285714285714,13.310866369515427,615.6891336304845,0.0,67.76441060844218,0.0,0.0,Healthy,0.0
21811,81.50916292068223,0,873,9,510,HANGING HEART WITH BELL,0.62,1.25,1.2857142857142858,104.7974951837343,768.2025048162657,0.0,652.0733033654578,0.0,0.0,Healthy,0.0
21802,23.02034173004825,0,352,9,348,CHRISTMAS TREE HEART DECORATION,0.19,0.42,1.2857142857142858,29.597582224347754,322.4024177756522,0.07355627075962001,184.162733840386,0.0,0.0,Healthy,0.0
21804,25.173048226321605,0,184,20,178,WHITE CHRISTMAS GARLAND STARS TREES,1.69,3.75,2.857142857142857,71.92299493234745,112.07700506765255,0.37035390411431157,201.38438581057284,0.0,0.0,Healthy,0.0
21805,3.1040244695712698,772,1445,21,974,WHITE CHRISTMAS TREE DECORATION,0.19,0.42,3.0,9.31207340871381,2207.687926591286,0.0,24.832195756570158,31.08867244636401,1.0,Markdown / clear,146.68
21806,3.1040244695712698,0,523,7,375,WHITE CHRISTMAS HEART DECORATION,0.19,0.42,1.0,3.1040244695712698,519.8959755304287,0.0,24.832195756570158,0.0,0.0,Healthy,0.0
21807,7.190469949338877,0,869,16,674,WHITE CHRISTMAS STAR DECORATION,0.19,0.42,2.2857142857142856,16.435359884203148,852.5646401157968,0.0,57.52375959471102,0.0,0.0,Healthy,0.0
21808,14.241392701324827,0,207,10,184,"CHRISTMAS GARLAND STARS,TREES",1.69,3.75,1.4285714285714286,20.344846716178324,186.65515328382168,0.0,113.93114161059862,0.0,0.0,Healthy,0.0
21809,24.825536150978518,0,655,9,399,CHRISTMAS HANGING TREE WITH BELL,0.56,1.25,1.2857142857142858,31.918546479829526,623.0814535201705,0.0,198.60428920782815,0.0,0.0,Healthy,0.0
21803,69.43797241825659,0,727,10,389,CHRISTMAS TREE STAR DECORATION,0.19,0.42,1.4285714285714286,99.19710345465228,627.8028965453477,0.0,555.5037793460527,0.0,0.0,Healthy,0.0
21829,21.287939584447873,0,1559,18,1335,DINOSAUR KEYRINGS ASSORTED,0.1,0.21,2.5714285714285716,54.74041607429454,1504.2595839257056,0.0,170.30351667558298,0.0,0.0,Healthy,0.0
21830,6.393215841881153,0,1154,18,1061,ASSORTED CREEPY CRAWLIES,0.21,0.42,2.5714285714285716,16.439697879122967,1137.560302120877,0.0,51.14572673504922,0.0,0.0,Healthy,0.0
21832,48.097619006134984,0,498,16,362,CHOCOLATE CALCULATOR,0.82,1.65,2.2857142857142856,109.93741487116567,388.0625851288343,0.0,384.7809520490799,0.0,0.0,Healthy,0.0
21858,2.5392146649338887,23,0,11,11,HIGH SCHOOL MUSICAL 3 TOP TRUMPS,2.56,5.12,1.5714285714285714,3.990194473467539,19.00980552653246,0.0,20.31371731947111,1.1322398376565983,0.04407994588553277,Healthy,0.0
21864,29.57773073823388,0,191,8,118,UNION JACK FLAG PASSPORT COVER,1.05,2.1,1.1428571428571428,33.80312084369586,157.19687915630413,0.0,236.62184590587103,0.0,0.0,Healthy,0.0
21865,10.695495490189204,0,114,19,105,PINK UNION JACK  PASSPORT COVER,1.05,2.1,2.7142857142857144,29.030630616227842,84.96936938377216,0.19076791063074128,85.56396392151363,0.0,0.0,Healthy,0.0
21866,30.811763210945138,0,213,12,138,UNION JACK FLAG LUGGAGE TAG,0.62,1.25,1.7142857142857142,52.82016550447737,160.17983449552264,0.0,246.4941056875611,0.0,0.0,Healthy,0.0
21867,11.60120742666304,0,152,12,114,PINK UNION JACK  LUGGAGE TAG,0.62,1.25,1.7142857142857142,19.88778415999378,132.11221584000623,0.0,92.80965941330432,0.0,0.0,Healthy,0.0
21857,2.5392146649338887,33,0,20,20,STAR WARS TOP TRUMPS GAME,2.56,5.12,2.857142857142857,7.254899042668254,25.745100957331747,0.0,20.31371731947111,1.624518027942076,0.20817267598069197,Healthy,0.0
21868,38.84526721824156,0,781,15,588,POTTING SHED TEA MUG,0.62,1.25,2.142857142857143,83.23985832480334,697.7601416751967,0.0,310.7621377459325,0.0,0.0,Healthy,0.0
21870,6.446895018765964,0,808,19,540,I CAN ONLY PLEASE ONE PERSON MUG,0.62,1.25,2.7142857142857144,17.49871505093619,790.5012849490638,0.0,51.575160150127715,0.0,0.0,Healthy,0.0
21871,94.83725208428027,0,1300,14,892,SAVE THE PLANET MUG,0.62,1.25,2.0,189.67450416856053,1110.3254958314394,0.0,758.6980166742421,0.0,0.0,Healthy,0.0
21872,37.54164633482332,0,1036,14,738,GLAMOROUS  MUG,0.62,1.25,2.0,75.08329266964664,960.9167073303533,0.0,300.33317067858655,0.0,0.0,Healthy,0.0
21873,17.98727408174101,0,357,8,341,IF YOU CAN'T STAND THE HEAT MUG,0.62,1.25,1.1428571428571428,20.556884664846866,336.44311533515315,0.013363298137380797,143.89819265392808,0.0,0.0,Healthy,0.0
21874,71.63558934536313,0,574,7,347,GIN AND TONIC MUG,0.62,1.25,1.0,71.63558934536313,502.36441065463686,0.0,573.084714762905,0.0,0.0,Healthy,0.0
21875,33.06591314833122,0,773,12,764,KINGS CHOICE MUG,0.62,1.25,1.7142857142857142,56.684422539996376,716.3155774600036,0.062414165628267515,264.52730518664976,0.0,0.0,Healthy,0.0
21869,4.047265063361509,64,573,14,477,POTTING SHED COFFEE MUG,0.62,1.25,2.0,8.094530126723019,628.905469873277,0.0,32.378120506892074,1.9766434554586585,0.3255478184862195,Healthy,0.0
21853,2.5392146649338887,25,0,14,14,GUMBALL CUSTOM CARS TOP TRUMPS GAME,2.58,5.17,2.0,5.078429329867777,19.921570670132223,0.0,20.31371731947111,1.2306954757136939,0.07689849190456462,Healthy,0.0
21852,2.5392146649338887,25,0,12,12,EMPIRE TEDDY,3.48,6.95,1.7142857142857142,4.352939425600952,20.64706057439905,0.0,20.31371731947111,1.2306954757136939,0.07689849190456462,Healthy,0.0
21833,77.1655720048866,0,336,7,300,CAMOUFLAGE LED TORCH,0.84,1.69,1.0,77.1655720048866,258.8344279951134,0.13721857334962195,617.3245760390928,0.0,0.0,Healthy,0.0
21836,2.5392146649338887,0,87,17,68,GINGHAM OVEN GLOVE RED HEART,1.88,3.75,2.4285714285714284,6.166664186268015,80.83333581373199,0.0,20.31371731947111,0.0,0.0,Healthy,0.0
21837,2.5392146649338887,0,112,12,63,CROSS STITCH ALPHABET CUSHION COVER,2.98,5.95,1.7142857142857142,4.352939425600952,107.64706057439905,0.0,20.31371731947111,0.0,0.0,Healthy,0.0
21839,2.527455328645957,0,79,15,67,MUMMY MOUSE RED GINGHAM RIBBON,3.0,5.45,2.142857142857143,5.415975704241336,73.58402429575867,0.0,20.219642629167655,0.0,0.0,Healthy,0.0
21841,5.749573444999537,0,175,20,118,BABY MOUSE RED GINGHAM DRESS,2.12,4.25,2.857142857142857,16.427352699998675,158.57264730000134,0.0,45.99658755999629,0.0,0.0,Healthy,0.0
21842,2.5392146649338887,444,293,12,412,PINK HEART CANDY BUTTON CALCULATOR,1.27,2.55,1.7142857142857142,4.352939425600952,732.647060574399,0.0,20.31371731947111,21.857151648675202,1.0,Markdown / clear,563.88
21843,62.06945440586658,0,556,20,398,RED RETROSPOT CAKE STAND,5.48,10.95,2.857142857142857,177.34129830247593,378.65870169752407,0.048596226890643024,496.55563524693264,0.0,0.0,Healthy,0.0
21844,18.46991807219818,0,511,19,490,RED RETROSPOT MUG,1.48,2.95,2.7142857142857144,50.13263476739506,460.8673652326049,0.05945435666815324,147.75934457758544,0.0,0.0,Healthy,0.0
21845,26.449280765831396,0,559,11,328,DAIRY MAID STRIPE MUG,1.48,2.95,1.5714285714285714,41.56315548916362,517.4368445108364,0.0,211.59424612665117,0.0,0.0,Healthy,0.0
21846,10.676794049934776,0,250,14,238,PINK DIAMANTE PEN IN GIFT BOX,2.32,4.21,2.0,21.35358809986955,228.64641190013046,0.03930079033558631,85.4143523994782,0.0,0.0,Healthy,0.0
21847,2.527455328645957,127,202,14,187,GREEN  DIAMANTE PEN IN GIFT BOX,1.41,2.57,2.0,5.054910657291914,323.94508934270806,0.0,20.219642629167655,6.281021001666832,1.0,Markdown / clear,179.07
21849,6.873360597344787,0,265,18,185,SILVER DIAMANTE PEN IN GIFT BOX,2.32,4.21,2.5714285714285716,17.674355821743738,247.32564417825625,0.0,54.986884778758295,0.0,0.0,Healthy,0.0
21850,4.180504599273421,0,188,17,181,BLUE  DIAMANTE PEN IN GIFT BOX,2.32,4.21,2.4285714285714284,10.152654026806879,177.84734597319311,0.017417978048656857,33.44403679418737,0.0,0.0,Healthy,0.0
21851,3.3608692544182444,0,277,19,225,LILAC DIAMANTE PEN IN GIFT BOX,2.32,4.21,2.7142857142857144,9.12235940484952,267.87764059515047,0.0,26.886954035345955,0.0,0.0,Healthy,0.0
21791,297.58438108324646,0,1026,7,560,VINTAGE HEADS AND TAILS CARD GAME,0.69,1.25,1.0,297.58438108324646,728.4156189167536,0.0,2380.6750486659716,0.0,0.0,Healthy,0.0
21790,582.8442406457718,0,1456,18,1334,VINTAGE SNAP CARDS,0.47,0.85,2.5714285714285716,1498.7423330891277,-42.74233308912767,1.0,4662.753925166175,0.0,0.0,Reorder now,1273.93
21789,25.560020775351884,0,502,19,468,KIDS RAIN MAC PINK,0.42,0.85,2.7142857142857144,69.37719924738369,432.6228007526163,0.07559230608415324,204.48016620281507,0.0,0.0,Healthy,0.0
21788,31.900864823962596,0,296,8,285,KIDS RAIN MAC BLUE,0.42,0.85,1.1428571428571428,36.45813122738582,259.5418687726142,0.08932677623644147,255.20691859170077,0.0,0.0,Healthy,0.0
21726,6.622736357628944,0,247,17,221,MULTI HEARTS  STICKERS,0.47,0.85,2.4285714285714284,16.083788297098863,230.91621170290114,0.0,52.98189086103155,0.0,0.0,Healthy,0.0
21728,2.5392146649338887,303,225,9,242,METAL MEDINA LANTERN,6.38,12.75,1.2857142857142858,3.264704569200714,524.7352954307993,0.0,20.31371731947111,14.91602916564997,1.0,Markdown / clear,1933.14
21729,2.5392146649338887,172,92,10,113,SMALL MARAKESH METAL  LANTERN,1.62,3.25,1.4285714285714286,3.627449521334127,260.37255047866586,0.0,20.31371731947111,8.467184872910215,1.0,Markdown / clear,278.64
21730,16.211990576562016,0,180,16,153,GLASS STAR FROSTED T-LIGHT HOLDER,2.48,4.95,2.2857142857142856,37.05597846071318,142.94402153928684,0.06572534941642594,129.69592461249613,0.0,0.0,Healthy,0.0
21731,264.04581717042646,0,2188,17,1590,RED TOADSTOOL LED NIGHT LIGHT,0.82,1.65,2.4285714285714284,641.2541274138928,1546.7458725861072,0.02720385371942946,2112.3665373634117,0.0,0.0,Healthy,0.0
21732,2.5392146649338887,380,597,8,437,RED HANGING METAL STAR TLIGHT HLDR,1.88,3.75,1.1428571428571428,2.901959617067301,974.0980403829327,0.0,20.31371731947111,18.706571230848148,1.0,Markdown / clear,714.4
21725,5.378814799227114,0,232,12,161,SWEETIES  STICKERS,0.47,0.85,1.7142857142857142,9.220825370103624,222.77917462989637,0.0,43.03051839381691,0.0,0.0,Healthy,0.0
21733,223.42098758281585,0,1033,14,859,RED HANGING HEART T-LIGHT HOLDER,1.48,2.95,2.0,446.8419751656317,586.1580248343682,0.3176274448959625,1787.3679006625268,0.0,0.0,Healthy,0.0
21735,2.5392146649338887,0,167,14,144,TWO DOOR CURIO CABINET,6.38,12.75,2.0,5.078429329867777,161.9215706701322,0.0,20.31371731947111,0.0,0.0,Healthy,0.0
21736,2.8154898181844623,245,105,21,211,GOLD SCROLL GLASS T-LIGHT HOLDER,1.05,2.1,3.0,8.446469454553387,341.5535305454466,0.0,22.5239185454757,10.87732578615688,1.0,Markdown / clear,257.25
21737,2.5392146649338887,0,106,8,75,SET 3 WICKER LOG BASKETS,9.98,19.95,1.1428571428571428,2.901959617067301,103.0980403829327,0.0,20.31371731947111,0.0,0.0,Healthy,0.0
21738,2.5392146649338887,0,163,21,145,COSY SLIPPER SHOES SMALL  RED,1.48,2.95,3.0,7.617643994801666,155.38235600519835,0.0,20.31371731947111,0.0,0.0,Healthy,0.0
21739,18.220315790492926,0,118,13,75,COSY SLIPPER SHOES SMALL GREEN,1.48,2.95,1.8571428571428572,33.837729325201146,84.16227067479886,0.0,145.7625263239434,0.0,0.0,Healthy,0.0
21740,2.5392146649338887,273,131,18,214,COSY SLIPPER SHOES LARGE RED,1.48,2.95,2.5714285714285716,6.529409138401428,397.47059086159857,0.0,20.31371731947111,13.439194594793538,1.0,Markdown / clear,404.04
21734,2.5392146649338887,76,50,12,61,SMALL MARAKESH LANTERN ON STICK,2.84,5.68,1.7142857142857142,4.352939425600952,121.64706057439905,0.0,20.31371731947111,3.7413142461696296,0.9137714153898765,Markdown / clear,215.84
21724,19.346897660354337,0,206,13,142,PANDA AND BUNNIES STICKER SHEET,0.47,0.85,1.8571428571428572,35.929952797800915,170.07004720219908,0.0,154.7751812828347,0.0,0.0,Healthy,0.0
21723,6.548263840954983,0,239,19,201,ALPHABET HEARTS STICKER SHEET,0.47,0.85,2.7142857142857144,17.773858996877813,221.2261410031222,0.0,52.38611072763987,0.0,0.0,Healthy,0.0
21722,6.548263840954983,79,201,17,155,SWEET PUDDING STICKER SHEET,0.47,0.85,2.4285714285714284,15.902926470890673,264.0970735291093,0.0,52.38611072763987,1.5080333107897272,0.16934443692990908,Healthy,0.0
21706,9.636058502672462,0,147,7,119,FOLDING UMBRELLA RED/WHITE POLKADOT,2.48,4.95,1.0,9.636058502672462,137.36394149732754,0.0,77.0884680213797,0.0,0.0,Healthy,0.0
21707,10.29224259855422,0,273,8,181,FOLDING UMBRELLA BLACKBLUE POLKADOT,2.48,4.95,1.1428571428571428,11.76256296977625,261.23743703022376,0.0,82.33794078843376,0.0,0.0,Healthy,0.0
21708,3.3726285907061757,0,202,11,124,FOLDING UMBRELLA CREAM POLKADOT,2.48,4.95,1.5714285714285714,5.299844928252562,196.70015507174745,0.0,26.981028725649406,0.0,0.0,Healthy,0.0
21709,3.3726285907061757,19,324,15,295,FOLDING UMBRELLA CHOCOLATE POLKADOT,2.48,4.95,2.142857142857143,7.227061265798948,335.77293873420103,0.0,26.981028725649406,0.7041985015915174,0.0,Healthy,0.0
21710,3.3726285907061757,85,343,12,237,FOLDING UMBRELLA PINKWHITE POLKADOT,2.48,4.95,1.7142857142857142,5.781649012639158,422.21835098736085,0.0,26.981028725649406,3.150361717646262,0.7167872392154208,Markdown / clear,210.8
21711,3.3726285907061757,106,231,14,167,FOLDING UMBRELLA WHITE/RED POLKADOT,2.48,4.95,2.0,6.745257181412351,330.25474281858766,0.0,26.981028725649406,3.9286863773000444,0.9762287924333481,Markdown / clear,262.88
21713,10.695495490189204,0,327,9,195,CITRONELLA CANDLE FLOWERPOT,1.05,2.1,1.2857142857142858,13.751351344528977,313.248648655471,0.0,85.56396392151363,0.0,0.0,Healthy,0.0
21714,14.989610319214668,0,684,17,470,CITRONELLA CANDLE GARDEN POT,0.62,1.25,2.4285714285714284,36.40333934666419,647.5966606533358,0.0,119.91688255371734,0.0,0.0,Healthy,0.0
21715,11.265361120574596,0,426,11,262,GIRLS VINTAGE TIN SEASIDE BUCKET,1.27,2.55,1.5714285714285714,17.702710332331506,408.2972896676685,0.0,90.12288896459677,0.0,0.0,Healthy,0.0
21716,16.832233062268212,0,250,7,196,BOYS VINTAGE TIN SEASIDE BUCKET,1.27,2.55,1.0,16.832233062268212,233.16776693773178,0.0,134.6578644981457,0.0,0.0,Healthy,0.0
21717,2.527455328645957,0,394,18,363,EASTER TIN BUCKET,1.27,2.55,2.5714285714285716,6.499170845089604,387.5008291549104,0.0,20.219642629167655,0.0,0.0,Healthy,0.0
21718,14.26947102315964,0,618,20,516,RED METAL BEACH SPADE,0.62,1.25,2.857142857142857,40.76991720902755,577.2300827909725,0.0,114.15576818527713,0.0,0.0,Healthy,0.0
21719,8.925208695248344,0,119,7,91,LOVELY BONBON STICKER SHEET,0.47,0.85,1.0,8.925208695248344,110.07479130475166,0.0,71.40166956198675,0.0,0.0,Healthy,0.0
21720,4.047265063361509,0,378,13,233,CAKE SHOP  STICKER SHEET,0.42,0.85,1.8571428571428572,7.51634940338566,370.4836505966143,0.0,32.378120506892074,0.0,0.0,Healthy,0.0
21721,4.545400873454827,0,272,19,254,CANDY SHOP  STICKER SHEET,0.47,0.85,2.7142857142857144,12.337516656520243,259.6624833434798,0.0,36.36320698763861,0.0,0.0,Healthy,0.0
21741,3.3726285907061757,0,157,13,107,COSY SLIPPER SHOES LARGE GREEN,1.48,2.95,1.8571428571428572,6.263453097025755,150.73654690297425,0.0,26.981028725649406,0.0,0.0,Healthy,0.0
21531,22.225809289140575,0,278,15,250,RED RETROSPOT SUGAR JAM BOWL,1.27,2.55,2.142857142857143,47.626734191015515,230.37326580898448,0.07850693676406206,177.8064743131246,0.0,0.0,Healthy,0.0
21742,23.716118307980715,0,83,11,45,LARGE ROUND WICKER PLATTER,2.98,5.95,1.5714285714285714,37.26818591254112,45.73181408745888,0.0,189.72894646384572,0.0,0.0,Healthy,0.0
21744,33.343939349660275,0,202,17,168,SNOWFLAKE PORTABLE TABLE LIGHT,1.48,2.95,2.4285714285714284,80.97813842060351,121.02186157939649,0.2796317763131162,266.7515147972822,0.0,0.0,Healthy,0.0
21769,2.5392146649338887,113,74,21,111,VINTAGE POST OFFICE CABINET,39.98,79.95,3.0,7.617643994801666,179.38235600519835,0.0,20.31371731947111,5.562743550225896,1.0,Markdown / clear,4517.74
21770,49.3348945801845,0,719,21,575,OPEN CLOSED METAL SIGN,2.72,4.95,3.0,148.0046837405535,570.9953162594466,0.006964667374875555,394.679156641476,0.0,0.0,Healthy,0.0
21773,24.159915401293127,0,206,10,185,DECORATIVE ROSE BATHROOM BOTTLE,1.23,2.46,1.4285714285714286,34.514164858990185,171.48583514100983,0.07304953977832529,193.279323210345,0.0,0.0,Healthy,0.0
21774,18.013875789910124,0,319,19,270,DECORATIVE CATS BATHROOM BOTTLE,1.23,2.46,2.7142857142857144,48.89480571547034,270.10519428452966,0.0,144.111006319281,0.0,0.0,Healthy,0.0
21775,9.636058502672462,0,126,19,120,DECORATIVE FLORE BATHROOM BOTTLE,1.23,2.46,2.7142857142857144,26.155015935825254,99.84498406417475,0.16795846613187704,77.0884680213797,0.0,0.0,Healthy,0.0
21768,2.5392146649338887,107,283,20,236,WALL MOUNTED VINTAGE ORGANISER,7.48,14.95,2.857142857142857,7.254899042668254,382.7451009573318,0.0,20.31371731947111,5.2673766360546095,1.0,Markdown / clear,800.36
21777,2.5392146649338887,0,247,21,187,RECIPE BOX WITH METAL HEART,3.98,7.95,3.0,7.617643994801666,239.38235600519835,0.0,20.31371731947111,0.0,0.0,Healthy,0.0
21780,2.5392146649338887,218,0,9,202,MA CAMPAGNE 4 DRAWER WALL SHELF,5.57,11.14,1.2857142857142858,3.264704569200714,214.73529543079928,0.0,20.31371731947111,10.73166454822341,1.0,Markdown / clear,1214.26
21781,2.5392146649338887,0,78,14,60,MA CAMPAGNE CUTLERY BOX,7.48,14.95,2.0,5.078429329867777,72.92157067013223,0.0,20.31371731947111,0.0,0.0,Healthy,0.0
21784,2.5392146649338887,0,66,13,38,SHOE SHINE BOX,4.97,9.95,1.8571428571428572,4.715684377734365,61.28431562226564,0.0,20.31371731947111,0.0,0.0,Healthy,0.0
21785,3.1040244695712698,454,851,19,854,RAIN PONCHO,0.42,0.85,2.7142857142857144,8.425209274550589,1296.5747907254495,0.0,24.832195756570158,18.282716697732205,1.0,Markdown / clear,190.68
21786,48.89049732292144,0,1003,12,671,POLKADOT RAIN HAT,0.4,0.79,1.7142857142857142,83.81228112500818,919.1877188749918,0.0,391.1239785833715,0.0,0.0,Healthy,0.0
21787,299.88340569487457,0,2140,11,1414,RAIN PONCHO RETROSPOT,0.42,0.85,1.5714285714285714,471.24535180623144,1668.7546481937686,0.0,2399.0672455589965,0.0,0.0,Healthy,0.0
21779,2.5392146649338887,419,281,16,438,MA CAMPAGNE MINI WOODEN CHEST,1.48,2.95,2.2857142857142856,5.803919234134602,694.1960807658654,0.0,20.31371731947111,20.62645617296151,1.0,Markdown / clear,620.12
21765,2.5392146649338887,0,105,13,76,HANGING METAL BIRD BATH,3.98,7.95,1.8571428571428572,4.715684377734365,100.28431562226564,0.0,20.31371731947111,0.0,0.0,Healthy,0.0
21764,2.527455328645957,35,0,9,25,VINTAGE WOODEN PLATE RACK,19.98,39.95,1.2857142857142858,3.249585422544802,31.7504145774552,0.0,20.219642629167655,1.7309900398294418,0.24366334660981392,Healthy,0.0
21745,35.596809546585796,0,250,9,176,GAOLERS KEYS DECORATIVE GARDEN,1.88,3.75,1.2857142857142858,45.76732655989603,204.23267344010398,0.0,284.77447637268637,0.0,0.0,Healthy,0.0
21746,18.46125243868663,0,620,17,528,SMALL RED RETROSPOT WINDMILL,0.62,1.25,2.4285714285714284,44.834470208238955,575.1655297917611,0.0,147.69001950949303,0.0,0.0,Healthy,0.0
21747,10.364409281368099,0,776,18,568,SMALL SKULL WINDMILL,0.62,1.25,2.5714285714285716,26.651338152089398,749.3486618479106,0.0,82.91527425094479,0.0,0.0,Healthy,0.0
21749,4.781927039848277,0,1365,12,973,LARGE RED RETROSPOT WINDMILL,1.05,2.1,1.7142857142857142,8.197589211168475,1356.8024107888316,0.0,38.25541631878622,0.0,0.0,Healthy,0.0
21750,3.202340864782143,116,187,20,161,LARGE SKULL WINDMILL,1.05,2.1,2.857142857142857,9.149545327948982,293.850454672051,0.0,25.618726918257146,4.527937721890965,1.0,Markdown / clear,121.8
21752,2.527455328645957,59,40,16,59,GLASS CAKE STAND MIRRORED BASE,7.48,14.95,2.2857142857142856,5.777040751190758,93.22295924880925,0.0,20.219642629167655,2.9179546385696304,0.6393182128565434,Markdown / clear,441.32
21754,51.42846657928588,0,393,12,221,HOME BUILDING BLOCK WORD,2.98,5.95,1.7142857142857142,88.16308556449007,304.8369144355099,0.0,411.42773263428705,0.0,0.0,Healthy,0.0
21755,34.56271863183538,0,151,7,111,LOVE BUILDING BLOCK WORD,2.98,5.95,1.0,34.56271863183538,116.43728136816462,0.0,276.50174905468305,0.0,0.0,Healthy,0.0
21756,13.69632869209551,0,161,17,116,BATH BUILDING BLOCK WORD,2.98,5.95,2.4285714285714284,33.262512537946236,127.73748746205376,0.0,109.57062953676407,0.0,0.0,Healthy,0.0
21757,2.5392146649338887,13,31,10,30,LIGHTHOUSE PRINTED METAL SIGN,2.48,4.95,1.4285714285714286,3.627449521334127,40.37255047866587,0.0,20.31371731947111,0.6399616473711208,0.0,Healthy,0.0
21758,4.047003057792295,0,52,18,43,VINTAGE SHELLS PRINT,3.22,6.45,2.5714285714285716,10.406579291465901,41.5934207085341,0.03271114631316052,32.37602446233836,0.0,0.0,Healthy,0.0
21759,2.5392146649338887,71,0,14,62,METAL WALL SHELF UNIT WITH HOOKS,24.98,49.95,2.0,5.078429329867777,65.92157067013223,0.0,20.31371731947111,3.4951751510268907,0.8317250503422969,Markdown / clear,1773.58
21760,2.5392146649338887,27,0,14,21,FRENCH STYLE WALL DRESSER,62.5,125.0,2.0,5.078429329867777,21.921570670132223,0.0,20.31371731947111,1.3291511137707894,0.10971703792359648,Healthy,0.0
21761,2.5392146649338887,76,51,9,49,WOOD AND GLASS MEDICINE CABINET,14.98,29.95,1.2857142857142858,3.264704569200714,123.73529543079928,0.0,20.31371731947111,3.7413142461696296,0.9137714153898765,Markdown / clear,1138.48
21763,2.5392146649338887,87,37,17,57,VINTAGE WOODEN BAR STOOL,14.98,29.95,2.4285714285714284,6.166664186268015,117.83333581373199,0.0,20.31371731947111,4.282820255483655,1.0,Markdown / clear,1303.26
21743,2.5392146649338887,0,463,18,310,STAR PORTABLE TABLE LIGHT,1.48,2.95,2.5714285714285716,6.529409138401428,456.47059086159857,0.0,20.31371731947111,0.0,0.0,Healthy,0.0
21187,4.047265063361509,0,378,13,343,WHITE BELL HONEYCOMB PAPER GARLAND,0.91,1.65,1.8571428571428572,7.51634940338566,370.4836505966143,0.0,32.378120506892074,0.0,0.0,Healthy,0.0
21530,17.182728961931623,0,208,18,183,DAIRY MAID TOASTRACK,1.48,2.95,2.5714285714285716,44.184160187824176,163.81583981217582,0.10483147643619772,137.461831695453,0.0,0.0,Healthy,0.0
21528,5.26970553883539,0,209,14,150,DAIRY MAID TRADITIONAL TEAPOT,3.48,6.95,2.0,10.53941107767078,198.4605889223292,0.0,42.15764431068312,0.0,0.0,Healthy,0.0
21291,21.56505213707448,0,279,8,245,SMALL SPOTTY CHOCOLATE GIFT BAG,0.42,0.85,1.1428571428571428,24.645773870942264,254.35422612905774,0.0,172.52041709659585,0.0,0.0,Healthy,0.0
21292,14.554720854351993,0,888,14,727,SMALL STRIPES CHOCOLATE GIFT BAG,0.42,0.85,2.0,29.109441708703987,858.890558291296,0.0,116.43776683481595,0.0,0.0,Healthy,0.0
21293,11.91000586013638,27,153,21,145,MIRRORED DOVE WALL DECORATION,1.68,3.36,3.0,35.73001758040914,144.26998241959086,0.00503460400282163,95.28004688109104,0.2833751754309677,0.0,Healthy,0.0
21294,4.440148765651304,0,514,17,492,ETCHED GLASS COASTER,0.62,1.25,2.4285714285714284,10.783218430867452,503.21678156913254,0.0,35.52119012521043,0.0,0.0,Healthy,0.0
21298,2.5392146649338887,149,0,9,94,EDWARDIAN 2 DRAWER WALL CABINET,6.38,12.75,1.2857142857142858,3.264704569200714,145.73529543079928,0.0,20.31371731947111,7.334945035253615,1.0,Markdown / clear,950.62
21299,2.5392146649338887,235,118,21,282,EDWARDIAN TOILET ROLL UNIT,6.38,12.75,3.0,7.617643994801666,345.38235600519835,0.0,20.31371731947111,11.568537471708723,1.0,Markdown / clear,1499.3
21300,2.5392146649338887,345,0,21,264,ANTIQUE EDWARDIAN DRESSER,6.38,12.75,3.0,7.617643994801666,337.38235600519835,0.0,20.31371731947111,16.983597564848974,1.0,Markdown / clear,2201.1
21304,2.5392146649338887,247,85,19,167,ARCHED GREY MIRROR,6.38,12.75,2.7142857142857144,6.8921540905348415,325.10784590946514,0.0,20.31371731947111,12.159271300051296,1.0,Markdown / clear,1575.86
21306,18.87519208212349,0,296,13,231,SET/4 DAISY MIRROR MAGNETS,0.62,1.24,1.8571428571428572,35.053928152515056,260.946071847485,0.0,151.00153665698792,0.0,0.0,Healthy,0.0
21307,2.8154898181844623,343,511,15,402,SET/4 BUTTERFLY MIRROR MAGNETS,1.05,2.1,2.142857142857143,6.033192467538133,847.9668075324619,0.0,22.5239185454757,15.228256100619634,1.0,Markdown / clear,360.15
21308,2.5392146649338887,891,0,13,589,LOUVRE VANITY MIRROR,6.32,12.65,1.8571428571428572,4.715684377734365,886.2843156222656,0.0,20.31371731947111,43.86198675443605,1.0,Markdown / clear,5631.12
21309,2.5392146649338887,478,0,18,355,LOUVRE CHALKBOARD,4.97,9.95,2.5714285714285716,6.529409138401428,471.47059086159857,0.0,20.31371731947111,23.530897495645828,1.0,Markdown / clear,2375.66
21310,2.5392146649338887,52,0,21,36,CAPIZ CHANDELIER,14.98,29.95,3.0,7.617643994801666,44.38235600519833,0.0,20.31371731947111,2.5598465894844833,0.5199488631614945,Markdown / clear,778.96
21303,2.5392146649338887,37,61,9,67,FILIGREE WALL MIRROR  ANTIQUE WHITE,8.48,16.95,1.2857142857142858,3.264704569200714,94.73529543079928,0.0,20.31371731947111,1.821429304056267,0.2738097680187557,Healthy,0.0
21311,12.707574990804048,0,255,18,239,SET/4 BIRD MIRROR MAGNETS,1.05,2.1,2.5714285714285716,32.676621404924695,222.3233785950753,0.0697766585980113,101.66059992643238,0.0,0.0,Healthy,0.0
21289,9.879368772547982,0,465,17,422,LARGE STRIPES CHOCOLATE GIFT BAG,0.62,1.25,2.4285714285714284,23.992752733330814,441.0072472666692,0.0,79.03495018038386,0.0,0.0,Healthy,0.0
21287,69.56139793165102,0,1116,8,900,SCENTED VELVET LOUNGE CANDLE,0.19,0.38,1.1428571428571428,79.49874049331544,1036.5012595066846,0.0,556.4911834532081,0.0,0.0,Healthy,0.0
21272,3.1040244695712698,0,276,11,197,SALLE DE BAIN HOOK,0.62,1.25,1.5714285714285714,4.877752737897709,271.1222472621023,0.0,24.832195756570158,0.0,0.0,Healthy,0.0
21274,2.5392146649338887,0,34,9,26,EMBOSSED HEART 3 DRAWER SHELF,6.38,12.75,1.2857142857142858,3.264704569200714,30.735295430799287,0.0,20.31371731947111,0.0,0.0,Healthy,0.0
21275,2.5392146649338887,60,88,18,146,ZINC TOP  2 DOOR WOODEN SHELF,8.48,16.95,2.5714285714285716,6.529409138401428,141.47059086159857,0.031023350263023497,20.31371731947111,2.9536691417128655,0.6512230472376218,Markdown / clear,508.8
21276,3.1040244695712698,831,611,7,421,TWO EMBOSSED HEART MINI DRAWERS,0.98,1.95,1.0,3.1040244695712698,1438.8959755304288,0.0,24.832195756570158,33.46462021104727,1.0,Markdown / clear,814.38
21277,2.5392146649338887,0,16,10,14,FRENCH STYLE EMBOSSED HEART CABINET,10.98,21.95,1.4285714285714286,3.627449521334127,12.372550478665874,0.11624639438100903,20.31371731947111,0.0,0.0,Healthy,0.0
21278,2.527455328645957,595,1457,15,1499,VINTAGE KITCHEN PRINT PUDDINGS,1.27,2.55,2.142857142857143,5.415975704241336,2046.5840242957586,0.0,20.219642629167655,29.42683067710051,1.0,Markdown / clear,755.65
21288,13.29800390682879,0,175,16,145,STRIPEY CHOCOLATE NESTING BOXES,1.48,2.95,2.2857142857142856,30.395437501322945,144.60456249867707,0.002727155181537433,106.38403125463032,0.0,0.0,Healthy,0.0
21279,2.527455328645957,1103,1769,17,2311,VINTAGE KITCHEN PRINT FRUITS,1.27,2.55,2.4285714285714284,6.138105798140181,2865.8618942018597,0.0,20.219642629167655,54.550914683767836,1.0,Markdown / clear,1400.81
21281,2.527455328645957,2291,2084,19,3066,VINTAGE KITCHEN PRINT SEAFOOD,1.27,2.55,2.7142857142857144,6.860235892039026,4368.139764107961,0.0,20.219642629167655,113.30566232140718,1.0,Markdown / clear,2909.57
21282,2.5392146649338887,98,188,20,172,NATURAL BARK CANDLE LARGE,2.12,4.25,2.857142857142857,7.254899042668254,278.7451009573318,0.0,20.31371731947111,4.82432626479768,1.0,Markdown / clear,207.76
21283,2.5392146649338887,0,99,8,97,NATURAL BARK CANDLE SMALL,1.62,3.25,1.1428571428571428,2.901959617067301,96.0980403829327,0.009298552753271183,20.31371731947111,0.0,0.0,Healthy,0.0
21284,28.831562773568006,0,652,21,462,RETROSPOT CANDLE  SMALL,0.84,1.69,3.0,86.49468832070401,565.505311679296,0.0,230.65250218854405,0.0,0.0,Healthy,0.0
21285,10.299184702520716,70,389,16,355,RETROSPOT CANDLE  MEDIUM,1.05,2.1,2.2857142857142856,23.540993605761635,435.4590063942384,0.0,82.39347762016573,0.849581811835887,0.0,Healthy,0.0
21286,19.952548343506034,0,359,16,337,RETROSPOT CANDLE  LARGE,1.27,2.55,2.2857142857142856,45.60582478515665,313.39417521484336,0.07004695781945591,159.62038674804828,0.0,0.0,Healthy,0.0
21280,2.527455328645957,1928,2560,14,2009,VINTAGE KITCHEN PRINT VEGETABLES,1.27,2.55,2.0,5.054910657291914,4482.945089342708,0.0,20.219642629167655,95.35282276546182,1.0,Markdown / clear,2448.56
21312,2.527455328645957,413,163,20,387,LARGE CHUNKY GLASS ROMAN BOWL,3.38,6.75,2.857142857142857,7.221300938988448,568.7786990610116,0.0,20.219642629167655,20.425682469987414,1.0,Markdown / clear,1395.94
21313,71.01173465232542,0,744,21,738,GLASS HEART T-LIGHT HOLDER,0.42,0.85,3.0,213.03520395697626,530.9647960430237,0.28053550671676997,568.0938772186033,0.0,0.0,Healthy,0.0
21314,85.20719015116362,0,696,8,458,SMALL GLASS HEART TRINKET POT,1.05,2.1,1.1428571428571428,97.37964588704412,598.6203541129559,0.0,681.6575212093089,0.0,0.0,Healthy,0.0
21337,2.5392146649338887,96,0,20,86,SILVER WASHBAG,1.48,2.95,2.857142857142857,7.254899042668254,88.74510095733174,0.0,20.31371731947111,4.725870626740584,1.0,Markdown / clear,142.08
21338,2.5392146649338887,657,0,18,622,MARAKESH LANTERN SMALL,2.98,5.95,2.5714285714285716,6.529409138401428,650.4705908615986,0.0,20.31371731947111,32.342677101755875,1.0,Markdown / clear,1957.86
21339,2.5392146649338887,66,0,14,57,MARAKESH LANTERN LARGE,9.98,19.95,2.0,5.078429329867777,60.921570670132226,0.0,20.31371731947111,3.249036055884152,0.7496786852947173,Markdown / clear,658.68
21340,19.626424287839566,0,230,14,168,CLASSIC METAL BIRDCAGE PLANT HOLDER,6.38,12.75,2.0,39.25284857567913,190.74715142432086,0.0,157.01139430271652,0.0,0.0,Healthy,0.0
21341,2.5392146649338887,87,50,10,60,KASBAH LANTERN WITH GLASS,2.33,4.65,1.4285714285714286,3.627449521334127,133.3725504786659,0.0,20.31371731947111,4.282820255483655,1.0,Markdown / clear,202.71
21343,2.5392146649338887,215,0,15,135,GOLD JEWELERY BOX,1.98,3.95,2.142857142857143,5.44117428200119,209.55882571799881,0.0,20.31371731947111,10.583981091137767,1.0,Markdown / clear,425.7
21336,2.5392146649338887,1772,905,18,2081,GOLD WASHBAG,1.48,2.95,2.5714285714285716,6.529409138401428,2670.470590861599,0.0,20.31371731947111,87.23169531858662,1.0,Markdown / clear,2622.56
21344,3.3726285907061757,151,100,9,122,MOROCCAN BEATEN METAL DISH,4.97,9.95,1.2857142857142858,4.336236759479369,246.66376324052064,0.0,26.981028725649406,5.596524933701007,1.0,Markdown / clear,750.47
21348,2.5392146649338887,0,264,19,261,PINK SPOTS CHOCOLATE NESTING BOXES,1.48,2.95,2.7142857142857144,6.8921540905348415,257.10784590946514,0.014912467779827021,20.31371731947111,0.0,0.0,Healthy,0.0
21349,2.5392146649338887,0,89,8,79,IVY HEART WREATH,3.38,6.75,1.1428571428571428,2.901959617067301,86.0980403829327,0.0,20.31371731947111,0.0,0.0,Healthy,0.0
21350,2.5392146649338887,192,135,18,181,GINGHAM HEART WREATH,1.48,2.95,2.5714285714285716,6.529409138401428,320.47059086159857,0.0,20.31371731947111,9.451741253481169,1.0,Markdown / clear,284.16
21351,11.419022855048599,0,322,8,163,CINAMMON & ORANGE WREATH,3.38,6.75,1.1428571428571428,13.050311834341255,308.94968816565876,0.0,91.35218284038879,0.0,0.0,Healthy,0.0
21352,8.00916250398026,0,265,17,230,EUCALYPTUS & PINECONE  WREATH,2.96,5.91,2.4285714285714284,19.45082322395206,245.54917677604794,0.0,64.07330003184208,0.0,0.0,Healthy,0.0
21353,2.5392146649338887,61,0,8,35,SILVER SLEIGHBELL  WREATH,3.98,7.95,1.1428571428571428,2.901959617067301,58.0980403829327,0.0,20.31371731947111,3.0028969607414133,0.6676323202471378,Markdown / clear,242.78
21347,2.5392146649338887,71,0,20,50,GOTHIC CARRIAGE LANTERN,2.98,5.95,2.857142857142857,7.254899042668254,63.74510095733174,0.0,20.31371731947111,3.4951751510268907,0.8317250503422969,Markdown / clear,211.58
21335,2.5392146649338887,48,26,17,36,LIBRARY LAMP,10.98,21.95,2.4285714285714284,6.166664186268015,67.83333581373199,0.0,20.31371731947111,2.362935313370292,0.45431177112343074,Healthy,0.0
21333,2.5392146649338887,0,189,14,131,CLASSIC WHITE FRAME,1.48,2.95,2.0,5.078429329867777,183.9215706701322,0.0,20.31371731947111,0.0,0.0,Healthy,0.0
21332,2.5392146649338887,153,176,17,163,MOROCCAN BEATEN METAL MIRROR,6.38,12.75,2.4285714285714284,6.166664186268015,322.833335813732,0.0,20.31371731947111,7.5318563113678065,1.0,Markdown / clear,976.14
21316,2.527455328645957,289,299,10,321,SMALL CHUNKY GLASS ROMAN  BOWL,1.48,2.95,1.4285714285714286,3.610650469494224,584.3893495305058,0.0,20.219642629167655,14.293032043163105,1.0,Markdown / clear,427.72
21317,10.368756034762841,100,197,17,185,GLASS SPHERE CANDLE STAND MEDIUM,2.72,5.45,2.4285714285714284,25.181264655852612,271.8187353441474,0.0,82.95004827810273,1.2055448076984199,0.06851493589947329,Healthy,0.0
21318,3.1040244695712698,226,466,15,324,GLASS CHALICE BLUE SMALL,0.82,1.65,2.142857142857143,6.65148100622415,685.3485189937759,0.0,24.832195756570158,9.101088047769775,1.0,Markdown / clear,185.32
21319,3.1040244695712698,0,143,7,115,GLASS CHALICE GREEN  SMALL,0.82,1.65,1.0,3.1040244695712698,139.89597553042873,0.0,24.832195756570158,0.0,0.0,Healthy,0.0
21320,2.5392146649338887,124,219,8,125,GLASS CHALICE GREEN  LARGE,1.27,2.55,1.1428571428571428,2.901959617067301,340.0980403829327,0.0,20.31371731947111,6.104249559539921,1.0,Markdown / clear,157.48
21321,2.5392146649338887,188,0,14,166,GLASS CHALICE BLUE  LARGE,1.27,2.55,2.0,5.078429329867777,182.9215706701322,0.0,20.31371731947111,9.254829977366978,1.0,Markdown / clear,238.76
21322,2.5392146649338887,718,0,16,668,GLASS SPHERE CANDLE STAND LARGE,3.32,6.65,2.2857142857142856,5.803919234134602,712.1960807658654,0.0,20.31371731947111,35.34557406249729,1.0,Markdown / clear,2383.76
21323,2.5392146649338887,360,348,9,346,HANGING MEDINA LANTERN LARGE,2.12,4.25,1.2857142857142858,3.264704569200714,704.7352954307993,0.0,20.31371731947111,17.72201485027719,1.0,Markdown / clear,763.2
21324,2.5392146649338887,0,318,9,210,HANGING MEDINA LANTERN SMALL,1.48,2.95,1.2857142857142858,3.264704569200714,314.7352954307993,0.0,20.31371731947111,0.0,0.0,Healthy,0.0
21326,213.24017980865713,0,748,8,676,AGED GLASS SILVER T-LIGHT HOLDER,0.32,0.65,1.1428571428571428,243.70306263846527,504.29693736153473,0.2539986133705108,1705.921438469257,0.0,0.0,Healthy,0.0
21327,46.40618181053648,0,184,15,134,SKULLS WRITING SET,0.82,1.65,2.142857142857143,99.44181816543531,84.55818183456469,0.36896879227936796,371.24945448429185,0.0,0.0,Healthy,0.0
21328,49.83026995570167,0,99,7,84,BALLOONS  WRITING SET,0.82,1.65,1.0,49.83026995570167,49.16973004429833,0.4146460709012103,398.64215964561333,0.0,0.0,Healthy,0.0
21329,51.1225166208327,0,198,15,145,DINOSAURS  WRITING SET,0.82,1.65,2.142857142857143,109.54824990178435,88.45175009821565,0.3899879303571334,408.9801329666616,0.0,0.0,Healthy,0.0
21330,3.1040244695712698,0,450,14,405,WOODLAND ANIMAL  WRITING SET,0.82,1.65,2.0,6.2080489391425395,443.79195106085746,0.0,24.832195756570158,0.0,0.0,Healthy,0.0
21331,2.5392146649338887,112,57,13,107,MOROCCAN BEATEN METAL DISH LARGE,6.38,12.75,1.8571428571428572,4.715684377734365,164.28431562226564,0.0,20.31371731947111,5.513515731197349,1.0,Markdown / clear,714.56
21270,2.527455328645957,0,25,8,20,ANTIQUE CREAM CUTLERY CUPBOARD,6.38,12.75,1.1428571428571428,2.888520375595379,22.11147962440462,0.0,20.219642629167655,0.0,0.0,Healthy,0.0
21354,28.30461277718991,0,646,14,431,TOAST ITS - BEST MUM,0.62,1.25,2.0,56.60922555437982,589.3907744456202,0.0,226.43690221751928,0.0,0.0,Healthy,0.0
21269,2.5392146649338887,0,52,16,34,ANTIQUE CREAM CUTLERY SHELF,4.25,8.5,2.2857142857142856,5.803919234134602,46.196080765865396,0.0,20.31371731947111,0.0,0.0,Healthy,0.0
21267,2.5392146649338887,83,0,14,56,VINTAGE PINK TINSEL REEL,2.15,4.3,2.0,5.078429329867777,77.92157067013223,0.0,20.31371731947111,4.085908979369464,1.0,Markdown / clear,178.45
21207,23.153734632887396,0,866,19,672,SKULL AND CROSSBONES  GARLAND,0.82,1.65,2.7142857142857144,62.84585114640865,803.1541488535913,0.0,185.22987706309917,0.0,0.0,Healthy,0.0
21208,36.02415650232085,0,292,15,241,PASTEL COLOUR HONEYCOMB FAN,0.82,1.65,2.142857142857143,77.19462107640182,214.8053789235982,0.10869137376100335,288.1932520185668,0.0,0.0,Healthy,0.0
21209,16.881350442027635,0,333,11,238,MULTICOLOUR HONEYCOMB FAN,0.82,1.65,1.5714285714285714,26.52783640890057,306.47216359109945,0.0,135.05080353622108,0.0,0.0,Healthy,0.0
21210,146.58333518569182,0,953,14,740,SET OF 72 RETROSPOT PAPER  DOILIES,0.8,1.45,2.0,293.16667037138365,659.8333296286164,0.1083333383397076,1172.6666814855346,0.0,0.0,Healthy,0.0
21211,21.67776699144466,0,826,21,640,SET OF 72 SKULL PAPER  DOILIES,0.8,1.45,3.0,65.03330097433398,760.966699025666,0.0,173.42213593155728,0.0,0.0,Healthy,0.0
21212,529.2094443313164,0,4504,19,4412,PACK OF 72 RETROSPOT CAKE CASES,0.28,0.55,2.7142857142857144,1436.425634613573,3067.574365386427,0.3047202254337201,4233.675554650531,0.0,0.0,Healthy,0.0
21206,6.066346810436389,0,322,9,196,STRAWBERRY HONEYCOMB  GARLAND,0.82,1.65,1.2857142857142858,7.799588756275359,314.20041124372466,0.0,48.530774483491115,0.0,0.0,Healthy,0.0
21213,186.0315300136746,0,2471,19,2351,PACK OF 72 SKULL CAKE CASES,0.28,0.55,2.7142857142857144,504.94272432283105,1966.057275677169,0.16373573982255685,1488.2522401093968,0.0,0.0,Healthy,0.0
21215,13.828370674612788,0,884,18,622,IVORY PAPER CUP CAKE CASES,0.28,0.55,2.5714285714285716,35.55866744900432,848.4413325509956,0.0,110.6269653969023,0.0,0.0,Healthy,0.0
21216,45.57680535702928,0,320,12,200,"SET 3 RETROSPOT TEA,COFFEE,SUGAR",2.48,4.95,1.7142857142857142,78.1316663263359,241.8683336736641,0.0,364.61444285623423,0.0,0.0,Healthy,0.0
21217,21.451317317499672,0,204,17,178,RED RETROSPOT ROUND CAKE TINS,4.97,9.95,2.4285714285714284,52.0960563424992,151.9039436575008,0.14660705810392805,171.61053853999738,0.0,0.0,Healthy,0.0
21218,50.94434553788201,0,408,16,304,RED SPOTTY BISCUIT TIN,1.88,3.75,2.2857142857142856,116.44421837230172,291.55578162769825,0.040934928856255715,407.55476430305606,0.0,0.0,Healthy,0.0
21219,16.677800312131712,0,105,10,101,SET/4 BADGES BALLOON GIRL,0.62,1.25,1.4285714285714286,23.825429017331018,81.17457098266898,0.196291376409218,133.4224024970537,0.0,0.0,Healthy,0.0
21220,17.0741110998002,0,141,10,75,SET/4 BADGES DOGS,0.62,1.25,1.4285714285714286,24.391587285428855,116.60841271457114,0.0,136.5928887984016,0.0,0.0,Healthy,0.0
21214,4.047265063361509,0,555,13,449,SET OF 72 IVORY PAPER DOILIES,0.8,1.45,1.8571428571428572,7.51634940338566,547.4836505966143,0.0,32.378120506892074,0.0,0.0,Healthy,0.0
21221,7.929559264978425,0,82,7,64,SET/4 BADGES CUTE CREATURES,0.62,1.25,1.0,7.929559264978425,74.07044073502158,0.0,63.4364741198274,0.0,0.0,Healthy,0.0
21205,4.118800840000022,0,179,18,151,MULTICOLOUR 3D BALLS GARLAND,1.27,2.55,2.5714285714285716,10.591202160000057,168.40879783999995,0.0,32.950406720000174,0.0,0.0,Healthy,0.0
21203,3.1040244695712698,0,658,16,449,BUTTERFLIES  HONEYCOMB GARLAND,0.82,1.65,2.2857142857142856,7.094913073305759,650.9050869266943,0.0,24.832195756570158,0.0,0.0,Healthy,0.0
21189,31.223777126419645,0,253,17,205,WHITE HONEYCOMB PAPER GARLAND,0.91,1.65,2.4285714285714284,75.82917302130484,177.17082697869517,0.13575206351856017,249.79021701135716,0.0,0.0,Healthy,0.0
21190,5.488194966360949,0,271,8,147,PINK HEARTS PAPER GARLAND,0.91,1.65,1.1428571428571428,6.272222818698227,264.72777718130175,0.0,43.90555973088759,0.0,0.0,Healthy,0.0
21191,19.56214416963013,0,369,19,318,LARGE WHITE HONEYCOMB PAPER BELL,1.16,2.1,2.7142857142857144,53.097248460424645,315.9027515395754,0.00659512094473147,156.49715335704104,0.0,0.0,Healthy,0.0
21192,20.632575323431816,0,641,19,495,WHITE BELL HONEYCOMB PAPER,0.91,1.65,2.7142857142857144,56.00270444931493,584.9972955506851,0.0,165.06060258745453,0.0,0.0,Healthy,0.0
21193,461.59912221086273,207,0,19,188,WHITE HONEYCOMB PAPER FAN,1.16,2.1,2.7142857142857144,1252.9119031437704,-1045.9119031437704,1.0,3692.792977686902,0.0560551325922584,0.0,Reorder now,2631.11
21194,479.4197606889994,0,211,20,199,PINK  HONEYCOMB PAPER FAN,1.16,2.1,2.857142857142857,1369.7707448257127,-1158.7707448257127,1.0,3835.3580855119953,0.0,0.0,Reorder now,2876.52
21204,11.598871098699124,0,336,18,334,DAISIES  HONEYCOMB GARLAND,0.82,1.65,2.5714285714285716,29.825668539512037,306.17433146048796,0.08331038484883846,92.790968789593,0.0,0.0,Healthy,0.0
21195,196.70936884083557,0,261,10,155,PINK  HONEYCOMB PAPER BALL,1.16,2.1,1.4285714285714286,281.01338405833656,-20.013384058336555,1.0,1573.6749507266845,0.0,0.0,Reorder now,590.13
21197,16.118130864794754,43,157,11,180,MULTICOLOUR  CONFETTI IN TUBE,0.82,1.65,1.5714285714285714,25.328491358963184,174.6715086410368,0.029602729772017722,128.94504691835803,0.33347539147607264,0.0,Healthy,0.0
21198,12.624145805253205,0,362,19,344,WHITE HEART CONFETTI IN TUBE,0.82,1.65,2.7142857142857144,34.2655386142587,327.73446138574127,0.04728354248331024,100.99316644202564,0.0,0.0,Healthy,0.0
21199,15.385433332704384,0,350,15,270,PINK  HEART CONFETTI IN TUBE,0.82,1.65,2.142857142857143,32.968785712937965,317.031214287062,0.0,123.08346666163507,0.0,0.0,Healthy,0.0
21200,22.63262667636989,0,666,18,480,MULTICOLOUR HONEYCOMB PAPER GARLAND,0.91,1.65,2.5714285714285716,58.198182882094,607.801817117906,0.0,181.0610134109591,0.0,0.0,Healthy,0.0
21201,32.888331909924986,0,505,16,427,TROPICAL  HONEYCOMB PAPER GARLAND,1.4,2.55,2.2857142857142856,75.17333007982853,429.82666992017147,0.0,263.1066552793999,0.0,0.0,Healthy,0.0
21202,4.435574205436875,171,432,16,391,DOLLY HONEYCOMB GARLAND,0.82,1.65,2.2857142857142856,10.138455326712858,592.8615446732872,0.0,35.484593643495,4.818992763958212,1.0,Markdown / clear,140.22
21196,3.1040244695712698,321,141,21,227,ROUND WHITE CONFETTI IN TUBE,0.82,1.65,3.0,9.31207340871381,452.6879265912862,0.0,24.832195756570158,12.926766651920786,1.0,Markdown / clear,263.22
21222,6.839485064495771,0,82,9,76,SET/4 BADGES BEETLES,0.62,1.25,1.2857142857142858,8.793623654351707,73.2063763456483,0.03675820597831192,54.71588051596617,0.0,0.0,Healthy,0.0
21223,3.1040244695712698,394,292,13,389,SET/4 BADGES WOODLAND ANIMAL,0.62,1.25,1.8571428571428572,5.764616872060929,680.235383127939,0.0,24.832195756570158,15.866498631952616,1.0,Markdown / clear,244.28
21224,22.76145660318413,0,279,14,187,SET/4 SKULL BADGES,0.62,1.25,2.0,45.52291320636826,233.47708679363174,0.0,182.09165282547303,0.0,0.0,Healthy,0.0
21252,2.527455328645957,307,160,20,318,SET OF MEADOW  FLOWER STICKERS,1.62,2.95,2.857142857142857,7.221300938988448,459.77869906101154,0.0,20.219642629167655,15.183255492218247,1.0,Markdown / clear,497.34
21253,3.3726285907061757,0,103,19,93,SET OF PICTURE FRAME  STICKERS,2.9,5.79,2.7142857142857144,9.154277603345335,93.84572239665466,0.0,26.981028725649406,0.0,0.0,Healthy,0.0
21255,3.1040244695712698,72,237,14,187,"FRENCH BOTTLE , LAVENDER",0.82,1.65,2.0,6.2080489391425395,302.79195106085746,0.0,24.832195756570158,2.8994616789355034,0.6331538929785011,Markdown / clear,59.04
21256,3.1040244695712698,172,139,18,239,"FRENCH BOTTLE, BRASSERIE DES ARTIST",0.82,1.65,2.5714285714285716,7.98177720746898,303.018222792531,0.0,24.832195756570158,6.926491788568147,1.0,Markdown / clear,141.04
21257,32.979052149814365,0,141,11,101,VICTORIAN SEWING BOX MEDIUM,3.98,7.95,1.5714285714285714,51.82422480685114,89.17577519314887,0.11707153274110038,263.8324171985149,0.0,0.0,Healthy,0.0
21258,26.700772213481265,0,196,13,129,VICTORIAN SEWING BOX LARGE,6.38,12.75,1.8571428571428572,49.58714839646521,146.4128516035348,0.0,213.60617770785012,0.0,0.0,Healthy,0.0
21251,5.737814108711605,0,223,17,164,DINOSAUR HEIGHT CHART STICKER SET,1.62,2.95,2.4285714285714284,13.93469140687104,209.06530859312895,0.0,45.90251286969284,0.0,0.0,Healthy,0.0
21259,30.51008342434997,0,205,15,173,VICTORIAN SEWING BOX SMALL,2.98,5.95,2.142857142857143,65.37875019503565,139.62124980496435,0.19294075257246035,244.08066739479975,0.0,0.0,Healthy,0.0
21261,5.00340119570569,43,138,19,127,GREEN GOOSE FEATHER CHRISTMAS TREE,3.36,7.46,2.7142857142857144,13.580660388344016,167.41933961165597,0.0,40.02720956564552,1.0742692400148213,0.024756413338273758,Healthy,0.0
21262,17.576689930646516,0,169,14,124,WHITE GOOSE FEATHER CHRISTMAS TREE,1.33,2.95,2.0,35.15337986129303,133.84662013870695,0.0,140.61351944517213,0.0,0.0,Healthy,0.0
21263,17.0741110998002,57,192,16,169,GREEN GOOSE FEATHER TREE 60CM,0.98,1.95,2.2857142857142856,39.02653965668617,209.97346034331383,0.0,136.5928887984016,0.4172984443145258,0.0,Healthy,0.0
21264,20.185464714483505,46,195,10,101,WHITE GOOSE FEATHER TREE 60CM,0.98,1.95,1.4285714285714286,28.836378163547863,212.16362183645214,0.0,161.48371771586804,0.2848584405329173,0.0,Healthy,0.0
21265,8.433551613483562,233,134,19,276,PINK GOOSE FEATHER TREE 60CM,0.98,1.95,2.7142857142857144,22.89106866516967,344.10893133483034,0.0,67.4684129078685,3.4534679260674648,0.8178226420224882,Markdown / clear,228.34
21266,2.5392146649338887,99,0,15,73,VINTAGE SILVER TINSEL REEL,2.15,4.3,2.142857142857143,5.44117428200119,93.55882571799881,0.0,20.31371731947111,4.873554083826228,1.0,Markdown / clear,212.85
21260,19.21908548702376,0,640,21,488,FIRST AID TIN,1.62,3.25,3.0,57.657256461071285,582.3427435389287,0.0,153.7526838961901,0.0,0.0,Healthy,0.0
21250,4.10704150371209,187,204,21,282,SET OF SKULL WALL STICKERS,1.62,2.95,3.0,12.321124511136272,378.67887548886375,0.0,32.85633202969672,5.691444797641524,1.0,Markdown / clear,302.94
21249,13.593877256358834,0,307,18,234,WOODLAND  HEIGHT CHART STICKERS,1.62,2.95,2.5714285714285716,34.955684373494144,272.04431562650586,0.0,108.75101805087067,0.0,0.0,Healthy,0.0
21248,15.759474933704473,0,249,11,165,DOOR HANGER  MUM + DADS ROOM,0.72,1.45,1.5714285714285714,24.7648891815356,224.2351108184644,0.0,126.07579946963578,0.0,0.0,Healthy,0.0
21225,3.1040244695712698,21,0,9,9,POCKET MIRROR BUTTERFLY,0.62,1.25,1.2857142857142858,3.99088860373449,17.00911139626551,0.0,24.832195756570158,0.8456763230228552,0.0,Healthy,0.0
21226,3.6021602796645866,97,93,13,124,POCKET MIRROR WOODLAND,0.62,1.25,1.8571428571428572,6.689726233662804,183.3102737663372,0.0,28.817282237316693,3.366035672662798,0.788678557554266,Markdown / clear,60.14
21228,3.1040244695712698,79,47,16,78,"POCKET MIRROR ""GLAMOROUS""",0.62,1.25,2.2857142857142856,7.094913073305759,118.90508692669424,0.0,24.832195756570158,3.1813537866097885,0.7271179288699295,Markdown / clear,48.98
21231,159.11444265711975,0,1241,10,664,SWEETHEART CERAMIC TRINKET BOX,0.62,1.25,1.4285714285714286,227.3063466530282,1013.6936533469718,0.0,1272.915541256958,0.0,0.0,Healthy,0.0
21232,287.8695436918313,0,2011,12,1252,STRAWBERRY CERAMIC TRINKET BOX,0.62,1.25,1.7142857142857142,493.4906463288537,1517.5093536711463,0.0,2302.9563495346506,0.0,0.0,Healthy,0.0
21238,52.71233339686009,0,660,12,417,RED RETROSPOT CUP,0.42,0.85,1.7142857142857142,90.364000108903,569.635999891097,0.0,421.6986671748807,0.0,0.0,Healthy,0.0
21239,32.38404150233189,0,520,14,411,PINK  POLKADOT CUP,0.42,0.85,2.0,64.76808300466378,455.23191699533623,0.0,259.0723320186551,0.0,0.0,Healthy,0.0
21240,43.644284994621806,0,602,12,387,BLUE POLKADOT CUP,0.42,0.85,1.7142857142857142,74.81877427649452,527.1812257235055,0.0,349.15427995697445,0.0,0.0,Healthy,0.0
21241,4.047265063361509,0,420,18,388,GREEN SPOTTY CUP,0.42,0.85,2.5714285714285716,10.407253020072453,409.59274697992754,0.0,32.378120506892074,0.0,0.0,Healthy,0.0
21242,42.181223030680464,0,603,11,350,RED RETROSPOT PLATE,0.84,1.69,1.5714285714285714,66.28477904821216,536.7152209517878,0.0,337.4497842454437,0.0,0.0,Healthy,0.0
21243,30.62610854704274,0,500,13,399,PINK  POLKADOT PLATE,0.84,1.69,1.8571428571428572,56.87705873022223,443.12294126977775,0.0,245.00886837634192,0.0,0.0,Healthy,0.0
21244,5.990905336668694,0,489,12,362,BLUE POLKADOT PLATE,0.84,1.69,1.7142857142857142,10.27012343428919,478.7298765657108,0.0,47.927242693349555,0.0,0.0,Healthy,0.0
21245,13.200632116335033,0,249,9,188,GREEN POLKADOT PLATE,0.84,1.69,1.2857142857142858,16.97224129243076,232.02775870756923,0.0,105.60505693068026,0.0,0.0,Healthy,0.0
21246,2.527455328645957,0,132,17,109,RED RETROSPOT BIG BOWL,2.48,4.95,2.4285714285714284,6.138105798140181,125.86189420185983,0.0,20.219642629167655,0.0,0.0,Healthy,0.0
21247,3.1040244695712698,0,99,10,97,SET OF RED SALAD SERVERS,0.74,1.49,1.4285714285714286,4.4343206708161,94.5656793291839,0.025096089389856746,24.832195756570158,0.0,0.0,Healthy,0.0
21268,3.1040244695712698,260,220,18,296,VINTAGE BLUE TINSEL REEL,0.21,0.42,2.5714285714285716,7.98177720746898,472.018222792531,0.0,24.832195756570158,10.470278285044873,1.0,Markdown / clear,54.6
21355,4.826999812248985,0,674,16,534,TOAST ITS - I LOVE YOU,0.62,1.25,2.2857142857142856,11.03314242799768,662.9668575720024,0.0,38.61599849799188,0.0,0.0,Healthy,0.0
21356,45.53564244923267,0,213,17,159,TOAST ITS - FAIRY FLOWER,0.62,1.25,2.4285714285714284,110.58656023385076,102.41343976614924,0.35589031593616827,364.28513959386135,0.0,0.0,Healthy,0.0
21357,3.1040244695712698,0,226,13,215,TOAST ITS - DINOSAUR,0.62,1.25,1.8571428571428572,5.764616872060929,220.23538312793906,0.0,24.832195756570158,0.0,0.0,Healthy,0.0
21461,3.1040244695712698,110,54,16,85,BLUE EASTER EGG HUNT START POST,0.98,1.95,2.2857142857142856,7.094913073305759,156.90508692669425,0.0,24.832195756570158,4.429733120595908,1.0,Markdown / clear,107.8
21462,6.721400537231336,0,46,8,43,"NURSERY A,B,C PAINTED LETTERS",3.38,6.75,1.1428571428571428,7.681600613978669,38.31839938602133,0.10887443288322485,53.77120429785069,0.0,0.0,Healthy,0.0
21463,33.232596245646995,0,166,17,157,MIRRORED DISCO BALL,2.98,5.95,2.4285714285714284,80.7077337394284,85.2922662605716,0.4567371575759771,265.86076996517596,0.0,0.0,Healthy,0.0
21464,16.213534244946867,0,92,20,80,DISCO BALL ROTATOR BATTERY OPERATED,2.12,4.25,2.857142857142857,46.32438355699105,45.67561644300895,0.42905479446238814,129.70827395957494,0.0,0.0,Healthy,0.0
21465,6.479220636442622,0,245,19,211,PINK FLOWER CROCHET FOOD COVER,1.88,3.75,2.7142857142857144,17.586456013201403,227.4135439867986,0.0,51.833765091540975,0.0,0.0,Healthy,0.0
21466,10.038983582795105,0,80,7,53,RED FLOWER CROCHET FOOD COVER,1.88,3.75,1.0,10.038983582795105,69.96101641720489,0.0,80.31186866236084,0.0,0.0,Healthy,0.0
21460,3.1040244695712698,115,69,16,97,GREEN EASTER EGG HUNT START POST,0.98,1.95,2.2857142857142856,7.094913073305759,176.90508692669425,0.0,24.832195756570158,4.6310846260775405,1.0,Markdown / clear,112.7
21467,2.5392146649338887,0,117,10,111,CHERRY CROCHET FOOD COVER,1.88,3.75,1.4285714285714286,3.627449521334127,113.37255047866587,0.0,20.31371731947111,0.0,0.0,Healthy,0.0
21469,2.5392146649338887,0,203,13,172,POLKA DOT RAFFIA FOOD COVER,1.88,3.75,1.8571428571428572,4.715684377734365,198.28431562226564,0.0,20.31371731947111,0.0,0.0,Healthy,0.0
21470,11.815333642717087,0,95,9,72,FLOWER VINE RAFFIA FOOD COVER,1.88,3.75,1.2857142857142858,15.19114325492197,79.80885674507803,0.0,94.5226691417367,0.0,0.0,Healthy,0.0
21471,11.419022855048599,0,267,19,190,STRAWBERRY RAFFIA FOOD COVER,1.88,3.75,2.7142857142857144,30.994490606560486,236.00550939343952,0.0,91.35218284038879,0.0,0.0,Healthy,0.0
21472,2.5392146649338887,0,185,18,147,LADYBIRD + BEE RAFFIA FOOD COVER,1.88,3.75,2.5714285714285716,6.529409138401428,178.47059086159857,0.0,20.31371731947111,0.0,0.0,Healthy,0.0
21473,2.5392146649338887,0,65,19,52,SWEETHEART CREAM STEEL TABLE RECT,9.98,19.95,2.7142857142857144,6.8921540905348415,58.107845909465155,0.0,20.31371731947111,0.0,0.0,Healthy,0.0
21474,2.5392146649338887,0,43,9,38,SWEETHEART CREAM STEEL FOLDIN BENCH,9.98,19.95,1.2857142857142858,3.264704569200714,39.73529543079928,0.0,20.31371731947111,0.0,0.0,Healthy,0.0
21468,2.5392146649338887,0,228,10,152,BUTTERFLY CROCHET FOOD COVER,1.88,3.75,1.4285714285714286,3.627449521334127,224.3725504786659,0.0,20.31371731947111,0.0,0.0,Healthy,0.0
21459,3.1040244695712698,37,98,9,112,YELLOW EASTER EGG HUNT START POST,0.98,1.95,1.2857142857142858,3.99088860373449,131.0091113962655,0.0,24.832195756570158,1.4900011405640783,0.16333371352135942,Healthy,0.0
21457,4.435574205436875,89,312,7,269,2 PICTURE BOOK EGGS EASTER DUCKS,0.62,1.25,1.0,4.435574205436875,396.56442579456314,0.0,35.484593643495,2.5081307367969643,0.5027102455989881,Markdown / clear,55.18
21440,3.1040244695712698,7,211,15,151,12 MINI TOADSTOOL PEGS,0.62,1.25,2.142857142857143,6.65148100622415,211.34851899377585,0.0,24.832195756570158,0.2818921076742851,0.0,Healthy,0.0
21441,7.981968101458105,0,229,8,139,BLUE BIRDHOUSE DECORATION,0.42,0.85,1.1428571428571428,9.122249258809262,219.87775074119074,0.0,63.85574481166484,0.0,0.0,Healthy,0.0
21442,6.812519059730236,0,242,12,185,GREEN BIRDHOUSE DECORATION,0.42,0.85,1.7142857142857142,11.67860410239469,230.3213958976053,0.0,54.50015247784189,0.0,0.0,Healthy,0.0
21443,2.5392146649338887,769,224,21,621,OLIVE CHALET BIRDFEEDER,1.88,3.75,3.0,7.617643994801666,985.3823560051983,0.0,20.31371731947111,37.85619283295323,1.0,Markdown / clear,1445.72
21444,2.5392146649338887,308,241,7,227,BLUE CHALET BIRDFEEDER,1.88,3.75,1.0,2.5392146649338887,546.4607853350661,0.0,20.31371731947111,15.16216826079271,1.0,Markdown / clear,579.04
21445,3.1040244695712698,6,730,20,602,12 PINK ROSE PEG PLACE SETTINGS,0.62,1.25,2.857142857142857,8.8686413416322,727.1313586583678,0.0,24.832195756570158,0.24162180657795865,0.0,Healthy,0.0
21458,4.435574205436875,148,321,16,423,2 PICTURE BOOK EGGS EASTER BUNNY,0.62,1.25,2.2857142857142856,10.138455326712858,458.86154467328714,0.0,35.484593643495,4.170824146583716,1.0,Markdown / clear,91.76
21446,17.65239512622506,0,204,17,175,12 RED ROSE PEG PLACE SETTINGS,0.62,1.25,2.4285714285714284,42.87010244940371,161.1298975505963,0.07925772828230693,141.21916100980047,0.0,0.0,Healthy,0.0
21448,3.1040244695712698,0,171,18,143,12 DAISY PEGS IN WOOD BOX,0.82,1.65,2.5714285714285716,7.98177720746898,163.01822279253102,0.0,24.832195756570158,0.0,0.0,Healthy,0.0
21450,2.5392146649338887,167,0,19,118,DISTRESSED CANDLE STICK WHITE,2.98,5.95,2.7142857142857144,6.8921540905348415,160.10784590946517,0.0,20.31371731947111,8.221045777767475,1.0,Markdown / clear,497.66
21452,23.716118307980715,0,129,7,92,TOADSTOOL MONEY BOX,1.48,2.95,1.0,23.716118307980715,105.28388169201929,0.0,189.72894646384572,0.0,0.0,Healthy,0.0
21454,5.313180986830003,0,107,8,97,PAINTED PINK RABBIT,0.42,0.85,1.1428571428571428,6.072206842091431,100.92779315790857,0.0,42.50544789464002,0.0,0.0,Healthy,0.0
21455,5.605023247164745,0,219,16,177,PAINTED YELLOW WOODEN DAISY,0.42,0.85,2.2857142857142856,12.81148170780513,206.18851829219486,0.0,44.84018597731796,0.0,0.0,Healthy,0.0
21456,3.1040244695712698,381,312,21,600,2 PICTURE BOOK EGGS EASTER CHICKS,0.62,1.25,3.0,9.31207340871381,683.6879265912862,0.0,24.832195756570158,15.342984717700373,1.0,Markdown / clear,236.22
21447,3.1040244695712698,0,335,11,280,12 IVORY ROSE PEG PLACE SETTINGS,0.62,1.25,1.5714285714285714,4.877752737897709,330.1222472621023,0.0,24.832195756570158,0.0,0.0,Healthy,0.0
21476,2.5392146649338887,0,57,20,49,STEEL SWEETHEART ROUND TABLE CREAM,7.48,14.95,2.857142857142857,7.254899042668254,49.74510095733174,0.0,20.31371731947111,0.0,0.0,Healthy,0.0
21477,2.5392146649338887,482,270,11,310,STRING OF 20 ROSE LIGHTS,6.38,12.75,1.5714285714285714,3.990194473467539,748.0098055265324,0.0,20.31371731947111,23.727808771760017,1.0,Markdown / clear,3075.16
21478,2.5392146649338887,38,97,16,88,SILVER SKULL HOT WATER BOTTLE,1.88,3.75,2.2857142857142856,5.803919234134602,129.1960807658654,0.0,20.31371731947111,1.8706571230848148,0.2902190410282716,Healthy,0.0
21503,23.703818533359335,560,1100,20,801,TOYBOX  WRAP,0.21,0.42,2.857142857142857,67.7251958095981,1592.274804190402,0.0,189.63054826687468,2.953110694021142,0.6510368980070473,Markdown / clear,117.6
21504,31.143542070312176,0,307,8,290,SKULLS GREETING CARD,0.23,0.42,1.1428571428571428,35.5926195089282,271.4073804910718,0.06411248106526957,249.1483365624974,0.0,0.0,Healthy,0.0
21506,81.75216769686092,0,849,18,838,"FANCY FONT BIRTHDAY CARD,",0.23,0.42,2.5714285714285716,210.21985979192812,638.7801402080719,0.23773252958463975,654.0173415748874,0.0,0.0,Healthy,0.0
21507,57.23311249776045,0,693,19,622,"ELEPHANT, BIRTHDAY CARD,",0.23,0.42,2.7142857142857144,155.34701963677838,537.6529803632216,0.13560614089514222,457.8648999820836,0.0,0.0,Healthy,0.0
21508,45.944016451428304,0,593,17,487,VINTAGE KID DOLLY CARD,0.23,0.42,2.4285714285714284,111.57832566775444,481.4216743322456,0.011454467490255471,367.55213161142643,0.0,0.0,Healthy,0.0
21509,43.80434703707148,0,710,19,642,COWBOYS AND INDIANS BIRTHDAY CARD,0.23,0.42,2.7142857142857144,118.89751338633688,591.1024866136631,0.07927961586656829,350.43477629657184,0.0,0.0,Healthy,0.0
21500,127.12103569156777,0,1350,21,1340,PINK POLKADOT WRAP,0.21,0.42,3.0,381.3631070747033,968.6368929252967,0.2771366470706741,1016.9682855325422,0.0,0.0,Healthy,0.0
21511,4.047265063361509,685,0,19,421,VINTAGE COLLAGE  GREETING  CARD,0.23,0.42,2.7142857142857144,10.98543374340981,674.0145662565902,0.0,32.378120506892074,21.156261984205955,1.0,Markdown / clear,157.55
21519,36.04704014850324,0,297,7,239,GIN & TONIC DIET GREETING CARD,0.23,0.42,1.0,36.04704014850324,260.95295985149676,0.0,288.37632118802594,0.0,0.0,Healthy,0.0
21520,7.009587404226625,0,287,13,176,BOOZE & WOMEN GREETING CARD,0.23,0.42,1.8571428571428572,13.01780517927802,273.982194820722,0.0,56.076699233813,0.0,0.0,Healthy,0.0
21523,39.53806197644385,0,477,10,356,DOORMAT FANCY FONT HOME SWEET HOME,3.98,7.95,1.4285714285714286,56.482945680634074,420.5170543193659,0.0,316.3044958115508,0.0,0.0,Healthy,0.0
21524,30.65760582076681,0,209,8,187,DOORMAT SPOTTY HOME SWEET HOME,3.98,7.95,1.1428571428571428,35.03726379516207,173.96273620483794,0.06971798820942277,245.2608465661345,0.0,0.0,Healthy,0.0
21527,2.527455328645957,0,336,17,313,RED RETROSPOT TRADITIONAL TEAPOT,3.98,7.95,2.4285714285714284,6.138105798140181,329.8618942018598,0.0,20.219642629167655,0.0,0.0,Healthy,0.0
21518,4.047265063361509,0,326,13,214,BANK ACCOUNT  GREETING  CARD,0.23,0.42,1.8571428571428572,7.51634940338566,318.4836505966143,0.0,32.378120506892074,0.0,0.0,Healthy,0.0
21499,128.58737529671888,0,1350,19,1229,BLUE POLKADOT WRAP,0.21,0.42,2.7142857142857144,349.02287580537984,1000.9771241946202,0.1855352935763872,1028.699002373751,0.0,0.0,Healthy,0.0
21498,211.7433040930415,0,1825,17,1502,RED RETROSPOT WRAP,0.21,0.42,2.4285714285714284,514.2337385116722,1310.766261488328,0.1273193998080373,1693.946432744332,0.0,0.0,Healthy,0.0
21497,195.57409219081225,0,1175,7,769,FANCY FONTS BIRTHDAY WRAP,0.21,0.42,1.0,195.57409219081225,979.4259078091877,0.0,1564.592737526498,0.0,0.0,Healthy,0.0
21479,178.75055702399268,0,1214,20,837,WHITE SKULL HOT WATER BOTTLE,1.88,3.75,2.857142857142857,510.7158772114077,703.2841227885923,0.1597561257006066,1430.0044561919415,0.0,0.0,Healthy,0.0
21480,2.5392146649338887,142,282,7,190,PINK STRIPE HOT WATER BOTTLE,1.48,2.95,1.0,2.5392146649338887,421.46078533506613,0.0,20.31371731947111,6.990350302053781,1.0,Markdown / clear,210.16
21481,143.3627606117513,0,655,7,384,FAWN BLUE HOT WATER BOTTLE,1.48,2.95,1.0,143.3627606117513,511.6372393882487,0.0,1146.9020848940104,0.0,0.0,Healthy,0.0
21482,2.5392146649338887,0,222,7,115,MUSHROOM BLUE HOT WATER BOTTLE,1.48,2.95,1.0,2.5392146649338887,219.4607853350661,0.0,20.31371731947111,0.0,0.0,Healthy,0.0
21484,76.51801102213744,0,227,9,211,CHICK GREY HOT WATER BOTTLE,1.72,3.45,1.2857142857142858,98.3802998856053,128.6197001143947,0.39042796154315307,612.1440881770995,0.0,0.0,Healthy,0.0
21485,125.09420071446759,0,317,7,279,RETROSPOT HEART HOT WATER BOTTLE,2.48,4.95,1.0,125.09420071446759,191.9057992855324,0.3121655939586653,1000.7536057157407,0.0,0.0,Healthy,0.0
21486,2.5392146649338887,0,306,19,246,PINK HEART DOTS HOT WATER BOTTLE,1.88,3.75,2.7142857142857144,6.8921540905348415,299.10784590946514,0.0,20.31371731947111,0.0,0.0,Healthy,0.0
21488,2.5392146649338887,0,456,16,431,RED WHITE SCARF  HOT WATER BOTTLE,1.98,3.95,2.2857142857142856,5.803919234134602,450.1960807658654,0.0,20.31371731947111,0.0,0.0,Healthy,0.0
21489,2.5392146649338887,127,0,21,98,BLUE WHITE SCARF HOT WATER BOTTLE,1.98,3.95,3.0,7.617643994801666,119.38235600519833,0.0,20.31371731947111,6.251933016625565,1.0,Markdown / clear,251.46
21490,4.047265063361509,1935,0,19,1829,SET OF THREE 50'S GIFT WRAPS,1.07,1.95,2.7142857142857144,10.98543374340981,1924.0145662565901,0.0,32.378120506892074,59.762579473632876,1.0,Markdown / clear,2070.45
21491,4.047265063361509,380,1444,21,986,SET OF THREE VINTAGE GIFT WRAPS,1.07,1.95,3.0,12.141795190084528,1811.8582048099154,0.0,32.378120506892074,11.736320516785785,1.0,Markdown / clear,406.6
21493,3.1040244695712698,864,0,10,591,VINTAGE DESIGN GIFT TAGS,0.42,0.85,1.4285714285714286,4.4343206708161,859.5656793291839,0.0,24.832195756570158,34.79354014722605,1.0,Markdown / clear,362.88
21494,83.30801415517706,0,308,11,284,ROTATING LEAVES T-LIGHT HOLDER,0.83,1.66,1.5714285714285714,130.91259367242108,177.08740632757892,0.37645279462120096,666.4641132414165,0.0,0.0,Healthy,0.0
21495,150.11315811629677,0,1350,19,1155,SKULLS AND CROSSBONES WRAP,0.21,0.42,2.7142857142857144,407.450000601377,942.549999398623,0.18393939446006669,1200.9052649303742,0.0,0.0,Healthy,0.0
21439,24.74778221374904,0,554,18,446,BASKET OF TOADSTOOLS,0.62,1.25,2.5714285714285716,63.63715426392611,490.3628457360739,0.0,197.98225770999233,0.0,0.0,Healthy,0.0
21438,2.5392146649338887,718,257,18,606,TUB 24 HANGING EASTER EGGS SPOTTY,1.88,3.75,2.5714285714285716,6.529409138401428,968.4705908615986,0.0,20.31371731947111,35.34557406249729,1.0,Markdown / clear,1349.84
21437,2.5392146649338887,210,405,20,473,24 HANGING EASTER EGGS FLORAL TUB,1.88,3.75,2.857142857142857,7.254899042668254,607.7451009573317,0.0,20.31371731947111,10.337841995995028,1.0,Markdown / clear,394.8
21432,2.5392146649338887,0,174,14,139,SET OF 3 CASES WOODLAND DESIGN,2.98,5.95,2.0,5.078429329867777,168.9215706701322,0.0,20.31371731947111,0.0,0.0,Healthy,0.0
21378,8.675731514272275,0,241,9,145,SMALL TALL CAMPHOR WOOD TOADSTOOL,0.82,1.65,1.2857142857142858,11.154511946921497,229.8454880530785,0.0,69.4058521141782,0.0,0.0,Healthy,0.0
21379,7.225392885736472,0,192,8,133,CAMPHOR WOOD PORTOBELLO MUSHROOM,1.23,2.46,1.1428571428571428,8.25759186941311,183.74240813058688,0.0,57.803143085891776,0.0,0.0,Healthy,0.0
21380,22.986888540366596,0,592,21,536,WOODEN HAPPY BIRTHDAY GARLAND,1.48,2.95,3.0,68.96066562109979,523.0393343789002,0.024180346308022016,183.89510832293277,0.0,0.0,Healthy,0.0
21381,21.575870084024125,0,608,15,508,MINI WOODEN HAPPY BIRTHDAY GARLAND,0.84,1.69,2.142857142857143,46.23400732290884,561.7659926770912,0.0,172.606960672193,0.0,0.0,Healthy,0.0
21382,16.40304536758715,0,321,13,240,SET/4 SPRING FLOWER DECORATION,0.82,1.63,1.8571428571428572,30.46279853980471,290.5372014601953,0.0,131.2243629406972,0.0,0.0,Healthy,0.0
21383,15.724169896079864,0,319,18,305,PACK OF 12 STICKY BUNNIES,0.32,0.65,2.5714285714285716,40.4335797327768,278.5664202672232,0.0866674745336945,125.79335916863891,0.0,0.0,Healthy,0.0
21377,9.642672795126616,35,215,21,240,SMALL CAMPHOR WOOD FIELD  MUSHROOM,1.64,3.29,3.0,28.92801838537985,221.07198161462014,0.07886674327241605,77.14138236101293,0.45371237756933064,0.0,Healthy,0.0
21384,3.1040244695712698,0,666,12,408,IVORY HANGING DECORATION  BUTTERFLY,0.42,0.85,1.7142857142857142,5.321184804979319,660.6788151950207,0.0,24.832195756570158,0.0,0.0,Healthy,0.0
21386,35.0268213717746,0,411,17,313,IVORY HANGING DECORATION  EGG,0.42,0.85,2.4285714285714284,85.06513761716688,325.9348623828331,0.0,280.2145709741968,0.0,0.0,Healthy,0.0
21387,3.1040244695712698,209,0,9,117,IVORY HANGING DECORATION  RABBIT,0.42,0.85,1.2857142857142858,3.99088860373449,205.0091113962655,0.0,24.832195756570158,8.416492929132225,1.0,Markdown / clear,87.78
21388,3.1040244695712698,341,208,15,263,IVORY HANGING DECORATION  CHICKEN,0.42,0.85,2.142857142857143,6.65148100622415,542.3485189937759,0.0,24.832195756570158,13.732172673847316,1.0,Markdown / clear,143.22
21389,21.28461029812636,0,388,21,346,IVORY HANGING DECORATION  BIRD,0.42,0.85,3.0,63.85383089437908,324.1461691056209,0.06316136096641356,170.27688238501088,0.0,0.0,Healthy,0.0
21390,44.712540720279996,0,1445,21,1004,FILIGRIS HEART WITH BUTTERFLY,0.62,1.25,3.0,134.13762216083998,1310.86237783916,0.0,357.70032576223997,0.0,0.0,Healthy,0.0
21391,3.202340864782143,0,296,12,197,FRENCH LAVENDER SCENT HEART,1.05,2.1,1.7142857142857142,5.489727196769388,290.51027280323063,0.0,25.618726918257146,0.0,0.0,Healthy,0.0
21385,39.77316020615193,0,653,8,445,IVORY HANGING DECORATION  HEART,0.42,0.85,1.1428571428571428,45.455040235602205,607.5449597643978,0.0,318.1852816492154,0.0,0.0,Healthy,0.0
21376,3.213589132020008,71,119,9,74,LARGE  TALL CAMPHOR WOOD TOADSTOOL,2.72,5.45,1.2857142857142858,4.131757455454296,185.8682425445457,0.0,25.708713056160065,2.761709613581287,0.587236537860429,Markdown / clear,193.12
21375,3.213589132020008,14,71,11,41,LARGE CAMPHOR WOOD FIELD MUSHROOM,5.4,10.79,1.5714285714285714,5.049925778888584,79.95007422111142,0.0,25.708713056160065,0.5445624590160284,0.0,Healthy,0.0
21374,28.54600191523718,32,230,11,135,MIRRORED WALL ART SKULLS,0.62,1.25,1.5714285714285714,44.858003009658425,217.14199699034157,0.0,228.36801532189745,0.140124701591395,0.0,Healthy,0.0
21358,12.835140646234976,0,185,20,177,TOAST ITS - HAPPY BIRTHDAY,0.62,1.25,2.857142857142857,36.67183041781422,148.32816958218578,0.16198774247352665,102.6811251698798,0.0,0.0,Healthy,0.0
21359,2.5392146649338887,19,90,18,91,RELAX LARGE WOOD LETTERS,7.98,15.95,2.5714285714285716,6.529409138401428,102.47059086159857,0.0,20.31371731947111,0.9353285615424074,0.0,Healthy,0.0
21360,2.5392146649338887,49,230,10,157,JOY LARGE WOOD LETTERS,4.97,9.95,1.4285714285714286,3.627449521334127,275.37255047866586,0.0,20.31371731947111,2.41216313239884,0.47072104413294663,Healthy,0.0
21361,2.5392146649338887,0,81,17,72,LOVE LARGE WOOD LETTERS,6.38,12.75,2.4285714285714284,6.166664186268015,74.83333581373199,0.0,20.31371731947111,0.0,0.0,Healthy,0.0
21363,2.5392146649338887,0,118,17,88,HOME SMALL WOOD LETTERS,2.48,4.95,2.4285714285714284,6.166664186268015,111.83333581373199,0.0,20.31371731947111,0.0,0.0,Healthy,0.0
21364,2.5392146649338887,30,201,12,145,PEACE SMALL WOOD LETTERS,3.38,6.75,1.7142857142857142,4.352939425600952,226.64706057439903,0.0,20.31371731947111,1.4768345708564328,0.15894485695214425,Healthy,0.0
21365,21.738669609368756,29,211,18,177,MIRRORED WALL ART STARS,1.48,2.95,2.5714285714285716,55.89943613837681,184.1005638616232,0.0,173.90935687495005,0.1667535348362683,0.0,Healthy,0.0
21366,2.5392146649338887,72,100,20,157,MIRRORED WALL ART PHOTO FRAMES,2.12,4.25,2.857142857142857,7.254899042668254,164.74510095733174,0.0,20.31371731947111,3.5444029700554385,0.8481343233518128,Markdown / clear,152.64
21367,5.281464875123321,72,96,19,131,MIRRORED WALL ART GENTS,1.27,2.55,2.7142857142857144,14.335404661049015,153.664595338951,0.0,42.25171900098657,1.7040726792280052,0.23469089307600174,Healthy,0.0
21368,4.435574205436875,96,89,18,143,MIRRORED WALL ART LADIES,0.38,0.75,2.5714285714285716,11.405762242551965,173.59423775744804,0.0,35.484593643495,2.7053994464326805,0.5684664821442268,Markdown / clear,36.48
21369,3.1040244695712698,191,92,16,143,MIRRORED WALL ART SPLODGES,0.62,1.25,2.2857142857142856,7.094913073305759,275.90508692669425,0.0,24.832195756570158,7.69162750939835,1.0,Markdown / clear,118.42
21370,4.411344893339309,78,36,11,56,MIRRORED WALL ART FOXY,3.18,6.35,1.5714285714285714,6.932113403818914,107.06788659618108,0.0,35.29075914671447,2.21021031810991,0.40340343936997,Healthy,0.0
21371,6.371539075605975,95,217,18,184,MIRRORED WALL ART POPPIES,1.27,2.55,2.5714285714285716,16.383957622986795,295.61604237701323,0.0,50.9723126048478,1.863756913218116,0.2879189710727053,Healthy,0.0
21372,3.3726285907061757,36,72,12,71,MIRRORED WALL ART TABLE LAMP,1.23,2.46,1.7142857142857142,5.781649012639158,102.21835098736084,0.0,26.981028725649406,1.3342708451207699,0.11142361504025662,Healthy,0.0
21373,37.67980857959942,0,408,14,245,MIRRORED WALL ART SNOWFLAKES,0.38,0.75,2.0,75.35961715919883,332.6403828408012,0.0,301.43846863679533,0.0,0.0,Healthy,0.0
21392,3.7587304119747005,6775,3810,18,8210,RED SPOTTY PUDDING BOWL,1.05,2.1,2.5714285714285716,9.665306773649231,10575.33469322635,0.0,30.069843295797604,225.30878971846312,1.0,Markdown / clear,7113.75
21529,2.5392146649338887,0,148,15,108,RETRO SPOT CERAMIC TOASTRACK,1.72,3.45,2.142857142857143,5.44117428200119,142.55882571799881,0.0,20.31371731947111,0.0,0.0,Healthy,0.0
21393,3.7587304119747005,4838,2661,16,5630,BLUE  SPOTTY PUDDING BOWL,1.05,2.1,2.2857142857142856,8.591383798799315,7490.408616201201,0.0,30.069843295797604,160.89209220043168,1.0,Markdown / clear,5079.9
21395,5.679495763838708,0,494,9,458,BLUE POLKADOT BEAKER,0.2,0.39,1.2857142857142858,7.302208839221197,486.6977911607788,0.0,45.435966110709664,0.0,0.0,Healthy,0.0
21417,9.479549357665539,0,135,15,130,COCKLE SHELL DISH,1.05,2.1,2.142857142857143,20.31332005214044,114.68667994785956,0.11779476963184954,75.83639486132431,0.0,0.0,Healthy,0.0
21418,2.5392146649338887,0,43,7,37,STARFISH SOAP DISH,1.27,2.55,1.0,2.5392146649338887,40.46078533506611,0.0,20.31371731947111,0.0,0.0,Healthy,0.0
21419,2.5392146649338887,2962,1220,8,1947,CONCH SHELL,1.88,3.75,1.1428571428571428,2.901959617067301,4179.098040382933,0.0,20.31371731947111,145.81279996255844,1.0,Markdown / clear,5568.56
21420,2.5392146649338887,119,63,13,92,OYSTER TRINKET BOX,1.62,3.25,1.8571428571428572,4.715684377734365,177.28431562226564,0.0,20.31371731947111,5.858110464397183,1.0,Markdown / clear,192.78
21421,3.1040244695712698,0,636,17,606,PORCELAIN ROSE LARGE,0.62,1.25,2.4285714285714284,7.538345140387369,628.4616548596126,0.0,24.832195756570158,0.0,0.0,Healthy,0.0
21422,24.101110015872653,0,1188,19,845,PORCELAIN ROSE SMALL,0.42,0.85,2.7142857142857144,65.4172986145115,1122.5827013854885,0.0,192.80888012698122,0.0,0.0,Healthy,0.0
21416,2.5392146649338887,2167,741,17,1675,CLAM SHELL LARGE,1.88,3.75,2.4285714285714284,6.166664186268015,2901.833335813732,0.0,20.31371731947111,106.67668383486298,1.0,Markdown / clear,4073.96
21424,2.5392146649338887,0,264,13,201,WOODLAND STORAGE BOX LARGE,2.96,5.91,1.8571428571428572,4.715684377734365,259.28431562226564,0.0,20.31371731947111,0.0,0.0,Healthy,0.0
21426,13.865601181451767,76,501,21,450,WOODLAND STORAGE BOX SMALL,1.05,2.1,3.0,41.5968035443553,535.4031964556447,0.0,110.92480945161414,0.6851487992246813,0.0,Healthy,0.0
21427,6.654057268253698,0,151,13,144,SKULLS STORAGE BOX SMALL,1.05,2.1,1.8571428571428572,12.357534926756868,138.64246507324313,0.03720510365803387,53.232458146029586,0.0,0.0,Healthy,0.0
21428,26.360885908459977,0,389,11,251,SET3 BOOK BOX GREEN GINGHAM FLOWER,2.12,4.25,1.5714285714285714,41.42424928472282,347.5757507152772,0.0,210.88708726767982,0.0,0.0,Healthy,0.0
21429,67.85740974568184,0,546,13,365,RED GINGHAM ROSE JEWELLERY BOX,0.82,1.65,1.8571428571428572,126.02090381340912,419.9790961865909,0.0,542.8592779654547,0.0,0.0,Healthy,0.0
21430,40.7346265813373,0,384,7,200,SET/3 RED GINGHAM ROSE STORAGE BOX,1.88,3.75,1.0,40.7346265813373,343.2653734186627,0.0,325.8770126506984,0.0,0.0,Healthy,0.0
21431,3.1040244695712698,0,263,11,193,GREEN GINGHAM FLOWER JEWELLERY BOX,0.82,1.65,1.5714285714285714,4.877752737897709,258.1222472621023,0.0,24.832195756570158,0.0,0.0,Healthy,0.0
21425,3.3726285907061757,17,241,11,162,SKULLS STORAGE BOX LARGE,1.48,2.95,1.5714285714285714,5.299844928252562,252.70015507174745,0.0,26.981028725649406,0.6300723435292525,0.0,Healthy,0.0
21415,5.6665273955539455,0,68,7,52,CLAM SHELL SMALL,1.05,2.1,1.0,5.6665273955539455,62.33347260444606,0.0,45.332219164431564,0.0,0.0,Healthy,0.0
21414,2.8154898181844623,2963,1563,15,2362,SCALLOP SHELL SOAP DISH,1.05,2.1,2.142857142857143,6.033192467538133,4519.966807532462,0.0,22.5239185454757,131.5490461403381,1.0,Markdown / clear,3111.15
21413,3.4908755161689506,4319,3052,14,3522,PERIWINKLE T-LIGHT HOLDER,0.62,1.25,2.0,6.981751032337901,7364.018248967662,0.0,27.927004129351605,154.65318012613753,1.0,Markdown / clear,2677.78
21396,4.047265063361509,188,545,12,345,RED SPOTTY EGG CUP,0.62,1.25,1.7142857142857142,6.938168680048301,726.0618313199517,0.0,32.378120506892074,5.806390150409809,1.0,Markdown / clear,116.56
21397,4.047265063361509,0,673,16,449,BLUE  SPOTTY EGG CUP,0.62,1.25,2.2857142857142856,9.250891573397736,663.7491084266022,0.0,32.378120506892074,0.0,0.0,Healthy,0.0
21398,3.7587304119747005,216,774,21,770,RED POLKADOT COFFEE  MUG,1.05,2.1,3.0,11.276191235924102,978.7238087640759,0.0,30.069843295797604,7.183276543053584,1.0,Markdown / clear,226.8
21399,4.047265063361509,0,378,7,335,BLUE POLKADOT COFFEE MUG,0.82,1.63,1.0,4.047265063361509,373.9527349366385,0.0,32.378120506892074,0.0,0.0,Healthy,0.0
21400,26.88910901430433,0,403,17,305,RED PUDDING SPOON,0.21,0.42,2.4285714285714284,65.30212189188194,337.69787810811806,0.0,215.11287211443465,0.0,0.0,Healthy,0.0
21401,17.959731091255136,0,437,19,381,BLUE PUDDING SPOON,0.21,0.42,2.7142857142857144,48.7478415334068,388.2521584665932,0.0,143.6778487300411,0.0,0.0,Healthy,0.0
21402,53.242048288339866,0,381,21,380,RED  EGG  SPOON,0.21,0.42,3.0,159.7261448650196,221.2738551349804,0.41770038122373576,425.93638630671893,0.0,0.0,Healthy,0.0
21403,37.400786068862,0,495,13,354,BLUE EGG  SPOON,0.21,0.42,1.8571428571428572,69.45860269931514,425.5413973006849,0.0,299.206288550896,0.0,0.0,Healthy,0.0
21406,2.5392146649338887,21,0,8,8,SPOTTY CAT DOORSTOP,4.32,8.65,1.1428571428571428,2.901959617067301,18.098040382932698,0.0,20.31371731947111,1.033784199599503,0.011261399866500987,Healthy,0.0
21407,3.3726285907061757,0,129,11,80,BROWN CHECK CAT DOORSTOP,2.12,4.25,1.5714285714285714,5.299844928252562,123.70015507174743,0.0,26.981028725649406,0.0,0.0,Healthy,0.0
21408,22.075056353790647,0,191,19,138,SPOTTY PINK DUCK DOORSTOP,2.12,4.25,2.7142857142857144,59.918010103146045,131.08198989685394,0.050130507993812023,176.60045083032517,0.0,0.0,Healthy,0.0
21409,2.5392146649338887,33,0,20,20,SPOTTY COCKEREL DOORSTOP,2.12,4.25,2.857142857142857,7.254899042668254,25.745100957331747,0.0,20.31371731947111,1.624518027942076,0.20817267598069197,Healthy,0.0
21410,2.5392146649338887,0,82,16,71,COUNTRY COTTAGE  DOORSTOP GREEN,2.12,4.25,2.2857142857142856,5.803919234134602,76.1960807658654,0.0,20.31371731947111,0.0,0.0,Healthy,0.0
21411,29.913072009225118,0,178,8,96,GINGHAM HEART  DOORSTOP RED,2.12,4.25,1.1428571428571428,34.18636801054299,143.813631989457,0.0,239.30457607380094,0.0,0.0,Healthy,0.0
21412,3.1040244695712698,0,86,8,72,VINTAGE GOLD TINSEL REEL,0.21,0.42,1.1428571428571428,3.5474565366528794,82.45254346334713,0.0,24.832195756570158,0.0,0.0,Healthy,0.0
21394,8.103018712626,0,1079,14,761,RED POLKADOT BEAKER,0.2,0.39,2.0,16.206037425252,1062.793962574748,0.0,64.824149701008,0.0,0.0,Healthy,0.0
90214D,3.6021602796645866,34,59,21,64,"LETTER ""D"" BLING KEY RING",0.42,0.85,3.0,10.80648083899376,82.19351916100624,0.0,28.817282237316693,1.1798475553663417,0.05994918512211389,Healthy,0.0
23160,14.99781971634066,0,649,12,425,REGENCY TEA SPOON,0.62,1.25,1.7142857142857142,25.710548085155416,623.2894519148446,0.0,119.98255773072528,0.0,0.0,Healthy,0.0
23162,44.1789934169161,0,386,18,364,REGENCY TEA STRAINER,1.88,3.75,2.5714285714285716,113.60312592921284,272.39687407078713,0.25165693936596945,353.4319473353288,0.0,0.0,Healthy,0.0
84901,2.5392146649338887,17,58,21,52,BLACK FACE LAMB WITH PANTS,1.88,3.75,3.0,7.617643994801666,67.38235600519833,0.0,20.31371731947111,0.8368729234853118,0.0,Healthy,0.0
84902,2.5392146649338887,13,29,14,37,PINK KNITTED COW STUFFED TOY,1.88,3.75,2.0,5.078429329867777,36.921570670132226,0.0021197116180479147,20.31371731947111,0.6399616473711208,0.0,Healthy,0.0
84905,2.5392146649338887,0,65,7,47,PINK BUTTERFLY CUSHION COVER,2.53,5.06,1.0,2.5392146649338887,62.46078533506611,0.0,20.31371731947111,0.0,0.0,Healthy,0.0
84906,2.5392146649338887,106,49,20,79,PINK B'FLY C/COVER W BOBBLES,2.98,5.95,2.857142857142857,7.254899042668254,147.74510095733174,0.0,20.31371731947111,5.218148817026062,1.0,Markdown / clear,315.88
84907,2.5392146649338887,595,354,18,464,PINK YELLOW PATCH CUSHION COVER,2.9,5.79,2.5714285714285716,6.529409138401428,942.4705908615986,0.0,20.31371731947111,29.290552321985913,1.0,Markdown / clear,1725.5
84908A,2.5392146649338887,537,266,17,523,PINK 5 PATCH FLOWER CUSHION COVER,2.96,5.91,2.4285714285714284,6.166664186268015,796.833335813732,0.0,20.31371731947111,26.435338818330145,1.0,Markdown / clear,1589.52
84899F,2.5392146649338887,47,75,14,55,YELLOW PURPLE DAISY FELT PURSE KIT,1.25,2.51,2.0,5.078429329867777,116.92157067013223,0.0,20.31371731947111,2.3137074943417444,0.4379024981139148,Healthy,0.0
84908B,2.5392146649338887,658,264,21,636,BLUE 5 PATCH FLOWER CUSHION COVER,2.96,5.91,3.0,7.617643994801666,914.3823560051983,0.0,20.31371731947111,32.39190492078443,1.0,Markdown / clear,1947.68
84910A,2.5392146649338887,500,334,20,478,PINK PAISLEY CUSHION COVER,2.98,5.95,2.857142857142857,7.254899042668254,826.7451009573317,0.0,20.31371731947111,24.613909514273878,1.0,Markdown / clear,1490.0
84912A,2.5392146649338887,0,378,10,293,PINK ROSE WASHBAG,1.68,3.36,1.4285714285714286,3.627449521334127,374.37255047866586,0.0,20.31371731947111,0.0,0.0,Healthy,0.0
84912B,21.34235882170027,6,518,21,439,GREEN ROSE WASHBAG,1.68,3.36,3.0,64.0270764651008,459.9729235348992,0.0,170.73887057360216,0.035141382743383666,0.0,Healthy,0.0
84913A,2.5392146649338887,0,44,9,41,SOFT PINK ROSE TOWEL,1.68,3.36,1.2857142857142858,3.264704569200714,40.73529543079928,0.006456209004895519,20.31371731947111,0.0,0.0,Healthy,0.0
84913B,8.748483929899342,0,81,15,54,MINT GREEN ROSE TOWEL,1.68,3.36,2.142857142857143,18.74675127835573,62.25324872164427,0.0,69.98787143919473,0.0,0.0,Healthy,0.0
84914A,2.5392146649338887,37,0,18,25,PINK ROSE PICNIC RUG,12.98,25.95,2.5714285714285716,6.529409138401428,30.470590861598573,0.0,20.31371731947111,1.821429304056267,0.2738097680187557,Healthy,0.0
84909A,2.5392146649338887,255,0,9,250,PINK PAISLEY QUILT,6.38,12.75,1.2857142857142858,3.264704569200714,251.73529543079928,0.0,20.31371731947111,12.553093852279678,1.0,Markdown / clear,1626.9
84915,3.650692270123807,169,164,8,141,HAND TOWEL PINK FLOWER AND DAISY,2.1,4.21,1.1428571428571428,4.172219737284351,328.82778026271563,0.0,29.205538160990457,5.786573733667116,1.0,Markdown / clear,354.9
84899E,3.1040244695712698,118,41,20,82,YELLOW + BROWN BEAR FELT PURSE KIT,0.62,1.25,2.857142857142857,8.8686413416322,150.1313586583678,0.0,24.832195756570158,4.75189552936652,1.0,Markdown / clear,73.16
84893,2.5392146649338887,23,33,7,25,ANT WHITE IRON BASKET,2.98,5.95,1.0,2.5392146649338887,53.46078533506611,0.0,20.31371731947111,1.1322398376565983,0.04407994588553277,Healthy,0.0
84875D,3.1040244695712698,582,294,13,406,BLUE SQUARE COMPACT MIRROR,0.62,1.25,1.8571428571428572,5.764616872060929,870.235383127939,0.0,24.832195756570158,23.437315238061988,1.0,Markdown / clear,360.84
84876B,13.613286927277883,115,176,9,149,GREEN HEART COMPACT MIRROR,0.62,1.25,1.2857142857142858,17.50279747792871,273.4972025220713,0.0,108.90629541822307,1.055953648578127,0.01865121619270897,Healthy,0.0
84876C,2.5392146649338887,71,0,13,44,SILVER HEART COMPACT MIRROR,1.88,3.75,1.8571428571428572,4.715684377734365,66.28431562226564,0.0,20.31371731947111,3.4951751510268907,0.8317250503422969,Markdown / clear,133.48
84876D,2.5392146649338887,101,145,8,140,BLUE HEART COMPACT MIRROR,1.88,3.75,1.1428571428571428,2.901959617067301,243.0980403829327,0.0,20.31371731947111,4.972009721883324,1.0,Markdown / clear,189.88
84877A,2.5392146649338887,128,71,9,70,PINK ROUND COMPACT MIRROR,1.88,3.75,1.2857142857142858,3.264704569200714,195.73529543079928,0.0,20.31371731947111,6.3011608356541124,1.0,Markdown / clear,240.64
84877B,9.897926359521536,43,114,9,115,GREEN ROUND COMPACT MIRROR,1.64,3.29,1.2857142857142858,12.725905319384832,144.27409468061518,0.0,79.18341087617229,0.5430430379823341,0.0,Healthy,0.0
84898F,2.8154898181844623,3,107,11,57,YELLOW FLOWERS FELT HANDBAG KIT,1.05,2.1,1.5714285714285714,4.424341142861298,105.5756588571387,0.0,22.5239185454757,0.13319174432028832,0.0,Healthy,0.0
84877D,2.5392146649338887,92,60,19,132,BLUE ROUND COMPACT MIRROR,1.68,3.36,2.7142857142857144,6.8921540905348415,145.10784590946517,0.0,20.31371731947111,4.528959350626393,1.0,Markdown / clear,154.56
84880,4.938436184855198,0,306,20,254,WHITE WIRE EGG HOLDER,2.98,5.95,2.857142857142857,14.109817671014852,291.89018232898513,0.0,39.507489478841585,0.0,0.0,Healthy,0.0
84881,2.5392146649338887,44,30,13,34,BLUE WIRE SPIRAL CANDLE HOLDER,3.18,6.35,1.8571428571428572,4.715684377734365,69.28431562226564,0.0,20.31371731947111,2.166024037256101,0.388674679085367,Healthy,0.0
84882,3.213589132020008,15,27,10,25,GREEN WIRE STANDING CANDLE HOLDER,1.88,3.75,1.4285714285714286,4.59084161717144,37.40915838282856,0.0,25.708713056160065,0.5834597775171733,0.0,Healthy,0.0
84884A,3.3726285907061757,0,302,16,241,ANT WHITE WIRE HEART SPIRAL,1.98,3.95,2.2857142857142856,7.708865350185544,294.29113464981447,0.0,26.981028725649406,0.0,0.0,Healthy,0.0
84886,2.5392146649338887,38,0,20,30,BLUE METAL WALL SHELF,4.97,9.95,2.857142857142857,7.254899042668254,30.745100957331747,0.0,20.31371731947111,1.8706571230848148,0.2902190410282716,Healthy,0.0
84891B,2.5392146649338887,60,0,14,39,GREEN WIRE GOBLET CANDLEHOLDER,3.98,7.95,2.0,5.078429329867777,54.921570670132226,0.0,20.31371731947111,2.9536691417128655,0.6512230472376218,Markdown / clear,238.8
84879,657.3053486504033,0,4140,15,3601,ASSORTED COLOUR BIRD ORNAMENT,0.84,1.69,2.142857142857143,1408.5114613937212,2731.488538606279,0.2414638881959792,5258.442789203226,0.0,0.0,Healthy,0.0
84916,2.5392146649338887,122,180,8,108,HAND TOWEL PALE BLUE W FLOWERS,2.1,4.21,1.1428571428571428,2.901959617067301,299.0980403829327,0.0,20.31371731947111,6.005793921482827,1.0,Markdown / clear,256.2
84917,2.5392146649338887,151,150,19,158,WHITE HAND TOWEL WITH BUTTERFLY,2.1,4.21,2.7142857142857144,6.8921540905348415,294.10784590946514,0.0,20.31371731947111,7.433400673310711,1.0,Markdown / clear,317.1
84918,2.5392146649338887,27,116,7,60,CREAM CUSHION COVER WITH FLOWERS,2.96,5.91,1.0,2.5392146649338887,140.4607853350661,0.0,20.31371731947111,1.3291511137707894,0.10971703792359648,Healthy,0.0
84927A,2.8154898181844623,275,167,17,232,WAKE UP COCKEREL TILE HOOK,1.05,2.1,2.4285714285714284,6.83761812987655,435.16238187012345,0.0,22.5239185454757,12.209243229359764,1.0,Markdown / clear,288.75
84927D,2.8154898181844623,1633,892,14,1200,LA PALMIERA TILE HOOK,1.05,2.1,2.0,5.630979636368925,2519.369020363631,0.0,22.5239185454757,72.50070615834362,1.0,Markdown / clear,1714.65
84927E,2.8154898181844623,548,238,15,566,FLOWERS TILE HOOK,1.05,2.1,2.142857142857143,6.033192467538133,779.9668075324619,0.0,22.5239185454757,24.329691962506004,1.0,Markdown / clear,575.4
84927F,19.927686965673733,31,170,11,102,PSYCHEDELIC TILE HOOK,0.62,1.25,1.5714285714285714,31.314936660344436,169.68506333965556,0.0,159.42149572538986,0.1944530745928942,0.0,Healthy,0.0
84929,22.031032784669843,372,1680,20,1154,ASSTD FRUIT+FLOWERS FRIDGE MAGNETS,0.1,0.19,2.857142857142857,62.94580795619955,1989.0541920438004,0.0,176.24826227735875,2.110659107745359,0.3702197025817863,Healthy,0.0
84931A,8.748483929899342,2,85,21,75,PINK SCOTTIE DOG W FLOWER PATTERN,1.27,2.55,3.0,26.245451789698024,60.75454821030198,0.18993935719597366,69.98787143919473,0.02857637986229649,0.0,Healthy,0.0
84926F,26.947162114238314,140,174,14,279,PSYCHEDELIC TILE COASTER,0.62,1.25,2.0,53.89432422847663,260.10567577152335,0.06772159221676222,215.5772969139065,0.649419034398185,0.0,Healthy,0.0
84931B,22.145798343986886,0,53,8,50,BLUE SCOTTIE DOG W FLOWER PATTERN,1.27,2.55,1.1428571428571428,25.309483821699295,27.690516178300705,0.4461896764339859,177.1663867518951,0.0,0.0,Healthy,0.0
84932B,3.1040244695712698,311,172,7,163,SMALL PINK PEONY FOLDING STOOL,0.98,1.95,1.0,3.1040244695712698,479.89597553042876,0.0,24.832195756570158,12.524063640957523,1.0,Markdown / clear,304.78
84932C,3.1040244695712698,155,134,12,155,SMALL ORIENTAL BLUE FOLDING STOOL,0.98,1.95,1.7142857142857142,5.321184804979319,283.67881519502066,0.0,24.832195756570158,6.241896669930598,1.0,Markdown / clear,151.9
84932D,3.1040244695712698,602,189,21,425,SMALL ORIENTAL RED FOLDING STOOL,0.98,1.95,3.0,9.31207340871381,781.6879265912862,0.0,24.832195756570158,24.242721259988517,1.0,Markdown / clear,589.96
84933A,2.8154898181844623,554,0,9,379,LARGE GREEN PEONY FOLDING STOOL,1.05,2.1,1.2857142857142858,3.6199154805228804,550.3800845194771,0.0,22.5239185454757,24.59607545114658,1.0,Markdown / clear,581.7
84933B,2.8154898181844623,802,0,12,556,LARGE PINK PEONY FOLDING STOOL,1.05,2.1,1.7142857142857142,4.826553974030507,797.1734460259695,0.0,22.5239185454757,35.60659298162375,1.0,Markdown / clear,842.1
84933C,2.8154898181844623,800,0,10,465,LARGE BLUE ORIENTAL FOLDING STOOL,1.05,2.1,1.4285714285714286,4.022128311692089,795.9778716883079,0.0,22.5239185454757,35.517798485410225,1.0,Markdown / clear,840.0
84932A,3.1040244695712698,368,166,17,305,SMALL GREEN PEONY FOLDING STOOL,0.98,1.95,2.4285714285714284,7.538345140387369,526.4616548596126,0.0,24.832195756570158,14.81947080344813,1.0,Markdown / clear,360.64
84926E,14.897209581437394,467,709,14,506,FLOWERS TILE COASTER,0.14,0.29,2.0,29.79441916287479,1146.2055808371251,0.0,119.17767665149916,3.9185190810994515,0.9728396936998172,Markdown / clear,65.38
84926D,14.71277721603041,240,261,19,484,LA PALMIERA TILE COASTER,0.42,0.84,2.7142857142857144,39.934681014939684,461.06531898506034,0.04738570457632163,117.70221772824328,2.039043992816889,0.3463479976056297,Healthy,0.0
84926C,4.047265063361509,123,90,9,81,FAIRY CAKES TILE COASTER,0.62,1.25,1.2857142857142858,5.2036265100362264,207.79637348996377,0.0,32.378120506892074,3.7988616409596094,0.9329538803198698,Markdown / clear,76.26
84919,2.5392146649338887,327,219,16,293,BLUE CUSHION COVER WITH FLOWER,3.48,6.95,2.2857142857142856,5.803919234134602,540.1960807658654,0.0,20.31371731947111,16.097496822335117,1.0,Markdown / clear,1137.96
84920,2.5392146649338887,0,79,21,69,PINK FLOWER FABRIC PONY,1.88,3.75,3.0,7.617643994801666,71.38235600519833,0.0,20.31371731947111,0.0,0.0,Healthy,0.0
84921,2.5392146649338887,42,0,16,40,CREAM AND PINK FLOWERS PONY,1.88,3.75,2.2857142857142856,5.803919234134602,36.196080765865396,0.09509798085336507,20.31371731947111,2.067568399199006,0.3558561330663353,Healthy,0.0
84922,2.5392146649338887,968,300,14,727,PINK BUTTERFLY WASHBAG,2.12,4.25,2.0,5.078429329867777,1262.9215706701323,0.0,20.31371731947111,47.65252881963423,1.0,Markdown / clear,2052.16
84923,11.419022855048599,0,57,13,35,PINK BUTTERFLY HANDBAG W BOBBLES,2.06,4.13,1.8571428571428572,21.206756730804543,35.79324326919546,0.0,91.35218284038879,0.0,0.0,Healthy,0.0
84924A,6.4200617044037935,26,71,16,52,WAKE UP COCKEREL CALENDAR SIGN,1.88,3.75,2.2857142857142856,14.674426752922956,82.32557324707705,0.0,51.36049363523035,0.5062256641195032,0.0,Healthy,0.0
84924D,2.5392146649338887,2307,760,15,1597,LA PALMIERA METAL SIGN CALENDAR,1.88,3.75,2.142857142857143,5.44117428200119,3061.558825717999,0.0,20.31371731947111,113.56857849885968,1.0,Markdown / clear,4337.16
84924F,2.5392146649338887,3005,0,14,2610,PSYCHEDELIC METAL SIGN CALENDAR,1.14,2.27,2.0,5.078429329867777,2999.921570670132,0.0,20.31371731947111,147.929596180786,1.0,Markdown / clear,3425.7
84925A,2.5392146649338887,397,163,9,265,WAKE UP COCKEREL WALL THERMOMETER,1.27,2.55,1.2857142857142858,3.264704569200714,556.7352954307993,0.0,20.31371731947111,19.54344415433346,1.0,Markdown / clear,504.19
84925C,2.527455328645957,73,0,16,61,FAIRY CAKES  WALL THERMOMETER,1.27,2.55,2.2857142857142856,5.777040751190758,67.22295924880925,0.0,20.219642629167655,3.6103506545014072,0.8701168848338025,Markdown / clear,92.71
84925D,2.5392146649338887,764,272,18,699,LA PALMIERA WALL THERMOMETER,1.27,2.55,2.5714285714285716,6.529409138401428,1029.4705908615986,0.0,20.31371731947111,37.61005373781049,1.0,Markdown / clear,970.28
84925E,2.5392146649338887,1049,0,17,702,FLOWERS WALL THERMOMETER,1.27,2.55,2.4285714285714284,6.166664186268015,1042.833335813732,0.0,20.31371731947111,51.639982160946595,1.0,Markdown / clear,1332.23
84925F,2.5392146649338887,348,338,8,418,PSYCHEDELIC WALL THERMOMETER,1.27,2.55,1.1428571428571428,2.901959617067301,683.0980403829327,0.0,20.31371731947111,17.13128102193462,1.0,Markdown / clear,441.96
84926A,34.064380619170706,81,392,17,331,WAKE UP COCKEREL TILE COASTER,0.62,1.25,2.4285714285714284,82.72778150370029,390.27221849629973,0.0,272.51504495336565,0.2972312960330729,0.0,Healthy,0.0
84926B,3.1040244695712698,192,0,17,159,SCOTTS ROSES TILE COASTER,0.62,1.25,2.4285714285714284,7.538345140387369,184.46165485961262,0.0,24.832195756570158,7.731897810494677,1.0,Markdown / clear,119.04
84875B,15.385433332704384,501,240,15,415,GREEN SQUARE COMPACT MIRROR,0.62,1.25,2.142857142857143,32.968785712937965,708.0312142870621,0.0,123.08346666163507,4.070408590109698,1.0,Markdown / clear,310.62
84934,4.047265063361509,1623,0,17,1469,ASSTD DESIGN POP ART SLIM PEN,0.47,0.85,2.4285714285714284,9.829072296735093,1613.1709277032649,0.0,32.378120506892074,50.12644262827192,1.0,Markdown / clear,762.81
84875A,2.5392146649338887,22,0,10,17,PINK SQUARE COMPACT MIRROR,1.88,3.75,1.4285714285714286,3.627449521334127,18.37255047866587,0.0,20.31371731947111,1.0830120186280505,0.02767067287601684,Healthy,0.0
84873A,2.5392146649338887,126,100,7,69,FUNKY FLOWER PICNIC BAG FOR 4,5.51,11.02,1.0,2.5392146649338887,223.4607853350661,0.0,20.31371731947111,6.202705197597017,1.0,Markdown / clear,694.26
84816,2.5392146649338887,49,23,17,34,DANISH ROSE BEDSIDE CABINET,19.98,39.95,2.4285714285714284,6.166664186268015,65.83333581373199,0.0,20.31371731947111,2.41216313239884,0.47072104413294663,Healthy,0.0
84817,10.422789951455774,113,489,9,285,DANISH ROSE DECORATIVE PLATE,1.05,2.1,1.2857142857142858,13.400729937585997,588.599270062414,0.0,83.3823196116462,1.3552033635703393,0.1184011211901131,Healthy,0.0
84818,2.5392146649338887,0,388,20,338,DANISH ROSE PHOTO FRAME,1.25,2.51,2.857142857142857,7.254899042668254,380.7451009573318,0.0,20.31371731947111,0.0,0.0,Healthy,0.0
84819,27.22125546057051,0,294,10,275,DANISH ROSE ROUND SEWING BOX,2.12,4.25,1.4285714285714286,38.887507800815015,255.112492199185,0.0723182101847818,217.7700436845641,0.0,0.0,Healthy,0.0
84820,2.81727834435152,152,114,19,221,DANISH ROSE TRINKET TRAYS,2.98,5.95,2.7142857142857144,7.646898363239841,258.3531016367602,0.0,22.53822675481216,6.744097557166795,1.0,Markdown / clear,452.96
84821,9.879368772547982,108,606,16,488,DANISH ROSE DELUXE COASTER,0.42,0.85,2.2857142857142856,22.58141433725253,691.4185856627474,0.0,79.03495018038386,1.3664840650055239,0.12216135500184129,Healthy,0.0
84815,2.5392146649338887,1288,911,15,1032,SET OF 3 DANISH ROSE PLANTERS,2.12,4.25,2.142857142857143,5.44117428200119,2193.558825717999,0.0,20.31371731947111,63.40543090876951,1.0,Markdown / clear,2730.56
84823,2.5392146649338887,198,106,9,107,DANISH ROSE FOLDING CHAIR,3.98,7.95,1.2857142857142858,3.264704569200714,300.7352954307993,0.0,20.31371731947111,9.747108167652456,1.0,Markdown / clear,788.04
84826,5.378814799227114,66,572,9,584,ASSTD DESIGN 3D PAPER STICKERS,0.47,0.85,1.2857142857142858,6.915619027577718,631.0843809724223,0.0,43.03051839381691,1.5337951403691104,0.17793171345637013,Healthy,0.0
84827,4.991963752629433,907,580,15,801,ASS DES PHONE SPONGE CRAFT STICKER,0.36,0.65,2.142857142857143,10.697065184205927,1476.302934815794,0.0,39.93571002103546,22.711503051335587,1.0,Markdown / clear,326.52
84828,25.896407519773774,0,351,21,312,JUNGLE POPSICLES ICE LOLLY HOLDERS,0.62,1.25,3.0,77.68922255932132,273.3107774406787,0.1240039184593632,207.1712601581902,0.0,0.0,Healthy,0.0
84830,2.5392146649338887,733,0,21,619,LARGE ENGLISH ARBORETUM,8.48,16.95,3.0,7.617643994801666,725.3823560051983,0.0,20.31371731947111,36.083991347925505,1.0,Markdown / clear,6215.84
84832,121.87238314048247,0,589,20,554,ZINC WILLIE WINKIE  CANDLE STICK,0.42,0.85,2.857142857142857,348.20680897280704,240.79319102719296,0.5653552508534423,974.9790651238598,0.0,0.0,Reorder now,295.98
84836,112.65543662617831,0,1066,14,859,ZINC METAL HEART DECORATION,0.62,1.25,2.0,225.31087325235663,840.6891267476434,0.02131649971170735,901.2434930094265,0.0,0.0,Healthy,0.0
84824,2.5392146649338887,26,18,17,27,DANISH ROSE UMBRELLA STAND,7.98,15.95,2.4285714285714284,6.166664186268015,37.833335813731985,0.0,20.31371731947111,1.2799232947422416,0.09330776491408055,Healthy,0.0
84837,2.5392146649338887,0,67,15,50,WHITE SWEETHEARTS CABINET 4 DRAWERS,6.38,12.75,2.142857142857143,5.44117428200119,61.55882571799881,0.0,20.31371731947111,0.0,0.0,Healthy,0.0
84813,4.118800840000022,0,178,15,138,SET OF 4 DIAMOND NAPKIN RINGS,6.38,12.75,2.142857142857143,8.826001800000046,169.17399819999994,0.0,32.950406720000174,0.0,0.0,Healthy,0.0
84801B,2.8154898181844623,362,180,10,208,WHITE HYDRANGEA ART FLOWER,1.05,2.1,1.4285714285714286,4.022128311692089,537.9778716883079,0.0,22.5239185454757,16.071803814648128,1.0,Markdown / clear,380.1
84802A,3.1040244695712698,175,109,13,141,WHITE ANEMONE ARTIFICIAL FLOWER,0.84,1.69,1.8571428571428572,5.764616872060929,278.2353831279391,0.0,24.832195756570158,7.047302691857127,1.0,Markdown / clear,147.0
84802B,3.1040244695712698,1018,369,17,718,PURPLE ANEMONE ARTIFICIAL FLOWER,0.84,1.69,2.4285714285714284,7.538345140387369,1379.4616548596127,0.0,24.832195756570158,40.995166516060316,1.0,Markdown / clear,855.12
84803A,3.1040244695712698,215,103,13,126,PINK ALLIUM  ARTIFICIAL FLOWER,0.84,1.69,1.8571428571428572,5.764616872060929,312.2353831279391,0.0,24.832195756570158,8.658114735710184,1.0,Markdown / clear,180.6
84803B,3.1040244695712698,91,0,12,72,WHITE ALLIUM  ARTIFICIAL FLOWER,0.84,1.69,1.7142857142857142,5.321184804979319,85.67881519502068,0.0,24.832195756570158,3.664597399765706,0.8881991332552354,Markdown / clear,76.44
84804A,2.5392146649338887,385,203,8,208,CREAM DELPHINIUM ARTIFICIAL FLOWER,1.48,2.95,1.1428571428571428,2.901959617067301,585.0980403829327,0.0,20.31371731947111,18.952710325990886,1.0,Markdown / clear,569.8
84804B,2.5392146649338887,636,268,13,413,BLUE DELPHINIUM ARTIFICIAL FLOWER,1.48,2.95,1.8571428571428572,4.715684377734365,899.2843156222656,0.0,20.31371731947111,31.308892902156373,1.0,Markdown / clear,941.28
84805B,2.5392146649338887,1122,0,16,897,BLUE CLIMBING HYDRANGA ART FLOWER,1.48,2.95,2.2857142857142856,5.803919234134602,1116.1960807658654,0.0,20.31371731947111,55.23361295003058,1.0,Markdown / clear,1660.56
84806A,3.1040244695712698,515,0,20,490,PINK CANDYSTUFT ARTIFICIAL FLOWER,0.72,1.45,2.857142857142857,8.8686413416322,506.1313586583678,0.0,24.832195756570158,20.739205064608118,1.0,Markdown / clear,370.8
84806B,6.066346810436389,141,199,8,171,WHITE CANDYSTUFT ARTIFICIAL FLOWER,0.72,1.45,1.1428571428571428,6.932967783355873,333.0670322166441,0.0,48.530774483491115,2.9053729618093045,0.6351243206031015,Markdown / clear,101.52
84807,3.1040244695712698,903,0,7,499,RED POPPY ARTIFICIAL FLOWER,0.84,1.69,1.0,3.1040244695712698,899.8959755304287,0.0,24.832195756570158,36.36408188998278,1.0,Markdown / clear,758.52
84809A,2.8154898181844623,462,203,15,323,WHITE CHRYSANTHEMUMS ART FLOWER,1.05,2.1,2.142857142857143,6.033192467538133,658.9668075324619,0.0,22.5239185454757,20.511528625324402,1.0,Markdown / clear,485.1
84809B,2.8154898181844623,1075,0,9,761,PINK CHRYSANTHEMUMS ART FLOWER,1.05,2.1,1.2857142857142858,3.6199154805228804,1071.3800845194771,0.0,22.5239185454757,47.72704171476999,1.0,Markdown / clear,1128.75
84805A,6.371539075605975,699,0,19,577,CREAM CLIMBING HYDRANGA ART FLOWER,1.88,3.75,2.7142857142857144,17.294177490930505,681.7058225090695,0.0,50.9723126048478,13.713327182520663,1.0,Markdown / clear,1314.12
84838,2.5392146649338887,546,0,11,318,ANT WHITE HIGH RISE BIRD BOX,4.25,8.5,1.5714285714285714,3.990194473467539,542.0098055265324,0.0,20.31371731947111,26.878389189587075,1.0,Markdown / clear,2320.5
84839,2.5392146649338887,0,436,20,325,SWEETHEART KEY CABINET,3.38,6.75,2.857142857142857,7.254899042668254,428.7451009573318,0.0,20.31371731947111,0.0,0.0,Healthy,0.0
84840,2.5392146649338887,0,83,14,54,SWEETHEART CARRY-ALL BASKET,4.25,8.5,2.0,5.078429329867777,77.92157067013223,0.0,20.31371731947111,0.0,0.0,Healthy,0.0
84858C,2.5392146649338887,609,194,18,436,PINK RIVIERA HANDBAG,2.98,5.95,2.5714285714285716,6.529409138401428,796.4705908615986,0.0,20.31371731947111,29.979741788385585,1.0,Markdown / clear,1814.82
84859A,11.891448273162826,74,160,14,129,SILVER DISCO HANDBAG,0.98,1.95,2.0,23.782896546325652,210.21710345367435,0.0,95.13158618530261,0.7778699269857507,0.0,Healthy,0.0
84859B,3.6021602796645866,809,239,19,632,BLUE DISCO HANDBAG,0.98,1.95,2.7142857142857144,9.777292187661022,1038.222707812339,0.0,28.817282237316693,28.07343153798148,1.0,Markdown / clear,792.82
84859C,6.812519059730236,203,206,10,179,PINK DISCO HANDBAG,0.98,1.95,1.4285714285714286,9.732170085328908,399.2678299146711,0.0,54.50015247784189,3.724760221222017,0.9082534070740057,Markdown / clear,198.94
84864A,2.5392146649338887,54,0,17,36,PINK PAISLEY PHOTO ALBUM,3.38,6.75,2.4285714285714284,6.166664186268015,47.833335813731985,0.0,20.31371731947111,2.658302227541579,0.5527674091805262,Markdown / clear,182.52
84865,2.5392146649338887,11,31,7,20,NEW BAROQUE BLACK PHOTO ALBUM,4.25,8.5,1.0,2.5392146649338887,39.46078533506611,0.0,20.31371731947111,0.5415060093140253,0.0,Healthy,0.0
84858B,3.1040244695712698,1508,0,16,1041,BLUE RIVIERA HANDBAG,0.62,1.25,2.2857142857142856,7.094913073305759,1500.9050869266941,0.0,24.832195756570158,60.72761405326027,1.0,Markdown / clear,934.96
84867A,2.5392146649338887,102,0,8,59,PINK BABY GIRLS PHOTO ALBUM,3.48,6.95,1.1428571428571428,2.901959617067301,99.0980403829327,0.0,20.31371731947111,5.021237540911871,1.0,Markdown / clear,354.96
84868B,2.5392146649338887,36,0,16,23,BLUE BABY BOY'S MEMORY BOX,3.48,6.95,2.2857142857142856,5.803919234134602,30.196080765865396,0.0,20.31371731947111,1.7722014850277192,0.2574004950092397,Healthy,0.0
84869,2.5392146649338887,422,181,16,338,CANDY BUTTON PHOTO ALBUM,2.98,5.95,2.2857142857142856,5.803919234134602,597.1960807658654,0.0,20.31371731947111,20.774139630047152,1.0,Markdown / clear,1257.56
84870B,2.5392146649338887,35,36,17,55,BLUE GEISHA GIRL,1.88,3.75,2.4285714285714284,6.166664186268015,64.83333581373199,0.0,20.31371731947111,1.7229736659991715,0.2409912219997238,Healthy,0.0
84870C,2.5392146649338887,20,36,10,37,GREEN GEISHA GIRL,1.88,3.75,1.4285714285714286,3.627449521334127,52.37255047866587,0.0,20.31371731947111,0.9845563805709551,0.0,Healthy,0.0
84872A,2.5392146649338887,0,42,9,36,TEATIME FUNKY FLOWER BACKPACK FOR 2,5.51,11.02,1.2857142857142858,3.264704569200714,38.73529543079928,0.0,20.31371731947111,0.0,0.0,Healthy,0.0
84867B,2.5392146649338887,64,0,19,38,BLUE BABY BOY'S PHOTO ALBUM,6.78,13.57,2.7142857142857144,6.8921540905348415,57.107845909465155,0.0,20.31371731947111,3.1505804178270562,0.7168601392756854,Markdown / clear,433.92
84858A,2.5392146649338887,239,0,16,198,NATURAL RIVIERA HANDBAG,2.98,5.95,2.2857142857142856,5.803919234134602,233.1960807658654,0.0,20.31371731947111,11.765448747822914,1.0,Markdown / clear,712.22
84857C,3.1040244695712698,382,188,10,207,PINK MONTE CARLO HANDBAG,0.98,1.95,1.4285714285714286,4.4343206708161,565.5656793291839,0.0,24.832195756570158,15.3832550187967,1.0,Markdown / clear,374.36
84842,2.5392146649338887,1879,766,18,1997,HELLO SAILOR BATHROOM SET,1.88,3.75,2.5714285714285716,6.529409138401428,2638.470590861599,0.0,20.31371731947111,92.49907195464124,1.0,Markdown / clear,3532.52
84843,5.281464875123321,0,82,12,61,WHITE SOAP RACK WITH 2 BOTTLES,2.98,5.95,1.7142857142857142,9.053939785925692,72.94606021407431,0.0,42.25171900098657,0.0,0.0,Healthy,0.0
84845C,4.047265063361509,47,0,10,43,CARNATION SQUARE HANDY TIN,0.62,1.25,1.4285714285714286,5.781807233373585,41.218192766626416,0.041437377520315954,32.378120506892074,1.4515975376024524,0.1505325125341508,Healthy,0.0
84845D,4.047265063361509,136,0,18,114,GERANIUM SQUARE HANDY TIN,0.62,1.25,2.5714285714285716,10.407253020072453,125.59274697992754,0.0,32.378120506892074,4.200367342849649,1.0,Markdown / clear,84.32
84846A,6.2229169427465,0,77,7,54,SCENTED CANDLE IN DIGITALIS TIN,1.05,2.1,1.0,6.2229169427465,70.7770830572535,0.0,49.783335541972,0.0,0.0,Healthy,0.0
84847,2.5392146649338887,1040,1183,8,1478,FLORAL BATHROOM SET,1.88,3.75,1.1428571428571428,2.901959617067301,2220.0980403829326,0.0,20.31371731947111,51.196931789689664,1.0,Markdown / clear,1955.2
84849A,4.435574205436875,0,151,12,120,HELLO SAILOR BLUE SOAP HOLDER,0.84,1.69,1.7142857142857142,7.603841495034644,143.39615850496534,0.0,35.484593643495,0.0,0.0,Healthy,0.0
84849B,3.1040244695712698,0,334,14,229,FAIRY SOAP SOAP HOLDER,0.84,1.69,2.0,6.2080489391425395,327.79195106085746,0.0,24.832195756570158,0.0,0.0,Healthy,0.0
84849D,14.30564848141228,0,315,17,239,HOT BATHS SOAP HOLDER,0.84,1.69,2.4285714285714284,34.74228916914411,280.2577108308559,0.0,114.44518785129824,0.0,0.0,Healthy,0.0
84854,2.5392146649338887,0,143,12,98,GIRLY PINK TOOL SET,2.48,4.95,1.7142857142857142,4.352939425600952,138.64706057439903,0.0,20.31371731947111,0.0,0.0,Healthy,0.0
84855,2.5392146649338887,50,0,7,34,BLOKEY SILVER TOOL SET,2.48,4.95,1.0,2.5392146649338887,47.46078533506611,0.0,20.31371731947111,2.4613909514273877,0.4871303171424626,Healthy,0.0
84856L,2.5392146649338887,37,103,11,71,LARGE TAHITI BEACH BAG,2.98,5.95,1.5714285714285714,3.990194473467539,136.00980552653246,0.0,20.31371731947111,1.821429304056267,0.2738097680187557,Healthy,0.0
84856S,2.5392146649338887,509,303,13,444,SMALL TAHITI BEACH BAG,2.33,4.65,1.8571428571428572,4.715684377734365,807.2843156222656,0.0,20.31371731947111,25.05695988553081,1.0,Markdown / clear,1185.97
84857A,2.5392146649338887,89,0,15,53,SILVER MONTE CARLO HANDBAG,4.25,8.5,2.142857142857143,5.44117428200119,83.55882571799881,0.0,20.31371731947111,4.38127589354075,1.0,Markdown / clear,378.25
84874B,3.1040244695712698,62,36,19,67,BLUE TRAVEL FIRST AID KIT,0.82,1.65,2.7142857142857144,8.425209274550589,89.57479072544942,0.0,24.832195756570158,2.496758667972239,0.4989195559907464,Healthy,0.0
84937,2.8154898181844623,0,956,13,901,KASHMIR FOLKART TUMBLERS,1.05,2.1,1.8571428571428572,5.228766805199716,950.7712331948003,0.0,22.5239185454757,0.0,0.0,Healthy,0.0
84942,3.1040244695712698,27,0,15,15,KASHMIR FOLKART HEART DISHES,0.84,1.69,2.142857142857143,6.65148100622415,20.34851899377585,0.0,24.832195756570158,1.087298129600814,0.029099376533604653,Healthy,0.0
84944,5.00340119570569,0,433,21,303,SET OF 6 KASHMIR FOLKART BAUBLES,2.12,4.25,3.0,15.01020358711707,417.9897964128829,0.0,40.02720956564552,0.0,0.0,Healthy,0.0
85028S,3.482455258724127,341,212,12,343,FRENCH CHATEAU SMALL FRUITBOWL,1.12,2.25,1.7142857142857142,5.969923300669931,547.03007669933,0.0,27.859642069793015,12.239927531938083,1.0,Markdown / clear,381.92
85030,2.5392146649338887,258,132,13,202,FRENCH CHATEAU OVAL PLATTER,3.98,7.95,1.8571428571428572,4.715684377734365,385.28431562226564,0.0,20.31371731947111,12.700777309365321,1.0,Markdown / clear,1026.84
85031A,2.5392146649338887,0,226,11,145,ROMANTIC IMAGES SCRAP BOOK SET,1.68,3.36,1.5714285714285714,3.990194473467539,222.00980552653246,0.0,20.31371731947111,0.0,0.0,Healthy,0.0
85031B,2.5392146649338887,12,218,12,185,BLOSSOM IMAGES SCRAP BOOK SET,1.68,3.36,1.7142857142857142,4.352939425600952,225.64706057439903,0.0,20.31371731947111,0.590733828342573,0.0,Healthy,0.0
85031C,2.5392146649338887,97,285,18,208,CURIOUS IMAGES SCRAP BOOK SET,1.68,3.36,2.5714285714285716,6.529409138401428,375.47059086159857,0.0,20.31371731947111,4.775098445769133,1.0,Markdown / clear,162.96
85032A,26.257090058748435,0,480,19,422,ROMANTIC IMAGES GIFT WRAP SET,0.36,0.65,2.7142857142857144,71.26924444517432,408.7307555548257,0.03144370721605283,210.05672046998748,0.0,0.0,Healthy,0.0
85028L,2.527455328645957,334,174,10,267,FRENCH CHATEAU LARGE FRUIT BOWL,3.98,7.95,1.4285714285714286,3.610650469494224,504.3893495305058,0.0,20.219642629167655,16.51859066580096,1.0,Markdown / clear,1329.32
85032B,23.33823284070305,0,184,7,129,BLOSSOM IMAGES GIFT WRAP SET,0.36,0.65,1.0,23.33823284070305,160.66176715929694,0.0,186.7058627256244,0.0,0.0,Healthy,0.0
85032D,4.047265063361509,0,367,19,352,YULETIDE IMAGES GIFT WRAP SET,0.9,1.63,2.7142857142857144,10.98543374340981,356.0145662565902,0.0,32.378120506892074,0.0,0.0,Healthy,0.0
85033G,3.1040244695712698,366,0,14,336,SET/6 GOLD REINDEER T-LIGHT CANDLES,0.88,1.95,2.0,6.2080489391425395,359.79195106085746,0.0,24.832195756570158,14.738930201255476,1.0,Markdown / clear,322.08
85033S,3.1040244695712698,139,128,10,144,SET/6 SILVER REINDEER T-LIGHTS,0.29,0.65,1.4285714285714286,4.4343206708161,262.5656793291839,0.0,24.832195756570158,5.597571852389375,1.0,Markdown / clear,40.31
85034A,22.409892594403864,0,247,15,214,3 GARDENIA MORRIS BOXED CANDLES,2.12,4.25,2.142857142857143,48.02119841657971,198.9788015834203,0.07019251596532572,179.2791407552309,0.0,0.0,Healthy,0.0
85034B,63.38253917636671,0,198,9,179,3 WHITE CHOC MORRIS BOXED CANDLES,1.64,3.29,1.2857142857142858,81.49183608390007,116.50816391609993,0.3491164027033523,507.0603134109337,0.0,0.0,Healthy,0.0
85034C,78.9516283895589,0,163,7,155,3 ROSE MORRIS BOXED CANDLES,0.62,1.25,1.0,78.9516283895589,84.0483716104411,0.45775244122296066,631.6130271164712,0.0,0.0,Healthy,0.0
85032C,19.329550053912808,0,185,12,181,CURIOUS IMAGES GIFT WRAP SET,0.9,1.63,1.7142857142857142,33.136371520993386,151.86362847900662,0.16097442829278108,154.63640043130246,0.0,0.0,Healthy,0.0
85035A,8.00916250398026,0,132,16,118,GARDENIA 3 WICK MORRIS BOXED CANDLE,2.12,4.25,2.2857142857142856,18.30665715195488,113.69334284804512,0.03649709450809224,64.07330003184208,0.0,0.0,Healthy,0.0
85027L,3.1040244695712698,83,76,13,108,FRENCH CHATEAU LARGE PLATTER,0.98,1.95,1.8571428571428572,5.764616872060929,153.23538312793906,0.0,24.832195756570158,3.3424349909950943,0.7808116636650314,Markdown / clear,81.34
85025C,3.1040244695712698,0,196,13,180,PINK HEART SHAPE PHOTO FRAME,0.82,1.65,1.8571428571428572,5.764616872060929,190.23538312793906,0.0,24.832195756570158,0.0,0.0,Healthy,0.0
85018B,2.527455328645957,40,0,15,33,S/6 PAPER BOXES BLOSSOM IMAGES,2.34,4.25,2.142857142857143,5.415975704241336,34.58402429575867,0.0,20.219642629167655,1.978274331233648,0.3260914437445493,Healthy,0.0
85018C,2.527455328645957,306,0,14,213,S/6 PAPER BOXES CURIOUS IMAGES,2.34,4.25,2.0,5.054910657291914,300.94508934270806,0.0,20.219642629167655,15.133798633937406,1.0,Markdown / clear,716.04
85018D,2.527455328645957,217,489,11,294,YULETIDE IMAGES S/6 PAPER BOXES,1.4,2.55,1.5714285714285714,3.9717155164436466,702.0282844835564,0.0,20.219642629167655,10.73213824694254,1.0,Markdown / clear,303.8
85019A,14.882879555761264,236,395,11,273,ROMANTIC IMAGES NOTEBOOK SET,0.69,1.25,1.5714285714285714,23.387382159053413,607.6126178409465,0.0,119.06303644609011,1.9821433002580706,0.32738110008602356,Healthy,0.0
85019B,24.08664505390677,91,476,13,348,BLOSSOM  IMAGES NOTEBOOK SET,0.69,1.25,1.8571428571428572,44.73234081439829,522.2676591856017,0.0,192.69316043125417,0.4722533991156653,0.0,Healthy,0.0
85019C,2.527455328645957,353,241,7,250,CURIOUS  IMAGES NOTEBOOK SET,2.34,4.25,1.0,2.527455328645957,591.4725446713541,0.0,20.219642629167655,17.45827097313694,1.0,Markdown / clear,826.02
85026B,6.066346810436389,173,155,7,171,EAU DE NILE JEWELLED T-LIGHT HOLDER,0.42,0.85,1.0,6.066346810436389,321.9336531895636,0.0,48.530774483491115,3.564748385766026,0.8549161285886754,Markdown / clear,72.66
85020,3.202340864782143,62,124,17,118,ROUND PINK HEART MIRROR,1.05,2.1,2.4285714285714284,7.777113528756633,178.22288647124336,0.0,25.618726918257146,2.4201046444589642,0.47336821481965474,Healthy,0.0
85023B,5.00340119570569,107,114,11,175,EAU DE NILE JEWELLED PHOTOFRAME,1.27,2.55,1.5714285714285714,7.862487593251799,213.13751240674821,0.0,40.02720956564552,2.673181597246183,0.557727199082061,Markdown / clear,135.89
85023C,2.5392146649338887,44,0,12,34,PINK LARGE JEWELED PHOTOFRAME,1.27,2.55,1.7142857142857142,4.352939425600952,39.64706057439905,0.0,20.31371731947111,2.166024037256101,0.388674679085367,Healthy,0.0
85024B,4.435574205436875,521,203,16,383,EAU DE NILE JEWELLED PHOTOFRAME,0.82,1.65,2.2857142857142856,10.138455326712858,713.8615446732872,0.0,35.484593643495,14.682428245744028,1.0,Markdown / clear,427.22
85024C,3.4908755161689506,33,38,18,59,PINK SMALL JEWELLED PHOTOFRAME,0.82,1.65,2.5714285714285716,8.976537041577302,62.0234629584227,0.0,27.927004129351605,1.18165198985009,0.0605506632833633,Healthy,0.0
85025B,13.617827612912928,0,219,8,127,EAU DE NILE HEART SHAPE PHOTO FRAME,0.82,1.65,1.1428571428571428,15.563231557614774,203.43676844238522,0.0,108.94262090330342,0.0,0.0,Healthy,0.0
85023A,2.5392146649338887,63,0,16,51,CRYSTAL LARGE JEWELLED PHOTO FRAME,1.27,2.55,2.2857142857142856,5.803919234134602,57.196080765865396,0.0,20.31371731947111,3.1013525987985084,0.7004508662661695,Markdown / clear,80.01
85035B,5.00340119570569,101,452,14,326,CHOCOLATE 3 WICK MORRIS BOX CANDLE,2.12,4.25,2.0,10.00680239141138,542.9931976085886,0.0,40.02720956564552,2.523283563755743,0.507761187918581,Markdown / clear,214.12
85035C,32.600903524789885,0,416,18,407,ROSE 3 WICK MORRIS BOX CANDLE,2.12,4.25,2.5714285714285716,83.83089477803114,332.16910522196883,0.18385969232931487,260.8072281983191,0.0,0.0,Healthy,0.0
85036A,5.00340119570569,0,134,12,88,GARDENIA 1 WICK MORRIS BOXED CANDLE,2.12,4.25,1.7142857142857142,8.577259192638325,125.42274080736168,0.0,40.02720956564552,0.0,0.0,Healthy,0.0
85049E,80.51905866799196,0,484,16,410,SCANDINAVIAN REDS RIBBONS,0.69,1.25,2.2857142857142856,184.0435626696959,299.9564373303041,0.26839893334072173,644.1524693439356,0.0,0.0,Healthy,0.0
85049F,4.047265063361509,0,297,11,177,BABY BOOM RIBBONS,0.69,1.25,1.5714285714285714,6.359987956710943,290.64001204328906,0.0,32.378120506892074,0.0,0.0,Healthy,0.0
85049G,50.979807632560046,0,536,20,382,CHOCOLATE BOX RIBBONS,0.69,1.25,2.857142857142857,145.65659323588585,390.34340676411415,0.0,407.83846106048037,0.0,0.0,Healthy,0.0
85049H,34.210534119813104,0,374,21,283,URBAN BLACK RIBBONS,0.69,1.25,3.0,102.63160235943931,271.3683976405607,0.04110106840791261,273.68427295850483,0.0,0.0,Healthy,0.0
85053,73.4036009321259,0,246,18,242,FRENCH ENAMEL CANDLEHOLDER,1.05,2.1,2.5714285714285716,188.75211668260945,57.247883317390546,0.7634384986884688,587.2288074570072,0.0,0.0,Reorder now,396.38
85049D,4.047265063361509,0,257,14,208,BRIGHT BLUES RIBBONS,0.69,1.25,2.0,8.094530126723019,248.90546987327699,0.0,32.378120506892074,0.0,0.0,Healthy,0.0
85054,9.223551892435415,0,75,7,65,FRENCH ENAMEL POT W LID,1.48,2.95,1.0,9.223551892435415,65.77644810756459,0.0,73.78841513948332,0.0,0.0,Healthy,0.0
85059,10.688553386222708,0,126,13,83,FRENCH ENAMEL WATER BASIN,1.88,3.75,1.8571428571428572,19.8501705744136,106.1498294255864,0.0,85.50842708978166,0.0,0.0,Healthy,0.0
85060,3.1040244695712698,341,760,21,722,WOOD FAN WITH FLOWER DESIGN,0.62,1.25,3.0,9.31207340871381,1091.6879265912862,0.0,24.832195756570158,13.732172673847316,1.0,Markdown / clear,211.42
85061W,50.23968690549764,0,585,15,578,WHITE JEWELLED HEART DECORATION,0.42,0.85,2.142857142857143,107.65647194035209,477.3435280596479,0.17414614522552263,401.91749524398114,0.0,0.0,Healthy,0.0
85062,27.864845252558,0,365,15,357,PEARL CRYSTAL PUMPKIN T-LIGHT HLDR,0.82,1.65,2.142857142857143,59.71038268405285,305.28961731594717,0.14484701031947567,222.918762020464,0.0,0.0,Healthy,0.0
85063,2.5392146649338887,0,35,9,33,CREAM SWEETHEART MAGAZINE RACK,8.48,16.95,1.2857142857142858,3.264704569200714,31.735295430799287,0.03832438088487011,20.31371731947111,0.0,0.0,Healthy,0.0
85064,4.938844620338344,0,636,18,488,CREAM SWEETHEART LETTER RACK,2.72,5.45,2.5714285714285716,12.699886166584314,623.3001138334157,0.0,39.51075696270675,0.0,0.0,Healthy,0.0
85055,2.5392146649338887,0,125,12,71,FRENCH ENAMEL UTENSIL HOLDER,1.88,3.75,1.7142857142857142,4.352939425600952,120.64706057439905,0.0,20.31371731947111,0.0,0.0,Healthy,0.0
85049C,32.35091265323181,0,262,18,237,ROMANTIC PINKS RIBBONS,0.69,1.25,2.5714285714285716,83.18806110831038,178.81193889168964,0.24551924518274415,258.8073012258545,0.0,0.0,Healthy,0.0
85049B,4.047265063361509,0,292,18,279,LUSH GREENS RIBBONS,0.69,1.25,2.5714285714285716,10.407253020072453,281.59274697992754,0.0,32.378120506892074,0.0,0.0,Healthy,0.0
85049A,169.89000642984965,0,727,11,443,TRADITIONAL CHRISTMAS RIBBONS,0.56,1.25,1.5714285714285714,266.97001010404944,460.02998989595056,0.0,1359.1200514387972,0.0,0.0,Healthy,0.0
85036B,13.806325326682098,14,358,19,257,CHOCOLATE 1 WICK MORRIS BOX CANDLE,2.12,4.25,2.7142857142857144,37.47431160099427,334.52568839900573,0.0,110.45060261345678,0.12675349585004714,0.0,Healthy,0.0
85036C,43.01170646454658,18,301,13,254,ROSE 1 WICK MORRIS BOXED CANDLE,2.12,4.25,1.8571428571428572,79.87888343415793,239.12111656584207,0.05857828123684228,344.0936517163726,0.0523113399803055,0.0,Healthy,0.0
85038,53.66425918709499,0,512,18,355,6 CHOCOLATE LOVE HEART T-LIGHTS,1.05,2.1,2.5714285714285716,137.99380933824426,374.00619066175574,0.0,429.31407349675993,0.0,0.0,Healthy,0.0
85039A,21.445924377085205,0,237,8,132,SET/4 RED MINI ROSE CANDLE IN BOWL,0.82,1.65,1.1428571428571428,24.50962785952595,212.49037214047405,0.0,171.56739501668164,0.0,0.0,Healthy,0.0
85039B,19.345253181718828,0,251,8,147,S/4 IVORY MINI ROSE CANDLE IN BOWL,0.82,1.65,1.1428571428571428,22.108860779107232,228.89113922089277,0.0,154.76202545375062,0.0,0.0,Healthy,0.0
85039C,7.294436090248829,0,202,18,184,S/4 BLACK MINI ROSE CANDLE IN BOWL,0.82,1.65,2.5714285714285716,18.75712137492556,183.24287862507444,0.004114790081117148,58.35548872199063,0.0,0.0,Healthy,0.0
85040A,27.090633287385003,0,205,19,199,S/4 PINK FLOWER CANDLES IN BOWL,0.82,1.65,2.7142857142857144,73.53171892290216,131.46828107709786,0.3393553714718701,216.72506629908003,0.0,0.0,Healthy,0.0
85040B,4.047265063361509,0,518,21,515,SET/4 BLUE FLOWER CANDLES IN BOWL,0.82,1.65,3.0,12.141795190084528,505.8582048099155,0.017751058621523264,32.378120506892074,0.0,0.0,Healthy,0.0
85041,4.047265063361509,775,432,11,912,SET/4 PINK ORCHID CANDLES IN BOWL,0.82,1.65,1.5714285714285714,6.359987956710943,1200.640012043289,0.0,32.378120506892074,23.93591684344469,1.0,Markdown / clear,635.5
85042,2.5392146649338887,0,288,7,210,ANTIQUE LILY FAIRY LIGHTS,2.48,4.95,1.0,2.5392146649338887,285.46078533506613,0.0,20.31371731947111,0.0,0.0,Healthy,0.0
85043,2.5392146649338887,34,0,21,21,RED HEART CANDY POP LIGHTS,2.48,4.95,3.0,7.617643994801666,26.382356005198332,0.0,20.31371731947111,1.6737458469706237,0.2245819489902079,Healthy,0.0
85044,2.5392146649338887,111,80,16,115,RED REINDEER STRING OF 20 LIGHTS,2.23,4.95,2.2857142857142856,5.803919234134602,185.1960807658654,0.0,20.31371731947111,5.464287912168801,1.0,Markdown / clear,247.53
85045,2.5392146649338887,124,263,10,158,GREEN CHRISTMAS TREE STRING 20LIGHT,2.23,4.95,1.4285714285714286,3.627449521334127,383.37255047866586,0.0,20.31371731947111,6.104249559539921,1.0,Markdown / clear,276.52
85047,2.5392146649338887,0,235,18,192,WHITE BEADED GARLAND STRING 20LIGHT,3.18,6.35,2.5714285714285716,6.529409138401428,228.47059086159857,0.0,20.31371731947111,0.0,0.0,Healthy,0.0
85048,118.05240241199743,0,392,20,383,15CM CHRISTMAS GLASS BALL 20 LIGHTS,3.58,7.95,2.857142857142857,337.2925783199927,54.707421680007315,0.8571607789033752,944.4192192959795,0.0,0.0,Reorder now,2681.48
85018A,2.527455328645957,33,0,13,26,S/6 PAPER BOXES ROMANTIC IMAGES,2.34,4.25,1.8571428571428572,4.693845610342492,28.306154389657507,0.0,20.219642629167655,1.6320763232677595,0.21069210775591984,Healthy,0.0
85017C,4.047265063361509,13,503,17,427,ENVELOPE 50 CURIOUS IMAGES,0.46,0.83,2.4285714285714284,9.829072296735093,506.1709277032649,0.0,32.378120506892074,0.40150570189004,0.0,Healthy,0.0
85017B,7.401013011038735,0,397,13,264,ENVELOPE 50 BLOSSOM IMAGES,0.46,0.83,1.8571428571428572,13.744738449071937,383.2552615509281,0.0,59.20810408830988,0.0,0.0,Healthy,0.0
85017A,4.047265063361509,0,271,10,247,ENVELOPE 50 ROMANTIC IMAGES,0.46,0.83,1.4285714285714286,5.781807233373585,265.21819276662643,0.0,32.378120506892074,0.0,0.0,Healthy,0.0
84966B,2.5392146649338887,287,0,17,192,BLUE KASHMIRI BOXED MIRROR,8.0,16.0,2.4285714285714284,6.166664186268015,280.833335813732,0.0,20.31371731947111,14.128384061193206,1.0,Markdown / clear,2296.0
84966C,2.5392146649338887,396,0,16,254,GREEN KASHMIRI BOXED MIRROR,6.0,12.0,2.2857142857142856,5.803919234134602,390.1960807658654,0.0,20.31371731947111,19.494216335304912,1.0,Markdown / clear,2376.0
84967A,2.5392146649338887,33,0,21,21,PINK KASHMIRI OCCASIONAL TABLE,39.98,79.95,3.0,7.617643994801666,25.382356005198332,0.0,20.31371731947111,1.624518027942076,0.20817267598069197,Healthy,0.0
84967B,2.5392146649338887,53,0,15,43,BLUE KASHMIRI OCCASIONAL TABLE,39.98,79.95,2.142857142857143,5.44117428200119,47.55882571799881,0.0,20.31371731947111,2.609074408513031,0.5363581361710104,Markdown / clear,2118.94
84967C,2.5392146649338887,55,0,9,33,GREEN KASHMIRI OCCASIONAL TABLE,39.98,79.95,1.2857142857142858,3.264704569200714,51.73529543079928,0.0,20.31371731947111,2.7075300465701266,0.5691766821900422,Markdown / clear,2198.9
84968A,5.00340119570569,0,102,13,71,SET OF 16 VINTAGE ROSE CUTLERY,6.38,12.75,1.8571428571428572,9.292030792024853,92.70796920797514,0.0,40.02720956564552,0.0,0.0,Healthy,0.0
84966A,2.5392146649338887,81,0,8,41,PINK KASHMIRI BOXED MIRROR,10.0,20.0,1.1428571428571428,2.901959617067301,78.0980403829327,0.0,20.31371731947111,3.987453341312368,0.9958177804374561,Markdown / clear,810.0
84968B,2.5392146649338887,0,128,8,64,S/16 VINTAGE IVORY CUTLERY,6.38,12.75,1.1428571428571428,2.901959617067301,125.0980403829327,0.0,20.31371731947111,0.0,0.0,Healthy,0.0
84968D,2.5392146649338887,14,200,17,185,SET OF 16 VINTAGE RED CUTLERY,6.38,12.75,2.4285714285714284,6.166664186268015,207.833335813732,0.0,20.31371731947111,0.6891894663996686,0.0,Healthy,0.0
84968E,2.5392146649338887,36,216,19,155,SET OF 16 VINTAGE BLACK CUTLERY,6.38,12.75,2.7142857142857144,6.8921540905348415,245.10784590946517,0.0,20.31371731947111,1.7722014850277192,0.2574004950092397,Healthy,0.0
84968F,2.5392146649338887,0,87,12,57,SET OF 16 VINTAGE SKY BLUE CUTLERY,6.38,12.75,1.7142857142857142,4.352939425600952,82.64706057439905,0.0,20.31371731947111,0.0,0.0,Healthy,0.0
84969,21.96462784412088,0,119,11,63,BOX OF 6 ASSORTED COLOUR TEASPOONS,2.12,4.25,1.5714285714285714,34.515843755047094,84.48415624495291,0.0,175.71702275296704,0.0,0.0,Healthy,0.0
84970L,104.78519353338316,0,1040,8,532,SINGLE HEART ZINC T-LIGHT HOLDER,0.48,0.95,1.1428571428571428,119.75450689529504,920.245493104705,0.0,838.2815482670653,0.0,0.0,Healthy,0.0
84970S,126.75411851841956,0,1610,13,1021,HANGING HEART ZINC T-LIGHT HOLDER,0.42,0.85,1.8571428571428572,235.40050581992205,1374.599494180078,0.0,1014.0329481473565,0.0,0.0,Healthy,0.0
84968C,3.3726285907061757,0,153,17,140,SET OF 16 VINTAGE PISTACHIO CUTLERY,6.38,12.75,2.4285714285714284,8.19066943457214,144.80933056542787,0.0,26.981028725649406,0.0,0.0,Healthy,0.0
84965B,2.5392146649338887,172,0,10,104,BLUE KASHMIRI COFFEE TABLE,22.5,45.0,1.4285714285714286,3.627449521334127,168.3725504786659,0.0,20.31371731947111,8.467184872910215,1.0,Markdown / clear,3870.0
84965A,2.5392146649338887,162,0,8,88,PINK KASHMIRI COFFEE TABLE,15.0,30.0,1.1428571428571428,2.901959617067301,159.0980403829327,0.0,20.31371731947111,7.974906682624736,1.0,Markdown / clear,2430.0
84964B,2.5392146649338887,351,0,20,248,BLUE PAINTED KASHMIRI TABLE,22.5,45.0,2.857142857142857,7.254899042668254,343.7451009573318,0.0,20.31371731947111,17.278964479020264,1.0,Markdown / clear,7897.5
84945,383.30229869674645,0,1978,14,1458,MULTI COLOUR SILVER T-LIGHT HOLDER,0.42,0.85,2.0,766.6045973934929,1211.395402606507,0.16913895568826676,3066.4183895739716,0.0,0.0,Healthy,0.0
84946,510.7464078713756,0,1928,18,1744,ANTIQUE SILVER TEA GLASS ETCHED,0.62,1.25,2.5714285714285716,1313.3479059549659,614.6520940450341,0.6475618726805997,4085.9712629710048,0.0,0.0,Reorder now,1641.68
84947,180.98077707552773,0,1209,8,619,ANTIQUE SILVER TEA GLASS ENGRAVED,0.62,1.25,1.1428571428571428,206.83517380060312,1002.1648261993969,0.0,1447.8462166042218,0.0,0.0,Healthy,0.0
84948,3.1040244695712698,148,144,10,136,SILVER HANGING T-LIGHT HOLDER DOME,0.82,1.65,1.4285714285714286,4.4343206708161,287.5656793291839,0.0,24.832195756570158,5.960004562256313,1.0,Markdown / clear,121.36
84949,157.07365786955106,0,1458,21,1024,SILVER HANGING T-LIGHT HOLDER,0.82,1.65,3.0,471.22097360865314,986.7790263913469,0.03634860703970033,1256.5892629564084,0.0,0.0,Healthy,0.0
84950,59.73868240839838,0,1817,19,1425,ASSORTED COLOUR T-LIGHT HOLDER,0.36,0.72,2.7142857142857144,162.14785225136706,1654.852147748633,0.0,477.90945926718706,0.0,0.0,Healthy,0.0
84951A,25.967149509970014,0,175,16,159,SET OF 4 PISTACHIO LOVEBIRD COASTER,0.83,1.66,2.2857142857142856,59.35348459421717,115.64651540578282,0.2726634251208627,207.7371960797601,0.0,0.0,Healthy,0.0
84951B,28.54600191523718,0,216,12,128,SET OF 4 BLACK LOVEBIRD COASTERS,0.83,1.66,1.7142857142857142,48.93600328326374,167.06399671673626,0.0,228.36801532189745,0.0,0.0,Healthy,0.0
84952A,3.3726285907061757,47,74,9,62,CLEAR LOVE BIRD T-LIGHT HOLDER,1.25,2.51,1.2857142857142858,4.336236759479369,116.66376324052064,0.0,26.981028725649406,1.7419647144632273,0.24732157148774245,Healthy,0.0
84952B,2.5392146649338887,261,147,19,335,BLACK LOVE BIRD T-LIGHT HOLDER,1.25,2.51,2.7142857142857144,6.8921540905348415,401.10784590946514,0.0,20.31371731947111,12.848460766450964,1.0,Markdown / clear,326.25
84952C,2.5392146649338887,306,182,18,341,MIRROR LOVE BIRD T-LIGHT HOLDER,1.88,3.75,2.5714285714285716,6.529409138401428,481.47059086159857,0.0,20.31371731947111,15.063712622735613,1.0,Markdown / clear,575.28
84962,2.5392146649338887,38,0,10,19,SET/3 COLOUR PAINTED KASHMIRI STOOL,29.98,59.95,1.4285714285714286,3.627449521334127,34.37255047866587,0.0,20.31371731947111,1.8706571230848148,0.2902190410282716,Healthy,0.0
84963A,2.5392146649338887,71,0,15,54,PINK PAINTED KASHMIRI CHAIR,24.98,49.95,2.142857142857143,5.44117428200119,65.55882571799881,0.0,20.31371731947111,3.4951751510268907,0.8317250503422969,Markdown / clear,1773.58
84963B,2.5392146649338887,93,0,16,66,BLUE PAINTED KASHMIRI CHAIR,24.98,49.95,2.2857142857142856,5.803919234134602,87.1960807658654,0.0,20.31371731947111,4.578187169654941,1.0,Markdown / clear,2323.14
84964A,2.5392146649338887,183,0,14,116,PINK PAINTED KASHMIRI TABLE,22.5,45.0,2.0,5.078429329867777,177.9215706701322,0.0,20.31371731947111,9.00869088222424,1.0,Markdown / clear,4117.5
84971L,3.4908755161689506,154,200,14,343,LARGE HEART FLOWERS HOOK,0.62,1.25,2.0,6.981751032337901,347.0182489676621,0.0,27.927004129351605,5.514375952633753,1.0,Markdown / clear,95.48
84801A,4.0357547905544315,719,256,16,471,PINK HYDRANGEA ART FLOWER,1.05,2.1,2.2857142857142856,9.224582378410128,965.7754176215899,0.0,32.28603832443545,22.26968799252865,1.0,Markdown / clear,754.95
84971S,20.169761586677485,0,621,18,595,SMALL HEART FLOWERS HOOK,0.42,0.85,2.5714285714285716,51.86510122288497,569.134898777115,0.043470758357789796,161.35809269341988,0.0,0.0,Healthy,0.0
84974,2.5392146649338887,0,25,9,21,S/2 ZINC HEART DESIGN PLANTERS,4.97,9.95,1.2857142857142858,3.264704569200714,21.735295430799287,0.0,20.31371731947111,0.0,0.0,Healthy,0.0
84993B,3.1040244695712698,0,227,17,191,75 BLACK PETIT FOUR CASES,0.21,0.42,2.4285714285714284,7.538345140387369,219.46165485961262,0.0,24.832195756570158,0.0,0.0,Healthy,0.0
84997A,74.60573711597671,0,452,14,367,GREEN 3 PIECE MINI DOTS CUTLERY SET,1.88,3.75,2.0,149.21147423195342,302.7885257680466,0.17496314504619448,596.8458969278137,0.0,0.0,Healthy,0.0
84997B,85.81356065876366,0,660,11,397,RED 3 PIECE MINI DOTS CUTLERY SET,1.88,3.75,1.5714285714285714,134.84988103520004,525.1501189648,0.0,686.5084852701093,0.0,0.0,Healthy,0.0
84997C,103.171468773661,0,444,9,364,BLUE 3 PIECE MINI DOTS CUTLERY SET,1.88,3.75,1.2857142857142858,132.6490312804213,311.3509687195787,0.14464019582533327,825.371750189288,0.0,0.0,Healthy,0.0
84997D,122.68945260396374,0,671,11,480,PINK 3 PIECE MINI DOTS CUTLERY SET,1.88,3.75,1.5714285714285714,192.79771123480018,478.2022887651998,0.0037452317391670764,981.51562083171,0.0,0.0,Healthy,0.0
85006,2.5392146649338887,2021,1536,9,2370,SET 4 NURSERY DES ROUND BOXES,1.48,2.95,1.2857142857142858,3.264704569200714,3553.7352954307994,0.0,20.31371731947111,99.48942225669501,1.0,Markdown / clear,2991.08
84993A,13.67490039971774,0,262,20,254,75 GREEN PETIT FOUR CASES,0.21,0.42,2.857142857142857,39.071143999193545,222.92885600080646,0.12232733857950207,109.39920319774193,0.0,0.0,Healthy,0.0
85007,2.5392146649338887,141,0,9,130,SET OF 3 VINTAGE TEA TIME BOXES,2.33,4.65,1.2857142857142858,3.264704569200714,137.73529543079928,0.0,20.31371731947111,6.941122483025233,1.0,Markdown / clear,328.53
85014A,36.972865125214334,0,511,8,342,BLACK/BLUE POLKADOT UMBRELLA,2.98,5.95,1.1428571428571428,42.25470300024495,468.74529699975506,0.0,295.78292100171467,0.0,0.0,Healthy,0.0
85014B,44.23454711048702,0,538,7,334,RED RETROSPOT UMBRELLA,2.98,5.95,1.0,44.23454711048702,493.76545288951297,0.0,353.87637688389617,0.0,0.0,Healthy,0.0
85014C,2.5392146649338887,487,444,15,419,BLUE/BROWN DOTS RUFFLED UMBRELLA,2.98,5.95,2.142857142857143,5.44117428200119,925.5588257179988,0.0,20.31371731947111,23.97394786690276,1.0,Markdown / clear,1451.26
85014D,2.5392146649338887,1077,1285,11,1151,PINK/BROWN DOTS RUFFLED UMBRELLA,2.98,5.95,1.5714285714285714,3.990194473467539,2358.0098055265325,0.0,20.31371731947111,53.01836109374593,1.0,Markdown / clear,3209.46
85015,82.11215542130451,0,557,13,364,SET OF 12  VINTAGE POSTCARD SET,1.38,2.51,1.8571428571428572,152.4940029252798,404.5059970747202,0.0,656.8972433704361,0.0,0.0,Healthy,0.0
85016,2.5392146649338887,0,383,9,297,SET OF 6 VINTAGE NOTELETS KIT,1.25,2.51,1.2857142857142858,3.264704569200714,379.7352954307993,0.0,20.31371731947111,0.0,0.0,Healthy,0.0
85008,2.5392146649338887,0,92,17,84,SET OF 3 CONEY ISLAND OVAL BOXES,2.48,4.95,2.4285714285714284,6.166664186268015,85.83333581373199,0.0,20.31371731947111,0.0,0.0,Healthy,0.0
84992,156.54672538584208,0,1944,12,1560,72 SWEETHEART FAIRY CAKE CASES,0.28,0.55,1.7142857142857142,268.36581494715784,1675.6341850528422,0.0,1252.3738030867366,0.0,0.0,Healthy,0.0
84991,224.00409315325518,0,2761,8,1408,60 TEATIME FAIRY CAKE CASES,0.28,0.55,1.1428571428571428,256.0046778894345,2504.9953221105657,0.0,1792.0327452260415,0.0,0.0,Healthy,0.0
84990,4.047265063361509,0,990,9,682,60 GOLD AND SILVER FAIRY CAKE CASES,0.28,0.55,1.2857142857142858,5.2036265100362264,984.7963734899638,0.0,32.378120506892074,0.0,0.0,Healthy,0.0
84975,3.1040244695712698,0,412,11,295,HEART SHAPED MIRROR,0.84,1.69,1.5714285714285714,4.877752737897709,407.1222472621023,0.0,24.832195756570158,0.0,0.0,Healthy,0.0
84976,6.066346810436389,250,383,14,341,RECTANGULAR SHAPED MIRROR,0.84,1.69,2.0,12.132693620872779,620.8673063791272,0.0,48.530774483491115,5.151370499661887,1.0,Markdown / clear,210.0
84977,3.1040244695712698,22,80,12,86,WIRE FLOWER T-LIGHT HOLDER,0.62,1.25,1.7142857142857142,5.321184804979319,96.67881519502068,0.0,24.832195756570158,0.8859466241191817,0.0,Healthy,0.0
84978,166.85096701963067,0,723,7,485,HANGING HEART JAR T-LIGHT HOLDER,0.62,1.25,1.0,166.85096701963067,556.1490329803694,0.0,1334.8077361570454,0.0,0.0,Healthy,0.0
84984A,2.5392146649338887,788,235,19,580,GREEN PEONY CUSHION COVER,2.33,4.65,2.7142857142857144,6.8921540905348415,1016.1078459094651,0.0,20.31371731947111,38.79152139449563,1.0,Markdown / clear,1836.04
84984B,2.5392146649338887,935,293,17,676,RED PEONY CUSHION COVER,2.33,4.65,2.4285714285714284,6.166664186268015,1221.833335813732,0.0,20.31371731947111,46.028010791692154,1.0,Markdown / clear,2178.55
84984C,2.5392146649338887,608,224,14,409,ORIENTAL BLUE C/COVER,2.33,4.65,2.0,5.078429329867777,826.9215706701323,0.0,20.31371731947111,29.930513969357037,1.0,Markdown / clear,1416.64
84984D,2.5392146649338887,292,127,11,207,ORIENTAL RED C/COVER,2.33,4.65,1.5714285714285714,3.990194473467539,415.0098055265325,0.0,20.31371731947111,14.374523156335945,1.0,Markdown / clear,680.36
84985A,4.047265063361509,0,225,19,153,SET OF 72 GREEN PAPER DOILIES,0.8,1.45,2.7142857142857144,10.98543374340981,214.0145662565902,0.0,32.378120506892074,0.0,0.0,Healthy,0.0
84985B,4.047265063361509,106,87,7,72,SET OF 72 BLACK PAPER DOILIES,0.8,1.45,1.0,4.047265063361509,188.95273493663848,0.0,32.378120506892074,3.2738157231034033,0.7579385743678011,Markdown / clear,84.8
84986B,4.047265063361509,45,223,13,147,SET OF 36 SILVER PAPER DOILIES,0.8,1.45,1.8571428571428572,7.51634940338566,260.4836505966143,0.0,32.378120506892074,1.3898274296193693,0.12994247653978977,Healthy,0.0
84987,77.13953259370668,0,795,19,596,SET OF 36 TEATIME PAPER DOILIES,0.8,1.45,2.7142857142857144,209.37873132577528,585.6212686742247,0.01741397873452233,617.1162607496534,0.0,0.0,Healthy,0.0
84988,70.09459078578074,0,788,21,561,SET OF 72 PINK HEART PAPER DOILIES,0.8,1.45,3.0,210.28377235734223,577.7162276426577,0.0,560.7567262862459,0.0,0.0,Healthy,0.0
84989A,4.545400873454827,0,632,10,441,75 GREEN FAIRY CAKE CASES,0.28,0.55,1.4285714285714286,6.493429819221181,625.5065701807788,0.0,36.36320698763861,0.0,0.0,Healthy,0.0
84989B,4.047265063361509,380,566,16,528,75 BLACK FAIRY CAKE CASES,0.28,0.55,2.2857142857142856,9.250891573397736,936.7491084266022,0.0,32.378120506892074,11.736320516785785,1.0,Markdown / clear,106.4
84972L,2.5392146649338887,79,54,18,84,GIANT PINK HEART MEMO HOLDER,1.98,3.95,2.5714285714285716,6.529409138401428,126.47059086159857,0.0,20.31371731947111,3.8889977032552725,0.9629992344184242,Markdown / clear,156.42
85065,2.5392146649338887,0,111,12,76,CREAM SWEETHEART TRAYS,6.38,12.75,1.7142857142857142,4.352939425600952,106.64706057439905,0.0,20.31371731947111,0.0,0.0,Healthy,0.0
84800S,3.1040244695712698,784,305,14,559,SMALL WHITE/PINK ROSE ART FLOWER,0.62,1.25,2.0,6.2080489391425395,1082.7919510608574,0.0,24.832195756570158,31.57191605951993,1.0,Markdown / clear,486.08
84800L,2.5392146649338887,85,262,8,228,LARGE WHITE/PINK ROSE ART FLOWER,1.06,2.12,1.1428571428571428,2.901959617067301,344.0980403829327,0.0,20.31371731947111,4.184364617426559,1.0,Markdown / clear,90.1
84531A,3.1040244695712698,110,168,16,133,PINK KNITTED EGG COSY,0.42,0.83,2.2857142857142856,7.094913073305759,270.90508692669425,0.0,24.832195756570158,4.429733120595908,1.0,Markdown / clear,46.2
84531B,3.1040244695712698,105,81,17,138,BLUE KNITTED EGG COSY,0.3,0.61,2.4285714285714284,7.538345140387369,178.46165485961262,0.0,24.832195756570158,4.228381615114277,1.0,Markdown / clear,31.5
84532B,2.527455328645957,43,29,15,37,FAIRY CAKES RECTANGLUAR BOXES,2.98,5.95,2.142857142857143,5.415975704241336,66.58402429575867,0.0,20.219642629167655,2.1266449060761716,0.3755483020253905,Healthy,0.0
84533B,2.527455328645957,70,37,17,55,FAIRY CAKES ROUND NESTING BOXES,2.98,5.95,2.4285714285714284,6.138105798140181,100.86189420185983,0.0,20.219642629167655,3.4619800796588835,0.8206600265529612,Markdown / clear,208.6
84534B,4.047265063361509,0,172,16,130,FAIRY CAKE NOTEBOOK A5 SIZE,0.42,0.85,2.2857142857142856,9.250891573397736,162.74910842660228,0.0,32.378120506892074,0.0,0.0,Healthy,0.0
84535A,4.047265063361509,149,208,8,343,ENGLISH ROSE NOTEBOOK A6 SIZE,0.36,0.65,1.1428571428571428,4.625445786698868,352.3745542133011,0.0,32.378120506892074,4.60187304473969,1.0,Markdown / clear,53.64
84529C,2.5392146649338887,63,39,17,58,YELLOW KNITTED KIDS RUCKSACK,2.1,4.21,2.4285714285714284,6.166664186268015,95.83333581373199,0.0,20.31371731947111,3.1013525987985084,0.7004508662661695,Markdown / clear,132.3
84535B,51.938904370114734,0,474,18,322,FAIRY CAKES NOTEBOOK A6 SIZE,0.32,0.65,2.5714285714285716,133.55718266600934,340.44281733399066,0.0,415.5112349609179,0.0,0.0,Healthy,0.0
84536B,38.22909572477489,0,376,7,204,FAIRY CAKES NOTEBOOK A7 SIZE,0.21,0.42,1.0,38.22909572477489,337.7709042752251,0.0,305.83276579819915,0.0,0.0,Healthy,0.0
84537B,4.047265063361509,217,0,13,185,FAIRY CAKES GIFT BAG,0.21,0.42,1.8571428571428572,7.51634940338566,209.48365059661435,0.0,32.378120506892074,6.702056716164514,1.0,Markdown / clear,45.57
84539,3.1040244695712698,127,0,13,96,KNITTED RABBIT DOLL,0.82,1.65,1.8571428571428572,5.764616872060929,121.23538312793907,0.0,24.832195756570158,5.1143282392334575,1.0,Markdown / clear,104.14
84546,3.1040244695712698,166,0,8,77,CROCHET POODLE KEYRING,0.82,1.65,1.1428571428571428,3.5474565366528794,162.45254346334713,0.0,24.832195756570158,6.684869981990189,1.0,Markdown / clear,136.12
84548,3.1040244695712698,117,0,21,106,CROCHET BEAR RED/BLUE  KEYRING,0.82,1.65,3.0,9.31207340871381,107.68792659128619,0.0,24.832195756570158,4.711625228270194,1.0,Markdown / clear,95.94
84549,3.4908755161689506,143,73,10,78,CROCHET WHITE RABBIT KEYRING,0.82,1.65,1.4285714285714286,4.986965023098501,211.0130349769015,0.0,27.927004129351605,5.120491956017056,1.0,Markdown / clear,117.26
84536A,95.8618028473134,0,389,13,266,ENGLISH ROSE NOTEBOOK A7 SIZE,0.23,0.42,1.8571428571428572,178.02906243072488,210.97093756927512,0.20687617455159724,766.8944227785072,0.0,0.0,Healthy,0.0
84550,3.4908755161689506,74,0,11,46,CROCHET LILAC/RED BEAR KEYRING,0.82,1.65,1.5714285714285714,5.485661525408351,68.51433847459165,0.0,27.927004129351605,2.649765068148686,0.5499216893828954,Markdown / clear,60.68
84529B,2.5392146649338887,71,0,11,39,BLUE KNITTED KID'S RUCKSACK,2.1,4.21,1.5714285714285714,3.990194473467539,67.00980552653246,0.0,20.31371731947111,3.4951751510268907,0.8317250503422969,Markdown / clear,149.1
84527,3.4908755161689506,159,70,20,114,FLAMES SUNGLASSES PINK LENSES,0.98,1.95,2.857142857142857,9.973930046197003,219.026069953803,0.0,27.927004129351605,5.693414132914069,1.0,Markdown / clear,155.82
84509E,3.213589132020008,87,72,8,95,SET OF 4 CAROUSEL PLACEMATS,1.68,3.36,1.1428571428571428,3.672673293737152,155.32732670626285,0.0,25.708713056160065,3.384066709599605,0.7946889031998684,Markdown / clear,146.16
84509F,2.5392146649338887,3925,2735,11,3020,SET OF 4 NEW ENGLAND PLACEMATS,1.88,3.75,1.5714285714285714,3.990194473467539,6656.009805526533,0.0,20.31371731947111,193.21918968704995,1.0,Markdown / clear,7379.0
84509G,10.356996698474909,0,278,21,230,SET OF 4 FAIRY CAKE PLACEMATS,1.88,3.75,3.0,31.070990095424726,246.92900990457528,0.0,82.85597358779927,0.0,0.0,Healthy,0.0
84510A,36.104075141493716,0,214,15,169,SET OF 4 ENGLISH ROSE COASTERS,0.62,1.25,2.142857142857143,77.36587530320082,136.63412469679918,0.1915140550485256,288.83260113194973,0.0,0.0,Healthy,0.0
84510B,4.047265063361509,0,407,10,258,SET OF 4 FAIRY CAKES COASTERS,0.62,1.25,1.4285714285714286,5.781807233373585,401.21819276662643,0.0,32.378120506892074,0.0,0.0,Healthy,0.0
84510C,5.749573444999537,0,83,11,49,SET OF 4 POLKADOT COASTERS,1.23,2.46,1.5714285714285714,9.035043984999271,73.96495601500072,0.0,45.99658755999629,0.0,0.0,Healthy,0.0
84529A,2.5392146649338887,61,0,9,53,PINK KNITTED KIDS RUCKSACK,3.38,6.75,1.2857142857142858,3.264704569200714,57.73529543079928,0.0,20.31371731947111,3.0028969607414133,0.6676323202471378,Markdown / clear,206.18
84510E,4.047003057792295,181,119,12,154,SET OF 4 GREEN CAROUSEL COASTERS,1.23,2.46,1.7142857142857142,6.937719527643933,293.06228047235606,0.0,32.37602446233836,5.590556685257931,1.0,Markdown / clear,222.63
84519A,19.219295553221436,0,253,11,151,TOMATO CHARLIE+LOLA COASTER SET,1.48,2.95,1.5714285714285714,30.201750155062257,222.79824984493774,0.0,153.75436442577148,0.0,0.0,Healthy,0.0
84519B,18.521852218702318,0,188,16,138,CARROT CHARLIE+LOLA COASTER SET,1.48,2.95,2.2857142857142856,42.33566221417672,145.66433778582328,0.0,148.17481774961854,0.0,0.0,Healthy,0.0
84520B,5.101343919763267,0,804,13,581,PACK 20 ENGLISH ROSE PAPER NAPKINS,0.47,0.85,1.8571428571428572,9.473924422417497,794.5260755775826,0.0,40.81075135810614,0.0,0.0,Healthy,0.0
84520D,4.047265063361509,225,295,16,389,PACK OF 20 FAIRY CAKE PAPER NAPKINS,0.42,0.85,2.2857142857142856,9.250891573397736,510.7491084266023,0.0,32.378120506892074,6.949137148096846,1.0,Markdown / clear,94.5
84522,3.4908755161689506,218,141,9,162,PINK PARTY SUNGLASSES,0.98,1.95,1.2857142857142858,4.488268520788651,354.51173147921133,0.0,27.927004129351605,7.806064660221805,1.0,Markdown / clear,213.64
84526,3.1040244695712698,986,495,16,791,GIANT BLACK SUNGLASSES,0.98,1.95,2.2857142857142856,7.094913073305759,1473.9050869266941,0.0,24.832195756570158,39.70651688097787,1.0,Markdown / clear,966.28
84510F,3.1040244695712698,1973,1082,15,1548,SET OF 4 NEW ENGLAND COASTERS,0.62,1.25,2.142857142857143,6.65148100622415,3048.348518993776,0.0,24.832195756570158,79.45330406305206,1.0,Markdown / clear,1223.26
84551,3.1040244695712698,131,0,13,90,CROCHET DOG KEYRING,0.82,1.65,1.8571428571428572,5.764616872060929,125.23538312793907,0.0,24.832195756570158,5.275409443618764,1.0,Markdown / clear,107.42
84555A,2.5392146649338887,122,43,19,82,YELLOW VW BEETLE CERAMIC MONEY BOX,1.48,2.95,2.7142857142857144,6.8921540905348415,158.10784590946517,0.0,20.31371731947111,6.005793921482827,1.0,Markdown / clear,180.56
84558A,10.816743322144196,0,436,18,321,3D DOG PICTURE PLAYING CARDS,1.62,2.95,2.5714285714285716,27.814482828370792,408.1855171716292,0.0,86.53394657715357,0.0,0.0,Healthy,0.0
84578,2.5392146649338887,24,103,14,65,ELEPHANT TOY WITH BLUE T-SHIRT,1.88,3.75,2.0,5.078429329867777,121.92157067013223,0.0,20.31371731947111,1.181467656685146,0.06048921889504869,Healthy,0.0
84580,24.338387330401325,0,113,16,82,MOUSE TOY WITH PINK T-SHIRT,1.88,3.75,2.2857142857142856,55.63059961234588,57.36940038765412,0.30037316600421804,194.7070986432106,0.0,0.0,Healthy,0.0
84581,10.29224259855422,0,79,16,56,DOG TOY WITH PINK CROCHET SKIRT,1.88,3.75,2.2857142857142856,23.5251259395525,55.474874060447505,0.009377248920580228,82.33794078843376,0.0,0.0,Healthy,0.0
84582,2.5392146649338887,57,0,21,43,PINK CROCHET CAT WITH SCARF,2.12,4.25,3.0,7.617643994801666,49.38235600519833,0.0,20.31371731947111,2.805985684627222,0.601995228209074,Markdown / clear,120.84
84584,2.5392146649338887,14,117,18,97,PINK GINGHAM CAT WITH SCARF,1.27,2.55,2.5714285714285716,6.529409138401428,124.47059086159857,0.0,20.31371731947111,0.6891894663996686,0.0,Healthy,0.0
84586L,2.5392146649338887,32,0,8,20,"PINK ROSES/GINGHAM PATCH RABBIT 8""",1.48,2.95,1.1428571428571428,2.901959617067301,29.098040382932698,0.0,20.31371731947111,1.5752902089135281,0.19176340297117603,Healthy,0.0
84576,2.5392146649338887,107,49,21,101,BLUE CAT BISCUIT BARREL PINK HEART,2.06,4.13,3.0,7.617643994801666,148.38235600519835,0.0,20.31371731947111,5.2673766360546095,1.0,Markdown / clear,220.42
84592,5.244758819111597,0,55,8,43,CROCHET ROSE PURSE WITH SUEDE BACK,1.48,2.95,1.1428571428571428,5.994010078984682,49.00598992101532,0.0,41.95807055289278,0.0,0.0,Healthy,0.0
84595B,2.527455328645957,555,223,14,360,LARGE TRIFLE DESIGN L BLUE BOWL,1.88,3.75,2.0,5.054910657291914,772.9450893427081,0.0,20.219642629167655,27.448556345866862,1.0,Markdown / clear,1043.4
84595E,2.527455328645957,147,130,17,264,LARGE TORTILLA DESIGN RED BOWL,1.64,3.29,2.4285714285714284,6.138105798140181,270.8618942018598,0.0,20.219642629167655,7.270158167283656,1.0,Markdown / clear,241.08
84596B,108.29647612704129,0,480,14,381,SMALL DOLLY MIX DESIGN ORANGE BOWL,0.42,0.83,2.0,216.59295225408258,263.40704774591745,0.3086429193020539,866.3718090163303,0.0,0.0,Healthy,0.0
84596E,4.047265063361509,0,227,14,191,SMALL LICORICE DES PINK BOWL,0.62,1.25,2.0,8.094530126723019,218.90546987327699,0.0,32.378120506892074,0.0,0.0,Healthy,0.0
84596F,95.08487537381605,0,591,20,406,SMALL MARSHMALLOWS PINK BOWL,0.42,0.83,2.857142857142857,271.6710724966173,319.3289275033827,0.21347554802122481,760.6790029905284,0.0,0.0,Healthy,0.0
84596G,33.16663731828829,0,312,12,185,SMALL CHOCOLATES PINK BOWL,0.42,0.83,1.7142857142857142,56.85709254563706,255.14290745436296,0.0,265.3330985463063,0.0,0.0,Healthy,0.0
84593,2.5392146649338887,91,0,13,66,CROCHET ROSE DES CLOTHES HANGER,1.48,2.95,1.8571428571428572,4.715684377734365,86.28431562226564,0.0,20.31371731947111,4.479731531597846,1.0,Markdown / clear,134.68
84575B,2.5392146649338887,37,0,14,22,BROWN DOG CANNISTER W BONE,2.98,5.95,2.0,5.078429329867777,31.921570670132223,0.0,20.31371731947111,1.821429304056267,0.2738097680187557,Healthy,0.0
84575A,2.5392146649338887,67,0,20,55,PINK DOG CANNISTER,2.98,5.95,2.857142857142857,7.254899042668254,59.74510095733174,0.0,20.31371731947111,3.2982638749126996,0.7660879583042332,Markdown / clear,199.66
84559A,16.197589475258194,0,203,18,188,3D SHEET OF DOG STICKERS,0.47,0.85,2.5714285714285716,41.650944364949645,161.34905563505035,0.1417603423667535,129.58071580206555,0.0,0.0,Healthy,0.0
84559B,4.991963752629433,0,127,10,126,3D SHEET OF CAT STICKERS,0.47,0.85,1.4285714285714286,7.131376789470618,119.86862321052938,0.04866172055135409,39.93571002103546,0.0,0.0,Healthy,0.0
84559D,4.047265063361509,109,68,19,123,3D SHEET OF SEA WORLD STICKERS,0.47,0.85,2.7142857142857144,10.98543374340981,166.0145662565902,0.0,32.378120506892074,3.366470885078028,0.7888236283593426,Markdown / clear,51.23
84562A,2.5392146649338887,16,81,19,68,PINK/WHITE RIBBED MELAMINE JUG,3.98,7.95,2.7142857142857144,6.8921540905348415,90.10784590946515,0.0,20.31371731947111,0.7876451044567641,0.0,Healthy,0.0
84562B,2.5392146649338887,42,0,13,27,BLUE/WHITE RIBBED MELAMINE JUG,3.98,7.95,1.8571428571428572,4.715684377734365,37.28431562226564,0.0,20.31371731947111,2.067568399199006,0.3558561330663353,Healthy,0.0
84563A,2.5392146649338887,26,71,15,51,PINK & WHITE BREAKFAST TRAY,2.98,5.95,2.142857142857143,5.44117428200119,91.55882571799881,0.0,20.31371731947111,1.2799232947422416,0.09330776491408055,Healthy,0.0
84563B,2.5392146649338887,0,35,7,27,BLUE & WHITE BREAKFAST TRAY,2.1,4.21,1.0,2.5392146649338887,32.46078533506611,0.0,20.31371731947111,0.0,0.0,Healthy,0.0
84564,2.527455328645957,53,0,18,46,6 SEGMENT COLOURED SNACK BOWL,3.98,7.95,2.5714285714285716,6.499170845089604,46.5008291549104,0.0,20.219642629167655,2.6212134888845835,0.5404044962948612,Markdown / clear,210.94
84568,139.03726429255727,0,5025,14,4561,GIRLS ALPHABET IRON ON PATCHES,0.21,0.42,2.0,278.07452858511454,4746.925471414886,0.0,1112.2981143404581,0.0,0.0,Healthy,0.0
84569A,4.435574205436875,0,168,15,119,PACK 3 IRON ON DOG PATCHES,0.62,1.25,2.142857142857143,9.504801868793304,158.4951981312067,0.0,35.484593643495,0.0,0.0,Healthy,0.0
84569B,3.1040244695712698,3,202,14,124,PACK 3 FIRE ENGINE/CAR PATCHES,0.62,1.25,2.0,6.2080489391425395,198.79195106085746,0.0,24.832195756570158,0.12081090328897932,0.0,Healthy,0.0
84569C,3.1040244695712698,0,74,8,68,PACK 4 FLOWER/BUTTERFLY PATCHES,0.62,1.25,1.1428571428571428,3.5474565366528794,70.45254346334713,0.0,24.832195756570158,0.0,0.0,Healthy,0.0
84569D,9.879368772547982,0,223,16,163,PACK 6 HEART/ICE-CREAM PATCHES,0.62,1.25,2.2857142857142856,22.58141433725253,200.41858566274746,0.0,79.03495018038386,0.0,0.0,Healthy,0.0
84570B,2.527455328645957,69,0,17,44,WHITE SATIN DRESS JEWEL STAND,2.48,4.95,2.4285714285714284,6.138105798140181,62.86189420185982,0.0,20.219642629167655,3.4125232213780423,0.8041744071260141,Markdown / clear,171.12
84509C,3.3726285907061757,0,127,20,87,SET OF 4 POLKADOT PLACEMATS,1.88,3.75,2.857142857142857,9.63608168773193,117.36391831226807,0.0,26.981028725649406,0.0,0.0,Healthy,0.0
84596I,4.047265063361509,238,0,14,207,WRAP SWEETS LIGHT PINK SMALL BOWL,0.62,1.25,2.0,8.094530126723019,229.90546987327699,0.0,32.378120506892074,7.350642849986886,1.0,Markdown / clear,147.56
84509B,9.537361353619731,0,125,16,95,SET OF 4 FAIRY CAKE PLACEMATS,1.88,3.75,2.2857142857142856,21.799683093987955,103.20031690601205,0.0,76.29889082895785,0.0,0.0,Healthy,0.0
84508C,5.00340119570569,14,37,13,43,BLUE CIRCLES DESIGN TEDDY,1.27,2.55,1.8571428571428572,9.292030792024853,41.70796920797515,0.03004722772150825,40.02720956564552,0.34976207814436044,0.0,Healthy,0.0
84358,2.5392146649338887,99,79,8,78,FLOOR LAMP SHADE WOOD BASE,4.97,9.95,1.1428571428571428,2.901959617067301,175.0980403829327,0.0,20.31371731947111,4.873554083826228,1.0,Markdown / clear,492.03
84360,2.5392146649338887,11,64,7,62,TABLE LAMP WHITE SHADE WOOD BASE,2.98,5.95,1.0,2.5392146649338887,72.4607853350661,0.0,20.31371731947111,0.5415060093140253,0.0,Healthy,0.0
84366,2.5392146649338887,20,0,8,8,VENDETTA CANVAS PICTURE,1.88,3.75,1.1428571428571428,2.901959617067301,17.098040382932698,0.0,20.31371731947111,0.9845563805709551,0.0,Healthy,0.0
84367,3.1040244695712698,228,0,14,161,LA STREGA CANVAS PICTURE,0.82,1.65,2.0,6.2080489391425395,221.79195106085746,0.0,24.832195756570158,9.181628649962429,1.0,Markdown / clear,186.96
84371,2.5392146649338887,233,0,19,179,BIG PINK POODLE,9.98,19.95,2.7142857142857144,6.8921540905348415,226.10784590946517,0.0,20.31371731947111,11.470081833651626,1.0,Markdown / clear,2325.34
84375,112.4261164303116,0,552,18,546,SET OF 20 KIDS COOKIE CUTTERS,1.05,2.1,2.5714285714285716,289.0957279636584,262.9042720363416,0.5184903442557847,899.4089314424928,0.0,0.0,Reorder now,607.1
84356,12.304322099169063,0,118,8,108,POMPOM CURTAIN,3.48,6.95,1.1428571428571428,14.062082399050357,103.93791760094965,0.0376118740652811,98.4345767933525,0.0,0.0,Healthy,0.0
84378,210.737513506587,0,708,15,655,SET OF 3 HEART COOKIE CUTTERS,0.62,1.25,2.142857142857143,451.5803860855435,256.4196139144565,0.6085196734130436,1685.900108052696,0.0,0.0,Reorder now,564.48
84388,3.1040244695712698,77,49,7,39,WISE MAN STAR SHAPE EGG PAN,0.82,1.65,1.0,3.1040244695712698,122.89597553042873,0.0,24.832195756570158,3.100813184417136,0.7002710614723786,Markdown / clear,63.14
84396,2.5392146649338887,420,247,16,423,6 HOOK JEWELLERY STAND BLACK DRESS,4.24,8.47,2.2857142857142856,5.803919234134602,661.1960807658654,0.0,20.31371731947111,20.675683991990056,1.0,Markdown / clear,1780.8
84402B,3.1040244695712698,706,0,13,418,PURPLE DRESS JEWELLERY STAND,0.4,0.79,1.8571428571428572,5.764616872060929,700.235383127939,0.0,24.832195756570158,28.430832574006466,1.0,Markdown / clear,282.4
84402D,3.1040244695712698,939,0,20,806,PINK DRESS JEWELLERY STAND,0.42,0.85,2.857142857142857,8.8686413416322,930.1313586583678,0.0,24.832195756570158,37.813812729450525,1.0,Markdown / clear,394.38
84405A,2.5392146649338887,76,99,11,62,S/3 PINK COL METAL BASKET W HANDLE,6.38,12.75,1.5714285714285714,3.990194473467539,171.00980552653246,0.0,20.31371731947111,3.7413142461696296,0.9137714153898765,Markdown / clear,484.88
84380,120.29989460220781,0,640,8,340,SET OF 3 BUTTERFLY COOKIE CUTTERS,0.62,1.25,1.1428571428571428,137.48559383109463,502.51440616890534,0.0,962.3991568176625,0.0,0.0,Healthy,0.0
84406B,24.560222835664778,0,567,16,467,CREAM CUPID HEARTS COAT HANGER,1.62,3.25,2.2857142857142856,56.1376521958052,510.86234780419477,0.0,196.48178268531822,0.0,0.0,Healthy,0.0
84352,2.5392146649338887,27,104,21,70,SILVER CHRISTMAS TREE BAUBLE STAND,7.63,16.95,3.0,7.617643994801666,123.38235600519833,0.0,20.31371731947111,1.3291511137707894,0.10971703792359648,Healthy,0.0
84341B,7.707408764626455,0,557,8,290,SMALL PINK MAGIC CHRISTMAS TREE,0.38,0.85,1.1428571428571428,8.808467159573091,548.1915328404269,0.0,61.65927011701164,0.0,0.0,Healthy,0.0
84255B,2.8154898181844623,119,62,20,122,ORANGE COCKTAIL GLASS LAMP,1.05,2.1,2.857142857142857,8.044256623384179,172.95574337661583,0.0,22.5239185454757,5.2832725247047705,1.0,Markdown / clear,124.95
84270,3.1040244695712698,0,3290,17,2857,ASSTD DESIGN BUBBLE GUM RING,0.1,0.21,2.4285714285714284,7.538345140387369,3282.4616548596127,0.0,24.832195756570158,0.0,0.0,Healthy,0.0
84279B,2.5392146649338887,0,254,20,197,CHERRY BLOSSOM DECORATIVE FLASK,1.88,3.75,2.857142857142857,7.254899042668254,246.74510095733174,0.0,20.31371731947111,0.0,0.0,Healthy,0.0
84279P,18.587293731227312,0,224,19,194,CHERRY BLOSSOM  DECORATIVE FLASK,1.88,3.75,2.7142857142857144,50.451225841902705,173.5487741580973,0.10541868990671499,148.6983498498185,0.0,0.0,Healthy,0.0
84288B,3.1040244695712698,89,49,11,55,SET/2 BLUE  NOODLE BASKETS,0.98,1.95,1.5714285714285714,4.877752737897709,133.1222472621023,0.0,24.832195756570158,3.5840567975730533,0.8613522658576844,Markdown / clear,87.22
84292,2.5392146649338887,87,0,19,82,ROSE PINK METAL FOLDING CHAIR,3.98,7.95,2.7142857142857144,6.8921540905348415,80.10784590946515,0.02307504988457132,20.31371731947111,4.282820255483655,1.0,Markdown / clear,346.26
84347,768.0690657493811,0,5366,7,3655,ROTATING SILVER ANGELS T-LIGHT HLDR,1.27,2.55,1.0,768.0690657493811,4597.9309342506185,0.0,6144.552525995049,0.0,0.0,Healthy,0.0
84292B,2.5392146649338887,39,0,9,21,BLUE COL METAL FOLDING CHAIR,3.98,7.95,1.2857142857142858,3.264704569200714,35.73529543079928,0.0,20.31371731947111,1.9198849421133626,0.3066283140377875,Healthy,0.0
84313A,2.5392146649338887,45,31,8,22,PINK TV TRAY TABLE,2.12,4.25,1.1428571428571428,2.901959617067301,73.0980403829327,0.0,20.31371731947111,2.215251856284649,0.40508395209488296,Healthy,0.0
84313B,2.5392146649338887,0,48,8,47,BLUE TV TRAY TABLE,2.12,4.25,1.1428571428571428,2.901959617067301,45.0980403829327,0.04046722589504892,20.31371731947111,0.0,0.0,Healthy,0.0
84313C,2.5392146649338887,82,240,9,204,ORANGE TV TRAY TABLE,2.12,4.25,1.2857142857142858,3.264704569200714,318.7352954307993,0.0,20.31371731947111,4.036681160340916,1.0,Markdown / clear,173.84
84327A,2.8154898181844623,0,189,8,187,PINK JUMPER LARRY THE LAMB,1.05,2.1,1.1428571428571428,3.217702649353671,185.78229735064633,0.0065117788735490345,22.5239185454757,0.0,0.0,Healthy,0.0
84340,2.5392146649338887,39,0,12,32,LARGE FIBRE OPTIC CHRISTMAS TREE,1.15,2.55,1.7142857142857142,4.352939425600952,34.64706057439905,0.0,20.31371731947111,1.9198849421133626,0.3066283140377875,Healthy,0.0
84306,2.5392146649338887,31,26,11,26,S/3 PINK SQUARE PLANTERS ROSES,5.48,10.95,1.5714285714285714,3.990194473467539,53.00980552653246,0.0,20.31371731947111,1.5260623898849803,0.1753541299616601,Healthy,0.0
84414B,2.5392146649338887,252,0,13,175,FUSCHIA/GREEN STRIPE WOOLLY BLANKET,2.98,5.95,1.8571428571428572,4.715684377734365,247.28431562226564,0.0,20.31371731947111,12.405410395194034,1.0,Markdown / clear,750.96
84415A,2.5392146649338887,119,0,14,77,PINK FLOCK SUEDE CUSHION COVER,1.88,3.75,2.0,5.078429329867777,113.92157067013223,0.0,20.31371731947111,5.858110464397183,1.0,Markdown / clear,223.72
84415B,2.5392146649338887,114,0,21,86,BLUE FLOCK CUSHION COVER,1.88,3.75,3.0,7.617643994801666,106.38235600519833,0.0,20.31371731947111,5.611971369254444,1.0,Markdown / clear,214.32
84464,2.5392146649338887,358,0,17,262,S/60 PINK FLUFFY CHICKS IN BOX,1.27,2.55,2.4285714285714284,6.166664186268015,351.833335813732,0.0,20.31371731947111,17.623559212220098,1.0,Markdown / clear,454.66
84465,2.5392146649338887,27,19,11,20,15 PINK FLUFFY CHICKS IN BOX,1.48,2.95,1.5714285714285714,3.990194473467539,42.00980552653246,0.0,20.31371731947111,1.3291511137707894,0.10971703792359648,Healthy,0.0
84466,4.047265063361509,902,786,21,1012,TOP SECRET PEN SET,0.69,1.25,3.0,12.141795190084528,1675.8582048099154,0.0,32.378120506892074,27.858318700370468,1.0,Markdown / clear,622.38
84467,2.5392146649338887,526,569,17,512,ENGLISH ROSE DESIGN QUILTED THROW,12.74,25.49,2.4285714285714284,6.166664186268015,1088.833335813732,0.0,20.31371731947111,25.893832809016118,1.0,Markdown / clear,6701.24
84469,2.5392146649338887,322,352,16,617,ROSE DES PADDED FLOOR CUSHION,1.48,2.95,2.2857142857142856,5.803919234134602,668.1960807658654,0.0,20.31371731947111,15.851357727192378,1.0,Markdown / clear,476.56
84472,2.5392146649338887,186,84,19,139,PINK AND LILAC QUILTED THROW,22.98,45.95,2.7142857142857144,6.8921540905348415,263.10784590946514,0.0,20.31371731947111,9.156374339309883,1.0,Markdown / clear,4274.28
84462,3.1040244695712698,270,0,19,261,3 PINK HEN+CHICKS IN BASKET,0.62,1.25,2.7142857142857144,8.425209274550589,261.5747907254494,0.0,24.832195756570158,10.872981296008138,1.0,Markdown / clear,167.4
84482,2.5392146649338887,73,39,20,68,BUTTONS DESIGN JEWELLERY BOX,1.88,3.75,2.857142857142857,7.254899042668254,104.74510095733174,0.0,20.31371731947111,3.5936307890839863,0.8645435963613287,Markdown / clear,137.24
84497,2.527455328645957,58,43,20,72,BUTTONS AND STRIPES NOTEBOOK,2.06,3.75,2.857142857142857,7.221300938988448,93.77869906101155,0.0,20.219642629167655,2.868497780288789,0.6228325934295964,Markdown / clear,119.48
84499,4.047265063361509,220,141,18,276,BLACK FLOWER CANDLE PLATE,0.42,0.85,2.5714285714285716,10.407253020072453,350.59274697992754,0.0,32.378120506892074,6.794711878139139,1.0,Markdown / clear,92.4
84507B,2.5392146649338887,0,441,10,389,STRIPES DESIGN MONKEY DOLL,1.27,2.55,1.4285714285714286,3.627449521334127,437.37255047866586,0.0,20.31371731947111,0.0,0.0,Healthy,0.0
84507C,2.5392146649338887,11,192,11,157,BLUE CIRCLES DESIGN MONKEY DOLL,1.27,2.55,1.5714285714285714,3.990194473467539,199.00980552653246,0.0,20.31371731947111,0.5415060093140253,0.0,Healthy,0.0
84508A,2.5392146649338887,0,1322,18,1310,CAMOUFLAGE DESIGN TEDDY,1.27,2.55,2.5714285714285716,6.529409138401428,1315.4705908615986,0.0,20.31371731947111,0.0,0.0,Healthy,0.0
84508B,3.3726285907061757,0,39,10,35,STRIPES DESIGN TEDDY,1.27,2.55,1.4285714285714286,4.818040843865965,34.181959156134035,0.023372595539027596,26.981028725649406,0.0,0.0,Healthy,0.0
84493,2.5392146649338887,5326,0,8,3270,BLUE/PINK NEST STRIPE BOX,1.27,2.55,1.1428571428571428,2.901959617067301,5323.098040382933,0.0,20.31371731947111,262.18736414604535,1.0,Markdown / clear,6764.02
84461,2.5392146649338887,68,46,18,73,12 PINK HEN+CHICKS IN BASKET,1.27,2.55,2.5714285714285716,6.529409138401428,107.47059086159857,0.0,20.31371731947111,3.3474916939412473,0.7824972313137492,Markdown / clear,86.36
84459B,3.1040244695712698,0,291,10,208,YELLOW METAL CHICKEN HEART,0.74,1.49,1.4285714285714286,4.4343206708161,286.5656793291839,0.0,24.832195756570158,0.0,0.0,Healthy,0.0
84459A,3.215309233066906,0,399,18,284,PINK METAL CHICKEN HEART,0.74,1.49,2.5714285714285716,8.26793802788633,390.7320619721137,0.0,25.72247386453525,0.0,0.0,Healthy,0.0
84422,3.1040244695712698,1201,752,17,910,PINK/BLUE DISC/MIRROR STRING,0.42,0.85,2.4285714285714284,7.538345140387369,1945.4616548596127,0.0,24.832195756570158,48.36463161668805,1.0,Markdown / clear,504.42
84424A,2.5392146649338887,52,0,13,42,FOUR PICTURE WHITE GLASS FRAME,1.88,3.75,1.8571428571428572,4.715684377734365,47.28431562226564,0.0,20.31371731947111,2.5598465894844833,0.5199488631614945,Markdown / clear,97.76
84425A,2.5392146649338887,41,0,13,30,WHITE GLASS TV TRIPLE FRAME,2.12,4.25,1.8571428571428572,4.715684377734365,36.28431562226564,0.0,20.31371731947111,2.018340580170458,0.3394468600568194,Healthy,0.0
84427B,2.5392146649338887,129,0,17,87,BLACK GLASS TV DOUBLE P/FRAME 15X10,2.12,4.25,2.4285714285714284,6.166664186268015,122.83333581373199,0.0,20.31371731947111,6.350388654682661,1.0,Markdown / clear,273.48
84429A,5.975228287937488,27,45,12,50,MEDIUM PINK BUDDHA HEAD,1.48,2.95,1.7142857142857142,10.24324849360712,61.75675150639288,0.0,47.8018263034999,0.5648319758448882,0.0,Healthy,0.0
84437A,3.1040244695712698,151,87,9,77,S/6 PINK EASTER DECS IN BOX,0.42,0.85,1.2857142857142858,3.99088860373449,234.0091113962655,0.0,24.832195756570158,6.080815465545292,1.0,Markdown / clear,63.42
84447,3.1040244695712698,91,64,14,91,6 RABBIT CHAIN EASTER,0.83,1.66,2.0,6.2080489391425395,148.79195106085746,0.0,24.832195756570158,3.664597399765706,0.8881991332552354,Markdown / clear,75.53
84450A,3.1040244695712698,207,0,8,109,PINK RABBIT SITTING EASTER,0.21,0.42,1.1428571428571428,3.5474565366528794,203.45254346334713,0.0,24.832195756570158,8.335952326939573,1.0,Markdown / clear,43.47
84450B,3.1040244695712698,67,63,9,64,PINK/YELLOW RABBIT SAT EASTER,0.4,0.81,1.2857142857142858,3.99088860373449,126.00911139626551,0.0,24.832195756570158,2.6981101734538715,0.5660367244846238,Markdown / clear,26.8
84452,4.048723158839194,55,76,13,96,METAL RABBIT LADDER EASTER,0.42,0.85,1.8571428571428572,7.519057294987075,123.48094270501292,0.0,32.38978527071355,1.698066212551595,0.23268873751719835,Healthy,0.0
84454,3.1040244695712698,189,0,18,185,WOBBLING METAL CHICKEN EASTER,0.42,0.85,2.5714285714285716,7.98177720746898,181.01822279253102,0.021523120040372823,24.832195756570158,7.6110869072056975,1.0,Markdown / clear,79.38
84455,3.1040244695712698,168,67,18,117,SET OF 3 RABBIT CARROTS EASTER,0.42,0.85,2.5714285714285716,7.98177720746898,227.01822279253102,0.0,24.832195756570158,6.765410584182842,1.0,Markdown / clear,70.56
84456,3.1040244695712698,74,36,10,39,SET OF 3 RABBIT EGG EASTER,0.42,0.85,1.4285714285714286,4.4343206708161,105.5656793291839,0.0,24.832195756570158,2.9800022811281566,0.6600007603760522,Markdown / clear,31.08
84457,4.435574205436875,67,152,13,97,SET/3 RABBITS FLOWER SKIPPPING ROPE,0.42,0.85,1.8571428571428572,8.237494952954197,210.7625050470458,0.0,35.484593643495,1.8881433636561418,0.2960477878853806,Healthy,0.0
84458,3.1040244695712698,89,104,9,94,S/3 RABBIT FLOWER/EGG/CARROT ROPE,0.42,0.85,1.2857142857142858,3.99088860373449,189.0091113962655,0.0,24.832195756570158,3.5840567975730533,0.8613522658576844,Markdown / clear,37.38
84509A,21.409876414394482,0,148,17,133,SET OF 4 ENGLISH ROSE PLACEMATS,1.88,3.75,2.4285714285714284,51.995414149243736,96.00458585075626,0.2781610086409304,171.27901131515586,0.0,0.0,Healthy,0.0
84596J,4.047265063361509,0,208,15,199,MIXED NUTS LIGHT GREEN BOWL,0.62,1.25,2.142857142857143,8.672710850060376,199.32728914993962,0.0,32.378120506892074,0.0,0.0,Healthy,0.0
84596K,4.047265063361509,48,228,14,162,JELLY BABIES YELLOW SMALL BOWL,0.62,1.25,2.0,8.094530126723019,267.90546987327696,0.0,32.378120506892074,1.4824825915939939,0.16082753053133128,Healthy,0.0
84596L,4.047265063361509,0,406,21,285,BISCUITS SMALL BOWL LIGHT BLUE,0.42,0.83,3.0,12.141795190084528,393.8582048099155,0.0,32.378120506892074,0.0,0.0,Healthy,0.0
84723,2.5392146649338887,94,0,11,85,CHERRY BLOSSOM CANVAS ART PICTURE,3.98,7.95,1.5714285714285714,3.990194473467539,90.00980552653246,0.0,20.31371731947111,4.627414988683489,1.0,Markdown / clear,374.12
84725,3.1040244695712698,167,69,16,147,FREESTYLE CANVAS ART PICTURE,0.82,1.65,2.2857142857142856,7.094913073305759,228.90508692669425,0.0,24.832195756570158,6.725140283086516,1.0,Markdown / clear,136.94
84726,3.1040244695712698,1888,0,15,1184,LILLIES CANVAS PICTURE,0.82,1.65,2.142857142857143,6.65148100622415,1881.3485189937758,0.0,24.832195756570158,76.03032846986432,1.0,Markdown / clear,1548.16
84731,3.1040244695712698,20,0,8,8,3 BIRDS CANVAS SCREEN,0.82,1.65,1.1428571428571428,3.5474565366528794,16.45254346334712,0.0,24.832195756570158,0.8054060219265288,0.0,Healthy,0.0
84732B,3.1040244695712698,175,0,15,118,CUTE BIRD CEATURE SCREEN,0.82,1.65,2.142857142857143,6.65148100622415,168.34851899377585,0.0,24.832195756570158,7.047302691857127,1.0,Markdown / clear,143.5
84732D,3.1040244695712698,80,0,9,44,CUTE RABBIT CEATURE SCREEN,0.82,1.65,1.2857142857142858,3.99088860373449,76.00911139626551,0.0,24.832195756570158,3.221624087706115,0.7405413625687051,Markdown / clear,65.6
84741C,3.1040244695712698,27,64,14,79,CITRUS GARLAND FELT FLOWERS,0.98,1.95,2.0,6.2080489391425395,84.79195106085746,0.0,24.832195756570158,1.087298129600814,0.029099376533604653,Healthy,0.0
84744,3.4908755161689506,116,72,16,120,S/6 SEW ON CROCHET FLOWERS,0.62,1.25,2.2857142857142856,7.979144036957601,180.0208559630424,0.0,27.927004129351605,4.153685782503346,1.0,Markdown / clear,71.92
84745A,3.1040244695712698,81,0,13,80,PINK HANGING GINGHAM EASTER HEN,0.21,0.42,1.8571428571428572,5.764616872060929,75.23538312793907,0.05955771090076156,24.832195756570158,3.2618943888024416,0.7539647962674806,Markdown / clear,17.01
84745B,3.1040244695712698,143,73,13,79,BLUE HANGING GINGHAM EASTER HEN,0.21,0.42,1.8571428571428572,5.764616872060929,210.23538312793906,0.0,24.832195756570158,5.758653056774681,1.0,Markdown / clear,30.03
84746,2.5392146649338887,27,20,17,29,PINK EASTER HENS+FLOWER,1.55,3.1,2.4285714285714284,6.166664186268015,40.833335813731985,0.0,20.31371731947111,1.3291511137707894,0.10971703792359648,Healthy,0.0
84748,3.213589132020008,558,672,18,818,FOLK FELT HANGING MULTICOL GARLAND,1.25,2.51,2.5714285714285716,8.263514910908592,1221.7364850890915,0.0,25.708713056160065,21.704703723638847,1.0,Markdown / clear,697.5
84750A,4.047265063361509,123,284,19,247,PINK SMALL GLASS CAKE STAND,0.98,1.95,2.7142857142857144,10.98543374340981,396.0145662565902,0.0,32.378120506892074,3.7988616409596094,0.9329538803198698,Markdown / clear,120.54
84743C,3.1040244695712698,49,0,15,32,ORANGE FELT VASE + FLOWERS,0.62,1.25,2.142857142857143,6.65148100622415,42.34851899377585,0.0,24.832195756570158,1.9732447537199955,0.32441491790666516,Healthy,0.0
84750B,4.047265063361509,0,259,12,182,BLACK SMALL GLASS CAKE STAND,0.98,1.95,1.7142857142857142,6.938168680048301,252.0618313199517,0.0,32.378120506892074,0.0,0.0,Healthy,0.0
84720,2.5392146649338887,459,0,11,227,DOT MATRIX CANVAS ART PICTURE,1.98,3.95,1.5714285714285714,3.990194473467539,455.0098055265325,0.0,20.31371731947111,22.59556893410342,1.0,Markdown / clear,908.82
84712B,2.81727834435152,15,48,18,39,PINK JEWELLED PHOTO FRAME,3.98,7.95,2.5714285714285716,7.244430028332481,55.75556997166752,0.0,22.53822675481216,0.66553594314146,0.0,Healthy,0.0
84705D,2.5392146649338887,31,22,14,31,CHERRY BLOSSOM PHOTO FRAME,2.1,4.21,2.0,5.078429329867777,47.921570670132226,0.0,20.31371731947111,1.5260623898849803,0.1753541299616601,Healthy,0.0
84705F,2.5392146649338887,46,0,17,31,RED PEONY PHOTO FRAME,2.33,4.65,2.4285714285714284,6.166664186268015,39.833335813731985,0.0,20.31371731947111,2.2644796753131966,0.42149322510439885,Healthy,0.0
84706A,2.5392146649338887,722,0,19,584,ENGLISH ROSE TABLE CLOCK,4.47,8.95,2.7142857142857144,6.8921540905348415,715.1078459094651,0.0,20.31371731947111,35.54248533861148,1.0,Markdown / clear,3227.34
84706B,2.527455328645957,39,0,10,27,FAIRY CAKES TABLE CLOCK,4.47,8.95,1.4285714285714286,3.610650469494224,35.389349530505775,0.0,20.219642629167655,1.9288174729528067,0.30960582431760225,Healthy,0.0
84706C,3.1040244695712698,554,0,11,309,PINK FLOCK TABLE CLOCK,0.98,1.95,1.5714285714285714,4.877752737897709,549.1222472621023,0.0,24.832195756570158,22.30974680736485,1.0,Markdown / clear,542.92
84706D,3.1040244695712698,581,211,21,393,CHERRY BLOSSOM TABLE CLOCK,0.98,1.95,3.0,9.31207340871381,782.6879265912862,0.0,24.832195756570158,23.39704493696566,1.0,Markdown / clear,569.38
84715,2.5392146649338887,76,86,21,147,SET OF 6 ICE CREAM SKITTLES,1.48,2.95,3.0,7.617643994801666,154.38235600519835,0.0,20.31371731947111,3.7413142461696296,0.9137714153898765,Markdown / clear,112.48
84706F,2.5392146649338887,57,28,13,33,RED PEONY TABLE CLOCK,1.48,2.95,1.8571428571428572,4.715684377734365,80.28431562226564,0.0,20.31371731947111,2.805985684627222,0.601995228209074,Markdown / clear,84.36
84707B,2.5392146649338887,31,23,21,49,PINK JEWELLED MIRROR TRINKET TRAY,4.24,8.47,3.0,7.617643994801666,46.38235600519833,0.053421306016360526,20.31371731947111,1.5260623898849803,0.1753541299616601,Healthy,0.0
84708B,8.0119001901271,28,79,13,51,PINK JEWELLED PHOTO FRAME,2.48,4.95,1.8571428571428572,14.879243210236044,92.12075678976396,0.0,64.0952015210168,0.4368501749825813,0.0,Healthy,0.0
84709A,2.5392146649338887,48,0,21,44,SILVER OVAL JEWELLED MIRROR,2.98,5.95,3.0,7.617643994801666,40.38235600519833,0.08221918170003795,20.31371731947111,2.362935313370292,0.45431177112343074,Healthy,0.0
84709B,2.5392146649338887,24,89,20,71,PINK OVAL JEWELLED MIRROR,2.98,5.95,2.857142857142857,7.254899042668254,105.74510095733174,0.0,20.31371731947111,1.181467656685146,0.06048921889504869,Healthy,0.0
84711A,2.5392146649338887,54,26,20,43,SILVER OVAL SHAPE TRINKET BOX,4.97,9.95,2.857142857142857,7.254899042668254,72.74510095733174,0.0,20.31371731947111,2.658302227541579,0.5527674091805262,Markdown / clear,268.38
84711B,2.5392146649338887,24,19,15,24,PINK OVAL SHAPE TRINKET BOX,4.65,9.3,2.142857142857143,5.44117428200119,37.55882571799881,0.0,20.31371731947111,1.181467656685146,0.06048921889504869,Healthy,0.0
84707A,4.84844803144311,8,34,10,37,SILVER JEWELLED MIRROR TRINKET TRAY,4.97,9.95,1.4285714285714286,6.926354330633014,35.07364566936698,0.052063630557649176,38.78758425154488,0.20625156617433235,0.0,Healthy,0.0
84751B,2.527455328645957,34,31,13,35,BLACK MEDIUM GLASS CAKE STAND,1.88,3.75,1.8571428571428572,4.693845610342492,60.30615438965751,0.0,20.219642629167655,1.6815331815486008,0.2271777271828669,Healthy,0.0
84753A,3.1040244695712698,167,92,11,92,PINK EAU DE COLOGNE BOTTLE,0.42,0.85,1.5714285714285714,4.877752737897709,254.1222472621023,0.0,24.832195756570158,6.725140283086516,1.0,Markdown / clear,70.14
84754,4.158103325973028,0,539,14,382,S/15 SILVER GLASS BAUBLES IN BAG,0.62,1.25,2.0,8.316206651946056,530.683793348054,0.0,33.26482660778422,0.0,0.0,Healthy,0.0
84792,23.59603610034949,0,216,10,129,ENCHANTED BIRD COATHANGER 5 HOOK,2.33,4.65,1.4285714285714286,33.70862300049927,182.29137699950073,0.0,188.76828880279592,0.0,0.0,Healthy,0.0
84795A,2.5392146649338887,27,79,16,97,PASTEL STRIPE HAMMOCK,3.98,7.95,2.2857142857142856,5.803919234134602,100.1960807658654,0.0,20.31371731947111,1.3291511137707894,0.10971703792359648,Healthy,0.0
84795B,2.5392146649338887,0,102,20,93,SUNSET CHECK HAMMOCK,3.98,7.95,2.857142857142857,7.254899042668254,94.74510095733174,0.0,20.31371731947111,0.0,0.0,Healthy,0.0
84795C,2.5392146649338887,0,114,11,69,OCEAN STRIPE HAMMOCK,3.98,7.95,1.5714285714285714,3.990194473467539,110.00980552653246,0.0,20.31371731947111,0.0,0.0,Healthy,0.0
84795D,2.5392146649338887,37,103,17,76,SEASIDE STRIPE HAMMOCK,3.98,7.95,2.4285714285714284,6.166664186268015,133.833335813732,0.0,20.31371731947111,1.821429304056267,0.2738097680187557,Healthy,0.0
84795E,2.5392146649338887,38,0,7,19,RIO PINK STRIPE HAMMOCK,3.98,7.95,1.0,2.5392146649338887,35.46078533506611,0.0,20.31371731947111,1.8706571230848148,0.2902190410282716,Healthy,0.0
84791,2.5392146649338887,0,65,9,58,GINGHAM HEART DECORATION,1.48,2.95,1.2857142857142858,3.264704569200714,61.73529543079928,0.0,20.31371731947111,0.0,0.0,Healthy,0.0
84796A,3.213589132020008,0,87,7,47,PINK HAWAIIAN PICNIC HAMPER FOR 2,4.24,8.47,1.0,3.213589132020008,83.78641086798,0.0,25.708713056160065,0.0,0.0,Healthy,0.0
84797A,2.5392146649338887,538,262,20,550,PINK HAWAIIAN PICNIC HAMPER FOR 4,5.51,11.02,2.857142857142857,7.254899042668254,792.7451009573317,0.0,20.31371731947111,26.484566637358693,1.0,Markdown / clear,2964.38
84797B,2.5392146649338887,236,215,15,359,BLUE SAVANNAH PICNIC HAMPER FOR 4,5.51,11.02,2.142857142857143,5.44117428200119,445.5588257179988,0.0,20.31371731947111,11.617765290737271,1.0,Markdown / clear,1300.36
84798A,2.5392146649338887,771,0,19,686,PINK FOXGLOVE ARTIIFCIAL FLOWER,1.27,2.55,2.7142857142857144,6.8921540905348415,764.1078459094651,0.0,20.31371731947111,37.95464847101032,1.0,Markdown / clear,979.17
84798B,2.5392146649338887,569,0,7,438,PURPLE FOXGLOVE ARTIIFCIAL FLOWER,1.27,2.55,1.0,2.5392146649338887,566.4607853350661,0.0,20.31371731947111,28.010629027243674,1.0,Markdown / clear,722.63
84798C,2.5392146649338887,107,0,7,42,WHITE FOXGLOVE ARTIIFCIAL FLOWER,1.27,2.55,1.0,2.5392146649338887,104.4607853350661,0.0,20.31371731947111,5.2673766360546095,1.0,Markdown / clear,135.89
84799,3.1040244695712698,574,341,19,580,SPRIG LAVENDER ARTIFICIAL FLOWER,0.62,1.25,2.7142857142857144,8.425209274550589,906.5747907254494,0.0,24.832195756570158,23.115152829291375,1.0,Markdown / clear,355.88
84796B,2.5392146649338887,0,102,7,70,BLUE SAVANNAH PICNIC HAMPER FOR 2,4.14,8.29,1.0,2.5392146649338887,99.4607853350661,0.0,20.31371731947111,0.0,0.0,Healthy,0.0
84789,2.5392146649338887,0,122,8,62,ENCHANTED BIRD PLANT CAGE,1.88,3.75,1.1428571428571428,2.901959617067301,119.0980403829327,0.0,20.31371731947111,0.0,0.0,Healthy,0.0
84782C,2.527455328645957,107,59,11,64,GREEN 3 TIER GLASS PLATE STAND,6.38,12.75,1.5714285714285714,3.9717155164436466,162.02828448355635,0.0,20.219642629167655,5.291883836050008,1.0,Markdown / clear,682.66
84782B,2.527455328645957,58,0,21,44,BLACK 3 TIER GLASS PLATE STAND,6.38,12.75,3.0,7.582365985937871,50.41763401406213,0.0,20.219642629167655,2.868497780288789,0.6228325934295964,Markdown / clear,370.04
84755,106.3128499839433,0,2410,8,1255,COLOUR GLASS T-LIGHT HOLDER HANGING,0.32,0.65,1.1428571428571428,121.50039998164948,2288.4996000183505,0.0,850.5027998715464,0.0,0.0,Healthy,0.0
84757,2.5392146649338887,33,0,13,19,ENCHANTED GARDEN WROUGHT IRON TABLE,7.48,14.95,1.8571428571428572,4.715684377734365,28.284315622265634,0.0,20.31371731947111,1.624518027942076,0.20817267598069197,Healthy,0.0
84760S,3.1040244695712698,87,96,14,122,SMALL HANGING GLASS+ZINC LANTERN,0.72,1.45,2.0,6.2080489391425395,176.79195106085746,0.0,24.832195756570158,3.5035161953804,0.8345053984601334,Markdown / clear,62.64
84761,2.5392146649338887,85,154,19,132,IVORY HANGING BIRD PLANTER,1.27,2.55,2.7142857142857144,6.8921540905348415,232.10784590946517,0.0,20.31371731947111,4.184364617426559,1.0,Markdown / clear,107.95
84762A,2.5392146649338887,95,38,21,74,WHITE PICNIC BARBECUE BUCKET,5.38,10.75,3.0,7.617643994801666,125.38235600519833,0.0,20.31371731947111,4.676642807712037,1.0,Markdown / clear,511.1
84762B,2.5392146649338887,30,42,13,59,PINK PICNIC BARBECUE BUCKET,4.24,8.47,1.8571428571428572,4.715684377734365,67.28431562226564,0.0,20.31371731947111,1.4768345708564328,0.15894485695214425,Healthy,0.0
84762C,2.5392146649338887,14,40,7,38,GREEN PICNIC BARBECUE BUCKET,4.24,8.47,1.0,2.5392146649338887,51.46078533506611,0.0,20.31371731947111,0.6891894663996686,0.0,Healthy,0.0
84763,4.158103325973028,0,307,10,185,ZINC FINISH 15CM PLANTER POTS,0.62,1.25,1.4285714285714286,5.940147608532897,301.0598523914671,0.0,33.26482660778422,0.0,0.0,Healthy,0.0
84765,2.5392146649338887,29,0,8,16,SILVER ROCOCO CANDELABRA,6.38,12.75,1.1428571428571428,2.901959617067301,26.098040382932698,0.0,20.31371731947111,1.427606751827885,0.14253558394262833,Healthy,0.0
84766,2.5392146649338887,262,126,18,217,SILVER ROCOCO CANDLE STICK,2.98,5.95,2.5714285714285716,6.529409138401428,381.47059086159857,0.0,20.31371731947111,12.897688585479512,1.0,Markdown / clear,780.76
84767,2.5392146649338887,1516,0,21,1255,ZINC POLICE BOX LANTERN,2.98,5.95,3.0,7.617643994801666,1508.3823560051983,0.0,20.31371731947111,74.6293736472784,1.0,Markdown / clear,4517.68
84770,2.5392146649338887,398,0,15,321,ROUND GEORGIAN SILVER MIRROR,1.48,2.95,2.142857142857143,5.44117428200119,392.5588257179988,0.0,20.31371731947111,19.592671973362005,1.0,Markdown / clear,589.04
84773,2.5392146649338887,0,63,9,58,RED ROSE AND LACE C/COVER,1.48,2.95,1.2857142857142858,3.264704569200714,59.73529543079928,0.0,20.31371731947111,0.0,0.0,Healthy,0.0
84782A,2.527455328645957,123,87,7,71,PINK 3 TIER GLASS PLATE STAND,6.38,12.75,1.0,2.527455328645957,207.47254467135403,0.0,20.219642629167655,6.083193568543467,1.0,Markdown / clear,784.74
84705C,2.5392146649338887,612,0,12,478,PINK FLOCK PHOTO FRAME,2.22,4.43,1.7142857142857142,4.352939425600952,607.647060574399,0.0,20.31371731947111,30.127425245471226,1.0,Markdown / clear,1358.64
84705B,2.527455328645957,633,0,10,357,FAIRY CAKES PHOTO FRAME,1.72,3.43,1.4285714285714286,3.610650469494224,629.3893495305058,0.0,20.219642629167655,31.30619129177248,1.0,Markdown / clear,1088.76
84705A,2.5392146649338887,45,0,11,27,ENGLISH ROSE PHOTO FRAME,2.33,4.65,1.5714285714285714,3.990194473467539,41.00980552653246,0.0,20.31371731947111,2.215251856284649,0.40508395209488296,Healthy,0.0
84692,147.5272278456314,0,1715,20,1185,BOX OF 24 COCKTAIL PARASOLS,0.21,0.42,2.857142857142857,421.5063652732325,1293.4936347267676,0.0,1180.217822765051,0.0,0.0,Healthy,0.0
84621,2.5392146649338887,24,27,10,25,BLUE GINGHAM ROSE FLOOR CUSHION,3.98,7.95,1.4285714285714286,3.627449521334127,47.37255047866587,0.0,20.31371731947111,1.181467656685146,0.06048921889504869,Healthy,0.0
84622,2.5392146649338887,91,0,15,68,PINK GINGHAM ROSE CUSHION COVER,2.98,5.95,2.142857142857143,5.44117428200119,85.55882571799881,0.0,20.31371731947111,4.479731531597846,1.0,Markdown / clear,271.18
84623,2.5392146649338887,180,0,21,139,PINK GINGHAM ROSE FLOOR CUSHION,3.98,7.95,3.0,7.617643994801666,172.38235600519835,0.0,20.31371731947111,8.861007425138595,1.0,Markdown / clear,716.4
84625A,2.5392146649338887,0,175,9,162,PINK NEW BAROQUECANDLESTICK CANDLE,1.48,2.95,1.2857142857142858,3.264704569200714,171.73529543079928,0.0,20.31371731947111,0.0,0.0,Healthy,0.0
84625B,2.5392146649338887,138,0,8,137,BLCK NEW BAROQUE CANDLESTICK CANDLE,1.48,2.95,1.1428571428571428,2.901959617067301,135.0980403829327,0.01388291691289989,20.31371731947111,6.79343902593959,1.0,Markdown / clear,204.24
84625C,2.5392146649338887,133,373,21,359,BLUE NEW BAROQUE CANDLESTICK CANDLE,1.48,2.95,3.0,7.617643994801666,498.38235600519835,0.0,20.31371731947111,6.547299930796852,1.0,Markdown / clear,196.84
84620,2.5392146649338887,0,37,7,27,BLUE GINGHAM ROSE CUSHION COVER,2.98,5.95,1.0,2.5392146649338887,34.46078533506611,0.0,20.31371731947111,0.0,0.0,Healthy,0.0
84625D,2.5392146649338887,248,217,21,434,WHITE NEWBAROQUE CANDLESTICK CANDLE,1.48,2.95,3.0,7.617643994801666,457.38235600519835,0.0,20.31371731947111,12.208499119079843,1.0,Markdown / clear,367.04
84627,2.5392146649338887,80,38,13,53,CANDY STRIPE ROSE C/COVER,2.98,5.95,1.8571428571428572,4.715684377734365,113.28431562226564,0.0,20.31371731947111,3.9382255222838203,0.9794085074279401,Markdown / clear,238.4
84629,2.5392146649338887,48,0,16,41,WHITE 3 FRAME BIRDS AND TREE,2.48,4.95,2.2857142857142856,5.803919234134602,42.196080765865396,0.0,20.31371731947111,2.362935313370292,0.45431177112343074,Healthy,0.0
84631,2.5392146649338887,222,217,11,196,FRUIT TREE AND BIRDS WALL PLAQUE,3.98,7.95,1.5714285714285714,3.990194473467539,435.0098055265325,0.0,20.31371731947111,10.928575824337601,1.0,Markdown / clear,883.56
84632,2.5392146649338887,27,0,12,22,DECORATIVE HANGING SHELVING UNIT,29.98,59.95,1.7142857142857142,4.352939425600952,22.64706057439905,0.0,20.31371731947111,1.3291511137707894,0.10971703792359648,Healthy,0.0
84637,2.527455328645957,46,270,16,271,KITCHEN FLOWER POTS WALL PLAQUE,2.48,4.96,2.2857142857142856,5.777040751190758,310.2229592488092,0.0,20.219642629167655,2.275015480918695,0.42500516030623164,Healthy,0.0
84619,2.5392146649338887,107,59,17,110,BLUE GINGHAM ROSE QUILT,22.98,45.95,2.4285714285714284,6.166664186268015,159.833335813732,0.0,20.31371731947111,5.2673766360546095,1.0,Markdown / clear,2458.86
84617,2.5392146649338887,45,0,18,34,NEW BAROQUE BLACK BOXES,6.38,12.75,2.5714285714285716,6.529409138401428,38.47059086159857,0.0,20.31371731947111,2.215251856284649,0.40508395209488296,Healthy,0.0
84616,2.5392146649338887,102,47,15,80,SILVER ROCCOCO CHANDELIER,14.98,29.95,2.142857142857143,5.44117428200119,143.55882571799881,0.0,20.31371731947111,5.021237540911871,1.0,Markdown / clear,1527.96
84597B,3.1040244695712698,256,120,21,219,RETRO BROWN BALL ASHTRAY,0.62,1.25,3.0,9.31207340871381,366.6879265912862,0.0,24.832195756570158,10.309197080659569,1.0,Markdown / clear,158.72
84597C,3.1040244695712698,54,123,14,173,RETRO PINK BALL ASHTRAY,0.62,1.25,2.0,6.2080489391425395,170.79195106085746,0.012763288665563866,24.832195756570158,2.174596259201628,0.39153208640054266,Healthy,0.0
84598,58.391776039180684,0,3786,13,3396,BOYS ALPHABET IRON ON PATCHES,0.21,0.42,1.8571428571428572,108.44186978704984,3677.5581302129503,0.0,467.13420831344547,0.0,0.0,Healthy,0.0
84599,2.5392146649338887,81,0,15,51,CANDY STRIPE ROSE FLOOR CUSHION,6.02,12.04,2.142857142857143,5.44117428200119,75.55882571799881,0.0,20.31371731947111,3.987453341312368,0.9958177804374561,Markdown / clear,487.62
84600,9.642672795126616,27,63,9,32,NEW BAROQUE JEWELLERY BOX,3.98,7.95,1.2857142857142858,12.397722165162794,77.60227783483721,0.0,77.14138236101293,0.35000669126776934,0.0,Healthy,0.0
84601A,2.5392146649338887,692,243,13,454,NEW BAROQUE IVORY CUSHION COVER,1.48,2.95,1.8571428571428572,4.715684377734365,930.2843156222656,0.0,20.31371731947111,34.065650767755045,1.0,Markdown / clear,1024.16
84608,2.5392146649338887,35,0,10,18,ORNATE EDWARDIAN CANDLE HOLDER,3.98,7.95,1.4285714285714286,3.627449521334127,31.37255047866587,0.0,20.31371731947111,1.7229736659991715,0.2409912219997238,Healthy,0.0
84609,11.419510629227377,21,56,9,54,TALL ROCOCO CANDLE HOLDER,4.25,8.5,1.2857142857142858,14.682227951863771,62.31777204813623,0.0,91.35608503381901,0.22986974531828977,0.0,Healthy,0.0
84611B,2.5392146649338887,33,0,8,16,BLACK NEW BAROQUE FLOCK BOX,2.98,5.95,1.1428571428571428,2.901959617067301,30.098040382932698,0.0,20.31371731947111,1.624518027942076,0.20817267598069197,Healthy,0.0
84612B,2.5392146649338887,144,0,15,88,SET/4 BLACK  BAROQUE FLOCK COASTER,1.27,2.55,2.142857142857143,5.44117428200119,138.55882571799881,0.0,20.31371731947111,7.088805940110877,1.0,Markdown / clear,182.88
84613A,2.5392146649338887,30,0,7,19,PINK NEW BAROQUE FLOCK CANDLESTICK,2.33,4.65,1.0,2.5392146649338887,27.460785335066113,0.0,20.31371731947111,1.4768345708564328,0.15894485695214425,Healthy,0.0
84613C,2.5392146649338887,158,0,16,147,BLUE NEW BAROQUE FLOCK CANDLESTICK,2.33,4.65,2.2857142857142856,5.803919234134602,152.1960807658654,0.0,20.31371731947111,7.777995406510545,1.0,Markdown / clear,368.14
84614A,2.5392146649338887,34,0,13,25,PINK BAROQUE FLOCK CANDLE HOLDER,2.98,5.95,1.8571428571428572,4.715684377734365,29.284315622265634,0.0,20.31371731947111,1.6737458469706237,0.2245819489902079,Healthy,0.0
84615,3.1040244695712698,371,240,18,413,PINK ROUND BUTTERFLY MIRROR,0.98,1.95,2.5714285714285716,7.98177720746898,603.018222792531,0.0,24.832195756570158,14.940281706737109,1.0,Markdown / clear,363.58
84638,2.527455328645957,118,209,11,208,SMALL KITCHEN FLOWER POTS PLAQUE,3.48,6.95,1.5714285714285714,3.9717155164436466,323.0282844835564,0.0,20.219642629167655,5.835909277139261,1.0,Markdown / clear,410.64
84800M,3.1040244695712698,170,154,9,129,MEDIUM WHITE/PINK ROSE ART FLOWER,0.84,1.69,1.2857142857142858,3.99088860373449,320.0091113962655,0.0,24.832195756570158,6.845951186375495,1.0,Markdown / clear,142.8
84656,2.5392146649338887,40,0,18,36,WHITE ROSE C/COVER,2.98,5.95,2.5714285714285716,6.529409138401428,33.47059086159857,0.0702613649555952,20.31371731947111,1.9691127611419101,0.3230375870473034,Healthy,0.0
84676,2.5392146649338887,76,398,10,244,BATH DUCK WATERING CAN,1.48,2.95,1.4285714285714286,3.627449521334127,470.37255047866586,0.0,20.31371731947111,3.7413142461696296,0.9137714153898765,Markdown / clear,112.48
84678,2.5392146649338887,21,260,16,188,CLASSICAL ROSE SMALL VASE,1.27,2.55,2.2857142857142856,5.803919234134602,275.1960807658654,0.0,20.31371731947111,1.033784199599503,0.011261399866500987,Healthy,0.0
84679,2.5392146649338887,98,0,15,59,CLASSICAL ROSE TABLE LAMP,2.98,5.95,2.142857142857143,5.44117428200119,92.55882571799881,0.0,20.31371731947111,4.82432626479768,1.0,Markdown / clear,292.04
84680,2.5392146649338887,265,89,18,187,CLASSICAL ROSE URN,3.98,7.95,2.5714285714285716,6.529409138401428,347.47059086159857,0.0,20.31371731947111,13.045372042565155,1.0,Markdown / clear,1054.7
84682,2.5392146649338887,117,203,21,230,CLASSICAL ROSE DISH,1.48,2.95,3.0,7.617643994801666,312.38235600519835,0.0,20.31371731947111,5.759654826340087,1.0,Markdown / clear,173.16
84683,3.1040244695712698,41,184,7,171,CLASSICAL ROSE CANDLESTAND,0.62,1.25,1.0,3.1040244695712698,221.89597553042873,0.0,24.832195756570158,1.651082344949384,0.21702744831646137,Healthy,0.0
84675,2.5392146649338887,55,87,17,117,FROG KING WATERING CAN,1.48,2.95,2.4285714285714284,6.166664186268015,135.833335813732,0.0,20.31371731947111,2.7075300465701266,0.5691766821900422,Markdown / clear,81.4
84684,2.5392146649338887,441,272,21,655,BEACH HUT PHOTO FRAME,1.27,2.55,3.0,7.617643994801666,705.3823560051983,0.0,20.31371731947111,21.70946819158956,1.0,Markdown / clear,560.07
84686,2.5392146649338887,65,167,14,173,BEACH HUT MIRROR,3.18,6.36,2.0,5.078429329867777,226.9215706701322,0.0,20.31371731947111,3.199808236855604,0.7332694122852014,Markdown / clear,206.7
84687,2.5392146649338887,12,130,12,126,BEACH HUT SHELF W 3 DRAWERS,2.98,5.95,1.7142857142857142,4.352939425600952,137.64706057439903,0.0,20.31371731947111,0.590733828342573,0.0,Healthy,0.0
84688,2.5392146649338887,83,229,16,188,BEACH HUT DESIGN BLACKBOARD,2.12,4.25,2.2857142857142856,5.803919234134602,306.1960807658654,0.0,20.31371731947111,4.085908979369464,1.0,Markdown / clear,175.96
84689,2.5392146649338887,243,157,17,275,S/2 BEACH HUT TREASURE CHESTS,2.98,5.95,2.4285714285714284,6.166664186268015,393.833335813732,0.0,20.31371731947111,11.962360023937105,1.0,Markdown / clear,724.14
84690,2.5392146649338887,47,0,19,46,S/2 BEACH HUT STOOLS,3.98,7.95,2.7142857142857144,6.8921540905348415,40.107845909465155,0.12809030631597484,20.31371731947111,2.3137074943417444,0.4379024981139148,Healthy,0.0
84691,3.1040244695712698,0,748,13,471,PACK 20 DOLLY PEGS,0.42,0.85,1.8571428571428572,5.764616872060929,742.235383127939,0.0,24.832195756570158,0.0,0.0,Healthy,0.0
84685,2.5392146649338887,0,118,8,78,BEACH HUT KEY CABINET,3.81,7.62,1.1428571428571428,2.901959617067301,115.0980403829327,0.0,20.31371731947111,0.0,0.0,Healthy,0.0
84674,3.650692270123807,0,112,10,83,FLYING PIG WATERING CAN,1.48,2.95,1.4285714285714286,5.215274671605439,106.78472532839456,0.0,29.205538160990457,0.0,0.0,Healthy,0.0
84673B,10.073912728004684,0,142,12,91,BLUE FLY SWAT,0.32,0.65,1.7142857142857142,17.269564676579456,124.73043532342055,0.0,80.59130182403747,0.0,0.0,Healthy,0.0
84673A,3.6021602796645866,0,212,11,146,PINK FLY SWAT,0.32,0.65,1.5714285714285714,5.660537582330065,206.33946241766995,0.0,28.817282237316693,0.0,0.0,Healthy,0.0
84657,2.5392146649338887,453,245,9,251,GREEN ROSE CUSHION COVER,1.58,3.15,1.2857142857142858,3.264704569200714,694.7352954307993,0.0,20.31371731947111,22.300202019932133,1.0,Markdown / clear,715.74
84658,2.5392146649338887,0,99,10,54,WHITE STITCHED CUSHION COVER,3.48,6.95,1.4285714285714286,3.627449521334127,95.37255047866587,0.0,20.31371731947111,0.0,0.0,Healthy,0.0
84659A,3.3726285907061757,0,107,10,63,WHITE TRAVEL ALARM CLOCK,1.25,2.51,1.4285714285714286,4.818040843865965,102.18195915613404,0.0,26.981028725649406,0.0,0.0,Healthy,0.0
84660A,3.1040244695712698,203,503,20,573,WHITE STITCHED WALL CLOCK,0.62,1.25,2.857142857142857,8.8686413416322,697.1313586583678,0.0,24.832195756570158,8.174871122554267,1.0,Markdown / clear,125.86
84660B,2.5392146649338887,228,358,21,448,BLACK STITCHED WALL CLOCK,1.88,3.75,3.0,7.617643994801666,578.3823560051983,0.0,20.31371731947111,11.223942738508889,1.0,Markdown / clear,428.64
84660C,2.5392146649338887,0,241,14,223,PINK STITCHED WALL CLOCK,1.88,3.75,2.0,5.078429329867777,235.9215706701322,0.0,20.31371731947111,0.0,0.0,Healthy,0.0
84661A,2.5392146649338887,100,81,9,101,WHITE SQUARE TABLE CLOCK,1.27,2.55,1.2857142857142858,3.264704569200714,177.73529543079928,0.0,20.31371731947111,4.9227819028547755,1.0,Markdown / clear,127.0
84661B,23.19245009869497,78,78,18,155,BLACK SQUARE TABLE CLOCK,1.27,2.55,2.5714285714285716,59.63772882521564,96.36227117478435,0.3783079279046171,185.53960078955976,0.4203954286204815,0.0,Healthy,0.0
84661C,2.5392146649338887,236,91,14,159,PINK SQUARE TABLE CLOCK,1.27,2.55,2.0,5.078429329867777,321.9215706701322,0.0,20.31371731947111,11.617765290737271,1.0,Markdown / clear,299.72
84663A,5.749573444999537,202,255,19,225,GRASS HOPPER WOODEN WALL CLOCK,2.96,5.91,2.7142857142857144,15.605985064998743,441.3940149350013,0.0,45.99658755999629,4.391630134225033,1.0,Markdown / clear,597.92
84664,2.5392146649338887,195,120,12,146,CHERRY BLOSSOM BATHROOM CABINET,2.48,4.95,1.7142857142857142,4.352939425600952,310.64706057439906,0.0,20.31371731947111,9.599424710566812,1.0,Markdown / clear,483.6
84665,2.5392146649338887,139,92,21,179,SQUARE CHERRY BLOSSOM CABINET,2.98,5.95,3.0,7.617643994801666,223.38235600519835,0.0,20.31371731947111,6.8426668449681385,1.0,Markdown / clear,414.22
84666,2.5392146649338887,436,178,19,302,SQUARE CHERRY BLOSSOM CABINET,1.98,3.95,2.7142857142857144,6.8921540905348415,607.1078459094651,0.0,20.31371731947111,21.46332909644682,1.0,Markdown / clear,863.28
84670,3.1040244695712698,0,799,10,736,JAPANESE CROCHETED ANIMAL,0.21,0.42,1.4285714285714286,4.4343206708161,794.5656793291839,0.0,24.832195756570158,0.0,0.0,Healthy,0.0
84671B,2.5392146649338887,212,88,17,148,CROCHET BEAR WITH BLUE STRIPES,1.27,2.55,2.4285714285714284,6.166664186268015,293.833335813732,0.0,20.31371731947111,10.436297634052124,1.0,Markdown / clear,269.24
84653,2.5392146649338887,18,0,11,15,GREEN ROSE QUILT,22.98,45.95,1.5714285714285714,3.990194473467539,14.00980552653246,0.06601296489783592,20.31371731947111,0.8861007425138596,0.0,Healthy,0.0
84255A,2.8154898181844623,22,0,9,9,PINK GLASS COCKTAIL LAMP,1.05,2.1,1.2857142857142858,3.6199154805228804,18.38008451947712,0.0,22.5239185454757,0.9767394583487812,0.0,Healthy,0.0
85066,49.54573475897931,0,203,8,115,CREAM SWEETHEART MINI CHEST,6.38,12.75,1.1428571428571428,56.62369686740492,146.37630313259507,0.0,396.36587807183446,0.0,0.0,Healthy,0.0
85068,2.5392146649338887,0,234,9,192,CREAM SWEETHEART SHELF + HOOKS,3.98,7.95,1.2857142857142858,3.264704569200714,230.73529543079928,0.0,20.31371731947111,0.0,0.0,Healthy,0.0
90120A,2.5392146649338887,25,37,10,39,PINK MURANO TWIST BRACELET,2.12,4.25,1.4285714285714286,3.627449521334127,58.37255047866587,0.0,20.31371731947111,1.2306954757136939,0.07689849190456462,Healthy,0.0
90120B,3.3726285907061757,37,39,16,64,BLUE MURANO TWIST BRACELET,2.12,4.25,2.2857142857142856,7.708865350185544,68.29113464981445,0.0,26.981028725649406,1.3713339241519023,0.12377797471730075,Healthy,0.0
90120C,3.3726285907061757,14,58,12,34,GREEN MURANO TWIST BRACELET,2.12,4.24,1.7142857142857142,5.781649012639158,66.21835098736084,0.0,26.981028725649406,0.5188831064358549,0.0,Healthy,0.0
90120D,2.5392146649338887,35,57,9,59,WHITE MURANO TWIST BRACELET,2.12,4.25,1.2857142857142858,3.264704569200714,88.73529543079928,0.0,20.31371731947111,1.7229736659991715,0.2409912219997238,Healthy,0.0
90121B,2.5392146649338887,56,0,9,33,VINTAGE ROSE BEAD BRACELET BLUE,2.12,4.25,1.2857142857142858,3.264704569200714,52.73529543079928,0.0,20.31371731947111,2.7567578655986744,0.5855859551995581,Markdown / clear,118.72
90122A,2.5392146649338887,41,27,17,41,PINK CRYSTAL+GLASS BRACELET,2.49,4.98,2.4285714285714284,6.166664186268015,61.833335813731985,0.0,20.31371731947111,2.018340580170458,0.3394468600568194,Healthy,0.0
90119,11.815333642717087,26,35,15,52,METALIC LEAVES BAG CHARMS,1.23,2.46,2.142857142857143,25.318572091536616,35.681427908463384,0.3138186940680119,94.5226691417367,0.27506629082821404,0.0,Healthy,0.0
90122B,2.5392146649338887,30,25,10,25,JADE CRYSTAL+GLASS BRACELET,2.48,4.95,1.4285714285714286,3.627449521334127,51.37255047866587,0.0,20.31371731947111,1.4768345708564328,0.15894485695214425,Healthy,0.0
90123A,2.5392146649338887,60,28,16,40,PINK HEART OF GLASS BRACELET,2.98,5.95,2.2857142857142856,5.803919234134602,82.1960807658654,0.0,20.31371731947111,2.9536691417128655,0.6512230472376218,Markdown / clear,178.8
90123B,2.5392146649338887,30,0,11,28,TURQUOISE HEART OF GLASS BRACELET,2.98,5.95,1.5714285714285714,3.990194473467539,26.00980552653246,0.07107837405241213,20.31371731947111,1.4768345708564328,0.15894485695214425,Healthy,0.0
90123C,2.5392146649338887,39,0,12,34,GREEN HEART OF GLASS BRACELET,2.98,5.95,1.7142857142857142,4.352939425600952,34.64706057439905,0.0,20.31371731947111,1.9198849421133626,0.3066283140377875,Healthy,0.0
90123D,2.5392146649338887,36,29,10,36,WHITE HEART OF GLASS BRACELET,2.98,5.95,1.4285714285714286,3.627449521334127,61.37255047866587,0.0,20.31371731947111,1.7722014850277192,0.2574004950092397,Healthy,0.0
90124A,2.5392146649338887,39,22,12,24,PINK MURANO TWIST NECKLACE,4.97,9.95,1.7142857142857142,4.352939425600952,56.64706057439905,0.0,20.31371731947111,1.9198849421133626,0.3066283140377875,Healthy,0.0
90124B,2.5392146649338887,28,19,17,28,BLUE MURANO TWIST NECKLACE,4.98,9.96,2.4285714285714284,6.166664186268015,40.833335813731985,0.0,20.31371731947111,1.3783789327993372,0.1261263109331124,Healthy,0.0
90122C,3.213589132020008,29,26,11,29,TURQUOISE CRYSTAL+GLASS BRACELET,2.48,4.96,1.5714285714285714,5.049925778888584,49.950074221111414,0.0,25.708713056160065,1.1280222365332018,0.04267407884440059,Healthy,0.0
90124C,2.5392146649338887,23,20,15,25,GREEN MURANO TWIST NECKLACE,4.97,9.95,2.142857142857143,5.44117428200119,37.55882571799881,0.0,20.31371731947111,1.1322398376565983,0.04407994588553277,Healthy,0.0
90118,3.213589132020008,24,21,12,24,PINK DAISY BAG CHARM,1.23,2.46,1.7142857142857142,5.509009940605728,39.49099005939427,0.0,25.708713056160065,0.9335356440274774,0.0,Healthy,0.0
90115,2.5392146649338887,0,28,7,21,SUMMER BUTTERFLIES BAG CHARM,1.25,2.51,1.0,2.5392146649338887,25.460785335066113,0.0,20.31371731947111,0.0,0.0,Healthy,0.0
90094,2.5392146649338887,40,30,18,54,NECKLACE+BRACELET SET FRUIT SALAD,1.27,2.55,2.5714285714285716,6.529409138401428,63.47059086159857,0.0,20.31371731947111,1.9691127611419101,0.3230375870473034,Healthy,0.0
90095,2.5392146649338887,87,0,13,52,NECKLACE+BRACELET SET PINK BLOSSOM,1.27,2.55,1.8571428571428572,4.715684377734365,82.28431562226564,0.0,20.31371731947111,4.282820255483655,1.0,Markdown / clear,110.49
90096,2.5392146649338887,55,64,20,59,NECKLACE+BRACELET SET BLUE BLOSSOM,1.23,2.46,2.857142857142857,7.254899042668254,111.74510095733174,0.0,20.31371731947111,2.7075300465701266,0.5691766821900422,Markdown / clear,67.65
90098,3.3726285907061757,35,50,14,72,NECKLACE+BRACELET PINK BUTTERFLY,1.27,2.55,2.0,6.745257181412351,78.25474281858764,0.0,26.981028725649406,1.2972077660896373,0.09906925536321243,Healthy,0.0
90099,4.047003057792295,31,26,9,22,NECKLACE+BRACELET SET BLUE HIBISCUS,1.27,2.55,1.2857142857142858,5.2032896457329505,51.79671035426705,0.0,32.37602446233836,0.957498658801082,0.0,Healthy,0.0
90100,2.5392146649338887,77,0,19,68,NECKLACE+BRACELET SET PINK DAISY,1.27,2.55,2.7142857142857144,6.8921540905348415,70.10784590946515,0.0,20.31371731947111,3.7905420651981774,0.9301806883993925,Markdown / clear,97.79
90116,7.117711324899823,14,52,14,40,FRUIT SALAD BAG CHARM,1.23,2.46,2.0,14.235422649799647,51.764577350200355,0.0,56.94169059919859,0.24586554864595186,0.0,Healthy,0.0
90101,2.5392146649338887,31,28,11,29,WHITE FRANGIPANI NECKLACE,1.27,2.54,1.5714285714285714,3.990194473467539,55.00980552653246,0.0,20.31371731947111,1.5260623898849803,0.1753541299616601,Healthy,0.0
90103,2.5392146649338887,30,23,12,28,PURPLE FRANGIPANI NECKLACE,1.27,2.54,1.7142857142857142,4.352939425600952,48.64706057439905,0.0,20.31371731947111,1.4768345708564328,0.15894485695214425,Healthy,0.0
90104,3.1040244695712698,71,81,20,80,PURPLE FRANGIPANI HAIRCLIP,0.42,0.83,2.857142857142857,8.8686413416322,143.1313586583678,0.0,24.832195756570158,2.8591913778391773,0.6197304592797258,Markdown / clear,29.82
90108,4.660324557896821,175,90,15,119,BLUE BLOSSOM HAIR CLIP,0.52,1.05,2.142857142857143,9.98640976692176,255.01359023307825,0.0,37.28259646317457,4.693879091088897,1.0,Markdown / clear,91.0
90111,3.1040244695712698,28,0,14,19,BLUE HIBISCUS  HAIR CLIP,0.52,1.05,2.0,6.2080489391425395,21.79195106085746,0.0,24.832195756570158,1.1275684306971403,0.0425228102323801,Healthy,0.0
90112,3.1040244695712698,123,70,11,73,PINK DOLLY HAIR CLIPS,0.52,1.05,1.5714285714285714,4.877752737897709,188.1222472621023,0.0,24.832195756570158,4.953247034848152,1.0,Markdown / clear,63.96
90114,13.491775239621296,0,109,19,77,SUMMER DAISIES BAG CHARM,1.23,2.46,2.7142857142857144,36.6205327932578,72.37946720674219,0.060006919392958546,107.93420191697037,0.0,0.0,Healthy,0.0
90102,3.1040244695712698,189,0,21,131,WHITE FRANGIPANI HAIR CLIP,0.42,0.85,3.0,9.31207340871381,179.68792659128619,0.0,24.832195756570158,7.6110869072056975,1.0,Markdown / clear,79.38
90125A,2.8154898181844623,403,147,21,281,PINK BERTIE GLASS BEAD BAG CHARM,1.05,2.1,3.0,8.446469454553387,541.5535305454466,0.0,22.5239185454757,17.8920909870254,1.0,Markdown / clear,423.15
90125B,5.074471093187564,102,36,18,68,AQUA BERTIE GLASS BEAD BAG CHARM,1.05,2.1,2.5714285714285716,13.04863995391088,124.95136004608912,0.0,40.595768745500514,2.512577126927922,0.5041923756426406,Markdown / clear,107.1
90125C,3.1040244695712698,194,0,7,142,TURQUOISE BERTIE GLASS BEAD CHARM,0.82,1.64,1.0,3.1040244695712698,190.89597553042873,0.0,24.832195756570158,7.812438412687329,1.0,Markdown / clear,159.08
90130C,2.5392146649338887,29,15,19,23,GREEN STONE/CRYSTAL EARRINGS,1.48,2.96,2.7142857142857144,6.8921540905348415,37.107845909465155,0.0,20.31371731947111,1.427606751827885,0.14253558394262833,Healthy,0.0
90130D,2.5392146649338887,42,0,13,32,RED STONE/CRYSTAL EARRINGS,1.48,2.96,1.8571428571428572,4.715684377734365,37.28431562226564,0.0,20.31371731947111,2.067568399199006,0.3558561330663353,Healthy,0.0
90131,2.5392146649338887,38,0,7,19,PINK/AMETHYST/GOLD NECKLACE,3.48,6.95,1.0,2.5392146649338887,35.46078533506611,0.0,20.31371731947111,1.8706571230848148,0.2902190410282716,Healthy,0.0
90132,2.5392146649338887,16,0,8,8,LIGHT TOPAZ TEAL/AQUA COL NECKLACE,2.54,5.09,1.1428571428571428,2.901959617067301,13.098040382932698,0.0,20.31371731947111,0.7876451044567641,0.0,Healthy,0.0
90133,3.3726285907061757,18,20,13,24,TEAL/FUSCHIA COL BEAD NECKLACE,2.54,5.09,1.8571428571428572,6.263453097025755,31.736546902974247,0.0,26.981028725649406,0.6671354225603849,0.0,Healthy,0.0
90134,3.650692270123807,0,42,15,30,OLD ROSE COMBO BEAD NECKLACE,1.48,2.96,2.142857142857143,7.822912007408158,34.177087992591844,0.0,29.205538160990457,0.0,0.0,Healthy,0.0
90130B,3.755160797457552,11,38,21,36,TURQ STONE/CRYSTAL EARRINGS,1.48,2.95,3.0,11.265482392372656,37.734517607627346,0.0,30.041286379660416,0.3661627488577719,0.0,Healthy,0.0
90135,2.5392146649338887,72,0,7,33,ORANGE/WHT/FUSCHIA STONES NECKLACE,2.49,4.98,1.0,2.5392146649338887,69.4607853350661,0.0,20.31371731947111,3.5444029700554385,0.8481343233518128,Markdown / clear,179.28
90136,2.5392146649338887,44,0,17,27,PALE PINK/AMETHYST STONE NECKLACE,4.97,9.95,2.4285714285714284,6.166664186268015,37.833335813731985,0.0,20.31371731947111,2.166024037256101,0.388674679085367,Healthy,0.0
90137,2.5392146649338887,45,0,18,44,PINK COMBO MINI CRYSTALS NECKLACE,2.48,4.95,2.5714285714285716,6.529409138401428,38.47059086159857,0.1256683895091233,20.31371731947111,2.215251856284649,0.40508395209488296,Healthy,0.0
90138,2.5392146649338887,32,21,7,14,WHITE/PINK MINI CRYSTALS NECKLACE,2.7,5.4,1.0,2.5392146649338887,50.46078533506611,0.0,20.31371731947111,1.5752902089135281,0.19176340297117603,Healthy,0.0
90139,2.5392146649338887,40,0,14,33,FLOWER BROOCH 4 ASSORTED COLOURS,2.6,5.2,2.0,5.078429329867777,34.921570670132226,0.0,20.31371731947111,1.9691127611419101,0.3230375870473034,Healthy,0.0
90140,2.5392146649338887,23,0,8,13,PINK SWEETIE NECKLACE,3.75,7.5,1.1428571428571428,2.901959617067301,20.098040382932698,0.0,20.31371731947111,1.1322398376565983,0.04407994588553277,Healthy,0.0
90141A,2.527455328645957,37,16,17,24,GREEN PENDANT TRIPLE SHELL NECKLACE,2.97,5.4,2.4285714285714284,6.138105798140181,46.86189420185982,0.0,20.219642629167655,1.8299037563911242,0.27663458546370806,Healthy,0.0
90135A,2.5392146649338887,62,0,8,33,ORANGE/FUSCHIA STONES NECKLACE,2.48,4.96,1.1428571428571428,2.901959617067301,59.0980403829327,0.0,20.31371731947111,3.0521247797699607,0.6840415932566536,Markdown / clear,153.76
90130A,2.5392146649338887,40,0,15,39,WHITE STONE/CRYSTAL EARRINGS,1.48,2.95,2.142857142857143,5.44117428200119,34.55882571799881,0.11387626364105619,20.31371731947111,1.9691127611419101,0.3230375870473034,Healthy,0.0
90129F,4.435574205436875,29,30,17,49,RED GLASS TASSLE BAG CHARM,0.83,1.66,2.4285714285714284,10.772108784632412,48.22789121536759,0.0157573221353553,35.484593643495,0.8172560827765389,0.0,Healthy,0.0
90129E,3.4908755161689506,54,72,21,74,PURPLE GLASS TASSLE BAG CHARM,0.83,1.66,3.0,10.472626548506852,115.52737345149315,0.0,27.927004129351605,1.9336123470274198,0.3112041156758066,Healthy,0.0
90125D,2.8154898181844623,86,61,12,100,PURPLE BERTIE GLASS BEAD BAG CHARM,1.05,2.1,1.7142857142857142,4.826553974030507,142.1734460259695,0.0,22.5239185454757,3.818163337181599,0.939387779060533,Markdown / clear,90.3
90125E,2.8154898181844623,26,15,11,13,AMBER BERTIE GLASS BEAD BAG CHARM,1.05,2.1,1.5714285714285714,4.424341142861298,36.575658857138706,0.0,22.5239185454757,1.1543284507758322,0.05144281692527741,Healthy,0.0
90126A,3.1040244695712698,127,0,15,91,PINK BERTIE MOBILE PHONE CHARM,0.84,1.69,2.142857142857143,6.65148100622415,120.34851899377585,0.0,24.832195756570158,5.1143282392334575,1.0,Markdown / clear,106.68
90126B,2.5392146649338887,22,0,10,10,BLUE BERTIE MOBILE PHONE CHARM,1.68,3.36,1.4285714285714286,3.627449521334127,18.37255047866587,0.0,20.31371731947111,1.0830120186280505,0.02767067287601684,Healthy,0.0
90126C,2.5392146649338887,163,0,21,123,AMBER BERTIE MOBILE PHONE CHARM,1.64,3.29,3.0,7.617643994801666,155.38235600519835,0.0,20.31371731947111,8.024134501653284,1.0,Markdown / clear,267.32
90127A,3.1040244695712698,202,0,11,116,PINK BEADS+HAND PHONE CHARM,0.93,1.86,1.5714285714285714,4.877752737897709,197.1222472621023,0.0,24.832195756570158,8.13460082145794,1.0,Markdown / clear,187.86
90127B,3.1040244695712698,27,0,14,14,BLUE BEADS+HAND PHONE CHARM,0.62,1.25,2.0,6.2080489391425395,20.79195106085746,0.0,24.832195756570158,1.087298129600814,0.029099376533604653,Healthy,0.0
90128A,3.1040244695712698,56,0,8,42,PINK LEAVES AND BEADS PHONE CHARM,0.62,1.25,1.1428571428571428,3.5474565366528794,52.45254346334712,0.0,24.832195756570158,2.2551368613942806,0.41837895379809353,Healthy,0.0
90128B,3.1040244695712698,118,0,20,93,BLUE LEAVES AND BEADS PHONE CHARM,0.62,1.25,2.857142857142857,8.8686413416322,109.1313586583678,0.0,24.832195756570158,4.75189552936652,1.0,Markdown / clear,73.16
90128C,3.1040244695712698,114,0,20,90,GREEN LEAVES AND BEADS PHONE CHARM,0.93,1.86,2.857142857142857,8.8686413416322,105.1313586583678,0.0,24.832195756570158,4.590814324981214,1.0,Markdown / clear,106.02
90128D,2.5392146649338887,60,0,18,46,PURPLE LEAVES AND BEADS PHONE CHAR,1.23,2.46,2.5714285714285716,6.529409138401428,53.47059086159857,0.0,20.31371731947111,2.9536691417128655,0.6512230472376218,Markdown / clear,73.8
90129A,3.1040244695712698,0,70,12,45,PINK GLASS TASSLE BAG CHARM,0.83,1.66,1.7142857142857142,5.321184804979319,64.67881519502068,0.0,24.832195756570158,0.0,0.0,Healthy,0.0
90129B,3.6021602796645866,0,37,7,34,TURQUOISE GLASS TASSLE BAG CHARM,0.83,1.66,1.0,3.6021602796645866,33.39783972033541,0.01771059646072315,28.817282237316693,0.0,0.0,Healthy,0.0
90129C,3.4908755161689506,47,65,17,56,GREEN GLASS TASSLE BAG CHARM,0.83,1.66,2.4285714285714284,8.47784053926745,103.52215946073255,0.0,27.927004129351605,1.6829588946349765,0.2276529648783255,Healthy,0.0
90129D,3.1040244695712698,37,33,13,40,AMBER GLASS TASSLE BAG CHARM,0.83,1.66,1.8571428571428572,5.764616872060929,64.23538312793907,0.0,24.832195756570158,1.4900011405640783,0.16333371352135942,Healthy,0.0
90093,3.4908755161689506,384,142,20,286,CLEAR CRYSTAL STAR PHONE CHARM,0.42,0.85,2.857142857142857,9.973930046197003,516.026069953803,0.0,27.927004129351605,13.750132245528318,1.0,Markdown / clear,161.28
90141B,2.527455328645957,42,0,19,34,IVORY PENDANT TRIPLE SHELL NECKLACE,2.74,4.98,2.7142857142857144,6.860235892039026,35.13976410796097,0.0,20.219642629167655,2.0771880477953304,0.3590626825984435,Healthy,0.0
90092,3.1040244695712698,421,0,21,363,BLUE CRYSTAL BOOT PHONE CHARM,0.42,0.85,3.0,9.31207340871381,411.6879265912862,0.0,24.832195756570158,16.95379676155343,1.0,Markdown / clear,176.82
90090,3.1040244695712698,410,223,8,243,PINK CRYSTAL HEART PHONE CHARM,0.42,0.85,1.1428571428571428,3.5474565366528794,629.4525434633471,0.0,24.832195756570158,16.51082344949384,1.0,Markdown / clear,172.2
90055,2.5392146649338887,19,0,14,14,CRACKED GLAZE EARRINGS BROWN,1.27,2.54,2.0,5.078429329867777,13.921570670132223,0.005602094990555528,20.31371731947111,0.9353285615424074,0.0,Healthy,0.0
90056,2.5392146649338887,27,0,13,26,CHUNKY CRACKED GLAZE NECKLACE IVORY,5.52,11.05,1.8571428571428572,4.715684377734365,22.284315622265634,0.14291093760516793,20.31371731947111,1.3291511137707894,0.10971703792359648,Healthy,0.0
90057,55.603132136619806,979,772,14,1222,DIAMANTE RING ASSORTED IN BOX.,0.62,1.25,2.0,111.20626427323961,1639.7937357267604,0.0,444.82505709295845,2.20086522642858,0.4002884088095267,Healthy,0.0
90058A,28.793098090094997,521,0,9,477,CRYSTAL STUD EARRINGS CLEAR DISPLAY,0.19,0.38,1.2857142857142858,37.019697544407855,483.98030245559215,0.0,230.34478472075998,2.2618267682144078,0.42060892273813594,Healthy,0.0
90058B,52.05511545381704,754,542,17,736,CRYSTAL STUD EARRINGS ASSORTED COL,0.19,0.38,2.4285714285714284,126.41956610212708,1169.5804338978728,0.0,416.4409236305363,1.8105809424938841,0.2701936474979614,Healthy,0.0
90059A,5.605023247164745,0,34,8,25,DIAMANTE HAIR GRIP PACK/2 CRYSTAL,0.84,1.69,1.1428571428571428,6.405740853902565,27.594259146097436,0.0,44.84018597731796,0.0,0.0,Healthy,0.0
90054,2.5392146649338887,29,14,17,17,CRACKED GLAZE EARRINGS RED,1.27,2.54,2.4285714285714284,6.166664186268015,36.833335813731985,0.0,20.31371731947111,1.427606751827885,0.14253558394262833,Healthy,0.0
90059B,3.4908755161689506,65,25,17,42,DIAMANTE HAIR GRIP PACK/2 BLACK DIA,0.84,1.67,2.4285714285714284,8.47784053926745,81.52215946073255,0.0,27.927004129351605,2.3274963436441163,0.44249878121470543,Healthy,0.0
90059D,3.4908755161689506,28,25,18,41,DIAMANTE HAIR GRIP PACK/2 PERIDOT,0.84,1.69,2.5714285714285716,8.976537041577302,44.0234629584227,0.0,27.927004129351605,1.0026138095697732,0.0008712698565910652,Healthy,0.0
90059E,3.6021602796645866,23,23,13,29,DIAMANTE HAIR GRIP PACK/2 RUBY,0.82,1.65,1.8571428571428572,6.689726233662804,39.3102737663372,0.0,28.817282237316693,0.7981321698066428,0.0,Healthy,0.0
90059F,3.6021602796645866,35,26,11,30,DIAMANTE HAIR GRIP PACK/2 LT ROSE,0.82,1.65,1.5714285714285714,5.660537582330065,55.339462417669935,0.0,28.817282237316693,1.214548954053587,0.07151631801786233,Healthy,0.0
90060B,2.5392146649338887,50,0,20,34,FIRE POLISHED GLASS NECKL GOLD,2.98,5.95,2.857142857142857,7.254899042668254,42.74510095733174,0.0,20.31371731947111,2.4613909514273877,0.4871303171424626,Healthy,0.0
90060C,2.5392146649338887,62,0,10,35,FIRE POLISHED GLASS NECKL SILVER,2.98,5.95,1.4285714285714286,3.627449521334127,58.37255047866587,0.0,20.31371731947111,3.0521247797699607,0.6840415932566536,Markdown / clear,184.76
90060D,2.5392146649338887,40,0,14,30,FIRE POLISHED GLASS NECKL BRONZE,2.98,5.95,2.0,5.078429329867777,34.921570670132226,0.0,20.31371731947111,1.9691127611419101,0.3230375870473034,Healthy,0.0
90059C,3.4908755161689506,60,25,21,50,DIAMANTE HAIR GRIP PACK/2 MONTANA,0.82,1.65,3.0,10.472626548506852,74.52737345149315,0.0,27.927004129351605,2.1484581633637996,0.3828193877879332,Healthy,0.0
90060F,2.5392146649338887,57,22,18,40,FIRE POLISHED GLASS NECKL GREEN,2.97,5.94,2.5714285714285716,6.529409138401428,72.47059086159857,0.0,20.31371731947111,2.805985684627222,0.601995228209074,Markdown / clear,169.29
90053,2.5392146649338887,17,0,12,12,CRACKED GLAZE EARRINGS IVORY,1.27,2.54,1.7142857142857142,4.352939425600952,12.647060574399049,0.0,20.31371731947111,0.8368729234853118,0.0,Healthy,0.0
90051,2.5392146649338887,19,0,8,14,CRACKED GLAZE NECKLACE RED,3.48,6.95,1.1428571428571428,2.901959617067301,16.098040382932698,0.0,20.31371731947111,0.9353285615424074,0.0,Healthy,0.0
90039D,2.5392146649338887,54,36,11,34,FIRE POLISHED GLASS BRACELET GREEN,1.9,3.81,1.5714285714285714,3.990194473467539,86.00980552653246,0.0,20.31371731947111,2.658302227541579,0.5527674091805262,Markdown / clear,102.6
90040A,2.5392146649338887,13,22,10,22,MURANO STYLE GLASS BRACELET RED,2.12,4.24,1.4285714285714286,3.627449521334127,31.37255047866587,0.0,20.31371731947111,0.6399616473711208,0.0,Healthy,0.0
90040B,2.5392146649338887,15,33,8,23,MURANO STYLE GLASS BRACELET BLACK,1.86,3.73,1.1428571428571428,2.901959617067301,45.0980403829327,0.0,20.31371731947111,0.7384172854282164,0.0,Healthy,0.0
90040C,3.755160797457552,57,27,16,40,MURANO STYLE GLASS BRACELET GOLD,1.86,3.73,2.2857142857142856,8.583224679902976,75.41677532009703,0.0,30.041286379660416,1.897388789535727,0.299129596511909,Healthy,0.0
90040D,2.5392146649338887,41,27,12,28,MURANO STYLE GLASS BRACELET PINK,1.9,3.81,1.7142857142857142,4.352939425600952,63.64706057439905,0.0,20.31371731947111,2.018340580170458,0.3394468600568194,Healthy,0.0
90041,2.5392146649338887,21,0,8,11,PEARL AND CHERRY QUARTZ BRACLET,1.86,3.73,1.1428571428571428,2.901959617067301,18.098040382932698,0.0,20.31371731947111,1.033784199599503,0.011261399866500987,Healthy,0.0
90052,2.5392146649338887,41,0,15,27,CRACKED GLAZE NECKLACE BROWN,3.54,7.07,2.142857142857143,5.44117428200119,35.55882571799881,0.0,20.31371731947111,2.018340580170458,0.3394468600568194,Healthy,0.0
90042A,2.5392146649338887,35,30,12,37,FRESHWATER PEARL BRACELET GOLD,1.27,2.54,1.7142857142857142,4.352939425600952,60.64706057439905,0.0,20.31371731947111,1.7229736659991715,0.2409912219997238,Healthy,0.0
90042C,2.5392146649338887,43,33,10,35,FRESHWATER PEARL BRACELET IVORY,1.27,2.54,1.4285714285714286,3.627449521334127,72.37255047866587,0.0,20.31371731947111,2.1167962182275537,0.37226540607585124,Healthy,0.0
90043,2.5392146649338887,52,0,20,39,COPPER AND BRASS BAG CHARM,2.48,4.95,2.857142857142857,7.254899042668254,44.74510095733174,0.0,20.31371731947111,2.5598465894844833,0.5199488631614945,Markdown / clear,128.96
90046,2.5392146649338887,48,0,10,28,WHITE WITH METAL BAG CHARM,2.48,4.95,1.4285714285714286,3.627449521334127,44.37255047866587,0.0,20.31371731947111,2.362935313370292,0.45431177112343074,Healthy,0.0
90048,2.5392146649338887,108,0,9,74,GREEN WITH METAL BAG CHARM,2.48,4.95,1.2857142857142858,3.264704569200714,104.73529543079928,0.0,20.31371731947111,5.316604455083158,1.0,Markdown / clear,267.84
90049,2.5392146649338887,107,0,10,70,IVORY GOLD METAL BAG CHARM,3.73,7.46,1.4285714285714286,3.627449521334127,103.37255047866587,0.0,20.31371731947111,5.2673766360546095,1.0,Markdown / clear,399.11
90050,2.5392146649338887,40,0,11,24,CRACKED GLAZE NECKLACE IVORY,3.5,7.01,1.5714285714285714,3.990194473467539,36.00980552653246,0.0,20.31371731947111,1.9691127611419101,0.3230375870473034,Healthy,0.0
90042B,2.5392146649338887,92,0,21,67,FRESHWATER PEARL BRACELET PINK,1.27,2.55,3.0,7.617643994801666,84.38235600519833,0.0,20.31371731947111,4.528959350626393,1.0,Markdown / clear,116.84
90062,2.5392146649338887,0,72,20,65,CARNIVAL BRACELET,6.38,12.75,2.857142857142857,7.254899042668254,64.74510095733174,0.003921523733357746,20.31371731947111,0.0,0.0,Healthy,0.0
90063A,2.5392146649338887,41,0,20,37,WHITE VINT ART DECO CRYSTAL NECKLAC,4.25,8.5,2.857142857142857,7.254899042668254,33.74510095733174,0.08797024439643941,20.31371731947111,2.018340580170458,0.3394468600568194,Healthy,0.0
90063B,2.5392146649338887,17,0,8,14,BLACK VINT ART DEC CRYSTAL NECKLACE,4.25,8.5,1.1428571428571428,2.901959617067301,14.098040382932698,0.0,20.31371731947111,0.8368729234853118,0.0,Healthy,0.0
90081A,2.5392146649338887,42,31,10,28,LILY BROOCH AMETHYST COLOUR,2.48,4.95,1.4285714285714286,3.627449521334127,69.37255047866587,0.0,20.31371731947111,2.067568399199006,0.3558561330663353,Healthy,0.0
90081B,2.5392146649338887,67,0,14,40,LILY BROOCH WHITE/SILVER COLOUR,2.48,4.95,2.0,5.078429329867777,61.921570670132226,0.0,20.31371731947111,3.2982638749126996,0.7660879583042332,Markdown / clear,166.16
90081C,2.5392146649338887,22,21,17,31,LILY BROOCH OLIVE COLOUR,2.49,4.98,2.4285714285714284,6.166664186268015,36.833335813731985,0.0,20.31371731947111,1.0830120186280505,0.02767067287601684,Healthy,0.0
90082A,2.5392146649338887,36,25,16,37,DIAMANTE BOW BROOCH GREEN COLOUR,3.18,6.35,2.2857142857142856,5.803919234134602,55.196080765865396,0.0,20.31371731947111,1.7722014850277192,0.2574004950092397,Healthy,0.0
90082B,2.5392146649338887,35,33,8,27,DIAMANTE BOW BROOCH RED COLOUR,3.18,6.35,1.1428571428571428,2.901959617067301,65.0980403829327,0.0,20.31371731947111,1.7229736659991715,0.2409912219997238,Healthy,0.0
90082C,2.5392146649338887,27,0,15,15,DIAMANTE BOW BROOCH WHITE COLOUR,3.4,6.79,2.142857142857143,5.44117428200119,21.55882571799881,0.0,20.31371731947111,1.3291511137707894,0.10971703792359648,Healthy,0.0
90079,2.5392146649338887,42,0,19,39,VINTAGE ENAMEL & CRYSTAL NECKLACE,2.48,4.95,2.7142857142857144,6.8921540905348415,35.107845909465155,0.09979882283422681,20.31371731947111,2.067568399199006,0.3558561330663353,Healthy,0.0
90082D,2.5392146649338887,0,30,7,22,DIAMANTE BOW BROOCH BLACK COLOUR,3.18,6.35,1.0,2.5392146649338887,27.460785335066113,0.0,20.31371731947111,0.0,0.0,Healthy,0.0
90084,3.1040244695712698,274,0,16,209,PINK CRYSTAL GUITAR PHONE CHARM,0.42,0.85,2.2857142857142856,7.094913073305759,266.90508692669425,0.0,24.832195756570158,11.034062500393444,1.0,Markdown / clear,115.08
90085,7.929559264978425,277,167,8,242,CRYSTAL STILETTO PHONE CHARM,0.42,0.85,1.1428571428571428,9.062353445689629,434.9376465543104,0.0,63.4364741198274,4.366573077134849,1.0,Markdown / clear,116.34
90086,13.983124873782494,88,78,12,110,CRYSTAL FROG PHONE CHARM,0.82,1.63,1.7142857142857142,23.97107121219856,142.02892878780145,0.0,111.86499899025995,0.7866625020723608,0.0,Healthy,0.0
90087,3.6021602796645866,111,96,15,191,CRYSTAL SEA HORSE PHONE CHARM,0.82,1.63,2.142857142857143,7.7189148849955425,199.28108511500446,0.0,28.817282237316693,3.851855254284233,0.9506184180947442,Markdown / clear,91.02
90088,3.1040244695712698,268,0,16,238,CRYSTAL KEY+LOCK PHONE CHARM,0.42,0.85,2.2857142857142856,7.094913073305759,260.90508692669425,0.0,24.832195756570158,10.792440693815486,1.0,Markdown / clear,112.56
90089,3.4908755161689506,104,58,13,81,PINK CRYSTAL SKULL PHONE CHARM,0.82,1.63,1.8571428571428572,6.483054530028052,155.51694546997194,0.0,27.927004129351605,3.723994149830586,0.9079980499435286,Markdown / clear,85.28
90083,4.771609321392457,56,0,8,46,CRYSTAL CZECH CROSS PHONE CHARM,0.82,1.63,1.1428571428571428,5.453267795877093,50.546732204122904,0.0,38.17287457113966,1.4670102953770847,0.15567009845902824,Healthy,0.0
90078,2.5392146649338887,58,0,20,42,PINK/WHITE GLASS DEMI CHOKER,3.75,7.5,2.857142857142857,7.254899042668254,50.74510095733174,0.0,20.31371731947111,2.85521350365577,0.61840450121859,Markdown / clear,217.5
90077,2.5392146649338887,25,0,15,15,BLACK DIAMOND CLUSTER EARRINGS,1.48,2.96,2.142857142857143,5.44117428200119,19.55882571799881,0.0,20.31371731947111,1.2306954757136939,0.07689849190456462,Healthy,0.0
90076,2.5392146649338887,38,0,9,25,MONTANA DIAMOND CLUSTER EARRINGS,1.48,2.96,1.2857142857142858,3.264704569200714,34.73529543079928,0.0,20.31371731947111,1.8706571230848148,0.2902190410282716,Healthy,0.0
90064A,2.5392146649338887,46,0,20,42,WHITE VINTAGE CRYSTAL EARRINGS,2.08,4.15,2.857142857142857,7.254899042668254,38.74510095733174,0.0774975962540061,20.31371731947111,2.2644796753131966,0.42149322510439885,Healthy,0.0
90064B,2.5392146649338887,24,0,8,19,BLACK VINTAGE  CRYSTAL EARRINGS,1.88,3.75,1.1428571428571428,2.901959617067301,21.098040382932698,0.0,20.31371731947111,1.181467656685146,0.06048921889504869,Healthy,0.0
90065A,2.5392146649338887,36,0,15,35,WHITE VINTAGE CRYSTAL BRACELET,3.53,7.06,2.142857142857143,5.44117428200119,30.55882571799881,0.12689069377146256,20.31371731947111,1.7722014850277192,0.2574004950092397,Healthy,0.0
90065B,2.5392146649338887,39,0,20,38,BLACK VINT ART DEC CRYSTAL BRACELET,3.38,6.75,2.857142857142857,7.254899042668254,31.745100957331747,0.16460260638600666,20.31371731947111,1.9198849421133626,0.3066283140377875,Healthy,0.0
90066A,2.5392146649338887,77,0,16,45,PINK VINTAGE VICTORIAN CHOKER,3.38,6.75,2.2857142857142856,5.803919234134602,71.1960807658654,0.0,20.31371731947111,3.7905420651981774,0.9301806883993925,Markdown / clear,260.26
90067A,2.5392146649338887,61,0,21,59,PINK VINTAGE VICTORIAN EARRINGS,1.48,2.95,3.0,7.617643994801666,53.38235600519833,0.09521430499663841,20.31371731947111,3.0028969607414133,0.6676323202471378,Markdown / clear,90.28
90067B,2.5392146649338887,69,0,12,47,BROWN VINTAGE VICTORIAN EARRINGS,1.48,2.95,1.7142857142857142,4.352939425600952,64.64706057439905,0.0,20.31371731947111,3.396719512969795,0.798906504323265,Markdown / clear,102.12
90068,2.5392146649338887,24,0,11,11,"RUBY GLASS NECKLACE 42""",3.75,7.5,1.5714285714285714,3.990194473467539,20.00980552653246,0.0,20.31371731947111,1.181467656685146,0.06048921889504869,Healthy,0.0
90069,2.5392146649338887,58,0,11,36,RUBY GLASS CLUSTER NECKLACE,3.75,7.5,1.5714285714285714,3.990194473467539,54.00980552653246,0.0,20.31371731947111,2.85521350365577,0.61840450121859,Markdown / clear,217.5
90070,2.5392146649338887,35,33,12,36,RUBY GLASS CLUSTER BRACELET,3.12,6.23,1.7142857142857142,4.352939425600952,63.64706057439905,0.0,20.31371731947111,1.7229736659991715,0.2409912219997238,Healthy,0.0
90071,3.6021602796645866,0,37,17,26,RUBY GLASS CLUSTER EARRINGS,0.63,1.26,2.4285714285714284,8.748103536328282,28.25189646367172,0.0,28.817282237316693,0.0,0.0,Healthy,0.0
90072,2.5392146649338887,26,21,13,27,RUBY DROP CHANDELIER EARRINGS,2.1,4.2,1.8571428571428572,4.715684377734365,42.28431562226564,0.0,20.31371731947111,1.2799232947422416,0.09330776491408055,Healthy,0.0
90073,2.5392146649338887,29,21,18,35,VINTAGE ENAMEL & CRYSTAL EARRINGS,2.52,5.04,2.5714285714285716,6.529409138401428,43.47059086159857,0.0,20.31371731947111,1.427606751827885,0.14253558394262833,Healthy,0.0
90074,2.5392146649338887,27,0,13,18,BLACK DIAMOND CLUSTER NECKLACE,4.47,8.95,1.8571428571428572,4.715684377734365,22.284315622265634,0.0,20.31371731947111,1.3291511137707894,0.10971703792359648,Healthy,0.0
90075,2.5392146649338887,26,0,11,16,MONTANA DIAMOND CLUSTER NECKLACE,4.47,8.95,1.5714285714285714,3.990194473467539,22.00980552653246,0.0,20.31371731947111,1.2799232947422416,0.09330776491408055,Healthy,0.0
90091,3.1040244695712698,50,0,18,32,CRYSTAL DRAGONFLY PHONE CHARM,0.42,0.85,2.5714285714285716,7.98177720746898,42.01822279253102,0.0,24.832195756570158,2.013515054816322,0.3378383516054407,Healthy,0.0
90141C,2.527455328645957,35,0,20,31,TURQ PENDANT TRIPLE SHELL NECKLACE,2.97,5.4,2.857142857142857,7.221300938988448,27.77869906101155,0.10391293351575637,20.219642629167655,1.7309900398294418,0.24366334660981392,Healthy,0.0
90141D,2.527455328645957,40,0,15,27,ROSE PENDANT TRIPLE SHELL NECKLACE,3.03,5.51,2.142857142857143,5.415975704241336,34.58402429575867,0.0,20.219642629167655,1.978274331233648,0.3260914437445493,Healthy,0.0
90141E,2.527455328645957,57,0,16,37,ORANGE PENDANT TRIPLE SHELL NECKLAC,2.72,4.95,2.2857142857142856,5.777040751190758,51.22295924880924,0.0,20.219642629167655,2.819040922007948,0.6063469740026494,Markdown / clear,155.04
90190A,2.5392146649338887,23,23,8,18,SILVER/CRYSTAL DROP EARRINGS W LEAF,1.48,2.95,1.1428571428571428,2.901959617067301,43.0980403829327,0.0,20.31371731947111,1.1322398376565983,0.04407994588553277,Healthy,0.0
90190B,2.5392146649338887,119,43,18,78,GOLD/AMBER DROP EARRINGS W LEAF,1.48,2.95,2.5714285714285716,6.529409138401428,155.47059086159857,0.0,20.31371731947111,5.858110464397183,1.0,Markdown / clear,176.12
90190C,2.5392146649338887,42,26,19,46,SILVER/AMETHYST DROP EARRINGS LEAF,1.48,2.95,2.7142857142857144,6.8921540905348415,61.107845909465155,0.0,20.31371731947111,2.067568399199006,0.3558561330663353,Healthy,0.0
90191,3.3726285907061757,53,27,14,37,SILVER LARIAT 40CM,6.38,12.75,2.0,6.745257181412351,73.25474281858764,0.0,26.981028725649406,1.9643431886500222,0.3214477295500074,Healthy,0.0
90192,2.5392146649338887,27,53,16,39,JADE DROP EARRINGS W FILIGREE,2.49,4.98,2.2857142857142856,5.803919234134602,74.1960807658654,0.0,20.31371731947111,1.3291511137707894,0.10971703792359648,Healthy,0.0
90194,2.5392146649338887,55,23,20,39,SILVER LARIAT BLACK STONE EARRINGS,2.12,4.25,2.857142857142857,7.254899042668254,70.74510095733174,0.0,20.31371731947111,2.7075300465701266,0.5691766821900422,Markdown / clear,116.6
90189B,2.5392146649338887,36,0,9,17,GOLD 2 STRAND NECKLACE-LEAF CHARMS,3.75,7.5,1.2857142857142858,3.264704569200714,32.73529543079928,0.0,20.31371731947111,1.7722014850277192,0.2574004950092397,Healthy,0.0
90195A,2.5392146649338887,37,29,19,46,PURPLE GEMSTONE BRACELET,4.47,8.95,2.7142857142857144,6.8921540905348415,59.107845909465155,0.0,20.31371731947111,1.821429304056267,0.2738097680187557,Healthy,0.0
90196A,2.5392146649338887,51,0,21,45,PURPLE GEMSTONE NECKLACE 45CM,6.38,12.75,3.0,7.617643994801666,43.38235600519833,0.03594764432892594,20.31371731947111,2.5106187704559355,0.5035395901519785,Markdown / clear,325.38
90196B,2.5392146649338887,18,0,8,16,BLACK GEMSTONE NECKLACE 45CM,6.38,12.75,1.1428571428571428,2.901959617067301,15.098040382932698,0.05637247606670637,20.31371731947111,0.8861007425138596,0.0,Healthy,0.0
90197B,3.213589132020008,0,19,7,12,BLACK GLASS BRACELET W HEART CHARMS,2.54,5.09,1.0,3.213589132020008,15.786410867979992,0.0,25.708713056160065,0.0,0.0,Healthy,0.0
90197D,2.5392146649338887,62,0,13,38,AMBER GLASS BRACELET HEART CHARMS,2.48,4.95,1.8571428571428572,4.715684377734365,57.28431562226564,0.0,20.31371731947111,3.0521247797699607,0.6840415932566536,Markdown / clear,153.76
90198A,8.401596685341437,0,54,18,45,VINTAGE ROSE BEAD BRACELET RASPBERR,2.12,4.24,2.5714285714285716,21.604105762306553,32.39589423769345,0.2800912391623679,67.21277348273149,0.0,0.0,Healthy,0.0
90198B,4.047003057792295,0,35,8,28,VINTAGE ROSE BEAD BRACELET BLACK,2.12,4.25,1.1428571428571428,4.625146351762623,30.374853648237377,0.0,32.37602446233836,0.0,0.0,Healthy,0.0
90195B,2.5392146649338887,44,37,7,26,BLACK GEMSTONE BRACELET,4.47,8.95,1.0,2.5392146649338887,78.4607853350661,0.0,20.31371731947111,2.166024037256101,0.388674679085367,Healthy,0.0
90199A,2.5392146649338887,22,0,11,21,5 STRAND GLASS NECKLACE BLACK,3.18,6.35,1.5714285714285714,3.990194473467539,18.00980552653246,0.14239021302226385,20.31371731947111,1.0830120186280505,0.02767067287601684,Healthy,0.0
90189A,2.5392146649338887,27,0,11,18,SILVER 2 STRAND NECKLACE-LEAF CHARM,3.75,7.5,1.5714285714285714,3.990194473467539,23.00980552653246,0.0,20.31371731947111,1.3291511137707894,0.10971703792359648,Healthy,0.0
90187B,2.5392146649338887,19,0,9,17,GREEN DROP EARRINGS W BEAD CLUSTER,1.68,3.35,1.2857142857142858,3.264704569200714,15.735295430799287,0.07439438642357132,20.31371731947111,0.9353285615424074,0.0,Healthy,0.0
90182C,2.5392146649338887,27,0,11,24,BLACK 3 BEAD DROP EARRINGS,1.45,2.9,1.5714285714285714,3.990194473467539,23.00980552653246,0.04125810306114752,20.31371731947111,1.3291511137707894,0.10971703792359648,Healthy,0.0
90183A,3.213589132020008,38,25,15,38,AMBER DROP EARRINGS W LONG BEADS,1.48,2.95,2.142857142857143,6.88626242575716,56.11373757424284,0.0,25.708713056160065,1.4780981030435056,0.15936603434783522,Healthy,0.0
90183B,2.5392146649338887,29,18,16,23,AMETHYST DROP EARRINGS W LONG BEADS,1.45,2.9,2.2857142857142856,5.803919234134602,41.196080765865396,0.0,20.31371731947111,1.427606751827885,0.14253558394262833,Healthy,0.0
90183C,2.5392146649338887,21,0,20,20,BLACK DROP EARRINGS W LONG BEADS,1.45,2.9,2.857142857142857,7.254899042668254,13.745100957331747,0.3127449521334127,20.31371731947111,1.033784199599503,0.011261399866500987,Healthy,0.0
90184A,2.5392146649338887,43,24,16,36,AMBER CHUNKY BEAD BRACELET W STRAP,4.58,9.15,2.2857142857142856,5.803919234134602,61.196080765865396,0.0,20.31371731947111,2.1167962182275537,0.37226540607585124,Healthy,0.0
90184B,3.755160797457552,17,46,21,41,AMETHYST CHUNKY BEAD BRACELET W STR,4.47,8.95,3.0,11.265482392372656,51.734517607627346,0.0,30.041286379660416,0.5658878845983747,0.0,Healthy,0.0
90188,2.5392146649338887,32,18,11,17,DROP EARRINGS W FLOWER & LEAF,1.27,2.54,1.5714285714285714,3.990194473467539,46.00980552653246,0.0,20.31371731947111,1.5752902089135281,0.19176340297117603,Healthy,0.0
90184C,2.5392146649338887,32,44,19,38,BLACK CHUNKY BEAD BRACELET W STRAP,4.47,8.95,2.7142857142857144,6.8921540905348415,69.10784590946515,0.0,20.31371731947111,1.5752902089135281,0.19176340297117603,Healthy,0.0
90185B,2.5392146649338887,38,34,12,39,AMETHYST DIAMANTE EXPANDABLE RING,2.12,4.25,1.7142857142857142,4.352939425600952,67.64706057439905,0.0,20.31371731947111,1.8706571230848148,0.2902190410282716,Healthy,0.0
90185C,2.5392146649338887,44,37,12,39,BLACK DIAMANTE EXPANDABLE RING,2.12,4.25,1.7142857142857142,4.352939425600952,76.64706057439905,0.0,20.31371731947111,2.166024037256101,0.388674679085367,Healthy,0.0
90185D,2.5392146649338887,20,32,7,24,CRYSTAL DIAMANTE EXPANDABLE RING,2.12,4.25,1.0,2.5392146649338887,49.46078533506611,0.0,20.31371731947111,0.9845563805709551,0.0,Healthy,0.0
90186A,2.5392146649338887,21,30,9,29,AMETHYST HOOP EARRING FLORAL LEAF,1.48,2.95,1.2857142857142858,3.264704569200714,47.73529543079928,0.0,20.31371731947111,1.033784199599503,0.011261399866500987,Healthy,0.0
90186B,3.3726285907061757,49,28,18,49,CRYSTAL HOOP EARRING FLORAL LEAF,1.48,2.95,2.5714285714285716,8.672473518958737,68.32752648104126,0.0,26.981028725649406,1.8160908725254923,0.2720302908418308,Healthy,0.0
90187A,2.5392146649338887,24,0,12,16,BLUE DROP EARRINGS W BEAD CLUSTER,1.7,3.39,1.7142857142857142,4.352939425600952,19.64706057439905,0.0,20.31371731947111,1.181467656685146,0.06048921889504869,Healthy,0.0
90185A,2.5392146649338887,35,31,8,27,AMBER DIAMANTE EXPANDABLE RING,2.12,4.24,1.1428571428571428,2.901959617067301,63.0980403829327,0.0,20.31371731947111,1.7229736659991715,0.2409912219997238,Healthy,0.0
90199B,3.213589132020008,16,17,10,16,5 STRAND GLASS NECKLACE AMETHYST,3.18,6.35,1.4285714285714286,4.59084161717144,28.409158382828558,0.0,25.708713056160065,0.6223570960183182,0.0,Healthy,0.0
90199C,2.5392146649338887,112,74,12,90,5 STRAND GLASS NECKLACE CRYSTAL,3.18,6.35,1.7142857142857142,4.352939425600952,181.64706057439903,0.0,20.31371731947111,5.513515731197349,1.0,Markdown / clear,356.16
90199D,2.5392146649338887,55,19,21,38,5 STRAND GLASS NECKLACE AMBER,3.18,6.35,3.0,7.617643994801666,66.38235600519833,0.0,20.31371731947111,2.7075300465701266,0.5691766821900422,Markdown / clear,174.9
90208,3.650692270123807,39,77,17,77,PAIR OF PINK FLOWER CLUSTER SLIDE,1.27,2.54,2.4285714285714284,8.865966941729246,107.13403305827076,0.0,29.205538160990457,1.335363169307796,0.1117877231025987,Healthy,0.0
90209A,5.279676348956264,371,0,10,262,PURPLE ENAMEL+GLASS HAIR COMB,1.05,2.1,1.4285714285714286,7.542394784223235,363.45760521577677,0.0,42.23741079165011,8.783682357568726,1.0,Markdown / clear,389.55
90209B,2.5392146649338887,103,239,20,173,GREEN ENAMEL+GLASS HAIR COMB,1.06,2.11,2.857142857142857,7.254899042668254,334.7451009573318,0.0,20.31371731947111,5.070465359940419,1.0,Markdown / clear,109.18
90209C,2.8154898181844623,211,264,19,254,PINK ENAMEL+GLASS HAIR COMB,1.05,2.1,2.7142857142857144,7.642043792214969,467.35795620778504,0.0,22.5239185454757,9.367819350526947,1.0,Markdown / clear,221.55
90210A,2.5392146649338887,146,78,12,93,GREY ACRYLIC FACETED BANGLE,1.48,2.95,1.7142857142857142,4.352939425600952,219.64706057439903,0.0,20.31371731947111,7.1872615781679725,1.0,Markdown / clear,216.08
90210B,3.3726285907061757,127,61,15,98,CLEAR ACRYLIC FACETED BANGLE,1.48,2.95,2.142857142857143,7.227061265798948,180.77293873420106,0.0,26.981028725649406,4.707011036953827,1.0,Markdown / clear,187.96
90206C,2.81727834435152,0,23,8,17,CRYSTAL DIAMANTE STAR BROOCH,2.49,4.98,1.1428571428571428,3.21974667925888,19.78025332074112,0.0,22.53822675481216,0.0,0.0,Healthy,0.0
90210C,2.5392146649338887,268,0,15,238,RED   ACRYLIC FACETED BANGLE,1.46,2.92,2.142857142857143,5.44117428200119,262.5588257179988,0.0,20.31371731947111,13.193055499650798,1.0,Markdown / clear,391.28
90211A,2.5392146649338887,26,20,8,14,DIAMOND LAS VEGAS NECKLACE 45CM,2.97,5.94,1.1428571428571428,2.901959617067301,43.0980403829327,0.0,20.31371731947111,1.2799232947422416,0.09330776491408055,Healthy,0.0
90211B,2.5392146649338887,23,19,11,18,JET BLACK LAS VEGAS NECKLACE 45CM,2.97,5.94,1.5714285714285714,3.990194473467539,38.00980552653246,0.0,20.31371731947111,1.1322398376565983,0.04407994588553277,Healthy,0.0
90212B,2.5392146649338887,19,20,9,16,JET BLACK LAS VEGAS BRACELET ROUND,1.9,3.81,1.2857142857142858,3.264704569200714,35.73529543079928,0.0,20.31371731947111,0.9353285615424074,0.0,Healthy,0.0
90212C,2.5392146649338887,61,0,17,43,PURPLE LAS VEGAS BRACELET ROUND,1.88,3.75,2.4285714285714284,6.166664186268015,54.833335813731985,0.0,20.31371731947111,3.0028969607414133,0.6676323202471378,Markdown / clear,114.68
90214A,5.181746454730721,0,37,8,32,"LETTER ""A"" BLING KEY RING",0.42,0.85,1.1428571428571428,5.921995948263681,31.07800405173632,0.028812373383240053,41.45397163784577,0.0,0.0,Healthy,0.0
90214B,3.1040244695712698,27,30,14,44,"LETTER ""B"" BLING KEY RING",0.42,0.85,2.0,6.2080489391425395,50.79195106085746,0.0,24.832195756570158,1.087298129600814,0.029099376533604653,Healthy,0.0
90210D,3.3726285907061757,289,120,16,202,PURPLE ACRYLIC FACETED BANGLE,1.48,2.95,2.2857142857142856,7.708865350185544,401.29113464981447,0.0,26.981028725649406,10.71122983999729,1.0,Markdown / clear,427.72
90206A,2.5392146649338887,28,0,13,23,GOLD DIAMANTE STAR BROOCH,2.48,4.96,1.8571428571428572,4.715684377734365,23.284315622265634,0.0,20.31371731947111,1.3783789327993372,0.1261263109331124,Healthy,0.0
90205C,3.4908755161689506,135,48,18,118,LARGE CRYSTAL DIAMANTE HAIRSLIDE,0.82,1.65,2.5714285714285716,8.976537041577302,174.0234629584227,0.0,27.927004129351605,4.83403086756855,1.0,Markdown / clear,110.7
90205A,3.4908755161689506,32,24,9,21,LARGE MINT DIAMANTE HAIRSLIDE,0.84,1.67,1.2857142857142858,4.488268520788651,51.51173147921135,0.0,27.927004129351605,1.1458443537940266,0.048614784598008866,Healthy,0.0
90200A,4.58857472322984,0,58,11,33,PURPLE SWEETHEART BRACELET,2.12,4.25,1.5714285714285714,7.21061742221832,50.78938257778168,0.0,36.70859778583872,0.0,0.0,Healthy,0.0
90200B,3.3726285907061757,0,33,10,32,BLACK SWEETHEART BRACELET,2.12,4.25,1.4285714285714286,4.818040843865965,28.181959156134035,0.11931377637081142,26.981028725649406,0.0,0.0,Healthy,0.0
90200C,2.5392146649338887,0,37,8,31,BLUE SWEETHEART BRACELET,2.12,4.25,1.1428571428571428,2.901959617067301,34.0980403829327,0.0,20.31371731947111,0.0,0.0,Healthy,0.0
90200D,5.281464875123321,0,48,9,39,PINK SWEETHEART BRACELET,2.12,4.24,1.2857142857142858,6.79045483944427,41.20954516055573,0.0,42.25171900098657,0.0,0.0,Healthy,0.0
90200E,5.823036540560865,0,39,8,36,GREEN SWEETHEART BRACELET,2.12,4.25,1.1428571428571428,6.654898903498131,32.34510109650187,0.10152496954161472,46.58429232448692,0.0,0.0,Healthy,0.0
90201A,2.5392146649338887,48,82,15,58,PURPLE ENAMEL FLOWER RING,1.48,2.95,2.142857142857143,5.44117428200119,124.55882571799881,0.0,20.31371731947111,2.362935313370292,0.45431177112343074,Healthy,0.0
90201B,4.411344893339309,41,94,13,57,BLACK ENAMEL FLOWER RING,1.48,2.96,1.8571428571428572,8.192497659058716,126.80750234094128,0.0,35.29075914671447,1.1617772184936705,0.05392573949789018,Healthy,0.0
90201C,2.5392146649338887,53,78,14,54,RED ENAMEL FLOWER RING,1.48,2.95,2.0,5.078429329867777,125.92157067013223,0.0,20.31371731947111,2.609074408513031,0.5363581361710104,Markdown / clear,78.44
90201D,2.5392146649338887,57,87,19,68,GREEN ENAMEL FLOWER RING,1.48,2.95,2.7142857142857144,6.8921540905348415,137.10784590946517,0.0,20.31371731947111,2.805985684627222,0.601995228209074,Markdown / clear,84.36
90202A,2.5392146649338887,46,25,15,29,PURPLE ENAMEL FLOWER HAIR TIE,1.48,2.95,2.142857142857143,5.44117428200119,65.55882571799881,0.0,20.31371731947111,2.2644796753131966,0.42149322510439885,Healthy,0.0
90202B,2.5392146649338887,39,21,9,20,WHITE ENAMEL FLOWER HAIR TIE,1.46,2.92,1.2857142857142858,3.264704569200714,56.73529543079928,0.0,20.31371731947111,1.9198849421133626,0.3066283140377875,Healthy,0.0
90202C,3.213589132020008,28,18,12,21,GREEN ENAMEL FLOWER HAIR TIE,1.48,2.96,1.7142857142857142,5.509009940605728,40.49099005939427,0.0,25.708713056160065,1.0891249180320568,0.0297083060106856,Healthy,0.0
90202D,2.5392146649338887,46,29,11,36,PINK ENAMEL FLOWER HAIR TIE,1.48,2.95,1.5714285714285714,3.990194473467539,71.00980552653246,0.0,20.31371731947111,2.2644796753131966,0.42149322510439885,Healthy,0.0
90203,2.5392146649338887,57,37,19,58,SILVER CHARM NECKLACE 70CM,3.75,7.5,2.7142857142857144,6.8921540905348415,87.10784590946515,0.0,20.31371731947111,2.805985684627222,0.601995228209074,Markdown / clear,213.75
90204,3.213589132020008,16,21,11,22,PAIR OF ENAMEL BUTTERFLY HAIRCLIP,1.68,3.35,1.5714285714285714,5.049925778888584,31.950074221111414,0.0,25.708713056160065,0.6223570960183182,0.0,Healthy,0.0
90182B,2.5392146649338887,22,0,13,13,AMETHYST 3 BEAD DROP EARRINGS,1.45,2.9,1.8571428571428572,4.715684377734365,17.284315622265634,0.0,20.31371731947111,1.0830120186280505,0.02767067287601684,Healthy,0.0
90182A,2.5392146649338887,27,0,15,19,AMBER 3 BEAD DROP EARRINGS,1.45,2.9,2.142857142857143,5.44117428200119,21.55882571799881,0.0,20.31371731947111,1.3291511137707894,0.10971703792359648,Healthy,0.0
90181C,2.5392146649338887,23,0,14,14,BLACK GLASS/SHELL/PEARL NECKLACE,4.67,9.34,2.0,5.078429329867777,17.921570670132223,0.0,20.31371731947111,1.1322398376565983,0.04407994588553277,Healthy,0.0
90181B,2.5392146649338887,27,15,18,20,AMETHYST GLASS/SHELL/PEARL NECKLACE,4.58,9.15,2.5714285714285716,6.529409138401428,35.47059086159857,0.0,20.31371731947111,1.3291511137707894,0.10971703792359648,Healthy,0.0
90157,2.5392146649338887,46,31,13,37,RIVIERA NECKLACE,2.48,4.95,1.8571428571428572,4.715684377734365,72.28431562226564,0.0,20.31371731947111,2.2644796753131966,0.42149322510439885,Healthy,0.0
90158,3.3726285907061757,0,20,7,12,ST TROPEZ NECKLACE,2.49,4.98,1.0,3.3726285907061757,16.627371409293826,0.0,26.981028725649406,0.0,0.0,Healthy,0.0
90159,2.5392146649338887,41,27,9,24,COTE D'AZURE NECKLACE,2.48,4.95,1.2857142857142858,3.264704569200714,64.73529543079928,0.0,20.31371731947111,2.018340580170458,0.3394468600568194,Healthy,0.0
90160A,2.5392146649338887,63,30,20,55,PURPLE BOUDICCA LARGE BRACELET,3.48,6.95,2.857142857142857,7.254899042668254,85.74510095733174,0.0,20.31371731947111,3.1013525987985084,0.7004508662661695,Markdown / clear,219.24
90160B,2.5392146649338887,42,35,12,43,RED BOUDICCA LARGE BRACELET,3.48,6.95,1.7142857142857142,4.352939425600952,72.64706057439905,0.0,20.31371731947111,2.067568399199006,0.3558561330663353,Healthy,0.0
90160C,3.3726285907061757,49,64,17,51,TURQ+RED BOUDICCA LARGE BRACELET,3.48,6.95,2.4285714285714284,8.19066943457214,104.80933056542786,0.0,26.981028725649406,1.8160908725254923,0.2720302908418308,Healthy,0.0
90156,2.5392146649338887,42,0,14,39,RESIN BRACELET W PASTEL BEADS,2.48,4.95,2.0,5.078429329867777,36.921570670132226,0.05329305974019938,20.31371731947111,2.067568399199006,0.3558561330663353,Healthy,0.0
90160D,3.3726285907061757,96,45,17,73,PINK BOUDICCA LARGE BRACELET,3.48,6.95,2.4285714285714284,8.19066943457214,132.80933056542787,0.0,26.981028725649406,3.5580555869887194,0.8526851956629065,Markdown / clear,334.08
90161B,3.650692270123807,0,59,10,31,ANT COPPER TURQ BOUDICCA BRACELET,2.49,4.98,1.4285714285714286,5.215274671605439,53.78472532839456,0.0,29.205538160990457,0.0,0.0,Healthy,0.0
90161C,9.636058502672462,0,50,17,43,ANT COPPER LIME BOUDICCA BRACELET,2.49,4.98,2.4285714285714284,23.40185636363312,26.59814363636688,0.3814385200844911,77.0884680213797,0.0,0.0,Healthy,0.0
90161D,3.650692270123807,0,27,8,23,ANT COPPER PINK BOUDICCA BRACELET,2.49,4.98,1.1428571428571428,4.172219737284351,22.82778026271565,0.0074878146645369625,29.205538160990457,0.0,0.0,Healthy,0.0
90162A,2.5392146649338887,77,0,14,60,ANT SILVER TURQUOISE BOUDICCA RING,1.48,2.95,2.0,5.078429329867777,71.92157067013223,0.0,20.31371731947111,3.7905420651981774,0.9301806883993925,Markdown / clear,113.96
90162B,3.3726285907061757,71,43,20,77,ANT SILVER LIME GREEN BOUDICCA RING,1.48,2.95,2.857142857142857,9.63608168773193,104.36391831226807,0.0,26.981028725649406,2.631478611210407,0.5438262037368023,Markdown / clear,105.08
90162C,2.5392146649338887,90,37,17,57,ANT SILVER FUSCHIA BOUDICCA RING,1.48,2.95,2.4285714285714284,6.166664186268015,120.83333581373199,0.0,20.31371731947111,4.430503712569298,1.0,Markdown / clear,133.2
90161A,2.5392146649338887,9,24,11,28,ANT COPPER RED BOUDICCA BRACELET,2.49,4.98,1.5714285714285714,3.990194473467539,29.00980552653246,0.0,20.31371731947111,0.4430503712569298,0.0,Healthy,0.0
90155,2.5392146649338887,44,21,16,31,RESIN NECKLACE W PASTEL BEADS,3.75,7.5,2.2857142857142856,5.803919234134602,59.196080765865396,0.0,20.31371731947111,2.166024037256101,0.388674679085367,Healthy,0.0
90154,2.5392146649338887,346,0,18,286,LAZER CUT NECKLACE W PASTEL BEADS,4.47,8.95,2.5714285714285716,6.529409138401428,339.47059086159857,0.0,20.31371731947111,17.032825383877523,1.0,Markdown / clear,1546.62
90152C,2.527455328645957,57,0,19,40,BLUE/NAT SHELL NECKLACE W PENDANT,3.27,5.95,2.7142857142857144,6.860235892039026,50.13976410796097,0.0,20.219642629167655,2.819040922007948,0.6063469740026494,Markdown / clear,186.39
90142A,2.527455328645957,42,0,20,29,GREEN PENDANT SHELL NECKLACE,2.8,5.09,2.857142857142857,7.221300938988448,34.77869906101155,0.0,20.219642629167655,2.0771880477953304,0.3590626825984435,Healthy,0.0
90142B,2.527455328645957,29,0,16,16,IVORY PENDANT SHELL NECKLACE,2.8,5.09,2.2857142857142856,5.777040751190758,23.222959248809243,0.0,20.219642629167655,1.4342488901443946,0.14474963004813154,Healthy,0.0
90142C,2.527455328645957,26,0,13,13,ROSE PINK PENDANT SHELL NECKLACE,2.8,5.09,1.8571428571428572,4.693845610342492,21.306154389657507,0.0,20.219642629167655,1.2858783153018711,0.09529277176729038,Healthy,0.0
90142D,2.527455328645957,72,0,18,49,MOP PENDANT SHELL NECKLACE,2.72,4.95,2.5714285714285716,6.499170845089604,65.50082915491039,0.0,20.219642629167655,3.560893796220566,0.8536312654068553,Markdown / clear,195.84
90143,2.5392146649338887,28,34,15,44,SILVER BRACELET W PASTEL FLOWER,3.75,7.5,2.142857142857143,5.44117428200119,56.55882571799881,0.0,20.31371731947111,1.3783789327993372,0.1261263109331124,Healthy,0.0
90144,2.5392146649338887,33,25,19,39,SILVER DROP EARRINGS WITH FLOWER,1.88,3.75,2.7142857142857144,6.8921540905348415,51.107845909465155,0.0,20.31371731947111,1.624518027942076,0.20817267598069197,Healthy,0.0
90145,2.5392146649338887,6,48,14,32,SILVER HOOP EARRINGS WITH FLOWER,2.98,5.95,2.0,5.078429329867777,48.921570670132226,0.0,20.31371731947111,0.2953669141712865,0.0,Healthy,0.0
90146,2.5392146649338887,77,30,20,57,FINE SILVER NECKLACE W PASTEL FLOWE,3.75,7.5,2.857142857142857,7.254899042668254,99.74510095733174,0.0,20.31371731947111,3.7905420651981774,0.9301806883993925,Markdown / clear,288.75
90147,2.5392146649338887,0,23,7,16,CHUNKY SILVER NECKLACE PASTEL FLOWE,4.97,9.95,1.0,2.5392146649338887,20.460785335066113,0.0,20.31371731947111,0.0,0.0,Healthy,0.0
90148,2.5392146649338887,32,22,7,14,LONG SILVER NECKLACE PASTEL FLOWER,6.38,12.75,1.0,2.5392146649338887,51.46078533506611,0.0,20.31371731947111,1.5752902089135281,0.19176340297117603,Healthy,0.0
90149,2.5392146649338887,191,0,8,144,SILVER FLOWR PINK SHELL NECKLACE,3.75,7.5,1.1428571428571428,2.901959617067301,188.0980403829327,0.0,20.31371731947111,9.402513434452622,1.0,Markdown / clear,716.25
90150,2.5392146649338887,42,0,15,29,BLUE SHELL+SILVER NECKLACE,3.75,7.5,2.142857142857143,5.44117428200119,36.55882571799881,0.0,20.31371731947111,2.067568399199006,0.3558561330663353,Healthy,0.0
90151,2.5392146649338887,49,0,17,38,SILVER/NATURAL SHELL NECKLACE,4.25,8.5,2.4285714285714284,6.166664186268015,42.833335813731985,0.0,20.31371731947111,2.41216313239884,0.47072104413294663,Healthy,0.0
90152A,2.527455328645957,18,0,10,10,SILVER/NAT SHELL NECKLACE W PENDANT,3.27,5.95,1.4285714285714286,3.610650469494224,14.389349530505775,0.0,20.219642629167655,0.8902234490551415,0.0,Healthy,0.0
90152B,2.527455328645957,24,0,9,13,BLUE/GREEN SHELL NECKLACE W PENDANT,3.27,5.95,1.2857142857142858,3.249585422544802,20.7504145774552,0.0,20.219642629167655,1.1869645987401887,0.062321532913396226,Healthy,0.0
90162D,2.5392146649338887,48,0,18,47,ANT SILVER PURPLE BOUDICCA RING,1.48,2.95,2.5714285714285716,6.529409138401428,41.47059086159857,0.1176470029447112,20.31371731947111,2.362935313370292,0.45431177112343074,Healthy,0.0
90039C,2.5392146649338887,57,0,14,50,FIRE POLISHED GLASS BRACELET BLACK,1.88,3.75,2.0,5.078429329867777,51.921570670132226,0.0,20.31371731947111,2.805985684627222,0.601995228209074,Markdown / clear,107.16
90163A,2.5392146649338887,27,22,8,18,PINK ROSEBUD & PEARL NECKLACE,3.82,7.64,1.1428571428571428,2.901959617067301,46.0980403829327,0.0,20.31371731947111,1.3291511137707894,0.10971703792359648,Healthy,0.0
90164A,7.117711324899823,36,22,11,25,PINK ROSEBUD PEARL BRACELET,3.82,7.64,1.5714285714285714,11.184974939128294,46.815025060871704,0.0,56.94169059919859,0.632225696518162,0.0,Healthy,0.0
90176E,2.5392146649338887,48,0,21,32,DIAMANTE NECKLACE GREEN,3.75,7.5,3.0,7.617643994801666,40.38235600519833,0.0,20.31371731947111,2.362935313370292,0.45431177112343074,Healthy,0.0
90177A,2.5392146649338887,33,0,17,32,CLASSIC DIAMANTE EARRINGS JET,1.45,2.9,2.4285714285714284,6.166664186268015,26.833335813731985,0.16145825582087547,20.31371731947111,1.624518027942076,0.20817267598069197,Healthy,0.0
90177B,2.5392146649338887,70,28,21,48,DROP DIAMANTE EARRINGS BLACK DIAMON,1.48,2.95,3.0,7.617643994801666,90.38235600519833,0.0,20.31371731947111,3.445947331998343,0.8153157773327809,Markdown / clear,103.6
90177C,2.5392146649338887,57,25,21,45,DROP DIAMANTE EARRINGS CRYSTAL,1.48,2.95,3.0,7.617643994801666,74.38235600519833,0.0,20.31371731947111,2.805985684627222,0.601995228209074,Markdown / clear,84.36
90177D,3.213589132020008,45,31,11,32,DROP DIAMANTE EARRINGS PURPLE,1.48,2.95,1.5714285714285714,5.049925778888584,70.95007422111142,0.0,25.708713056160065,1.75037933255152,0.25012644418384,Healthy,0.0
90177E,2.5392146649338887,42,19,18,32,DROP DIAMANTE EARRINGS GREEN,1.48,2.96,2.5714285714285716,6.529409138401428,54.47059086159857,0.0,20.31371731947111,2.067568399199006,0.3558561330663353,Healthy,0.0
90176D,2.5392146649338887,26,0,7,13,DIAMANTE NECKLACE PURPLE,3.75,7.5,1.0,2.5392146649338887,23.460785335066113,0.0,20.31371731947111,1.2799232947422416,0.09330776491408055,Healthy,0.0
90178A,2.5392146649338887,28,19,10,17,AMBER CHUNKY GLASS+BEAD NECKLACE,5.98,11.95,1.4285714285714286,3.627449521334127,43.37255047866587,0.0,20.31371731947111,1.3783789327993372,0.1261263109331124,Healthy,0.0
90179A,2.5392146649338887,25,0,10,17,AMBER FINE BEAD NECKLACE W TASSEL,2.98,5.95,1.4285714285714286,3.627449521334127,21.37255047866587,0.0,20.31371731947111,1.2306954757136939,0.07689849190456462,Healthy,0.0
90179B,2.5392146649338887,26,0,14,20,PURPLE FINE BEAD NECKLACE W TASSEL,2.98,5.95,2.0,5.078429329867777,20.921570670132223,0.0,20.31371731947111,1.2799232947422416,0.09330776491408055,Healthy,0.0
90179C,3.213589132020008,34,0,20,32,BLACK FINE BEAD NECKLACE W TASSEL,2.98,5.95,2.857142857142857,9.18168323434288,24.81831676565712,0.22442760107321502,25.708713056160065,1.3225088290389262,0.1075029430129754,Healthy,0.0
90180A,2.5392146649338887,38,26,13,31,BLACK+WHITE NECKLACE W TASSEL,4.97,9.95,1.8571428571428572,4.715684377734365,59.28431562226564,0.0,20.31371731947111,1.8706571230848148,0.2902190410282716,Healthy,0.0
90180B,3.213589132020008,13,0,8,12,PURPLE AMETHYST NECKLACE W TASSEL,4.97,9.95,1.1428571428571428,3.672673293737152,9.327326706262848,0.22272277447809596,25.708713056160065,0.5056651405148835,0.0,Healthy,0.0
90181A,2.81727834435152,13,0,11,11,AMBER GLASS/SHELL/PEARL NECKLACE,4.58,9.15,1.5714285714285714,4.42715168398096,8.57284831601904,0.22065015308917812,22.53822675481216,0.5767978173892654,0.0,Healthy,0.0
90178B,2.5392146649338887,30,0,14,25,PURPLE CHUNKY GLASS+BEAD NECKLACE,5.98,11.95,2.0,5.078429329867777,24.921570670132223,0.0031371731947110737,20.31371731947111,1.4768345708564328,0.15894485695214425,Healthy,0.0
90176C,2.5392146649338887,52,0,20,39,DIAMANTE NECKLACE,3.75,7.5,2.857142857142857,7.254899042668254,44.74510095733174,0.0,20.31371731947111,2.5598465894844833,0.5199488631614945,Markdown / clear,195.0
90176B,2.5392146649338887,24,0,7,11,DIAMANTE NECKLACE BLACK,3.75,7.5,1.0,2.5392146649338887,21.460785335066113,0.0,20.31371731947111,1.181467656685146,0.06048921889504869,Healthy,0.0
90176A,2.5392146649338887,38,0,16,26,CLASSIC DIAMANTE NECKLACE JET,3.75,7.5,2.2857142857142856,5.803919234134602,32.196080765865396,0.0,20.31371731947111,1.8706571230848148,0.2902190410282716,Healthy,0.0
90164B,7.772770629985679,19,28,11,30,WHITE  ROSEBUD PEARL BRACELET,3.82,7.64,1.5714285714285714,12.214353847120353,34.78564615287965,0.0,62.18216503988543,0.30555385113742584,0.0,Healthy,0.0
90165A,2.5392146649338887,27,23,9,22,PINK ROSEBUD PEARL EARRINGS,1.27,2.54,1.2857142857142858,3.264704569200714,46.73529543079928,0.0,20.31371731947111,1.3291511137707894,0.10971703792359648,Healthy,0.0
90165B,3.213589132020008,38,25,21,43,WHITE ROSEBUD  PEARL EARRINGS,1.27,2.54,3.0,9.640767396060024,53.35923260393997,0.0,25.708713056160065,1.4780981030435056,0.15936603434783522,Healthy,0.0
90166,2.5392146649338887,15,19,9,16,PINK & WHITE ROSEBUD RING,2.12,4.24,1.2857142857142858,3.264704569200714,30.735295430799287,0.0,20.31371731947111,0.7384172854282164,0.0,Healthy,0.0
90167,3.1040244695712698,0,920,17,805,BEADED LOVE HEART JEWELLERY SET,0.42,0.85,2.4285714285714284,7.538345140387369,912.4616548596126,0.0,24.832195756570158,0.0,0.0,Healthy,0.0
90168,2.5392146649338887,50,26,15,38,2 DAISIES HAIR COMB,1.48,2.95,2.142857142857143,5.44117428200119,70.55882571799881,0.0,20.31371731947111,2.4613909514273877,0.4871303171424626,Healthy,0.0
90169,2.5392146649338887,56,26,16,42,DAISY HAIR COMB,1.27,2.54,2.2857142857142856,5.803919234134602,76.1960807658654,0.0,20.31371731947111,2.7567578655986744,0.5855859551995581,Markdown / clear,71.12
90170,8.675731514272275,0,66,10,38,DAISY HAIR BAND,0.82,1.65,1.4285714285714286,12.393902163246107,53.60609783675389,0.0,69.4058521141782,0.0,0.0,Healthy,0.0
90171,3.1040244695712698,52,32,11,33,DAISY RING,0.63,1.26,1.5714285714285714,4.877752737897709,79.12224726210229,0.0,24.832195756570158,2.094055657008975,0.3646852190029916,Healthy,0.0
90173,2.5392146649338887,38,52,16,40,PAIR BUTTERFLY HAIR CLIPS,1.9,3.81,2.2857142857142856,5.803919234134602,84.1960807658654,0.0,20.31371731947111,1.8706571230848148,0.2902190410282716,Healthy,0.0
90174,3.213589132020008,21,22,11,24,BUTTERFLY HAIR BAND,1.25,2.51,1.5714285714285714,5.049925778888584,37.950074221111414,0.0,25.708713056160065,0.8168436885240427,0.0,Healthy,0.0
90175A,2.5392146649338887,21,52,17,47,WHITE GLASS CHUNKY CHARM BRACELET,4.58,9.15,2.4285714285714284,6.166664186268015,66.83333581373199,0.0,20.31371731947111,1.033784199599503,0.011261399866500987,Healthy,0.0
90175B,2.5392146649338887,20,20,7,15,PINK GLASS CHUNKY CHARM BRACELET,4.58,9.15,1.0,2.5392146649338887,37.46078533506611,0.0,20.31371731947111,0.9845563805709551,0.0,Healthy,0.0
90175C,2.5392146649338887,42,27,8,23,BLUE GLASS CHUNKY CHARM BRACELET,4.47,8.95,1.1428571428571428,2.901959617067301,66.0980403829327,0.0,20.31371731947111,2.067568399199006,0.3558561330663353,Healthy,0.0
90175D,3.755160797457552,16,20,17,32,TIGRIS EYE CHUNKY CHARM BRACELET,4.58,9.15,2.4285714285714284,9.119676222396912,26.88032377760309,0.1599898819499035,30.041286379660416,0.5326003619749409,0.0,Healthy,0.0
90163B,2.5392146649338887,23,0,9,16,WHITE ROSEBUD & PEARL NECKLACE,3.75,7.5,1.2857142857142858,3.264704569200714,19.735295430799287,0.0,20.31371731947111,1.1322398376565983,0.04407994588553277,Healthy,0.0
85067,2.5392146649338887,0,216,21,170,CREAM SWEETHEART WALL CABINET,9.48,18.95,3.0,7.617643994801666,208.38235600519835,0.0,20.31371731947111,0.0,0.0,Healthy,0.0
90039B,2.5392146649338887,46,0,14,39,FIRE POLISHED GLASS BRACELET MONTAN,1.88,3.75,2.0,5.078429329867777,40.921570670132226,0.0,20.31371731947111,2.2644796753131966,0.42149322510439885,Healthy,0.0
90038C,2.5392146649338887,35,0,7,23,GLASS AND BEADS BRACELET IVORY,1.88,3.75,1.0,2.5392146649338887,32.46078533506611,0.0,20.31371731947111,1.7229736659991715,0.2409912219997238,Healthy,0.0
85160A,4.047265063361509,10076,4459,15,10691,WHITE BIRD GARDEN DESIGN MUG,0.62,1.25,2.142857142857143,8.672710850060376,14526.32728914994,0.0,32.378120506892074,311.19780401877256,1.0,Markdown / clear,6247.12
85160B,11.229738100956348,6373,3056,14,6914,BLACK BIRD GARDEN DESIGN MUG,0.62,1.25,2.0,22.459476201912697,9406.540523798087,0.0,89.83790480765079,70.93887611966282,1.0,Markdown / clear,3951.26
85161,2.5392146649338887,32,24,15,34,ACRYLIC GEOMETRIC LAMP,9.48,18.95,2.142857142857143,5.44117428200119,50.55882571799881,0.0,20.31371731947111,1.5752902089135281,0.19176340297117603,Healthy,0.0
85162A,3.1040244695712698,811,439,8,410,SILVER RETRODISC LAMPSHADE,0.98,1.95,1.1428571428571428,3.5474565366528794,1246.4525434633472,0.0,24.832195756570158,32.65921418912074,1.0,Markdown / clear,794.78
85162B,3.1040244695712698,2570,0,21,2202,BLACK RETRODISC LAMPSHADE,0.98,1.95,3.0,9.31207340871381,2560.687926591286,0.0,24.832195756570158,103.49467381755895,1.0,Markdown / clear,2518.6
85162C,3.1040244695712698,553,477,10,490,WHITE RETRODISC LAMPSHADE,0.98,1.95,1.4285714285714286,4.4343206708161,1025.565679329184,0.0,24.832195756570158,22.26947650626852,1.0,Markdown / clear,541.94
85159B,25.459489128059975,0,122,7,95,"WHITE TEA,COFFEE,SUGAR JARS",0.98,1.95,1.0,25.459489128059975,96.54051087194003,0.0,203.6759130244798,0.0,0.0,Healthy,0.0
85163A,3.3726285907061757,33,56,17,50,WHITE BAROQUE WALL CLOCK,6.38,12.75,2.4285714285714284,8.19066943457214,80.80933056542786,0.0,26.981028725649406,1.2230816080273723,0.07436053600912411,Healthy,0.0
85164B,2.5392146649338887,15,72,12,46,BLACK BAROQUE CUCKOO CLOCK,6.38,12.75,1.7142857142857142,4.352939425600952,82.64706057439905,0.0,20.31371731947111,0.7384172854282164,0.0,Healthy,0.0
85165,2.5392146649338887,0,27,8,23,CANDY PINK FRENCH BOUDOIR CLOCK,4.24,8.47,1.1428571428571428,2.901959617067301,24.098040382932698,0.0,20.31371731947111,0.0,0.0,Healthy,0.0
85166A,2.5392146649338887,182,0,11,151,WHITE METAL BAROQUE PHOTO FRAME,1.88,3.75,1.5714285714285714,3.990194473467539,178.00980552653246,0.0,20.31371731947111,8.959463063195692,1.0,Markdown / clear,342.16
85166B,2.5392146649338887,426,218,19,504,BLACK METAL BAROQUE PHOTO FRAME,1.88,3.75,2.7142857142857144,6.8921540905348415,637.1078459094651,0.0,20.31371731947111,20.971050906161345,1.0,Markdown / clear,800.88
85167A,2.5392146649338887,519,0,20,469,WHITE GRAND BAROQUE PHOTO FRAME,2.12,4.25,2.857142857142857,7.254899042668254,511.7451009573318,0.0,20.31371731947111,25.549238075816284,1.0,Markdown / clear,1100.28
85167B,2.5392146649338887,333,380,21,459,BLACK GRAND BAROQUE PHOTO FRAME,2.12,4.25,3.0,7.617643994801666,705.3823560051983,0.0,20.31371731947111,16.392863736506403,1.0,Markdown / clear,705.96
85163B,2.5392146649338887,44,70,18,59,BLACK BAROQUE WALL CLOCK,6.38,12.75,2.5714285714285716,6.529409138401428,107.47059086159857,0.0,20.31371731947111,2.166024037256101,0.388674679085367,Healthy,0.0
85168A,2.5392146649338887,39,21,10,19,WHITE BAROQUE CARRIAGE CLOCK,4.97,9.95,1.4285714285714286,3.627449521334127,56.37255047866587,0.0,20.31371731947111,1.9198849421133626,0.3066283140377875,Healthy,0.0
85159A,13.471032169970186,0,202,18,179,"BLACK TEA,COFFEE,SUGAR JARS",0.98,1.95,2.5714285714285716,34.63979700849477,167.36020299150522,0.06502679893013841,107.76825735976149,0.0,0.0,Healthy,0.0
85152,126.44428482403215,0,1169,13,722,HAND OVER THE CHOCOLATE   SIGN,1.05,2.1,1.8571428571428572,234.82510038748828,934.1748996125117,0.0,1011.5542785922572,0.0,0.0,Healthy,0.0
85135A,4.118800840000022,11,50,11,29,YELLOW DRAGONFLY HELICOPTER,3.98,7.95,1.5714285714285714,6.472401320000034,54.52759867999997,0.0,32.950406720000174,0.3338350295179586,0.0,Healthy,0.0
85135B,2.5392146649338887,0,50,17,40,BLUE DRAGONFLY HELICOPTER,3.98,7.95,2.4285714285714284,6.166664186268015,43.833335813731985,0.0,20.31371731947111,0.0,0.0,Healthy,0.0
85135C,4.58857472322984,0,56,13,34,RED DRAGONFLY HELICOPTER,3.98,7.95,1.8571428571428572,8.52163877171256,47.47836122828744,0.0,36.70859778583872,0.0,0.0,Healthy,0.0
85136A,5.823036540560865,0,44,13,27,YELLOW SHARK HELICOPTER,3.98,7.95,1.8571428571428572,10.814210718184464,33.18578928181554,0.0,46.58429232448692,0.0,0.0,Healthy,0.0
85136B,2.5392146649338887,14,21,16,30,BLUE SHARK HELICOPTER,3.98,7.95,2.2857142857142856,5.803919234134602,29.196080765865396,0.026797307804486747,20.31371731947111,0.6891894663996686,0.0,Healthy,0.0
85136C,9.057780781223194,0,37,12,34,RED SHARK HELICOPTER,3.98,7.95,1.7142857142857142,15.527624196382618,21.472375803617382,0.368459535187724,72.46224624978555,0.0,0.0,Healthy,0.0
85141,2.527455328645957,29,88,8,45,JARDIN ETCHED GLASS FRUITBOWL,5.38,10.75,1.1428571428571428,2.888520375595379,114.11147962440462,0.0,20.219642629167655,1.4342488901443946,0.14474963004813154,Healthy,0.0
85144,2.527455328645957,72,140,7,74,JARDIN ETCHED GLASS CHEESE DISH,3.62,7.25,1.0,2.527455328645957,209.47254467135403,0.0,20.219642629167655,3.560893796220566,0.8536312654068553,Markdown / clear,260.64
85145,2.527455328645957,87,49,15,75,JARDIN ETCHED GLASS LARGE BELL JAR,6.38,12.75,2.142857142857143,5.415975704241336,130.58402429575867,0.0,20.219642629167655,4.3027466704331845,1.0,Markdown / clear,555.06
85146,2.527455328645957,85,62,10,61,JARDIN ETCHED GLASS SMALL BELL JAR,2.98,5.95,1.4285714285714286,3.610650469494224,143.38934953050577,0.0,20.219642629167655,4.203832953871502,1.0,Markdown / clear,253.3
85147,2.527455328645957,59,0,10,58,JARDIN ETCHED GLASS CANDLEHLDR LONG,2.48,4.95,1.4285714285714286,3.610650469494224,55.389349530505775,0.04501121499127969,20.219642629167655,2.9179546385696304,0.6393182128565434,Markdown / clear,146.32
85150,68.81208311209623,0,310,7,258,LADIES & GENTLEMEN METAL SIGN,1.27,2.55,1.0,68.81208311209623,241.18791688790378,0.06516311283758225,550.4966648967699,0.0,0.0,Healthy,0.0
85151,3.1040244695712698,313,0,20,234,WELCOME METAL SIGN,0.62,1.25,2.857142857142857,8.8686413416322,304.1313586583678,0.0,24.832195756570158,12.604604243150176,1.0,Markdown / clear,194.06
85142,2.527455328645957,34,24,19,42,JARDIN ETCHED GLASS GINGER JAR,3.98,7.95,2.7142857142857144,6.860235892039026,51.13976410796097,0.0,20.219642629167655,1.6815331815486008,0.2271777271828669,Healthy,0.0
85168B,3.650692270123807,11,45,16,34,BLACK BAROQUE CARRIAGE CLOCK,4.24,8.47,2.2857142857142856,8.344439474568702,47.6555605254313,0.0,29.205538160990457,0.37664089390732713,0.0,Healthy,0.0
85169A,16.155785721372958,0,301,9,168,IVORY LOVE BIRD CANDLE,0.62,1.25,1.2857142857142858,20.77172449890809,280.2282755010919,0.0,129.24628577098366,0.0,0.0,Healthy,0.0
85169B,5.605023247164745,0,167,17,143,BLACK LOVE BIRD CANDLE,0.62,1.25,2.4285714285714284,13.61219931454295,153.38780068545705,0.0,44.84018597731796,0.0,0.0,Healthy,0.0
85183A,25.967149509970014,0,590,20,494,CHARLIE & LOLA WASTEPAPER BIN BLUE,0.69,1.25,2.857142857142857,74.19185574277147,515.8081442572285,0.0,207.7371960797601,0.0,0.0,Healthy,0.0
85183B,31.804699065774425,0,536,16,377,CHARLIE & LOLA WASTEPAPER BIN FLORA,0.69,1.25,2.2857142857142856,72.6964550074844,463.3035449925156,0.0,254.4375925261954,0.0,0.0,Healthy,0.0
85184B,2.5392146649338887,57,0,10,38,SET 4 EASTER DECOUPAGE OVAL BOXES,1.48,2.95,1.4285714285714286,3.627449521334127,53.37255047866587,0.0,20.31371731947111,2.805985684627222,0.601995228209074,Markdown / clear,84.36
85184C,21.34235882170027,0,289,10,223,S/4 VALENTINE DECOUPAGE HEART BOX,1.48,2.95,1.4285714285714286,30.489084031000385,258.5109159689996,0.0,170.73887057360216,0.0,0.0,Healthy,0.0
85184D,2.5392146649338887,2215,4360,7,4161,S/4 BLUE ROUND DECOUPAGE BOXES,1.48,2.95,1.0,2.5392146649338887,6572.460785335066,0.0,20.31371731947111,109.03961914823329,1.0,Markdown / clear,3278.2
85185B,9.094486837234918,0,167,21,113,PINK HORSE SOCK PUPPET,1.48,2.95,3.0,27.283460511704753,139.71653948829524,0.0,72.75589469787934,0.0,0.0,Healthy,0.0
85180B,4.84844803144311,0,118,8,116,PINK HEARTS LIGHT CHAIN,2.33,4.65,1.1428571428571428,5.541083464506411,112.45891653549359,0.030526581590572532,38.78758425154488,0.0,0.0,Healthy,0.0
85185C,2.5392146649338887,54,36,8,30,COW  SOCK PUPPET,1.48,2.95,1.1428571428571428,2.901959617067301,87.0980403829327,0.0,20.31371731947111,2.658302227541579,0.5527674091805262,Markdown / clear,79.92
85185E,2.5392146649338887,52,0,10,27,DUCK SOCK PUPPET,1.48,2.95,1.4285714285714286,3.627449521334127,48.37255047866587,0.0,20.31371731947111,2.5598465894844833,0.5199488631614945,Markdown / clear,76.96
85185F,2.5392146649338887,66,32,12,39,LION SOCK PUPPET,1.48,2.95,1.7142857142857142,4.352939425600952,93.64706057439905,0.0,20.31371731947111,3.249036055884152,0.7496786852947173,Markdown / clear,97.68
85186A,3.1040244695712698,0,431,11,240,EASTER BUNNY GARLAND OF FLOWERS,0.21,0.42,1.5714285714285714,4.877752737897709,426.1222472621023,0.0,24.832195756570158,0.0,0.0,Healthy,0.0
85186C,5.679495763838708,0,203,7,160,BUNNY EGG GARLAND,0.21,0.42,1.0,5.679495763838708,197.3205042361613,0.0,45.435966110709664,0.0,0.0,Healthy,0.0
85187,3.6021602796645866,0,168,12,116,S/12 MINI RABBIT EASTER,0.82,1.65,1.7142857142857142,6.175131907996434,161.82486809200356,0.0,28.817282237316693,0.0,0.0,Healthy,0.0
85185D,2.5392146649338887,52,111,18,88,FROG SOCK PUPPET,1.48,2.95,2.5714285714285716,6.529409138401428,156.47059086159857,0.0,20.31371731947111,2.5598465894844833,0.5199488631614945,Markdown / clear,76.96
85180A,2.5392146649338887,0,150,7,132,RED HEARTS LIGHT CHAIN,2.33,4.65,1.0,2.5392146649338887,147.4607853350661,0.0,20.31371731947111,0.0,0.0,Healthy,0.0
85179C,12.451577525573924,69,48,12,72,PINK BITTY LIGHT CHAIN,1.23,2.46,1.7142857142857142,21.34556147241244,95.65443852758756,0.0,99.6126202045914,0.6926833152092873,0.0,Healthy,0.0
85179B,2.5392146649338887,104,92,16,167,WHITE BITTY LIGHT CHAIN,2.33,4.65,2.2857142857142856,5.803919234134602,190.1960807658654,0.0,20.31371731947111,5.119693178968967,1.0,Markdown / clear,242.32
85169C,3.4908755161689506,60,235,13,212,EAU DE NIL LOVE BIRD CANDLE,0.62,1.25,1.8571428571428572,6.483054530028052,288.516945469972,0.0,27.927004129351605,2.1484581633637996,0.3828193877879332,Healthy,0.0
85169D,13.373353832089535,88,273,17,193,PINK LOVE BIRD CANDLE,0.62,1.25,2.4285714285714284,32.478145020788865,328.5218549792111,0.0,106.98683065671628,0.8225311420090716,0.0,Healthy,0.0
85170A,2.8154898181844623,12,511,17,358,SET/6 IVORY BIRD T-LIGHT CANDLES,1.05,2.1,2.4285714285714284,6.83761812987655,516.1623818701235,0.0,22.5239185454757,0.5327669772811533,0.0,Healthy,0.0
85170B,3.202340864782143,139,161,21,188,SET/6 BLACK BIRD T-LIGHT CANDLES,1.05,2.1,3.0,9.607022594346429,290.3929774056536,0.0,25.618726918257146,5.425718477093484,1.0,Markdown / clear,145.95
85170C,6.371539075605975,0,171,14,160,SET/6 EAU DE NIL BIRD T-LIGHTS,1.23,2.46,2.0,12.74307815121195,158.25692184878804,0.010894238445074755,50.9723126048478,0.0,0.0,Healthy,0.0
85170D,5.281464875123321,0,160,12,134,SET/6 PINK BIRD T-LIGHT CANDLES,1.23,2.46,1.7142857142857142,9.053939785925692,150.9460602140743,0.0,42.25171900098657,0.0,0.0,Healthy,0.0
85171,2.5392146649338887,27,0,14,14,S/2 HYACINTH BULB CANDLES,1.27,2.55,2.0,5.078429329867777,21.921570670132223,0.0,20.31371731947111,1.3291511137707894,0.10971703792359648,Healthy,0.0
85172,54.016833449788045,0,932,9,534,HYACINTH BULB T-LIGHT CANDLES,0.21,0.42,1.2857142857142858,69.45021443544178,862.5497855645582,0.0,432.13466759830436,0.0,0.0,Healthy,0.0
85173,6.027637124417168,0,260,8,145,SET/6 FROG PRINCE T-LIGHT CANDLES,1.27,2.55,1.1428571428571428,6.888728142191049,253.11127185780896,0.0,48.22109699533734,0.0,0.0,Healthy,0.0
85174,16.775600227313493,0,222,14,139,S/4 CACTI CANDLES,2.48,4.95,2.0,33.551200454626986,188.44879954537302,0.0,134.20480181850795,0.0,0.0,Healthy,0.0
85175,55.001762713121785,0,1555,19,1505,CACTI T-LIGHT CANDLES,0.21,0.42,2.7142857142857144,149.29049879275914,1405.709501207241,0.06597375335067046,440.0141017049743,0.0,0.0,Healthy,0.0
85176,24.948569699880917,0,604,14,435,SEWING SUSAN 21 NEEDLE SET,0.42,0.85,2.0,49.89713939976183,554.1028606002382,0.0,199.58855759904733,0.0,0.0,Healthy,0.0
85177,15.01175866868771,0,666,18,465,BASKET OF FLOWERS SEWING KIT,0.42,0.85,2.5714285714285716,38.60166514805412,627.3983348519458,0.0,120.09406934950168,0.0,0.0,Healthy,0.0
85178,62.714093865732174,0,821,9,494,VICTORIAN SEWING KIT,0.62,1.25,1.2857142857142858,80.63240639879851,740.3675936012015,0.0,501.7127509258574,0.0,0.0,Healthy,0.0
85179A,29.042569186404535,8,125,13,85,GREEN BITTY LIGHT CHAIN,1.23,2.46,1.8571428571428572,53.93619991760843,79.06380008239157,0.06983764608951104,232.34055349123628,0.03443221546901305,0.0,Healthy,0.0
85132C,2.5392146649338887,0,345,12,236,CHARLIE AND LOLA FIGURES TINS,2.9,5.79,1.7142857142857142,4.352939425600952,340.64706057439906,0.0,20.31371731947111,0.0,0.0,Healthy,0.0
85188A,3.1040244695712698,0,373,11,207,GREEN METAL SWINGING BUNNY,0.42,0.85,1.5714285714285714,4.877752737897709,368.1222472621023,0.0,24.832195756570158,0.0,0.0,Healthy,0.0
85132B,2.5392146649338887,0,324,13,249,CHARLIE AND LOLA TABLE TINS,1.98,3.95,1.8571428571428572,4.715684377734365,319.28431562226564,0.0,20.31371731947111,0.0,0.0,Healthy,0.0
85131D,9.879368772547982,0,303,14,190,BEADED CRYSTAL HEART PINK ON STICK,0.42,0.83,2.0,19.758737545095965,283.241262454904,0.0,79.03495018038386,0.0,0.0,Healthy,0.0
85090,2.5392146649338887,34,37,21,65,CANDY SPOT APRON,2.33,4.65,3.0,7.617643994801666,63.38235600519833,0.024886830689256456,20.31371731947111,1.6737458469706237,0.2245819489902079,Healthy,0.0
85091,2.5392146649338887,857,302,21,901,CANDY SPOT BREAD BASKETS,2.48,4.95,3.0,7.617643994801666,1151.3823560051983,0.0,20.31371731947111,42.18824090746543,1.0,Markdown / clear,2125.36
85092,2.5392146649338887,671,363,10,437,CANDY SPOT TEA COSY,1.68,3.35,1.4285714285714286,3.627449521334127,1030.372550478666,0.0,20.31371731947111,33.03186656815554,1.0,Markdown / clear,1127.28
85093,5.679495763838708,0,394,18,379,CANDY SPOT EGG WARMER HARE,0.42,0.83,2.5714285714285716,14.604417678442394,379.3955823215576,0.0,45.435966110709664,0.0,0.0,Healthy,0.0
85094,16.799356155255637,0,281,14,229,CANDY SPOT EGG WARMER RABBIT,0.42,0.83,2.0,33.598712310511274,247.40128768948873,0.0,134.3948492420451,0.0,0.0,Healthy,0.0
85095,6.812519059730236,0,61,7,52,THREE CANVAS LUGGAGE TAGS,0.64,1.28,1.0,6.812519059730236,54.187480940269765,0.0,54.50015247784189,0.0,0.0,Healthy,0.0
85089,2.5392146649338887,88,54,17,81,CANDY SPOT BUNNY,1.48,2.95,2.4285714285714284,6.166664186268015,135.833335813732,0.0,20.31371731947111,4.332048074512202,1.0,Markdown / clear,130.24
85096,2.5392146649338887,0,37,8,32,HILDA CANDY SPOT RABBIT,1.88,3.75,1.1428571428571428,2.901959617067301,34.0980403829327,0.0,20.31371731947111,0.0,0.0,Healthy,0.0
85098B,2.5392146649338887,0,126,13,92,BLUE FLYING SINGING CANARY,1.88,3.75,1.8571428571428572,4.715684377734365,121.28431562226564,0.0,20.31371731947111,0.0,0.0,Healthy,0.0
85099B,1000.0728445527556,0,2417,7,1954,JUMBO BAG RED RETROSPOT,0.98,1.95,1.0,1000.0728445527556,1416.9271554472443,0.2748581599553509,8000.582756422044,0.0,0.0,Healthy,0.0
85099C,343.99384246440013,0,1802,20,1625,JUMBO  BAG BAROQUE BLACK WHITE,0.98,1.95,2.857142857142857,982.8395498982861,819.1604501017139,0.49590126147586844,2751.950739715201,0.0,0.0,Healthy,0.0
85099F,160.87870940675643,0,2836,17,1901,JUMBO BAG STRAWBERRY,0.98,1.95,2.4285714285714284,390.7054371306942,2445.294562869306,0.0,1287.0296752540514,0.0,0.0,Healthy,0.0
85103,2.5392146649338887,65,132,14,116,SILVER T-LIGHT SETTING,3.38,6.75,2.0,5.078429329867777,191.9215706701322,0.0,20.31371731947111,3.199808236855604,0.7332694122852014,Markdown / clear,219.7
85104,2.5392146649338887,296,229,21,306,SILVER GLASS T-LIGHT SET,1.48,2.95,3.0,7.617643994801666,517.3823560051983,0.0,20.31371731947111,14.571434432450136,1.0,Markdown / clear,438.08
85097B,2.5392146649338887,52,46,15,67,BLUE ROCKING SINGING CANARY,1.88,3.75,2.142857142857143,5.44117428200119,92.55882571799881,0.0,20.31371731947111,2.5598465894844833,0.5199488631614945,Markdown / clear,97.76
85106,3.213589132020008,975,816,21,1029,CUT GLASS HEXAGON T-LIGHT HOLDER,1.27,2.55,3.0,9.640767396060024,1781.35923260394,0.0,25.708713056160065,37.924885538616266,1.0,Markdown / clear,1238.25
85088,14.15490143946955,0,73,7,69,CANDY SPOT HAND BAG,1.05,2.1,1.0,14.15490143946955,58.84509856053045,0.14717248462999344,113.2392115157564,0.0,0.0,Healthy,0.0
85086A,3.1040244695712698,0,69,8,61,CANDY SPOT HEART DECORATION,0.42,0.85,1.1428571428571428,3.5474565366528794,65.45254346334713,0.0,24.832195756570158,0.0,0.0,Healthy,0.0
85070,2.5392146649338887,19,0,8,8,ANT WHITE SWEETHEART TABLE W 3 DRAW,62.5,125.0,1.1428571428571428,2.901959617067301,16.098040382932698,0.0,20.31371731947111,0.9353285615424074,0.0,Healthy,0.0
85071A,33.690713722249114,0,585,13,414,BLUE CHARLIE+LOLA PERSONAL DOORSIGN,0.2,0.39,1.8571428571428572,62.568468341319786,522.4315316586802,0.0,269.5257097779929,0.0,0.0,Healthy,0.0
85071B,30.54859229334839,0,338,8,293,RED CHARLIE+LOLA PERSONAL DOORSIGN,0.2,0.39,1.1428571428571428,34.91267690668387,303.0873230933161,0.0,244.3887383467871,0.0,0.0,Healthy,0.0
85071C,19.571895979282573,0,575,19,433,"CHARLIE+LOLA""EXTREMELY BUSY"" SIGN",0.42,0.83,2.7142857142857144,53.1237176580527,521.8762823419473,0.0,156.57516783426058,0.0,0.0,Healthy,0.0
85071D,17.99488385331046,79,457,14,331,CHARLIE+LOLA MY ROOM DOOR SIGN,0.2,0.39,2.0,35.98976770662092,500.0102322933791,0.0,143.95907082648367,0.5487670873843028,0.0,Healthy,0.0
85087,2.5392146649338887,0,112,10,58,CANDY SPOT CUSHION COVER,1.64,3.29,1.4285714285714286,3.627449521334127,108.37255047866587,0.0,20.31371731947111,0.0,0.0,Healthy,0.0
85078,18.731787965435505,0,688,14,447,SCANDINAVIAN 3 HEARTS NAPKIN RING,0.32,0.65,2.0,37.46357593087101,650.536424069129,0.0,149.85430372348404,0.0,0.0,Healthy,0.0
85079,3.1040244695712698,64,0,9,40,EMBROIDERED REINDEER DECORATION,0.38,0.85,1.2857142857142858,3.99088860373449,60.00911139626551,0.0,24.832195756570158,2.5772992701648922,0.5257664233882974,Markdown / clear,24.32
85080,3.1040244695712698,131,85,21,160,PADDED RED HEART DECORATION,0.21,0.42,3.0,9.31207340871381,206.68792659128619,0.0,24.832195756570158,5.275409443618764,1.0,Markdown / clear,27.51
85081,3.1040244695712698,144,81,11,85,PADDED HOLLY CHRISTMAS DECORATION,0.19,0.42,1.5714285714285714,4.877752737897709,220.1222472621023,0.0,24.832195756570158,5.798923357871007,1.0,Markdown / clear,27.36
85083,2.5392146649338887,72,0,14,39,KISS REINDEER SCANDINAVIAN STOCKING,1.15,2.55,2.0,5.078429329867777,66.92157067013223,0.0,20.31371731947111,3.5444029700554385,0.8481343233518128,Markdown / clear,82.8
85084,3.1040244695712698,48,322,7,218,HOLLY TOP CHRISTMAS STOCKING,0.38,0.85,1.0,3.1040244695712698,366.89597553042876,0.0,24.832195756570158,1.9329744526236692,0.31099148420788975,Healthy,0.0
85107,13.964503195870124,290,468,21,705,CUT GLASS T-LIGHT HOLDER OCTAGON,1.27,2.55,3.0,41.893509587610374,716.1064904123896,0.0,111.716025566961,2.595867500013936,0.5319558333379787,Markdown / clear,368.3
85109,3.1040244695712698,8732,4199,10,5457,PINK BOUDOIR T-LIGHT HOLDER,0.42,0.85,1.4285714285714286,4.4343206708161,12926.565679329184,0.0,24.832195756570158,351.6402691731225,1.0,Markdown / clear,3667.44
85110,3.1040244695712698,17499,11520,20,21339,BLACK SILVER FLOWER T-LIGHT HOLDER,0.42,0.85,2.857142857142857,8.8686413416322,29010.131358658367,0.0,24.832195756570158,704.6899988846163,1.0,Markdown / clear,7349.58
85126,2.5392146649338887,50,64,9,76,LARGE ROUND CUTGLASS CANDLESTICK,3.38,6.75,1.2857142857142858,3.264704569200714,110.73529543079928,0.0,20.31371731947111,2.4613909514273877,0.4871303171424626,Healthy,0.0
85127,6.423947912085655,0,54,7,47,SMALL SQUARE CUT GLASS CANDLESTICK,2.48,4.95,1.0,6.423947912085655,47.57605208791435,0.0,51.39158329668524,0.0,0.0,Healthy,0.0
85128,2.5392146649338887,1609,0,13,1028,PLANTPOT SINGLE HOOK PISTACHIO,1.28,2.56,1.8571428571428572,4.715684377734365,1604.2843156222657,0.0,20.31371731947111,79.20756081693334,1.0,Markdown / clear,2059.52
85129A,3.1040244695712698,0,198,12,131,"WHITE PEARL BEADED HEART, SMALL",0.62,1.25,1.7142857142857142,5.321184804979319,192.6788151950207,0.0,24.832195756570158,0.0,0.0,Healthy,0.0
85129B,3.4908755161689506,59,128,15,101,BEADED CRYSTAL HEART GREEN SMALL,0.62,1.25,2.142857142857143,7.480447534647751,179.51955246535226,0.0,27.927004129351605,2.1126505273077365,0.37088350910257883,Healthy,0.0
85129C,5.679495763838708,0,188,10,103,BEADED CRYSTAL HEART BLUE SMALL,0.62,1.25,1.4285714285714286,8.11356537691244,179.88643462308755,0.0,45.435966110709664,0.0,0.0,Healthy,0.0
85125,10.828502658432129,56,176,11,105,SMALL ROUND CUT GLASS CANDLESTICK,2.48,4.95,1.5714285714285714,17.01621846325049,214.98378153674952,0.0,86.62802126745703,0.6464421001503026,0.0,Healthy,0.0
85129D,3.650692270123807,0,160,17,141,BEADED CRYSTAL HEART PINK SMALL,1.23,2.46,2.4285714285714284,8.865966941729246,151.13403305827075,0.0,29.205538160990457,0.0,0.0,Healthy,0.0
85130B,9.879368772547982,0,364,13,268,BEADED CRYSTAL HEART GREEN LARGE,0.4,0.79,1.8571428571428572,18.347399149017683,345.6526008509823,0.0,79.03495018038386,0.0,0.0,Healthy,0.0
85130C,5.208712459496257,0,157,9,156,BEADED CRYSTAL HEART BLUE  LARGE,0.4,0.79,1.2857142857142858,6.696916019352331,150.30308398064767,0.03651869243174566,41.66969967597006,0.0,0.0,Healthy,0.0
85130D,5.208712459496257,0,228,14,225,BEADED CRYSTAL HEART PINK LARGE,0.82,1.65,2.0,10.417424918992515,217.5825750810075,0.032966332973300094,41.66969967597006,0.0,0.0,Healthy,0.0
85131A,3.1040244695712698,0,389,17,353,BEADED PEARL HEART WHITE ON STICK,0.42,0.83,2.4285714285714284,7.538345140387369,381.4616548596126,0.0,24.832195756570158,0.0,0.0,Healthy,0.0
85131B,19.68356162040628,0,140,12,130,BEADED CRYSTAL HEART GREEN ON STICK,0.42,0.83,1.7142857142857142,33.74324849212505,106.25675150787495,0.1826403730163465,157.46849296325024,0.0,0.0,Healthy,0.0
85131C,4.435574205436875,0,144,10,137,BEADED CRYSTAL HEART BLUE ON STICK,0.42,0.83,1.4285714285714286,6.336534579195536,137.66346542080447,0.0,35.484593643495,0.0,0.0,Healthy,0.0
85130A,3.1040244695712698,0,269,17,219,BEADED PEARL HEART WHITE LARGE,0.82,1.65,2.4285714285714284,7.538345140387369,261.4616548596126,0.0,24.832195756570158,0.0,0.0,Healthy,0.0
85124C,2.5392146649338887,0,157,17,109,GREEN JUICY FRUIT PHOTO FRAME,1.27,2.55,2.4285714285714284,6.166664186268015,150.833335813732,0.0,20.31371731947111,0.0,0.0,Healthy,0.0
85124B,3.3726285907061757,0,66,9,53,BLUE JUICY FRUIT PHOTO FRAME,1.27,2.55,1.2857142857142858,4.336236759479369,61.66376324052063,0.0,26.981028725649406,0.0,0.0,Healthy,0.0
85124A,2.5392146649338887,0,142,10,82,PINK JUICY FRUIT PHOTO FRAME,1.27,2.55,1.4285714285714286,3.627449521334127,138.3725504786659,0.0,20.31371731947111,0.0,0.0,Healthy,0.0
85111,37.189452448303804,837,1771,14,1364,SILVER GLITTER FLOWER VOTIVE HOLDER,0.14,0.29,2.0,74.37890489660761,2533.6210951033922,0.0,297.51561958643043,2.8132976721138014,0.6044325573712671,Markdown / clear,117.18
85112,3.1040244695712698,1246,380,17,968,S/3 TEAR DROP CUT GLASS DECORATION,0.62,1.25,2.4285714285714284,7.538345140387369,1618.4616548596127,0.0,24.832195756570158,50.17679516602274,1.0,Markdown / clear,772.52
85113,2.8154898181844623,139,107,19,209,POLKA DOT PISTACHIO PAIL,1.05,2.1,2.7142857142857144,7.642043792214969,238.35795620778504,0.0,22.5239185454757,6.1712174868400265,1.0,Markdown / clear,145.95
85114A,14.66572081151687,0,375,9,229,BLACK ENCHANTED FOREST PLACEMAT,0.82,1.65,1.2857142857142858,18.855926757664548,356.1440732423355,0.0,117.32576649213496,0.0,0.0,Healthy,0.0
85114B,14.66572081151687,0,398,13,288,IVORY ENCHANTED FOREST PLACEMAT,0.82,1.65,1.8571428571428572,27.2363386499599,370.7636613500401,0.0,117.32576649213496,0.0,0.0,Healthy,0.0
85114C,28.84442528465084,0,123,8,117,RED ENCHANTED FOREST PLACEMAT,0.82,1.65,1.1428571428571428,32.96505746817238,90.03494253182762,0.23047057665104598,230.7554022772067,0.0,0.0,Healthy,0.0
85115B,2.5392146649338887,72,0,11,33,S/4 BLACK DISCO PARTITION PANEL,3.14,6.27,1.5714285714285714,3.990194473467539,68.00980552653246,0.0,20.31371731947111,3.5444029700554385,0.8481343233518128,Markdown / clear,226.08
85116,5.503654424975725,0,443,13,325,BLACK CANDELABRA T-LIGHT HOLDER,0.83,1.66,1.8571428571428572,10.221072503526347,432.77892749647367,0.0,44.0292353998058,0.0,0.0,Healthy,0.0
85117,3.1040244695712698,121,227,19,241,NIGHTINGALE COATHOOK WHITE,0.82,1.65,2.7142857142857144,8.425209274550589,339.5747907254494,0.0,24.832195756570158,4.872706432655499,1.0,Markdown / clear,99.22
85118,3.1040244695712698,149,1215,19,997,HEART T-LIGHT HOLDER,0.62,1.25,2.7142857142857144,8.425209274550589,1355.5747907254495,0.0,24.832195756570158,6.000274863352639,1.0,Markdown / clear,92.38
85119,3.1040244695712698,317,232,12,341,WATERING CAN SINGLE HOOK PISTACHIO,0.84,1.69,1.7142857142857142,5.321184804979319,543.6788151950207,0.0,24.832195756570158,12.765685447535482,1.0,Markdown / clear,266.28
85121B,2.5392146649338887,12,35,11,32,RETRO LAUNDRY TUB PINK,4.25,8.5,1.5714285714285714,3.990194473467539,43.00980552653246,0.0,20.31371731947111,0.590733828342573,0.0,Healthy,0.0
85121C,2.5392146649338887,30,59,14,38,RETRO LAUNDRY TUB PISTACHIO,4.25,8.5,2.0,5.078429329867777,83.92157067013223,0.0,20.31371731947111,1.4768345708564328,0.15894485695214425,Healthy,0.0
85123A,798.2259447369561,0,6899,20,4726,WHITE HANGING HEART T-LIGHT HOLDER,1.48,2.95,2.857142857142857,2280.645556391303,4618.354443608697,0.02277730774255249,6385.807557895649,0.0,0.0,Healthy,0.0
85132A,2.5392146649338887,0,260,12,189,CHARLIE + LOLA BISCUITS TINS,4.14,8.29,1.7142857142857142,4.352939425600952,255.64706057439903,0.0,20.31371731947111,0.0,0.0,Healthy,0.0
85188B,3.1040244695712698,123,414,11,242,PINK METAL SWINGING BUNNY,0.42,0.85,1.5714285714285714,4.877752737897709,532.1222472621023,0.0,24.832195756570158,4.953247034848152,1.0,Markdown / clear,51.66
85189,3.1040244695712698,307,693,9,433,HANGING BUTTERFLY  EGG,0.42,0.85,1.2857142857142858,3.99088860373449,996.0091113962656,0.0,24.832195756570158,12.362982436572217,1.0,Markdown / clear,128.94
85190,3.1040244695712698,330,0,20,300,PINK FLOWER HANGING HEART,0.42,0.85,2.857142857142857,8.8686413416322,321.1313586583678,0.0,24.832195756570158,13.289199361787725,1.0,Markdown / clear,138.6
90019A,3.3726285907061757,18,41,13,22,SILVER M.O.P ORBIT BRACELET,2.7,5.4,1.8571428571428572,6.263453097025755,52.73654690297425,0.0,26.981028725649406,0.6671354225603849,0.0,Healthy,0.0
90019B,2.5392146649338887,20,16,14,19,GOLD M.O.P ORBIT BRACELET,2.7,5.4,2.0,5.078429329867777,30.921570670132223,0.0,20.31371731947111,0.9845563805709551,0.0,Healthy,0.0
90019C,2.5392146649338887,12,17,10,15,SILVER BLACK ORBIT BRACELET,2.76,5.51,1.4285714285714286,3.627449521334127,25.37255047866587,0.0,20.31371731947111,0.590733828342573,0.0,Healthy,0.0
90020,2.5392146649338887,40,0,12,24,FILIGREE DIAMANTE CHAIN,6.38,12.75,1.7142857142857142,4.352939425600952,35.64706057439905,0.0,20.31371731947111,1.9691127611419101,0.3230375870473034,Healthy,0.0
90021,2.5392146649338887,34,0,14,21,LASER CUT MULTI STRAND NECKLACE,5.98,11.95,2.0,5.078429329867777,28.921570670132223,0.0,20.31371731947111,1.6737458469706237,0.2245819489902079,Healthy,0.0
90022,2.5392146649338887,12,17,7,11,EDWARDIAN DROP EARRINGS JET BLACK,1.88,3.75,1.0,2.5392146649338887,26.460785335066113,0.0,20.31371731947111,0.590733828342573,0.0,Healthy,0.0
90018C,2.5392146649338887,29,21,7,14,SILVER BLACK ORBIT DROP EARRINGS,2.12,4.24,1.0,2.5392146649338887,47.46078533506611,0.0,20.31371731947111,1.427606751827885,0.14253558394262833,Healthy,0.0
90023,2.5392146649338887,30,21,9,17,FILIGREE DIAMANTE EARRINGS,2.12,4.25,1.2857142857142858,3.264704569200714,47.73529543079928,0.0,20.31371731947111,1.4768345708564328,0.15894485695214425,Healthy,0.0
90024B,2.5392146649338887,23,16,12,16,NEW BAROQUE B'FLY NECKLACE RED,4.24,8.49,1.7142857142857142,4.352939425600952,34.64706057439905,0.0,20.31371731947111,1.1322398376565983,0.04407994588553277,Healthy,0.0
90024C,2.5392146649338887,24,0,16,20,NEW BAROQUE B'FLY NECKLACE GREEN,4.25,8.5,2.2857142857142856,5.803919234134602,18.196080765865396,0.09019596170673017,20.31371731947111,1.181467656685146,0.06048921889504869,Healthy,0.0
90024D,2.5392146649338887,22,0,15,20,NEW BAROQUE B'FLY NECKLACE PINK,4.25,8.5,2.142857142857143,5.44117428200119,16.55882571799881,0.17205871410005946,20.31371731947111,1.0830120186280505,0.02767067287601684,Healthy,0.0
90024E,2.5392146649338887,41,0,15,34,NEW BAROQUE B'FLY NECKLACE MONTANA,4.25,8.5,2.142857142857143,5.44117428200119,35.55882571799881,0.0,20.31371731947111,2.018340580170458,0.3394468600568194,Healthy,0.0
90024F,2.5392146649338887,32,0,13,20,NEW BAROQUE B'FLY NECKLACE CRYSTAL,4.24,8.49,1.8571428571428572,4.715684377734365,27.284315622265634,0.0,20.31371731947111,1.5752902089135281,0.19176340297117603,Healthy,0.0
90025A,2.5392146649338887,27,0,14,14,BAROQUE BUTTERFLY EARRINGS BLACK,1.88,3.75,2.0,5.078429329867777,21.921570670132223,0.0,20.31371731947111,1.3291511137707894,0.10971703792359648,Healthy,0.0
90024A,2.5392146649338887,40,0,18,26,NEW BAROQUE B'FLY NECKLACE BLACK,4.25,8.5,2.5714285714285716,6.529409138401428,33.47059086159857,0.0,20.31371731947111,1.9691127611419101,0.3230375870473034,Healthy,0.0
90025B,2.5392146649338887,31,0,19,19,BAROQUE BUTTERFLY EARRINGS RED,1.88,3.75,2.7142857142857144,6.8921540905348415,24.10784590946516,0.0,20.31371731947111,1.5260623898849803,0.1753541299616601,Healthy,0.0
90018B,2.5392146649338887,18,18,14,20,GOLD M.O.P ORBIT DROP EARRINGS,2.12,4.24,2.0,5.078429329867777,30.921570670132223,0.0,20.31371731947111,0.8861007425138596,0.0,Healthy,0.0
90016C,2.527455328645957,18,0,11,17,SILVER/BLACK PENDANT ORBIT NECKLACE,4.67,8.49,1.5714285714285714,3.9717155164436466,14.028284483556353,0.17480679508492036,20.219642629167655,0.8902234490551415,0.0,Healthy,0.0
90011D,2.5392146649338887,20,0,10,10,PURPLE CRYSTAL DROP EARRINGS,1.48,2.96,1.4285714285714286,3.627449521334127,16.37255047866587,0.0,20.31371731947111,0.9845563805709551,0.0,Healthy,0.0
90011E,2.5392146649338887,28,0,21,21,AMBER CRYSTAL DROP EARRINGS,1.48,2.96,3.0,7.617643994801666,20.382356005198332,0.029411618800079475,20.31371731947111,1.3783789327993372,0.1261263109331124,Healthy,0.0
90012A,2.5392146649338887,52,0,12,33,MIDNIGHT BLUE DROP CRYSTAL NECKLACE,4.99,9.98,1.7142857142857142,4.352939425600952,47.64706057439905,0.0,20.31371731947111,2.5598465894844833,0.5199488631614945,Markdown / clear,259.48
90012B,3.3726285907061757,101,0,19,72,BLACK DROP CRYSTAL NECKLACE,4.97,9.95,2.7142857142857144,9.154277603345335,91.84572239665466,0.0,26.981028725649406,3.743370982144382,0.9144569940481273,Markdown / clear,501.97
90013A,2.5392146649338887,0,46,13,29,MIDNIGHT BLUE VINTAGE EARRINGS,1.9,3.81,1.8571428571428572,4.715684377734365,41.28431562226564,0.0,20.31371731947111,0.0,0.0,Healthy,0.0
90013B,4.1922639355613525,0,21,7,14,BLACK VINTAGE EARRINGS,2.12,4.24,1.0,4.1922639355613525,16.807736064438647,0.0,33.53811148449082,0.0,0.0,Healthy,0.0
90018A,4.047003057792295,19,41,18,31,SILVER M.O.P ORBIT DROP EARRINGS,2.12,4.24,2.5714285714285716,10.406579291465901,49.5934207085341,0.0,32.37602446233836,0.5868540166845342,0.0,Healthy,0.0
90013C,4.047003057792295,27,49,20,41,GREEN VINTAGE EARRINGS,2.08,4.15,2.857142857142857,11.562865879406557,64.43713412059344,0.0,32.37602446233836,0.8339504447622328,0.0,Healthy,0.0
90013E,2.5392146649338887,24,0,11,11,AMBER VINTAGE EARRINGS,2.14,4.28,1.5714285714285714,3.990194473467539,20.00980552653246,0.0,20.31371731947111,1.181467656685146,0.06048921889504869,Healthy,0.0
90014A,2.5392146649338887,22,21,19,34,SILVER/MOP ORBIT NECKLACE,4.97,9.95,2.7142857142857144,6.8921540905348415,36.107845909465155,0.0,20.31371731947111,1.0830120186280505,0.02767067287601684,Healthy,0.0
90014B,2.5392146649338887,29,17,20,28,GOLD M PEARL  ORBIT NECKLACE,4.97,9.95,2.857142857142857,7.254899042668254,38.74510095733174,0.0,20.31371731947111,1.427606751827885,0.14253558394262833,Healthy,0.0
90014C,2.5392146649338887,50,20,20,37,SILVER/BLACK ORBIT NECKLACE,4.97,9.95,2.857142857142857,7.254899042668254,62.74510095733174,0.0,20.31371731947111,2.4613909514273877,0.4871303171424626,Healthy,0.0
90016A,2.527455328645957,41,0,13,36,SILVER/M.O.P PENDANT ORBIT NECKLACE,4.68,8.5,1.8571428571428572,4.693845610342492,36.30615438965751,0.0,20.219642629167655,2.027731189514489,0.3425770631714964,Healthy,0.0
90016B,2.527455328645957,28,18,18,28,GOLD/M.O.P PENDANT ORBIT NECKLACE,4.68,8.5,2.5714285714285716,6.499170845089604,39.5008291549104,0.0,20.219642629167655,1.3847920318635536,0.12826401062118453,Healthy,0.0
90013D,2.5392146649338887,75,40,9,40,PURPLE VINTAGE EARRINGS,2.08,4.15,1.2857142857142858,3.264704569200714,111.73529543079928,0.0,20.31371731947111,3.692086427141082,0.8973621423803606,Markdown / clear,156.0
90025C,2.5392146649338887,30,0,21,21,BAROQUE BUTTERFLY EARRINGS GREEN,1.88,3.75,3.0,7.617643994801666,22.382356005198332,0.0,20.31371731947111,1.4768345708564328,0.15894485695214425,Healthy,0.0
90025D,2.5392146649338887,20,0,10,10,BAROQUE BUTTERFLY EARRINGS PINK,1.86,3.73,1.4285714285714286,3.627449521334127,16.37255047866587,0.0,20.31371731947111,0.9845563805709551,0.0,Healthy,0.0
90025E,2.5392146649338887,24,0,17,17,BAROQUE BUTTERFLY EARRINGS MONTANA,1.88,3.75,2.4285714285714284,6.166664186268015,17.833335813731985,0.0,20.31371731947111,1.181467656685146,0.06048921889504869,Healthy,0.0
90035B,2.5392146649338887,290,0,9,181,"PEARL & SHELL 42""NECKL. PINK",5.38,10.75,1.2857142857142858,3.264704569200714,286.7352954307993,0.0,20.31371731947111,14.276067518278849,1.0,Markdown / clear,1560.2
90035C,2.5392146649338887,221,0,20,169,"PEARL & SHELL 42""NECKL. IVORY",5.38,10.75,2.857142857142857,7.254899042668254,213.74510095733174,0.0,20.31371731947111,10.879348005309055,1.0,Markdown / clear,1188.98
90036A,2.5392146649338887,46,19,21,34,FLOWER GARLAND NECKLACE RED,3.98,7.95,3.0,7.617643994801666,57.38235600519833,0.0,20.31371731947111,2.2644796753131966,0.42149322510439885,Healthy,0.0
90036B,2.5392146649338887,29,0,8,22,"FLOWER GLASS GARLAND NECKL.36""GREEN",3.98,7.95,1.1428571428571428,2.901959617067301,26.098040382932698,0.0,20.31371731947111,1.427606751827885,0.14253558394262833,Healthy,0.0
90036C,2.5392146649338887,61,29,12,33,"FLOWER GLASS GARLAND NECKL.36""BLUE",3.98,7.95,1.7142857142857142,4.352939425600952,85.64706057439905,0.0,20.31371731947111,3.0028969607414133,0.6676323202471378,Markdown / clear,242.78
90036D,2.5392146649338887,75,35,15,45,"FLOWER GLASS GARLAND NECKL.36""BLACK",3.98,7.95,2.142857142857143,5.44117428200119,104.55882571799881,0.0,20.31371731947111,3.692086427141082,0.8973621423803606,Markdown / clear,298.5
90035A,2.5392146649338887,22,0,10,21,"PEARL & SHELL 42""NECKL. GREEN",5.38,10.75,1.4285714285714286,3.627449521334127,18.37255047866587,0.12511664387305377,20.31371731947111,1.0830120186280505,0.02767067287601684,Healthy,0.0
90036E,2.5392146649338887,32,24,12,29,"FLOWER GLASS GARLD NECKL36""AMETHYST",3.98,7.95,1.7142857142857142,4.352939425600952,51.64706057439905,0.0,20.31371731947111,1.5752902089135281,0.19176340297117603,Healthy,0.0
90037A,2.5392146649338887,37,0,10,32,TINY CRYSTAL BRACELET RED,1.27,2.55,1.4285714285714286,3.627449521334127,33.37255047866587,0.0,20.31371731947111,1.821429304056267,0.2738097680187557,Healthy,0.0
90037B,2.5392146649338887,42,0,7,30,TINY CRYSTAL BRACELET GREEN,1.27,2.54,1.0,2.5392146649338887,39.46078533506611,0.0,20.31371731947111,2.067568399199006,0.3558561330663353,Healthy,0.0
90037C,2.5392146649338887,38,0,12,35,TINY CRYSTAL BRACELET BLUE,1.27,2.54,1.7142857142857142,4.352939425600952,33.64706057439905,0.038655412160027214,20.31371731947111,1.8706571230848148,0.2902190410282716,Healthy,0.0
90037D,2.5392146649338887,62,0,15,42,TINY CRYSTALS BRACELET BLACK,1.28,2.57,2.142857142857143,5.44117428200119,56.55882571799881,0.0,20.31371731947111,3.0521247797699607,0.6840415932566536,Markdown / clear,79.36
90038A,2.5392146649338887,33,23,9,22,GLASS AND PAINTED BEADS BRACELET TO,1.88,3.75,1.2857142857142858,3.264704569200714,52.73529543079928,0.0,20.31371731947111,1.624518027942076,0.20817267598069197,Healthy,0.0
90038B,2.5392146649338887,45,0,19,42,GLASS AND PAINTED BEADS BRACELET OL,1.88,3.75,2.7142857142857144,6.8921540905348415,38.107845909465155,0.0926703354889249,20.31371731947111,2.215251856284649,0.40508395209488296,Healthy,0.0
90036F,2.5392146649338887,39,0,17,37,"FLOWER GLASS GARLD NECKL36""TURQUOIS",4.04,8.07,2.4285714285714284,6.166664186268015,32.833335813731985,0.11261254557481126,20.31371731947111,1.9198849421133626,0.3066283140377875,Healthy,0.0
90034,2.5392146649338887,20,0,11,11,WHITE SILVER NECKLACE SHELL GLASS,4.99,9.98,1.5714285714285714,3.990194473467539,16.00980552653246,0.0,20.31371731947111,0.9845563805709551,0.0,Healthy,0.0
90033,3.213589132020008,35,17,15,22,IVORY SHELL HEART EARRINGS,1.27,2.54,2.142857142857143,6.88626242575716,45.11373757424284,0.0,25.708713056160065,1.3614061475400712,0.12046871584669039,Healthy,0.0
90032,2.5392146649338887,53,31,11,32,IVORY SHELL HEART NECKLACE,3.12,6.25,1.5714285714285714,3.990194473467539,80.00980552653246,0.0,20.31371731947111,2.609074408513031,0.5363581361710104,Markdown / clear,165.36
90025F,2.5392146649338887,28,0,21,21,BAROQUE BUTTERFLY EARRINGS CRYSTAL,1.88,3.75,3.0,7.617643994801666,20.382356005198332,0.029411618800079475,20.31371731947111,1.3783789327993372,0.1261263109331124,Healthy,0.0
90026A,2.5392146649338887,16,0,7,10,GLASS BEAD HOOP NECKLACE BLACK,4.25,8.5,1.0,2.5392146649338887,13.460785335066111,0.0,20.31371731947111,0.7876451044567641,0.0,Healthy,0.0
90026B,2.5392146649338887,32,0,18,23,GLASS BEAD HOOP NECKLACE MONTANA,4.25,8.5,2.5714285714285716,6.529409138401428,25.470590861598573,0.0,20.31371731947111,1.5752902089135281,0.19176340297117603,Healthy,0.0
90026C,2.5392146649338887,35,0,14,22,GLASS BEAD HOOP NECKLACE GREEN,4.25,8.5,2.0,5.078429329867777,29.921570670132223,0.0,20.31371731947111,1.7229736659991715,0.2409912219997238,Healthy,0.0
90026D,2.5392146649338887,39,0,21,30,GLASS BEAD HOOP NECKLACE AMETHYST,4.25,8.5,3.0,7.617643994801666,31.382356005198332,0.0,20.31371731947111,1.9198849421133626,0.3066283140377875,Healthy,0.0
90027A,2.5392146649338887,43,0,15,30,GLASS BEAD HOOP EARRINGS BLACK,1.48,2.95,2.142857142857143,5.44117428200119,37.55882571799881,0.0,20.31371731947111,2.1167962182275537,0.37226540607585124,Healthy,0.0
90027B,2.5392146649338887,34,0,19,28,GLASS BEAD HOOP EARRINGS MONTANA,1.48,2.95,2.7142857142857144,6.8921540905348415,27.10784590946516,0.03186264609053002,20.31371731947111,1.6737458469706237,0.2245819489902079,Healthy,0.0
90027C,2.5392146649338887,15,0,9,12,GLASS BEAD HOOP EARRINGS GREEN,1.48,2.95,1.2857142857142858,3.264704569200714,11.735295430799287,0.02205871410005944,20.31371731947111,0.7384172854282164,0.0,Healthy,0.0
90027D,2.5392146649338887,17,21,9,18,GLASS BEAD HOOP EARRINGS AMETHYST,1.66,3.32,1.2857142857142858,3.264704569200714,34.73529543079928,0.0,20.31371731947111,0.8368729234853118,0.0,Healthy,0.0
90028,2.5392146649338887,35,17,20,29,NEW BAROQUE LARGE NECKLACE BLK/WHIT,4.24,8.49,2.857142857142857,7.254899042668254,44.74510095733174,0.0,20.31371731947111,1.7229736659991715,0.2409912219997238,Healthy,0.0
90029,2.5392146649338887,43,0,14,38,NEW BAROQUE SMALL NECKLACE BLACK,4.25,8.5,2.0,5.078429329867777,37.921570670132226,0.0020639297333624462,20.31371731947111,2.1167962182275537,0.37226540607585124,Healthy,0.0
90030A,5.969365082711759,225,0,15,181,SPOTTED WHITE NATURAL SEED NECKLACE,0.5,1.0,2.142857142857143,12.791496605810911,212.20850339418908,0.0,47.75492066169407,4.71155635654695,1.0,Markdown / clear,112.5
90030B,11.815333642717087,49,60,9,62,RED KUKUI COCONUT SEED NECKLACE,2.94,5.88,1.2857142857142858,15.19114325492197,93.80885674507803,0.0,94.5226691417367,0.5183941634839418,0.0,Healthy,0.0
90030C,2.5392146649338887,175,81,10,94,BROWN KUKUI COCONUT SEED NECKLACE,1.7,3.41,1.4285714285714286,3.627449521334127,252.3725504786659,0.0,20.31371731947111,8.614868329995858,1.0,Markdown / clear,297.5
90031,3.6021602796645866,197,0,19,162,BILI NUT AND WOOD NECKLACE,0.5,1.0,2.7142857142857144,9.777292187661022,187.22270781233897,0.0,28.817282237316693,6.836175541387332,1.0,Markdown / clear,98.5
90011C,2.5392146649338887,47,0,13,34,GREEN CRYSTAL DROP EARRINGS,1.48,2.95,1.8571428571428572,4.715684377734365,42.28431562226564,0.0,20.31371731947111,2.3137074943417444,0.4379024981139148,Healthy,0.0
90011B,2.5392146649338887,28,0,13,27,BLACK CRYSTAL DROP EARRINGS,1.48,2.95,1.8571428571428572,4.715684377734365,23.284315622265634,0.13761793991608762,20.31371731947111,1.3783789327993372,0.1261263109331124,Healthy,0.0
90011A,2.5392146649338887,16,14,16,16,MIDNIGHT BLUE CRYSTAL DROP EARRINGS,1.48,2.96,2.2857142857142856,5.803919234134602,24.196080765865396,0.0,20.31371731947111,0.7876451044567641,0.0,Healthy,0.0
90010E,2.5392146649338887,12,27,7,17,AMBER GLASS/SILVER BRACELET,4.47,8.95,1.0,2.5392146649338887,36.46078533506611,0.0,20.31371731947111,0.590733828342573,0.0,Healthy,0.0
85212,25.274138497353164,0,785,7,418,MINI PAINTED GARDEN DECORATION,0.42,0.85,1.0,25.274138497353164,759.7258615026468,0.0,202.1931079788253,0.0,0.0,Healthy,0.0
85213,3.1040244695712698,590,900,14,628,MINI  ZINC GARDEN DECORATIONS,0.42,0.85,2.0,6.2080489391425395,1483.7919510608574,0.0,24.832195756570158,23.7594776468326,1.0,Markdown / clear,247.8
85214,3.1040244695712698,0,124,18,99,TUB 24 PINK FLOWER PEGS,0.82,1.65,2.5714285714285716,7.98177720746898,116.01822279253102,0.0,24.832195756570158,0.0,0.0,Healthy,0.0
85215,3.1040244695712698,99,408,14,295,ASSORTED CHEESE FRIDGE MAGNETS,0.32,0.65,2.0,6.2080489391425395,500.79195106085746,0.0,24.832195756570158,3.9867598085363176,0.9955866028454392,Markdown / clear,31.68
85216,4.158549826857145,0,655,20,638,ASSORTED CAKES FRIDGE MAGNETS,0.32,0.65,2.857142857142857,11.881570933877558,643.1184290661224,0.0,33.26839861485716,0.0,0.0,Healthy,0.0
85217,3.1040244695712698,0,739,11,452,ASSORTED ICE CREAM FRIDGE MAGNETS,0.32,0.65,1.5714285714285714,4.877752737897709,734.1222472621023,0.0,24.832195756570158,0.0,0.0,Healthy,0.0
85211,3.1040244695712698,19,124,20,137,S/4 GROOVY CAT MAGNETS,0.82,1.65,2.857142857142857,8.8686413416322,134.1313586583678,0.020938987895125605,24.832195756570158,0.7651357208302023,0.0,Healthy,0.0
85218,3.1040244695712698,24925,0,7,12973,S/5 MINI ICE CREAM FRIDGE MAGNETS,0.44,0.88,1.0,3.1040244695712698,24921.895975530428,0.0,24.832195756570158,1003.7372548259365,1.0,Markdown / clear,10967.0
85221,3.1040244695712698,532,1312,8,1467,ASSORTED COLOUR SILK COIN PURSE,0.62,1.25,1.1428571428571428,3.5474565366528794,1840.4525434633472,0.0,24.832195756570158,21.423800183245667,1.0,Markdown / clear,329.84
85222,2.8154898181844623,678,572,18,1032,ASSORTED COLOUR SILK COSMETIC PURSE,1.05,2.1,2.5714285714285716,7.239830961045761,1242.7601690389542,0.0,22.5239185454757,30.101334216385165,1.0,Markdown / clear,711.9
85224,2.8154898181844623,801,1256,18,1026,ASSORTED COLOUR SILK GLASSES CASE,1.05,2.1,2.5714285714285716,7.239830961045761,2049.7601690389542,0.0,22.5239185454757,35.56219573351699,1.0,Markdown / clear,841.05
85225,3.1040244695712698,55,0,19,45,BLING KEY RING STAND,0.62,1.25,2.7142857142857144,8.425209274550589,46.57479072544941,0.0,24.832195756570158,2.214866560297954,0.404955520099318,Healthy,0.0
85226A,3.1040244695712698,0,768,14,536,WHITE/BLUE PULL BACK RACING CAR,0.28,0.55,2.0,6.2080489391425395,761.7919510608575,0.0,24.832195756570158,0.0,0.0,Healthy,0.0
85226C,3.1040244695712698,446,498,20,726,BLUE PULL BACK RACING CAR,0.28,0.55,2.857142857142857,8.8686413416322,935.1313586583678,0.0,24.832195756570158,17.960554288961593,1.0,Markdown / clear,124.88
85220,4.047265063361509,103923,0,18,72442,SMALL FAIRY CAKE FRIDGE MAGNETS,0.72,1.45,2.5714285714285716,10.407253020072453,103912.59274697992,0.0,32.378120506892074,3209.667465962971,1.0,Markdown / clear,74824.56
85208,4.0357547905544315,21,208,12,131,SET/12 FUNKY FELT FLOWER PEG IN BAG,1.05,2.1,1.7142857142857142,6.918436783807596,222.0815632161924,0.0,32.28603832443545,0.6504359497122415,0.0,Healthy,0.0
85206B,3.1040244695712698,445,833,21,723,PINK FELT EASTER EGG BASKET,0.82,1.65,3.0,9.31207340871381,1268.6879265912862,0.0,24.832195756570158,17.920283987865265,1.0,Markdown / clear,364.9
85206A,3.1040244695712698,0,571,15,437,CREAM FELT EASTER EGG BASKET,0.82,1.65,2.142857142857143,6.65148100622415,564.3485189937759,0.0,24.832195756570158,0.0,0.0,Healthy,0.0
85192S,3.1040244695712698,40,0,12,22,HANGING SPRING FLOWER HEART SMALL,0.32,0.65,1.7142857142857142,5.321184804979319,34.67881519502068,0.0,24.832195756570158,1.6108120438530575,0.20360401461768585,Healthy,0.0
85194L,4.435574205436875,0,644,13,392,HANGING SPRING FLOWER EGG LARGE,0.42,0.85,1.8571428571428572,8.237494952954197,635.7625050470458,0.0,35.484593643495,0.0,0.0,Healthy,0.0
85194S,58.77946405506963,0,517,12,306,HANGING SPRING FLOWER EGG SMALL,0.32,0.65,1.7142857142857142,100.7647955229765,416.2352044770235,0.0,470.23571244055705,0.0,0.0,Healthy,0.0
85195,2.8154898181844623,449,122,21,351,HANGING HEART BASKET,1.05,2.1,3.0,8.446469454553387,562.5535305454466,0.0,22.5239185454757,19.934364399936488,1.0,Markdown / clear,471.45
85196,3.1040244695712698,162,543,12,696,EASTER BUNNIES ON A STICK,0.28,0.55,1.7142857142857142,5.321184804979319,699.6788151950207,0.0,24.832195756570158,6.523788777604883,1.0,Markdown / clear,45.36
85197,2.8154898181844623,1539,1405,12,1382,SET OF 12 MINI BUNNIES IN A BUCKET,1.05,2.1,1.7142857142857142,4.826553974030507,2939.1734460259695,0.0,22.5239185454757,68.32736483630792,1.0,Markdown / clear,1615.95
85198,3.1040244695712698,4517,3449,11,3687,ASSORTED FARMYARD ANIMALS IN BUCKET,0.42,0.85,1.5714285714285714,4.877752737897709,7961.122247262102,0.0,24.832195756570158,181.90095005210654,1.0,Markdown / clear,1897.14
85199L,23.854925633193766,0,479,11,319,LARGE HANGING IVORY & RED WOOD BIRD,0.32,0.65,1.5714285714285714,37.48631170930449,441.51368829069554,0.0,190.83940506555012,0.0,0.0,Healthy,0.0
85199S,146.8782947129558,0,613,8,329,SMALL HANGING IVORY/RED WOOD BIRD,0.21,0.42,1.1428571428571428,167.86090824337805,445.13909175662195,0.0,1175.0263577036465,0.0,0.0,Healthy,0.0
85200,3.1040244695712698,33,447,16,339,BUNNY EGG BOX,0.62,1.25,2.2857142857142856,7.094913073305759,472.90508692669425,0.0,24.832195756570158,1.3289199361787725,0.10963997872625748,Healthy,0.0
85202,16.128948811744397,0,104,7,94,HANGING WOOD AND FELT HEART,0.21,0.42,1.0,16.128948811744397,87.8710511882556,0.06520158310366375,129.03159049395518,0.0,0.0,Healthy,0.0
85203,17.168885459259293,0,271,10,149,HANGING WOOD AND FELT BUTTERFLY,0.21,0.42,1.4285714285714286,24.526979227513277,246.47302077248673,0.0,137.35108367407435,0.0,0.0,Healthy,0.0
85204,35.068339754300744,0,693,10,445,HANGING WOOD AND FELT FLOWER,0.21,0.42,1.4285714285714286,50.097628220429634,642.9023717795703,0.0,280.54671803440596,0.0,0.0,Healthy,0.0
85205A,2.5392146649338887,57,64,11,64,IVORY FELT EASTER RABBIT GARLAND,1.27,2.55,1.5714285714285714,3.990194473467539,117.00980552653246,0.0,20.31371731947111,2.805985684627222,0.601995228209074,Markdown / clear,72.39
85205B,2.5392146649338887,74,137,18,112,PINK FELT EASTER RABBIT GARLAND,1.27,2.55,2.5714285714285716,6.529409138401428,204.47059086159857,0.0,20.31371731947111,3.642858608112534,0.8809528693708447,Markdown / clear,93.98
85227,50.98472969789211,0,377,9,233,SET OF 6 3D KIT CARDS FOR KIDS,0.47,0.85,1.2857142857142858,65.55179532586128,311.4482046741387,0.0,407.87783758313685,0.0,0.0,Healthy,0.0
90039A,2.5392146649338887,44,0,8,26,FIRE POLISHED GLASS BRACELET RED,1.88,3.75,1.1428571428571428,2.901959617067301,41.0980403829327,0.0,20.31371731947111,2.166024037256101,0.388674679085367,Healthy,0.0
85230A,25.08014192529612,771,1296,13,837,OPIUM SCENTED VOTIVE CANDLE,0.14,0.29,1.8571428571428572,46.5774064326928,2020.422593567307,0.0,200.64113540236897,3.8426816039184795,0.9475605346394932,Markdown / clear,107.94
90001D,2.5392146649338887,49,0,18,43,ANTIQUE OLIVE GREEN FLOWER EARRINGS,2.12,4.25,2.5714285714285716,6.529409138401428,42.47059086159857,0.012311840427940202,20.31371731947111,2.41216313239884,0.47072104413294663,Healthy,0.0
90002A,2.5392146649338887,60,0,18,59,FLOWER BURST SILVER RING OPAL,1.88,3.75,2.5714285714285716,6.529409138401428,53.47059086159857,0.09371879895595636,20.31371731947111,2.9536691417128655,0.6512230472376218,Markdown / clear,112.8
90002B,2.5392146649338887,51,0,18,45,FLOWER BURST SILVER RING ROSE,1.88,3.75,2.5714285714285716,6.529409138401428,44.47059086159857,0.011764647520031701,20.31371731947111,2.5106187704559355,0.5035395901519785,Markdown / clear,95.88
90002C,2.5392146649338887,67,27,19,45,FLOWER BURST SILVER RING MIDN'T BLU,1.88,3.75,2.7142857142857144,6.8921540905348415,87.10784590946515,0.0,20.31371731947111,3.2982638749126996,0.7660879583042332,Markdown / clear,125.96
90002D,2.5392146649338887,135,84,16,109,FLOWER BURST SILVER RING CRYSTAL,1.88,3.75,2.2857142857142856,5.803919234134602,213.1960807658654,0.0,20.31371731947111,6.645755568853947,1.0,Markdown / clear,253.8
90002E,2.5392146649338887,35,0,14,29,FLOWER BURST SILVER RING GREEN,1.88,3.75,2.0,5.078429329867777,29.921570670132223,0.0,20.31371731947111,1.7229736659991715,0.2409912219997238,Healthy,0.0
90001C,2.5392146649338887,26,0,17,21,ANTIQUE OPAL WHITE FLOWER EARRINGS,2.12,4.25,2.4285714285714284,6.166664186268015,19.833335813731985,0.055555437441334066,20.31371731947111,1.2799232947422416,0.09330776491408055,Healthy,0.0
90003B,3.213589132020008,57,26,19,46,ROSE COLOUR PAIR HEART HAIR SLIDES,1.88,3.75,2.7142857142857144,8.722599072625737,74.27740092737426,0.0,25.708713056160065,2.2171471545652586,0.4057157181884195,Healthy,0.0
90003D,2.81727834435152,21,28,8,22,CRYSTAL PAIR HEART HAIR SLIDES,1.88,3.75,1.1428571428571428,3.21974667925888,45.78025332074112,0.0,22.53822675481216,0.9317503203980441,0.0,Healthy,0.0
90003E,3.213589132020008,50,24,18,34,GREEN PAIR HEART HAIR SLIDES,1.88,3.75,2.5714285714285716,8.263514910908592,65.7364850890914,0.0,25.708713056160065,1.9448659250572444,0.3149553083524148,Healthy,0.0
90005A,2.5392146649338887,50,62,21,62,JADE GREEN ENAMEL HAIR COMB,1.06,2.11,3.0,7.617643994801666,104.38235600519833,0.0,20.31371731947111,2.4613909514273877,0.4871303171424626,Healthy,0.0
90010A,2.5392146649338887,38,28,13,34,MIDNIGHT BLUE GLASS/SILVER BRACELET,4.47,8.95,1.8571428571428572,4.715684377734365,61.28431562226564,0.0,20.31371731947111,1.8706571230848148,0.2902190410282716,Healthy,0.0
90010B,2.5392146649338887,51,30,19,54,BLACK/WHITE GLASS/SILVER BRACELET,4.47,8.95,2.7142857142857144,6.8921540905348415,74.10784590946515,0.0,20.31371731947111,2.5106187704559355,0.5035395901519785,Markdown / clear,227.97
90003C,3.213589132020008,18,21,12,24,MIDNIGHT BLUE PAIR HEART HAIR SLIDE,1.88,3.75,1.7142857142857142,5.509009940605728,33.49099005939427,0.0,25.708713056160065,0.700151733020608,0.0,Healthy,0.0
90001B,2.5392146649338887,20,0,7,12,ANTIQUE MID BLUE FLOWER EARRINGS,2.12,4.25,1.0,2.5392146649338887,17.460785335066113,0.0,20.31371731947111,0.9845563805709551,0.0,Healthy,0.0
90001A,2.5392146649338887,15,0,9,11,ANTIQUE RASPBERRY FLOWER EARRINGS,2.12,4.25,1.2857142857142858,3.264704569200714,11.735295430799287,0.0,20.31371731947111,0.7384172854282164,0.0,Healthy,0.0
90000D,2.5392146649338887,26,22,16,32,COPPER/OLIVE GREEN FLOWER NECKLACE,3.12,6.23,2.2857142857142856,5.803919234134602,42.196080765865396,0.0,20.31371731947111,1.2799232947422416,0.09330776491408055,Healthy,0.0
85230E,3.1040244695712698,410,1293,19,977,STRAWBRY SCENTED VOTIVE CANDLE,0.14,0.29,2.7142857142857144,8.425209274550589,1694.5747907254495,0.0,24.832195756570158,16.51082344949384,1.0,Markdown / clear,57.4
85230F,10.286497507166112,1377,1612,18,1923,JASMINE VOTIVE CANDLE,0.14,0.29,2.5714285714285716,26.45099358985572,2962.549006410144,0.0,82.2919800573289,16.733100832434822,1.0,Markdown / clear,192.78
85230G,25.47156753210823,26,1104,11,595,ORANGE VOTIVE CANDLE,0.14,0.29,1.5714285714285714,40.02674897902722,1089.9732510209728,0.0,203.77254025686585,0.12759324670157055,0.0,Healthy,0.0
85231B,35.33562668061707,0,146,8,117,CINAMMON SET OF 9 T-LIGHTS,0.42,0.85,1.1428571428571428,40.383573349276645,105.61642665072335,0.09729549871176624,282.68501344493654,0.0,0.0,Healthy,0.0
85231E,3.1040244695712698,139,425,20,377,STRAWBERRY SCENTED SET/9 T-LIGHTS,0.42,0.85,2.857142857142857,8.8686413416322,555.1313586583678,0.0,24.832195756570158,5.597571852389375,1.0,Markdown / clear,58.38
85231G,3.1040244695712698,0,232,14,172,ORANGE SCENTED SET/9 T-LIGHTS,0.42,0.85,2.0,6.2080489391425395,225.79195106085746,0.0,24.832195756570158,0.0,0.0,Healthy,0.0
85231L,3.1040244695712698,77,473,8,256,LAVENDER SCENTED SET/9 T-LIGHTS,0.42,0.85,1.1428571428571428,3.5474565366528794,546.4525434633471,0.0,24.832195756570158,3.100813184417136,0.7002710614723786,Markdown / clear,32.34
85232A,2.5392146649338887,0,92,20,90,SET/3 POLKA DOT STACKING TINS,2.48,4.95,2.857142857142857,7.254899042668254,84.74510095733174,0.05838776714075844,20.31371731947111,0.0,0.0,Healthy,0.0
85232B,2.5392146649338887,0,558,21,487,SET/3 RUSSIAN DOLL STACKING TINS,2.48,4.95,3.0,7.617643994801666,550.3823560051983,0.0,20.31371731947111,0.0,0.0,Healthy,0.0
85232D,10.03236929034095,0,175,18,119,SET/3 DECOUPAGE STACKING TINS,2.48,4.95,2.5714285714285716,25.797521032305305,149.2024789676947,0.0,80.2589543227276,0.0,0.0,Healthy,0.0
90000A,2.5392146649338887,34,25,7,17,RASPBERRY ANT COPPER FLOWER NECKLAC,2.98,5.95,1.0,2.5392146649338887,56.46078533506611,0.0,20.31371731947111,1.6737458469706237,0.2245819489902079,Healthy,0.0
90000B,2.5392146649338887,26,20,8,15,MIDNIGHT BLUE COPPER FLOWER NECKLAC,2.98,5.95,1.1428571428571428,2.901959617067301,43.0980403829327,0.0,20.31371731947111,1.2799232947422416,0.09330776491408055,Healthy,0.0
90000C,2.5392146649338887,23,0,11,11,OPAL WHITE/SILVER FLOWER NECKLACE,3.08,6.16,1.5714285714285714,3.990194473467539,19.00980552653246,0.0,20.31371731947111,1.1322398376565983,0.04407994588553277,Healthy,0.0
85230B,55.714441287193296,0,529,8,409,CINNAMON SCENTED VOTIVE CANDLE,0.14,0.29,1.1428571428571428,63.67364718536376,465.32635281463627,0.0,445.71553029754637,0.0,0.0,Healthy,0.0
23161,22.53967849927281,0,684,15,516,REGENCY CAKE FORK,0.62,1.25,2.142857142857143,48.299311069870306,635.7006889301297,0.0,180.31742799418248,0.0,0.0,Healthy,0.0
84251J,4.047265063361509,222,71,21,156,"GREETING CARD, THE BLACK CAT",0.46,0.84,3.0,12.141795190084528,280.8582048099155,0.0,32.378120506892074,6.856481986122222,1.0,Markdown / clear,102.12
84251F,4.047265063361509,0,108,9,97,"GREETING CARD, RITA",0.1,0.19,1.2857142857142858,5.2036265100362264,102.79637348996377,0.0,32.378120506892074,0.0,0.0,Healthy,0.0
23576,33.43718734293816,569,0,13,366,SNACK TRAY RED VINTAGE DOILY,0.98,1.95,1.8571428571428572,62.097633636885156,506.9023663631148,0.0,267.4974987435053,2.1271226933811285,0.3757075644603762,Healthy,0.0
23578,24.75047028806742,234,0,21,180,SNACK TRAY RED GINGHAM,0.98,1.95,3.0,74.25141086420226,159.74858913579774,0.11250783813445697,198.00376230453935,1.1817957258816967,0.06059857529389889,Healthy,0.0
23579,29.175586437611447,318,0,14,242,SNACK TRAY I LOVE LONDON,0.98,1.95,2.0,58.35117287522289,259.6488271247771,0.0,233.40469150089157,1.3624404803310703,0.12081349344369012,Healthy,0.0
23580,36.88360179676994,379,0,20,297,SNACK TRAY HAPPY FOREST,0.98,1.95,2.857142857142857,105.38171941934269,273.6182805806573,0.07872632801125479,295.0688143741595,1.2844461411615402,0.09481538038718007,Healthy,0.0
23581,527.0919792297948,919,1941,10,1871,JUMBO BAG PAISLEY PARK,1.04,2.08,1.4285714285714286,752.9885417568497,2107.01145824315,0.0,4216.735833838358,0.21794108908251528,0.0,Healthy,0.0
23582,590.5599882252313,2340,1934,13,3039,VINTAGE DOILY JUMBO BAG RED,1.04,2.08,1.8571428571428572,1096.7542638468583,3177.2457361531415,0.0,4724.479905801851,0.4952926135057504,0.0,Healthy,0.0
23575,33.43718734293816,538,0,15,359,SNACK TRAY PAISLEY PARK,0.98,1.95,2.142857142857143,71.65111573486749,466.3488842651325,0.0,267.4974987435053,2.0112337592953375,0.33707791976511253,Healthy,0.0
23583,267.95527558173313,373,1211,9,1119,LUNCH BAG PAISLEY PARK,0.82,1.65,1.2857142857142858,344.5139257479426,1239.4860742520573,0.0,2143.642204653865,0.1740029185795157,0.0,Healthy,0.0
23598,49.65613902988046,297,0,9,284,PAPER BUNTING VINTAGE PARTY,1.62,2.95,1.2857142857142858,63.84360732413202,233.15639267586798,0.17902678635257752,397.24911223904365,0.7476416959776137,0.0,Healthy,0.0
23601,2.527455328645957,60,0,14,40,SET 10 CARDS SNOWY SNOWDROPS  17100,1.37,2.49,2.0,5.054910657291914,54.94508934270809,0.0,20.219642629167655,2.9674114968504717,0.6558038322834906,Markdown / clear,82.2
23603,3.650692270123807,26,0,9,19,SET 10 CARD KRAFT REINDEER 17084,1.12,2.49,1.2857142857142858,4.693747204444895,21.306252795555103,0.0,29.205538160990457,0.890242112871864,0.0,Healthy,0.0
23604,3.1040244695712698,47,0,8,23,SET 10 MINI SANTA & SNOWMAN  17087,0.75,1.66,1.1428571428571428,3.5474565366528794,43.45254346334712,0.0,24.832195756570158,1.8927041515273426,0.2975680505091142,Healthy,0.0
23597,34.27610445385329,331,0,15,318,PAPER BUNTING PAISLEY PARK,1.62,2.95,2.142857142857143,73.44879525825705,257.55120474174294,0.19009055112659456,274.20883563082634,1.2071091700547276,0.06903639001824254,Healthy,0.0
23607,4.545400873454827,36,0,21,27,SET 10 CARDS HATS & STOCKINGS 17081,0.91,1.66,3.0,13.636202620364479,22.36379737963552,0.1717112081616473,36.36320698763861,0.9900116898995712,0.0,Healthy,0.0
23574,2.5392146649338887,13,0,7,10,PACKING CHARGE,3.75,7.5,1.0,2.5392146649338887,10.460785335066111,0.0,20.31371731947111,0.6399616473711208,0.0,Healthy,0.0
23570,276.5304604054045,1716,1848,16,1571,TRADITIONAL PICK UP STICKS GAME,0.62,1.25,2.2857142857142856,632.0696237837816,2931.9303762162185,0.0,2212.243683243236,0.7756830827444275,0.0,Healthy,0.0
23555,24.045591967640288,472,323,7,355,LANDMARK FRAME NOTTING HILL,6.25,12.5,1.0,24.045591967640288,770.9544080323598,0.0,192.3647357411223,2.4536721773953465,0.4845573924651155,Healthy,0.0
23556,23.31289443554991,849,334,21,737,LANDMARK FRAME COVENT GARDEN,6.25,12.5,3.0,69.93868330664974,1113.0613166933504,0.0,186.5031554843993,4.552201799454367,1.0,Markdown / clear,5306.25
23557,21.361997438626346,776,309,14,600,LANDMARK FRAME BAKER STREET,6.25,12.5,2.0,42.72399487725269,1042.2760051227474,0.0,170.89597950901077,4.540773880283615,1.0,Markdown / clear,4850.0
23558,25.27601110334888,615,323,14,517,LANDMARK FRAME LONDON BRIDGE,6.25,12.5,2.0,50.55202220669776,887.4479777933022,0.0,202.20808882679103,3.0414213574156346,0.6804737858052116,Markdown / clear,3843.75
23559,32.66800029370448,64,289,13,217,WOODLAND BUNNIES LOLLY MAKERS,1.04,2.08,1.8571428571428572,60.66914340259404,292.33085659740595,0.0,261.34400234963584,0.24488796155489495,0.0,Healthy,0.0
23560,26.289683899976893,527,0,13,350,SET OF 6 RIBBONS COUNTRY STYLE,1.59,2.89,1.8571428571428572,48.823698671385664,478.17630132861433,0.0,210.31747119981515,2.50573571940353,0.5019119064678433,Markdown / clear,837.93
23571,233.1325935084821,241,1090,9,1022,TRADITIONAL NAUGHTS & CROSSES,0.82,1.65,1.2857142857142858,299.741905939477,1031.258094060523,0.0,1865.0607480678568,0.12921831111917845,0.0,Healthy,0.0
23561,26.289683899976893,735,0,17,521,SET OF 6 RIBBONS PARTY,1.59,2.89,2.4285714285714284,63.84637518565816,671.1536248143418,0.0,210.31747119981515,3.494716800306631,0.8315722667688771,Markdown / clear,1168.65
23564,49.85377593918442,189,280,9,283,EGG CUP MILKMAID INGRID,0.62,1.25,1.2857142857142858,64.09771192180855,404.9022880781914,0.0,398.8302075134754,0.47388587032644514,0.0,Healthy,0.0
23565,44.87493099891898,235,170,16,289,EGG CUP MILKMAID HELGA,0.62,1.25,2.2857142857142856,102.57127085467194,302.4287291453281,0.0,358.9994479913518,0.6545971068057495,0.0,Healthy,0.0
23566,76.70647327682745,369,316,17,609,EGG CUP MILKMAID HEIDI,0.62,1.25,2.4285714285714284,186.28714938658095,498.71285061341905,0.18109548339340054,613.6517862146196,0.6013182203480874,0.0,Healthy,0.0
23567,22.53967849927281,137,122,8,107,EGG CUP HENRIETTA HEN PINK,0.62,1.25,1.1428571428571428,25.759632570597496,233.2403674294025,0.0,180.31742799418248,0.7597712629553477,0.0,Healthy,0.0
23568,34.70171880987917,521,331,12,498,EGG CUP HENRIETTA HEN CREAM,0.62,1.25,1.7142857142857142,59.48866081693571,792.5113391830643,0.0,277.61375047903334,1.876708192951517,0.29223606431717236,Healthy,0.0
23569,114.83011047387093,447,328,18,559,TRADTIONAL ALPHABET STAMP SET,2.48,4.95,2.5714285714285716,295.277426932811,479.722573067189,0.14182008395851697,918.6408837909675,0.48658840237477696,0.0,Healthy,0.0
23562,26.82675636996795,608,0,15,438,SET OF 6 RIBBONS PERFECTLY PRETTY,1.59,2.89,2.142857142857143,57.485906507074176,550.5140934929258,0.0,214.6140509597436,2.832992515080227,0.6109975050267423,Markdown / clear,966.72
23608,2.527455328645957,31,0,9,15,SET 10 CARDS RUDOLPHS NOSE 17097,1.6,2.91,1.2857142857142858,3.249585422544802,27.7504145774552,0.0,20.219642629167655,1.533162606706077,0.17772086890202568,Healthy,0.0
23609,2.527455328645957,26,0,13,13,SET 10 CARDS SNOWY ROBIN 17099,1.6,2.91,1.8571428571428572,4.693845610342492,21.306154389657507,0.0,20.219642629167655,1.2858783153018711,0.09529277176729038,Healthy,0.0
23610,3.4908755161689506,22,0,10,10,SET 10 CARDS CHRISTMAS ROBIN 17095,0.94,2.08,1.4285714285714286,4.986965023098501,17.013034976901498,0.0,27.927004129351605,0.7877679932333932,0.0,Healthy,0.0
23633,2.527455328645957,23,0,12,12,SET 10 CARDS WORLD CHILDREN 17067,1.37,2.49,1.7142857142857142,4.332780563393069,18.66721943660693,0.0,20.219642629167655,1.1375077404593474,0.045835913486449144,Healthy,0.0
23634,2.5392146649338887,31,0,21,21,SET 10 CARDS XMAS CHOIR 17068,1.31,2.91,3.0,7.617643994801666,23.382356005198332,0.0,20.31371731947111,1.5260623898849803,0.1753541299616601,Healthy,0.0
23635,2.5392146649338887,26,0,14,14,SET 10 CARDS CHRISTMAS HOLLY  17259,1.87,4.16,2.0,5.078429329867777,20.921570670132223,0.0,20.31371731947111,1.2799232947422416,0.09330776491408055,Healthy,0.0
23636,3.201829795732076,54,0,21,38,SET 10 CARDS WISHING TREE 17116,1.6,2.91,3.0,9.605489387196227,44.39451061280377,0.0,25.614638365856607,2.1081695251251356,0.3693898417083785,Healthy,0.0
23637,2.8055190080635883,31,0,16,24,SET 10 CARDS OUT OF ORDER 17216,1.37,2.49,2.2857142857142856,6.412614875573916,24.587385124426085,0.0,22.444152064508707,1.3812061115474614,0.1270687038491538,Healthy,0.0
23638,2.527455328645957,20,0,7,7,SET 10 CARDS ROBIN WATERPUMP  17096,1.6,2.91,1.0,2.527455328645957,17.472544671354044,0.0,20.219642629167655,0.989137165616824,0.0,Healthy,0.0
23632,640.5668683383411,36,0,15,29,SET 10 CARDS CHEERFUL ROBIN 17065,1.14,2.08,2.142857142857143,1372.6432892964451,-1336.6432892964451,1.0,5124.534946706729,0.007025027709711556,0.0,Reorder now,2855.1
23639,2.527455328645957,21,0,10,10,SET 10 CARDS MAGICAL TREE 17086,1.83,3.33,1.4285714285714286,3.610650469494224,17.389349530505775,0.0,20.219642629167655,1.0385940238976652,0.012864674632555065,Healthy,0.0
23643,2.5392146649338887,28,0,15,15,SET 10 CARDS CHRISTMAS BAUBLE 16954,1.5,3.33,2.142857142857143,5.44117428200119,22.55882571799881,0.0,20.31371731947111,1.3783789327993372,0.1261263109331124,Healthy,0.0
23644,2.5392146649338887,21,0,11,11,SET 10 CARDS CHRISTMAS TREE 16955,1.5,3.33,1.5714285714285714,3.990194473467539,17.00980552653246,0.0,20.31371731947111,1.033784199599503,0.011261399866500987,Healthy,0.0
23645,2.5392146649338887,63,0,14,39,SET 10 CHRISTMAS CARDS HOHOHO 16956,1.12,2.49,2.0,5.078429329867777,57.921570670132226,0.0,20.31371731947111,3.1013525987985084,0.7004508662661695,Markdown / clear,70.56
23646,2.527455328645957,56,0,20,39,SET 10 CARDS JINGLE BELLS 16957,1.37,2.49,2.857142857142857,7.221300938988448,48.77869906101155,0.0,20.219642629167655,2.769584063727107,0.5898613545757024,Markdown / clear,76.72
23649,2.527455328645957,25,0,12,12,SET 10 CARDS DECK THE HALLS 16960,1.37,2.49,1.7142857142857142,4.332780563393069,20.66721943660693,0.0,20.219642629167655,1.23642145702103,0.0788071523403433,Healthy,0.0
23650,2.527455328645957,18,0,7,7,SET 10 CARDS FILIGREE BAUBLE 16961,1.37,2.49,1.0,2.527455328645957,15.472544671354044,0.0,20.219642629167655,0.8902234490551415,0.0,Healthy,0.0
23640,2.527455328645957,30,0,17,22,SET 10 CARDS SCOTTIE DOG 17211,1.37,2.49,2.4285714285714284,6.138105798140181,23.86189420185982,0.0,20.219642629167655,1.4837057484252358,0.1612352494750786,Healthy,0.0
23630,2.527455328645957,23,0,10,10,SET 10 CARDS HANGING BAUBLES 17080,1.51,2.74,1.4285714285714286,3.610650469494224,19.389349530505775,0.0,20.219642629167655,1.1375077404593474,0.045835913486449144,Healthy,0.0
23629,3.3608692544182444,43,0,7,28,SET 10 CARDS DRESSING UP 17077,1.37,2.49,1.0,3.3608692544182444,39.63913074558175,0.0,26.886954035345955,1.5992886343120762,0.1997628781040254,Healthy,0.0
23628,2.527455328645957,25,0,12,12,SET 10 CARDS TRIANGLE ICONS  17220,1.6,2.91,1.7142857142857142,4.332780563393069,20.66721943660693,0.0,20.219642629167655,1.23642145702103,0.0788071523403433,Healthy,0.0
23611,9.082727500946985,63,36,19,65,SET 10 CARDS RED RIDING HOOD 17214,1.37,2.49,2.7142857142857144,24.65311750257039,74.34688249742962,0.0,72.66182000757588,0.8670303055088832,0.0,Healthy,0.0
23612,3.4908755161689506,79,0,13,45,SET 10 MINICARDS CUTE SNOWMAN 17071,0.75,1.66,1.8571428571428572,6.483054530028052,72.51694546997194,0.0,27.927004129351605,2.828803248429003,0.6096010828096676,Markdown / clear,59.25
23613,3.213589132020008,73,0,21,53,SET 10 XMAS CARDS & BADGES 17070,1.12,2.49,3.0,9.640767396060024,63.35923260393997,0.0,25.708713056160065,2.839504250583577,0.6131680835278589,Markdown / clear,81.76
23614,3.3608692544182444,74,0,10,46,SET 10 CARDS 12 DAYS WRAP  17058,1.83,3.33,1.4285714285714286,4.8012417920260635,69.19875820797394,0.0,26.886954035345955,2.7522641613742707,0.5840880537914236,Markdown / clear,135.42
23615,2.527455328645957,19,0,8,8,SET 10 CARDS PRINTED GRAPHIC 17219,1.37,2.49,1.1428571428571428,2.888520375595379,16.11147962440462,0.0,20.219642629167655,0.9396803073359827,0.0,Healthy,0.0
23616,2.527455328645957,30,0,15,20,SET 10 CARDS JINGLE BELLS 17217,1.37,2.49,2.142857142857143,5.415975704241336,24.584024295758663,0.0,20.219642629167655,1.4837057484252358,0.1612352494750786,Healthy,0.0
23619,2.527455328645957,78,0,21,53,SET 10 CARDS POINSETTIA 17093,1.37,2.49,3.0,7.582365985937871,70.41763401406213,0.0,20.219642629167655,3.8576349459056134,0.9525449819685378,Markdown / clear,106.86
23620,2.527455328645957,46,0,20,34,SET 10 CARDS PERFECT POST 17090,1.37,2.49,2.857142857142857,7.221300938988448,38.77869906101155,0.0,20.219642629167655,2.275015480918695,0.42500516030623164,Healthy,0.0
23621,2.527455328645957,55,0,20,37,SET 10 CARDS DAVID'S MADONNA 17074,1.37,2.49,2.857142857142857,7.221300938988448,47.77869906101155,0.0,20.219642629167655,2.720127205446266,0.5733757351487553,Markdown / clear,75.35
23623,2.5392146649338887,39,0,16,27,SET 10 CARD CHRISTMAS WELCOME 17112,1.31,2.91,2.2857142857142856,5.803919234134602,33.196080765865396,0.0,20.31371731947111,1.9198849421133626,0.3066283140377875,Healthy,0.0
23624,2.527455328645957,24,0,12,12,SET 10 CARD PERFECT NATIVITY 17089,1.37,2.49,1.7142857142857142,4.332780563393069,19.66721943660693,0.0,20.219642629167655,1.1869645987401887,0.062321532913396226,Healthy,0.0
23625,2.5392146649338887,64,0,13,41,SET 6 CARDS SPARKLY REINDEER 17262,2.25,4.99,1.8571428571428572,4.715684377734365,59.28431562226564,0.0,20.31371731947111,3.1505804178270562,0.7168601392756854,Markdown / clear,144.0
23626,9.479038288615474,46,0,9,44,SET 10 CARDS DINKY TREE 17076,1.37,2.49,1.2857142857142858,12.18733494250561,33.81266505749439,0.23153033960240021,75.83230630892379,0.6066016219077701,0.0,Healthy,0.0
23627,2.5392146649338887,115,0,13,67,SET 10 CARDS XMAS GRAPHIC  17218,1.12,2.49,1.8571428571428572,4.715684377734365,110.28431562226564,0.0,20.31371731947111,5.661199188282992,1.0,Markdown / clear,128.8
23554,22.033512467025442,400,332,7,312,LANDMARK FRAME OXFORD STREET,6.25,12.5,1.0,22.033512467025442,709.9664875329746,0.0,176.26809973620354,2.2692705066805936,0.4230901688935312,Healthy,0.0
23553,25.97616701673908,825,308,20,724,LANDMARK FRAME CAMDEN TOWN,6.25,12.5,2.857142857142857,74.21762004782595,1058.782379952174,0.0,207.80933613391264,3.969985253542068,0.9899950845140227,Markdown / clear,5156.25
23551,52.787819336619194,0,811,11,447,PACK OF 12 PAISLEY PARK TISSUES,0.2,0.39,1.5714285714285714,82.95228752897302,728.047712471027,0.0,422.30255469295355,0.0,0.0,Healthy,0.0
23500,152.51778439861476,0,555,7,399,KEY RING BASEBALL BOOT ASSORTED,0.62,1.25,1.0,152.51778439861476,402.48221560138524,0.0,1220.1422751889181,0.0,0.0,Healthy,0.0
23501,151.49789700608926,224,657,11,675,KEY RING BASEBALL BOOT UNION JACK,0.62,1.25,1.5714285714285714,238.0681238667117,642.9318761332884,0.047508331654387614,1211.983176048714,0.18482104737648322,0.0,Healthy,0.0
23502,45.117388471586565,91,443,17,360,PLAYING CARDS VINTAGE DOILY,0.69,1.25,2.4285714285714284,109.57080057385308,424.4291994261469,0.0,360.9391077726925,0.2521200890686215,0.0,Healthy,0.0
23503,232.34928421515232,0,757,9,683,PLAYING CARDS KEEP CALM & CARRY ON,0.69,1.25,1.2857142857142858,298.73479399091013,458.26520600908987,0.329040693983763,1858.7942737212186,0.0,0.0,Healthy,0.0
23504,152.07646081264008,384,1015,13,587,PLAYING CARDS JUBILEE UNION JACK,0.69,1.25,1.8571428571428572,282.42771293776013,1116.5722870622399,0.0,1216.6116865011206,0.3156307014478496,0.0,Healthy,0.0
23505,88.16442260621918,147,741,18,638,PLAYING CARDS I LOVE LONDON,0.69,1.25,2.5714285714285716,226.70851527313505,661.291484726865,0.0,705.3153808497534,0.2084174030387606,0.0,Healthy,0.0
23499,147.15021450165062,438,502,15,706,SET 12 VINTAGE DOILY CHALK,0.21,0.42,2.142857142857143,315.32188821782273,624.6781117821772,0.1151868105068311,1177.201716013205,0.37206877465602234,0.0,Healthy,0.0
23506,139.67716893951754,928,1533,9,876,MINI PLAYING CARDS SPACEBOY,0.23,0.42,1.2857142857142858,179.58493149366544,2281.4150685063346,0.0,1117.4173515161403,0.8304864773585858,0.0,Healthy,0.0
23508,132.53171073697786,854,1509,10,896,MINI PLAYING CARDS DOLLY GIRL,0.23,0.42,1.4285714285714286,189.3310153385398,2173.6689846614604,0.0,1060.2536858958229,0.8054676077626117,0.0,Healthy,0.0
23509,50.39094320893312,935,818,15,844,MINI PLAYING CARDS FUN FAIR,0.23,0.42,2.142857142857143,107.98059259057098,1645.019407409429,0.0,403.127545671465,2.319365198531962,0.43978839951065396,Healthy,0.0
23510,132.88045751669864,989,1609,10,1011,MINI PLAYING CARDS GYMKHANA,0.23,0.42,1.4285714285714286,189.8292250238552,2408.170774976145,0.0,1063.0436601335891,0.9303474890915728,0.0,Healthy,0.0
23511,437.66350064031616,332,363,21,381,EMBROIDERED RIBBON REEL EMILY,1.14,2.08,3.0,1312.9905019209484,-617.9905019209484,1.0,3501.3080051225293,0.09482170649205184,0.0,Reorder now,2731.02
23512,430.65889389858893,133,212,8,246,EMBROIDERED RIBBON REEL ROSIE,1.14,2.08,1.1428571428571428,492.18159302695875,-147.18159302695875,1.0,3445.2711511887114,0.03860363790353959,0.0,Reorder now,1023.74
23513,430.873768957739,599,459,21,517,EMBROIDERED RIBBON REEL SUSIE,1.14,2.08,3.0,1292.621306873217,-234.621306873217,1.0,3446.990151661912,0.17377479297734622,0.0,Reorder now,2688.65
23507,140.3423334789648,980,1581,14,1534,MINI PLAYING CARDS BUFFALO BILL,0.23,0.42,2.0,280.6846669579296,2280.3153330420705,0.0,1122.7386678317184,0.8728656347898113,0.0,Healthy,0.0
23514,450.6583579466775,326,324,18,324,EMBROIDERED RIBBON REEL SALLY,1.14,2.08,2.5714285714285716,1158.8357775771708,-508.8357775771708,1.0,3605.26686357342,0.09042326472245656,0.0,Reorder now,2410.38
23498,242.0039371133799,4897,0,19,3839,CLASSIC BICYCLE CLIPS,0.72,1.45,2.7142857142857144,656.8678293077454,4240.1321706922545,0.0,1936.0314969070391,2.5294009977747463,0.5098003325915821,Markdown / clear,3525.84
23496,25.530231118256214,150,88,21,168,PANTRY KITCHEN THERMOMETER,0.62,1.25,3.0,76.59069335476865,161.40930664523137,0.039230317587908514,204.2418489460497,0.7344234336598782,0.0,Healthy,0.0
23481,37.55376286586873,257,160,9,164,PEARLISED IVORY HEART SMALL,0.62,1.25,1.2857142857142858,48.28340939897408,368.7165906010259,0.0,300.4301029269498,0.8554402421600543,0.0,Healthy,0.0
23482,40.84856668498381,718,257,19,613,PEARLISED IVORY HEART LARGE,0.82,1.65,2.7142857142857144,110.87468100209891,864.1253189979011,0.0,326.78853347987047,2.1971395151299804,0.3990465050433268,Healthy,0.0
23483,112.78329559212271,156,471,10,485,HANGING  BUTTERFLY T-LIGHT HOLDER,0.62,1.25,1.4285714285714286,161.11899370303246,465.88100629696754,0.03942060557326277,902.2663647369817,0.17289794466124792,0.0,Healthy,0.0
23484,18.53267016565196,171,111,14,149,HEART TRELLIS TRIPLE T-LIGHT HOLDER,1.44,2.89,2.0,37.06534033130392,244.93465966869607,0.0,148.2613613252157,1.1533686084596677,0.0511228694865559,Healthy,0.0
23485,25.3364445203561,191,140,10,198,BOTANICAL GARDENS WALL CLOCK,12.5,25.0,1.4285714285714286,36.194920743365856,294.80507925663414,0.0,202.6915561628488,0.9423184843800033,0.0,Healthy,0.0
23486,19.023755312779542,226,105,13,243,ANTIQUE HEART SHELF UNIT,8.32,16.65,1.8571428571428572,35.32983129516201,295.670168704838,0.0,152.19004250223634,1.484985458208799,0.16166181940293298,Healthy,0.0
23497,218.55527189842363,1679,976,12,1473,CLASSIC CHROME BICYCLE BELL,0.72,1.45,1.7142857142857142,374.66618039729764,2280.3338196027025,0.0,1748.442175187389,0.9602834018917745,0.0,Healthy,0.0
23487,9.537361353619731,53,42,13,50,SWEET HEART CAKE CARRIER,4.97,9.95,1.8571428571428572,17.712242513865217,77.28775748613478,0.0,76.29889082895785,0.6946365723561059,0.0,Healthy,0.0
23490,56.26852312867426,77,346,15,251,T-LIGHT HOLDER HANGING LOVE BIRD,1.88,3.75,2.142857142857143,120.57540670430198,302.424593295698,0.0,450.1481850293941,0.17105478275997493,0.0,Healthy,0.0
23491,38.04947853629142,87,170,18,137,VINTAGE JINGLE BELLS HEART,4.12,8.25,2.5714285714285716,97.84151623617794,159.15848376382206,0.0,304.39582829033134,0.2858120641424159,0.0,Healthy,0.0
23492,15.516090910427751,90,58,21,110,VINTAGE JINGLE BELLS WREATH,4.12,8.25,3.0,46.548272731283255,101.45172726871675,0.07771157028439313,124.12872728342201,0.7250537564483668,0.0,Healthy,0.0
23493,300.31205534984394,226,1696,11,914,VINTAGE DOILY TRAVEL SEWING KIT,0.98,1.95,1.5714285714285714,471.91894412118336,1450.0810558788166,0.0,2402.4964427987516,0.09406881774056854,0.0,Healthy,0.0
23494,79.54304453547414,17,410,20,380,VINTAGE DOILY DELUXE SEWING KIT,2.98,5.95,2.857142857142857,227.26584152992612,199.73415847007388,0.47438379349980553,636.3443562837931,0.026715095108690554,0.0,Healthy,0.0
23495,41.16447220686091,159,128,20,232,SET OF 3 PANTRY WOODEN SPOONS,0.62,1.25,2.857142857142857,117.61277773388831,169.38722226611168,0.2698826626460703,329.31577765488726,0.4828192597763326,0.0,Healthy,0.0
23489,115.84999786639645,0,310,7,217,VINTAGE BELLS GARLAND,1.44,2.89,1.0,115.84999786639645,194.15000213360355,0.1052995293382325,926.7999829311716,0.0,0.0,Healthy,0.0
23515,661.5392674376964,498,431,19,458,EMBROIDERED RIBBON REEL DAISY,1.14,2.08,2.7142857142857144,1795.606583045176,-866.606583045176,1.0,5292.314139501571,0.09409872257637782,0.0,Reorder now,3734.86
23516,18.002116453622197,325,145,19,333,EMBROIDERED RIBBON REEL SOPHIE,2.06,3.75,2.7142857142857144,48.86288751697454,421.1371124830255,0.0,144.01693162897757,2.256679102407754,0.418893034135918,Healthy,0.0
23517,21.58395510722702,188,246,9,158,EMBROIDERED RIBBON REEL REBECCA,1.59,2.89,1.2857142857142858,27.7507994235776,406.2492005764224,0.0,172.67164085781616,1.088771723405384,0.029590574468461323,Healthy,0.0
23537,11.83926386994014,97,60,13,87,WALL ART I LOVE LONDON,2.48,4.95,1.8571428571428572,21.987204329888833,135.01279567011116,0.0,94.71411095952112,1.0241346196181456,0.00804487320604852,Healthy,0.0
23538,7.0400730978953,734,240,21,637,WALL ART VINTAGE HEART,2.48,4.95,3.0,21.1202192936859,952.8797807063141,0.0,56.3205847831624,13.032535134816934,1.0,Markdown / clear,1820.32
23539,13.037019631259444,281,141,12,259,WALL ART LOVES' SECRET,2.98,5.95,1.7142857142857142,22.349176510730473,399.65082348926956,0.0,104.29615705007555,2.694250756191179,0.5647502520637263,Markdown / clear,837.38
23540,3.3726285907061757,302,0,8,276,WALL ART THE MAGIC FOREST,3.48,6.95,1.1428571428571428,3.854432675092772,298.14556732490723,0.0,26.981028725649406,11.193049867402014,1.0,Markdown / clear,1050.96
23541,44.32267338545924,283,496,13,412,WALL ART CLASSIC PUDDINGS,4.12,8.25,1.8571428571428572,82.31353628728145,696.6864637127186,0.0,354.5813870836739,0.7981242397622462,0.0,Healthy,0.0
23542,21.48600568356086,201,173,8,229,WALL ART 70'S ALPHABET,4.12,8.25,1.1428571428571428,24.555435066926698,349.4445649330733,0.0,171.8880454684869,1.1693657895298504,0.05645526317661679,Healthy,0.0
23536,29.436956487446892,524,354,20,577,WALL ART VILLAGE SHOW,2.98,5.95,2.857142857142857,84.10558996413398,793.894410035866,0.0,235.49565189957514,2.225094161073746,0.40836472035791527,Healthy,0.0
23543,30.89483981652956,1053,422,8,755,WALL ART KEEP CALM,4.12,8.25,1.1428571428571428,35.308388361748065,1439.691611638252,0.0,247.1587185322365,4.260420211972652,1.0,Markdown / clear,4338.36
23545,97.76244522622821,370,1225,18,940,WRAP RED VINTAGE DOILY,0.21,0.42,2.5714285714285716,251.38914486744397,1343.610855132556,0.0,782.0995618098257,0.47308554826932475,0.0,Healthy,0.0
23546,86.57791176644993,0,575,10,531,WRAP PAISLEY PARK,0.21,0.42,1.4285714285714286,123.68273109492847,451.3172689050715,0.1500616404800913,692.6232941315994,0.0,0.0,Healthy,0.0
23547,49.954982497631484,226,975,19,742,WRAP FLOWER SHOP,0.21,0.42,2.7142857142857144,135.59209535071403,1065.407904649286,0.0,399.63985998105187,0.5655091561955691,0.0,Healthy,0.0
23548,41.70525492880962,228,475,8,322,WRAP MAGIC FOREST,0.21,0.42,1.1428571428571428,47.66314849006814,655.3368515099319,0.0,333.642039430477,0.6833671212092856,0.0,Healthy,0.0
23549,49.41829802178736,38,455,11,417,WRAP BIRD GARDEN,0.21,0.42,1.5714285714285714,77.6573254628087,415.34267453719133,0.0039744015894692675,395.34638417429886,0.09611824344711016,0.0,Healthy,0.0
23550,43.48360673440257,345,755,17,879,WRAP ALPHABET POSTER,0.21,0.42,2.4285714285714284,105.60304492640624,994.3969550735937,0.0,347.86885387522057,0.9917530591104612,0.0,Healthy,0.0
23544,6.569208789854713,565,144,20,441,WALL ART MID CENTURY MODERN,4.12,8.25,2.857142857142857,18.769167971013466,690.2308320289866,0.0,52.5536703188377,10.750914190620811,1.0,Markdown / clear,2327.8
23535,94.81274678520988,161,723,16,603,WALL ART BICYCLE SAFETY,2.98,5.95,2.2857142857142856,216.71484979476543,667.2851502052346,0.0,758.501974281679,0.21226048904153633,0.0,Healthy,0.0
23534,81.91965054145774,88,790,17,678,WALL ART STOP FOR TEA,2.98,5.95,2.4285714285714284,198.94772274354023,679.0522772564598,0.0,655.3572043316619,0.1342779165596311,0.0,Healthy,0.0
23533,7.859708442750478,333,108,21,318,WALL ART GARDEN HAVEN,2.98,5.95,3.0,23.579125328251436,417.42087467174855,0.0,62.87766754200383,5.2959979753948065,1.0,Markdown / clear,992.34
23518,16.875336197127815,376,174,20,399,EMBROIDERED RIBBON REEL RACHEL,1.59,2.89,2.857142857142857,48.215246277508044,501.7847537224919,0.0,135.00268957702252,2.7851296976234114,0.5950432325411371,Markdown / clear,597.84
23519,10.445725775719419,433,191,15,302,EMBROIDERED RIBBON REEL CLAIRE,2.06,3.75,2.142857142857143,22.383698090827327,601.6163019091726,0.0,83.56580620575535,5.18154517571301,1.0,Markdown / clear,891.98
23520,10.21939485772311,336,144,21,265,EMBROIDERED RIBBON REEL RUBY,2.06,3.75,3.0,30.65818457316933,449.3418154268307,0.0,81.75515886178488,4.109832390736846,1.0,Markdown / clear,692.16
23521,21.882568134410604,660,258,20,619,WALL ART CAT AND BIRD,2.17,4.34,2.857142857142857,62.52162324117316,855.4783767588268,0.0,175.06054507528484,3.7701242145462692,0.9233747381820897,Markdown / clear,1432.2
23522,16.855616436408425,571,240,15,488,WALL ART DOG AND BALL,1.44,2.89,2.142857142857143,36.11917807801805,774.8808219219819,0.0,134.8449314912674,4.234493604507324,1.0,Markdown / clear,822.24
23523,16.024844827879743,366,210,12,323,WALL ART TREASURE AHOY,1.88,3.75,1.7142857142857142,27.47116256207956,548.5288374379204,0.0,128.19875862303795,2.854941841334086,0.618313947111362,Markdown / clear,688.08
23524,26.72358585924253,137,203,8,231,WALL ART HORSE & PONY,1.88,3.75,1.1428571428571428,30.54124098199146,309.45875901800855,0.0,213.78868687394024,0.6408196897751731,0.0,Healthy,0.0
23525,22.972037835451733,248,242,8,342,WALL ART BUFFALO BILL,1.88,3.75,1.1428571428571428,26.25375752623055,463.7462424737694,0.0,183.77630268361386,1.3494666960786155,0.11648889869287182,Healthy,0.0
23526,47.40598304871329,192,347,12,445,WALL ART DOG LICENCE,2.98,5.95,1.7142857142857142,81.26739951207992,457.7326004879201,0.0,379.2478643897063,0.5062652107717744,0.0,Healthy,0.0
23527,18.7465733220005,461,209,19,469,WALL ART ANIMALS AND NATURE,1.88,3.75,2.7142857142857144,50.883556159715646,619.1164438402843,0.0,149.972586576004,3.073895106599176,0.691298368866392,Markdown / clear,866.68
23528,18.014363564088903,430,253,14,460,WALL ART SPACEBOY,1.88,3.75,2.0,36.028727128177806,646.9712728718222,0.0,144.11490851271122,2.983730166695926,0.661243388898642,Markdown / clear,808.4
23529,24.570092411474796,683,323,14,678,WALL ART DOLLY GIRL,1.88,3.75,2.0,49.14018482294959,956.8598151770505,0.0,196.56073929179837,3.4747529056963544,0.8249176352321181,Markdown / clear,1284.04
23530,58.83507194851252,327,424,10,429,WALL ART ONLY ONE PERSON,2.48,4.95,1.4285714285714286,84.05010278358932,666.9498972164107,0.0,470.68057558810017,0.694738676206096,0.0,Healthy,0.0
23531,49.30089669507748,281,282,15,553,WALL ART BIG LOVE,3.48,6.95,2.142857142857143,105.64477863230888,457.3552213676911,0.17295620005842471,394.40717356061987,0.7124616863917428,0.0,Healthy,0.0
23532,8.816423157817285,427,142,16,347,WALL ART WORK REST AND PLAY,2.48,4.95,2.2857142857142856,20.15182436072522,548.8481756392748,0.0,70.53138526253828,6.054042443808272,1.0,Markdown / clear,1058.96
23552,472.580175001293,4915,0,17,3795,BICYCLE PUNCTURE REPAIR KIT,1.04,2.08,2.4285714285714284,1147.6947107174258,3767.3052892825744,0.007297683983511383,3780.641400010344,1.3000439555009242,0.1000146518336414,Healthy,0.0
23654,2.5392146649338887,44,0,21,30,SET 10 CARD SNOWMAN 16965,1.12,2.49,3.0,7.617643994801666,36.38235600519833,0.0,20.31371731947111,2.166024037256101,0.388674679085367,Healthy,0.0
23660,45.82625429107113,418,197,18,322,HENRIETTA HEN MUG,0.82,1.65,2.5714285714285716,117.83893960561149,497.1610603943885,0.0,366.61003432856904,1.1401761022868606,0.046725367428953536,Healthy,0.0
23661,25.13296691984595,313,141,19,246,MILK MAIDS MUG,0.82,1.65,2.7142857142857144,68.2180530681533,385.78194693184673,0.0,201.0637353587676,1.5567203078242788,0.18557343594142628,Healthy,0.0
35818P,18.14327075395928,764,371,16,612,"ACRYLIC JEWEL ICICLE, PINK",0.19,0.38,2.2857142857142856,41.47033315190692,1093.529666848093,0.0,145.14616603167423,5.263659529479254,1.0,Markdown / clear,145.16
35819B,26.1184530912349,458,205,21,412,"ACRYLIC HANGING JEWEL,BLUE",0.19,0.38,3.0,78.3553592737047,584.6446407262953,0.0,208.9476247298792,2.191936857823044,0.3973122859410146,Healthy,0.0
35819P,6.066346810436389,457,0,20,358,"ACRYLIC HANGING JEWEL,PINK",0.19,0.38,2.857142857142857,17.332419458389683,439.66758054161033,0.0,48.530774483491115,9.41670527338193,1.0,Markdown / clear,86.83
35821B,3.1040244695712698,1861,0,21,1233,"JEWELLED DECORATION,BLUE",0.19,0.38,3.0,9.31207340871381,1851.6879265912862,0.0,24.832195756570158,74.9430303402635,1.0,Markdown / clear,353.59
35821P,2.5392146649338887,20,0,7,7,"JEWELLED DECORATION,PINK",1.48,2.95,1.0,2.5392146649338887,17.460785335066113,0.0,20.31371731947111,0.9845563805709551,0.0,Healthy,0.0
35818C,2.5392146649338887,27,0,14,14,"ACRYLIC JEWEL ICICLE, CLEAR",1.72,3.43,2.0,5.078429329867777,21.921570670132223,0.0,20.31371731947111,1.3291511137707894,0.10971703792359648,Healthy,0.0
35824B,3.1040244695712698,2624,0,12,1825,"HANGING FLOWERS+MIRROR,BLUE",0.19,0.38,1.7142857142857142,5.321184804979319,2618.678815195021,0.0,24.832195756570158,105.66927007676058,1.0,Markdown / clear,498.56
35824C,3.1040244695712698,706,0,9,428,"HANGING FLOWERS+MIRROR,CLEAR",0.47,0.94,1.2857142857142858,3.99088860373449,702.0091113962656,0.0,24.832195756570158,28.430832574006466,1.0,Markdown / clear,331.82
35824P,3.1040244695712698,4523,0,20,3311,"HANGING FLOWERS+MIRROR,PINK",0.19,0.38,2.857142857142857,8.8686413416322,4514.131358658367,0.0,24.832195756570158,182.14257185868448,1.0,Markdown / clear,859.37
35832,2.5392146649338887,0,338,7,278,WOOLLY HAT SOCK GLOVE ADVENT STRING,1.33,2.95,1.0,2.5392146649338887,335.46078533506613,0.0,20.31371731947111,0.0,0.0,Healthy,0.0
35833G,3.1040244695712698,73,75,9,65,4 GOLD FLOCK CHRISTMAS BALLS,0.56,1.25,1.2857142857142858,3.99088860373449,144.0091113962655,0.0,24.832195756570158,2.93973198003183,0.6465773266772766,Markdown / clear,40.88
35833P,6.472246107626483,0,56,9,49,4 PINK FLOCK CHRISTMAS BALLS,0.56,1.25,1.2857142857142858,8.32145928123405,47.67854071876595,0.026968556759878526,51.777968861011864,0.0,0.0,Healthy,0.0
35823P,2.5392146649338887,20,0,7,7,"ACRYLIC BEAD GARLAND,PINK",1.48,2.95,1.0,2.5392146649338887,17.460785335066113,0.0,20.31371731947111,0.9845563805709551,0.0,Healthy,0.0
35818B,3.1040244695712698,825,0,12,713,"ACRYLIC JEWEL ICICLE, BLUE",0.19,0.38,1.7142857142857142,5.321184804979319,819.6788151950207,0.0,24.832195756570158,33.222998404469315,1.0,Markdown / clear,156.75
35817B,2.5392146649338887,3064,0,19,2065,"ACRYLIC JEWEL SNOWFLAKE,BLUE",1.27,2.55,2.7142857142857144,6.8921540905348415,3057.107845909465,0.0,20.31371731947111,150.8340375034703,1.0,Markdown / clear,3891.28
35653,2.527455328645957,0,94,17,76,VINTAGE BEAD NOTEBOOK,1.62,2.95,2.4285714285714284,6.138105798140181,87.86189420185983,0.0,20.219642629167655,0.0,0.0,Healthy,0.0
35654,2.5392146649338887,64,0,13,41,VINTAGE BEAD FILLED PINK CUSHION,2.48,4.95,1.8571428571428572,4.715684377734365,59.28431562226564,0.0,20.31371731947111,3.1505804178270562,0.7168601392756854,Markdown / clear,158.72
35793,2.5392146649338887,477,0,19,394,S/3 PUPPIES CHRISTMAS DECORATIONS,1.33,2.95,2.7142857142857144,6.8921540905348415,470.10784590946514,0.0,20.31371731947111,23.48166967661728,1.0,Markdown / clear,634.41
35809A,2.8154898181844623,0,250,16,212,ENAMEL PINK TEA CONTAINER,1.05,2.1,2.2857142857142856,6.435405298707342,243.56459470129266,0.0,22.5239185454757,0.0,0.0,Healthy,0.0
35817P,3.1040244695712698,976,0,10,796,"ACRYLIC JEWEL SNOWFLAKE,PINK",0.19,0.38,1.4285714285714286,4.4343206708161,971.5656793291839,0.0,24.832195756570158,39.30381387001461,1.0,Markdown / clear,185.44
35809B,2.8154898181844623,60,60,8,48,ENAMEL BLUE RIM TEA CONTAINER,1.05,2.1,1.1428571428571428,3.217702649353671,116.78229735064633,0.0,22.5239185454757,2.6638348864057666,0.5546116288019222,Markdown / clear,63.0
35810B,3.202340864782143,0,156,11,90,ENAMEL BLUE RIM COFFEE CONTAINER,1.05,2.1,1.5714285714285714,5.032249930371939,150.96775006962807,0.0,25.618726918257146,0.0,0.0,Healthy,0.0
35811A,2.8154898181844623,43,191,9,102,ENAMEL PINK SUGAR CONTAINER,1.05,2.1,1.2857142857142858,3.6199154805228804,230.38008451947712,0.0,22.5239185454757,1.9090816685907994,0.3030272228635998,Healthy,0.0
35815B,3.1040244695712698,1180,0,19,787,"ACRYLIC JEWEL SNOWFLAKE,BLUE",0.19,0.38,2.7142857142857144,8.425209274550589,1171.5747907254495,0.0,24.832195756570158,47.5189552936652,1.0,Markdown / clear,224.2
35815P,3.1040244695712698,519,0,10,351,"ACRYLIC JEWEL SNOWFLAKE, PINK",0.19,0.38,1.4285714285714286,4.4343206708161,514.5656793291839,0.0,24.832195756570158,20.900286268993423,1.0,Markdown / clear,98.61
35816B,3.1040244695712698,1581,0,11,935,"ACRYLIC JEWEL ANGEL,BLUE",0.62,1.25,1.5714285714285714,4.877752737897709,1576.1222472621023,0.0,24.832195756570158,63.6673460332921,1.0,Markdown / clear,980.22
35816P,3.1040244695712698,1250,0,21,1055,"ACRYLIC JEWEL ANGEL,PINK",0.62,1.25,3.0,9.31207340871381,1240.6879265912862,0.0,24.832195756570158,50.33787637040805,1.0,Markdown / clear,775.0
35810A,3.6489037439567493,0,132,7,107,ENAMEL PINK COFFEE CONTAINER,1.05,2.1,1.0,3.6489037439567493,128.35109625604326,0.0,29.191229951653995,0.0,0.0,Healthy,0.0
35838A,3.1040244695712698,331,0,15,288,S/6 MULTICOLOUR ORNAMENETAL CANDLE,0.42,0.85,2.142857142857143,6.65148100622415,324.3485189937758,0.0,24.832195756570158,13.329469662884051,1.0,Markdown / clear,139.02
35838B,3.1040244695712698,87,94,12,106,S/6 SILVER ORNAMENETAL CANDLE,0.42,0.85,1.7142857142857142,5.321184804979319,175.6788151950207,0.0,24.832195756570158,3.5035161953804,0.8345053984601334,Markdown / clear,36.54
35840,2.5392146649338887,207,0,20,161,FLAT GLASS  BAUBLE WHITE FLOCK,1.27,2.55,2.857142857142857,7.254899042668254,199.74510095733174,0.0,20.31371731947111,10.190158538909385,1.0,Markdown / clear,262.89
35923,41.68830681256548,0,489,10,390,CANDY HEART HANGING DECORATION,0.62,1.25,1.4285714285714286,59.55472401795068,429.44527598204934,0.0,333.50645450052383,0.0,0.0,Healthy,0.0
35924,9.009397944748637,0,537,13,391,HANGING FAIRY CAKE DECORATION,1.05,2.1,1.8571428571428572,16.73173904024747,520.2682609597525,0.0,72.07518355798909,0.0,0.0,Healthy,0.0
35931,3.1040244695712698,277,0,16,275,PINK STAR CHRISTMAS DECORATION,0.17,0.38,2.2857142857142856,7.094913073305759,269.90508692669425,0.018526956630202762,24.832195756570158,11.154873403682425,1.0,Markdown / clear,47.09
35932,3.1040244695712698,122,0,21,102,PINK CHRISTMAS TREE DECORATION,0.17,0.38,3.0,9.31207340871381,112.68792659128619,0.0,24.832195756570158,4.912976733751826,1.0,Markdown / clear,20.74
35933,5.679495763838708,418,195,19,347,PINK STOCKING CHRISTMAS DECORATION,0.17,0.38,2.7142857142857144,15.415774216133636,597.5842257838664,0.0,45.435966110709664,9.199760361241085,1.0,Markdown / clear,71.06
35922,2.5392146649338887,56,45,14,64,EASTER BUNNY WREATH,2.48,4.95,2.0,5.078429329867777,95.92157067013223,0.0,20.31371731947111,2.7567578655986744,0.5855859551995581,Markdown / clear,138.88
35936,3.1040244695712698,86,0,12,64,CERISE+GOLD CHRISTMAS TREE DEC,0.17,0.38,1.7142857142857142,5.321184804979319,80.67881519502068,0.0,24.832195756570158,3.4632458942840736,0.8210819647613579,Markdown / clear,14.62
35951,3.1040244695712698,518,538,15,752,FOLKART BAUBLE CHRISTMAS DECORATION,0.37,0.82,2.142857142857143,6.65148100622415,1049.3485189937758,0.0,24.832195756570158,20.860015967897095,1.0,Markdown / clear,191.66
35953,286.7647963174015,0,1345,13,845,FOLKART STAR CHRISTMAS DECORATIONS,0.27,0.61,1.8571428571428572,532.5631931608884,812.4368068391116,0.03853632326732359,2294.118370539212,0.0,0.0,Healthy,0.0
35954,31.028947331973825,0,743,9,408,SMALL FOLKART STAR CHRISTMAS DEC,0.19,0.42,1.2857142857142858,39.89436085539492,703.1056391446051,0.0,248.2315786557906,0.0,0.0,Healthy,0.0
35955,3.1040244695712698,1719,0,16,1223,SMALL FOLKART CHRISTMAS TREE DEC,0.19,0.42,2.2857142857142856,7.094913073305759,1711.9050869266941,0.0,24.832195756570158,69.22464758458516,1.0,Markdown / clear,326.61
35937,3.1040244695712698,196,176,11,209,CERISE+GOLD CHRISTMAS STOCKING DEC,0.17,0.38,1.5714285714285714,4.877752737897709,367.1222472621023,0.0,24.832195756570158,7.892979014879982,1.0,Markdown / clear,33.32
35921,3.1040244695712698,20,78,8,59,EASTER BUNNY HANGING GARLAND,0.62,1.25,1.1428571428571428,3.5474565366528794,94.45254346334713,0.0,24.832195756570158,0.8054060219265288,0.0,Healthy,0.0
35920,3.1040244695712698,1933,982,8,1339,FOUR RABBIT EASTER DECORATIONS,0.62,1.25,1.1428571428571428,3.5474565366528794,2911.452543463347,0.0,24.832195756570158,77.84249201919901,1.0,Markdown / clear,1198.46
35918B,3.1040244695712698,67,0,12,40,BLUE FLORIBUNDA EGG WARMER,0.62,1.25,1.7142857142857142,5.321184804979319,61.67881519502068,0.0,24.832195756570158,2.6981101734538715,0.5660367244846238,Markdown / clear,41.54
35909A,2.5392146649338887,91,0,10,54,RABBIT EASTER DECORATION,1.48,2.95,1.4285714285714286,3.627449521334127,87.37255047866587,0.0,20.31371731947111,4.479731531597846,1.0,Markdown / clear,134.68
35909B,2.5392146649338887,75,0,15,52,PINK FLOWERS RABBIT EASTER,1.48,2.95,2.142857142857143,5.44117428200119,69.55882571799881,0.0,20.31371731947111,3.692086427141082,0.8973621423803606,Markdown / clear,111.0
35910A,3.1040244695712698,84,0,16,80,MULTICOLOUR EASTER RABBIT,0.98,1.95,2.2857142857142856,7.094913073305759,76.90508692669424,0.03868641341632206,24.832195756570158,3.382705292091421,0.7942350973638069,Markdown / clear,82.32
35910B,3.1040244695712698,112,0,16,82,PINK FLOWERS RABBIT EASTER,0.98,1.95,2.2857142857142856,7.094913073305759,104.90508692669424,0.0,24.832195756570158,4.510273722788561,1.0,Markdown / clear,109.76
35911A,3.215309233066906,0,145,18,133,MULTICOLOUR RABBIT EGG WARMER,0.42,0.85,2.5714285714285716,8.26793802788633,136.73206197211368,0.0,25.72247386453525,0.0,0.0,Healthy,0.0
35911B,2.8154898181844623,153,0,10,144,PINK/FLOWER RABBIT EGG WARMER,1.05,2.1,1.4285714285714286,4.022128311692089,148.9778716883079,0.0,22.5239185454757,6.792778960334705,1.0,Markdown / clear,160.65
35912B,5.679495763838708,245,142,14,251,WHITE/PINK CHICK DECORATION,0.62,1.25,2.0,11.358991527677416,375.6410084723226,0.0,45.435966110709664,5.392204039483411,1.0,Markdown / clear,151.9
35913B,3.1040244695712698,193,85,19,133,WHITE/PINK CHICK EASTER DECORATION,0.42,0.85,2.7142857142857144,8.425209274550589,269.5747907254494,0.0,24.832195756570158,7.772168111591003,1.0,Markdown / clear,81.06
35914,4.047265063361509,72,81,19,151,PINK CHICK EGG WARMER + EGG CUP,0.42,0.85,2.7142857142857144,10.98543374340981,142.0145662565902,0.059506183731190765,32.378120506892074,2.2237238873909906,0.4079079624636635,Healthy,0.0
35915B,3.1040244695712698,371,288,16,474,BLUE KNITTED HEN,0.42,0.83,2.2857142857142856,7.094913073305759,651.9050869266943,0.0,24.832195756570158,14.940281706737109,1.0,Markdown / clear,155.82
35915C,3.1040244695712698,275,289,19,488,PEACH KNITTED HEN,0.42,0.83,2.7142857142857144,8.425209274550589,555.5747907254494,0.0,24.832195756570158,11.07433280148977,1.0,Markdown / clear,115.5
35916A,3.1040244695712698,43,48,16,77,YELLOW FELT HANGING HEART W FLOWER,0.37,0.74,2.2857142857142856,7.094913073305759,83.90508692669424,0.0,24.832195756570158,1.7316229471420368,0.24387431571401227,Healthy,0.0
35916B,3.1040244695712698,65,57,21,95,BLUE FELT HANGING HEART WITH FLOWER,0.32,0.63,3.0,9.31207340871381,112.68792659128619,0.0,24.832195756570158,2.6175695712612184,0.5391898570870728,Markdown / clear,20.8
35916C,3.1040244695712698,41,79,8,60,PINK FELT HANGING HEART W FLOWER,0.82,1.63,1.1428571428571428,3.5474565366528794,116.45254346334713,0.0,24.832195756570158,1.651082344949384,0.21702744831646137,Healthy,0.0
35652,2.5392146649338887,339,0,18,231,VINTAGE BEAD CHAISE LONG JEWEL BOX,1.81,3.62,2.5714285714285716,6.529409138401428,332.47059086159857,0.0,20.31371731947111,16.68823065067769,1.0,Markdown / clear,613.59
35651,10.286497507166112,172,281,15,190,VINTAGE BEAD PINK SCARF,0.82,1.65,2.142857142857143,22.042494658213098,430.9575053417869,0.0,82.2919800573289,2.090118622497305,0.3633728741657684,Healthy,0.0
35650,2.5392146649338887,19,0,8,8,VINTAGE BEAD PINK JEWEL STAND,2.48,4.95,1.1428571428571428,2.901959617067301,16.098040382932698,0.0,20.31371731947111,0.9353285615424074,0.0,Healthy,0.0
35649,5.677775662791809,2803,1750,17,2342,VINTAGE BEAD COSMETIC BAG,1.23,2.46,2.4285714285714284,13.78888375249439,4539.211116247506,0.0,45.42220530233447,61.709905570259494,1.0,Markdown / clear,3447.69
35015,3.1040244695712698,417,981,7,640,JACOBS LADDER SMALL,0.03,0.06,1.0,3.1040244695712698,1394.8959755304288,0.0,24.832195756570158,16.792715557168126,1.0,Markdown / clear,12.51
35051B,3.1040244695712698,154,0,9,70,PINK BEADED CONE CHRISTMAS,0.19,0.42,1.2857142857142858,3.99088860373449,150.0091113962655,0.0,24.832195756570158,6.201626368834272,1.0,Markdown / clear,29.26
35071,3.1040244695712698,314,0,21,244,ASSORTED SANTA CHRISTMAS DECORATION,0.38,0.85,3.0,9.31207340871381,304.6879265912862,0.0,24.832195756570158,12.644874544246502,1.0,Markdown / clear,119.32
35085E,3.1040244695712698,87,0,11,59,IVORY ROSE LAMPSHADE,0.62,1.25,1.5714285714285714,4.877752737897709,82.12224726210229,0.0,24.832195756570158,3.5035161953804,0.8345053984601334,Markdown / clear,53.94
35095A,48.377100437966874,0,499,11,382,BLUE VICTORIAN FABRIC OVAL BOX,0.42,0.83,1.5714285714285714,76.0211578310908,422.9788421689092,0.0,387.016803503735,0.0,0.0,Healthy,0.0
35095B,26.303536254391904,0,559,18,541,RED VICTORIAN FABRIC OVAL BOX,0.21,0.42,2.5714285714285716,67.63766465415061,491.3623353458494,0.09175169067310651,210.42829003513523,0.0,0.0,Healthy,0.0
35004S,2.5392146649338887,314,0,21,301,SET OF 3 SILVER FLYING DUCKS,3.18,6.35,3.0,7.617643994801666,306.38235600519835,0.0,20.31371731947111,15.457535174963995,1.0,Markdown / clear,998.52
35096A,3.1040244695712698,723,0,9,642,BLUE VICTORIAN FABRIC HEART BOX,0.42,0.84,1.2857142857142858,3.99088860373449,719.0091113962656,0.0,24.832195756570158,29.115427692644015,1.0,Markdown / clear,303.66
35160,3.1040244695712698,118,1303,11,865,BUDDHA INCENSE HOLDER ASSORTED,0.42,0.85,1.5714285714285714,4.877752737897709,1416.1222472621023,0.0,24.832195756570158,4.75189552936652,1.0,Markdown / clear,49.56
35233,2.5392146649338887,23,0,9,14,PASTA ENAMEL/BRASS CONTAINER,1.88,3.75,1.2857142857142858,3.264704569200714,19.735295430799287,0.0,20.31371731947111,1.1322398376565983,0.04407994588553277,Healthy,0.0
35240,2.5392146649338887,29,21,21,36,ENAMEL BLUE RIM OVAL TRAY SET/2,4.24,8.49,3.0,7.617643994801666,42.38235600519833,0.0,20.31371731947111,1.427606751827885,0.14253558394262833,Healthy,0.0
35241,2.5392146649338887,0,81,9,43,ENAMEL BLUE RIM BISCUIT BIN,2.48,4.95,1.2857142857142858,3.264704569200714,77.73529543079928,0.0,20.31371731947111,0.0,0.0,Healthy,0.0
35265,4.047265063361509,32,18,8,14,COLOURFUL FLOWER FRUIT BOWL,0.98,1.95,1.1428571428571428,4.625445786698868,45.37455421330113,0.0,32.378120506892074,0.9883217277293292,0.0,Healthy,0.0
35271S,3.1040244695712698,884,329,17,629,GOLD PRINT PAPER BAG,0.1,0.19,2.4285714285714284,7.538345140387369,1205.4616548596127,0.0,24.832195756570158,35.598946169152576,1.0,Markdown / clear,88.4
35096B,3.1040244695712698,424,0,14,379,RED VICTORIAN FABRIC HEART BOX,0.21,0.42,2.0,6.2080489391425395,417.79195106085746,0.0,24.832195756570158,17.07460766484241,1.0,Markdown / clear,89.04
35004P,2.5392146649338887,64,55,13,74,SET OF 3 PINK FLYING DUCKS,2.84,5.68,1.8571428571428572,4.715684377734365,114.28431562226564,0.0,20.31371731947111,3.1505804178270562,0.7168601392756854,Markdown / clear,181.76
35004G,4.8514983720904015,32,156,18,141,SET OF 3 GOLD FLYING DUCKS,3.18,6.35,2.5714285714285716,12.475281528232461,175.52471847176753,0.0,38.81198697672321,0.8244875486326279,0.0,Healthy,0.0
35004C,2.5392146649338887,0,395,12,310,SET OF 3 COLOURED  FLYING DUCKS,2.72,5.45,1.7142857142857142,4.352939425600952,390.64706057439906,0.0,20.31371731947111,0.0,0.0,Healthy,0.0
23681,194.1115689202254,881,843,8,682,LUNCH BAG RED VINTAGE DOILY,0.82,1.65,1.1428571428571428,221.84179305168618,1502.1582069483138,0.0,1552.8925513618033,0.5673283700326918,0.0,Healthy,0.0
23691,128.52255031500408,1485,800,11,977,WRAP KEEP CALM BIRTHDAY,0.21,0.42,1.5714285714285714,201.96400763786355,2083.0359923621363,0.0,1028.1804025200327,1.4442990708248467,0.14809969027494888,Healthy,0.0
23692,23.703818533359335,500,0,7,175,WRAP A PRETTY THANK YOU,0.21,0.42,1.0,23.703818533359335,476.2961814666407,0.0,189.63054826687468,2.636705976804591,0.5455686589348637,Markdown / clear,105.0
23694,61.54024522392087,156,274,7,232,PAISLEY PARK CARD,0.23,0.42,1.0,61.54024522392087,368.45975477607914,0.0,492.32196179136696,0.3168658156795952,0.0,Healthy,0.0
23695,106.31494834778596,717,495,19,816,DOILY THANK YOU CARD,0.23,0.42,2.7142857142857144,288.56914551541905,923.430854484581,0.0,850.5195867822877,0.8430140953162253,0.0,Healthy,0.0
23697,73.12492387695009,563,333,21,651,A PRETTY THANK YOU CARD,0.23,0.42,3.0,219.37477163085026,676.6252283691497,0.0,584.9993910156007,0.9623941642444991,0.0,Healthy,0.0
23702,2.5392146649338887,31,0,9,15,High Resolution Image,1.5,3.0,1.2857142857142858,3.264704569200714,27.735295430799287,0.0,20.31371731947111,1.5260623898849803,0.1753541299616601,Healthy,0.0
35001B,2.527455328645957,61,0,8,32,HAND OPEN SHAPE BLACK,1.92,3.49,1.1428571428571428,2.888520375595379,58.11147962440462,0.0,20.219642629167655,3.016868355131313,0.6722894517104376,Markdown / clear,117.12
35001G,16.60963496641768,1,296,20,292,HAND OPEN SHAPE GOLD,2.34,4.25,2.857142857142857,47.45609990405052,249.54390009594948,0.14539760241113187,132.87707973134144,0.007525752387257892,0.0,Healthy,0.0
35001P,2.527455328645957,33,0,20,20,HAND OPEN SHAPE PINK,1.92,3.49,2.857142857142857,7.221300938988448,25.77869906101155,0.0,20.219642629167655,1.6320763232677595,0.21069210775591984,Healthy,0.0
35001W,2.527455328645957,0,233,15,198,HAND OPEN SHAPE DECO.WHITE,1.92,3.49,2.142857142857143,5.415975704241336,227.58402429575867,0.0,20.219642629167655,0.0,0.0,Healthy,0.0
35004B,9.827184369325296,0,212,17,201,SET OF 3 BLACK FLYING DUCKS,2.9,5.79,2.4285714285714284,23.866019182647147,188.13398081735286,0.06401004568481161,78.61747495460237,0.0,0.0,Healthy,0.0
35400,2.5392146649338887,0,400,20,362,WOODEN BOX ADVENT CALENDAR,4.03,8.95,2.857142857142857,7.254899042668254,392.7451009573318,0.0,20.31371731947111,0.0,0.0,Healthy,0.0
23480,182.13212169646684,565,1284,18,1065,MINI LIGHTS WOODLAND MUSHROOMS,1.88,3.75,2.5714285714285716,468.3397415052005,1380.6602584947996,0.0,1457.0569735717347,0.38776795296823274,0.0,Healthy,0.0
35443,3.4908755161689506,27,0,8,18,RASTA IN BATH W SPLIFF ASHTRAY,0.42,0.85,1.1428571428571428,3.9895720184788006,23.0104279815212,0.0,27.927004129351605,0.9668061735137099,0.0,Healthy,0.0
35471D,107.12766518181877,0,281,15,241,SET OF 3 BIRD LIGHT PINK FEATHER,0.62,1.25,2.142857142857143,229.55928253246879,51.440717467531215,0.7865530395538124,857.0213214545502,0.0,0.0,Reorder now,286.95
35610A,3.1040244695712698,289,0,13,257,PINK CHRISTMAS FLOCK DROPLET,0.56,1.25,1.8571428571428572,5.764616872060929,283.2353831279391,0.0,24.832195756570158,11.638117016838342,1.0,Markdown / clear,161.84
35610B,3.1040244695712698,360,0,17,346,BLACK CHRISTMAS FLOCK DROPLET,0.56,1.25,2.4285714285714284,7.538345140387369,352.4616548596126,0.0,24.832195756570158,14.497308394677518,1.0,Markdown / clear,201.6
35610C,3.1040244695712698,398,0,18,327,WHITE CHRISTMAS FLOCK DROPLET,0.56,1.25,2.5714285714285716,7.98177720746898,390.018222792531,0.0,24.832195756570158,16.027579836337924,1.0,Markdown / clear,222.88
35611B,3.1040244695712698,676,0,14,438,BLACK ASSORTED DROPLET DECORATION,0.19,0.38,2.0,6.2080489391425395,669.7919510608575,0.0,24.832195756570158,27.22272354111667,1.0,Markdown / clear,128.44
35633B,3.1040244695712698,272,0,13,227,BLUE TINSEL GARLAND,0.1,0.19,1.8571428571428572,5.764616872060929,266.2353831279391,0.0,24.832195756570158,10.953521898200792,1.0,Markdown / clear,27.2
35637A,3.3726285907061757,334,374,13,354,IVORY STRING CURTAIN WITH POLE,2.98,5.95,1.8571428571428572,6.263453097025755,701.7365469029743,0.0,26.981028725649406,12.379068396398253,1.0,Markdown / clear,995.32
35609A,3.1040244695712698,626,288,21,512,PINK FEATHER CHRISTMAS DECORATION,0.09,0.19,3.0,9.31207340871381,904.6879265912862,0.0,24.832195756570158,25.20920848630035,1.0,Markdown / clear,56.34
35637C,2.5392146649338887,226,74,19,176,PINK STRING CURTAIN WITH POLE,2.98,5.95,2.7142857142857144,6.8921540905348415,293.10784590946514,0.0,20.31371731947111,11.125487100451792,1.0,Markdown / clear,673.48
35638B,2.5392146649338887,252,0,11,219,PINK/BLUE STRING CURTAIN,2.98,5.95,1.5714285714285714,3.990194473467539,248.00980552653246,0.0,20.31371731947111,12.405410395194034,1.0,Markdown / clear,750.96
35644,3.1040244695712698,92,0,12,61,PAIR PINK/BLACK COATHANGERS,0.98,1.95,1.7142857142857142,5.321184804979319,86.67881519502068,0.0,24.832195756570158,3.7048677008620325,0.9016225669540109,Markdown / clear,90.16
35645,2.5392146649338887,14,26,9,22,VINTAGE BEAD PINK JEWEL BOX,2.12,4.25,1.2857142857142858,3.264704569200714,36.73529543079928,0.0,20.31371731947111,0.6891894663996686,0.0,Healthy,0.0
35646,19.443587466054822,0,246,12,150,VINTAGE BEAD PINK EVENING BAG,1.23,2.46,1.7142857142857142,33.33186422752255,212.66813577247746,0.0,155.54869972843858,0.0,0.0,Healthy,0.0
35647,3.1040244695712698,77,285,8,205,VINTAGE BEAD PINK SHADE,0.62,1.25,1.1428571428571428,3.5474565366528794,358.4525434633471,0.0,24.832195756570158,3.100813184417136,0.7002710614723786,Markdown / clear,47.74
35648,30.739749781648396,0,149,8,121,VINTAGE BEAD PINK PURSE,0.82,1.63,1.1428571428571428,35.131142607598164,113.86885739240184,0.05893506287271211,245.91799825318716,0.0,0.0,Healthy,0.0
35638A,2.5392146649338887,205,0,12,152,PINK AND BLACK STRING CURTAIN,1.98,3.95,1.7142857142857142,4.352939425600952,200.64706057439903,0.0,20.31371731947111,10.09170290085229,1.0,Markdown / clear,405.9
35607B,3.1040244695712698,519,265,10,299,BLACK FEATHER CHRISTMAS DECORATION,0.09,0.19,1.4285714285714286,4.4343206708161,779.5656793291839,0.0,24.832195756570158,20.900286268993423,1.0,Markdown / clear,46.71
35607A,3.1040244695712698,544,286,20,543,PINK FLUFFY CHRISTMAS DECORATION,0.09,0.19,2.857142857142857,8.8686413416322,821.1313586583678,0.0,24.832195756570158,21.907043796401585,1.0,Markdown / clear,48.96
35603C,3.1040244695712698,144,60,21,106,SET/16 WHITE SHINY & MATT BAUBLES,0.21,0.42,3.0,9.31207340871381,194.68792659128619,0.0,24.832195756570158,5.798923357871007,1.0,Markdown / clear,30.24
35537,3.1040244695712698,151,0,19,97,CANDLE RING W/CLEAR BEADS,0.21,0.42,2.7142857142857144,8.425209274550589,142.57479072544942,0.0,24.832195756570158,6.080815465545292,1.0,Markdown / clear,31.71
35591T,3.4908755161689506,31,0,8,21,TURQUOISE CHRISTMAS TREE,0.56,1.25,1.1428571428571428,3.9895720184788006,27.0104279815212,0.0,27.927004129351605,1.110036717737963,0.03667890591265436,Healthy,0.0
35594,3.1040244695712698,105,68,21,135,WOODEN CHRISTMAS TREE 3 HANGING,0.19,0.42,3.0,9.31207340871381,163.68792659128619,0.0,24.832195756570158,4.228381615114277,1.0,Markdown / clear,19.95
35596,3.1040244695712698,254,0,16,172,WOOD XMAS TREE 9 FIG SHELVES,0.38,0.85,2.2857142857142856,7.094913073305759,246.90508692669425,0.0,24.832195756570158,10.228656478466915,1.0,Markdown / clear,96.52
35597A,3.1040244695712698,90,0,19,65,DUSTY PINK CHRISTMAS TREE 30CM,0.56,1.25,2.7142857142857144,8.425209274550589,81.57479072544942,0.0,24.832195756570158,3.6243270986693794,0.8747756995564598,Markdown / clear,50.4
35597B,3.1040244695712698,337,0,12,259,BLACKCHRISTMAS TREE 30CM,0.56,1.25,1.7142857142857142,5.321184804979319,331.67881519502066,0.0,24.832195756570158,13.57109146946201,1.0,Markdown / clear,188.72
35597D,3.1040244695712698,331,0,21,251,PINK/WHITE CHRISTMAS TREE 30CM,0.29,0.65,3.0,9.31207340871381,321.6879265912862,0.0,24.832195756570158,13.329469662884051,1.0,Markdown / clear,95.99
35598A,2.5392146649338887,116,0,16,70,DUSTY PINK CHRISTMAS TREE 60CM,1.33,2.95,2.2857142857142856,5.803919234134602,110.1960807658654,0.0,20.31371731947111,5.71042700731154,1.0,Markdown / clear,154.28
35598B,30.309382796893605,261,548,8,330,BLACK CHRISTMAS TREE 60CM,1.33,2.95,1.1428571428571428,34.63929462502126,774.3607053749787,0.0,242.47506237514884,1.076399351930839,0.025466450643613008,Healthy,0.0
35598C,2.5392146649338887,32,0,20,20,WHITE CHRISTMAS TREE 60CM,1.33,2.95,2.857142857142857,7.254899042668254,24.745100957331747,0.0,20.31371731947111,1.5752902089135281,0.19176340297117603,Healthy,0.0
35598D,30.879753462376204,325,976,18,700,PINK/WHITE CHRISTMAS TREE 60CM,0.56,1.25,2.5714285714285716,79.40508033182454,1221.5949196681754,0.0,247.03802769900963,1.315586928163056,0.10519564272101863,Healthy,0.0
35599B,36.36087761197759,105,82,11,121,BLACK CHRISTMAS TREE 120CM,2.66,5.91,1.5714285714285714,57.138521961679075,129.8614780383209,0.0,290.88702089582074,0.3609648848430575,0.0,Healthy,0.0
35599D,28.914604538385625,10,163,15,134,PINK AND WHITE CHRISTMAS TREE 120CM,2.66,5.91,2.142857142857143,61.9598668679692,111.0401331320308,0.17134229005947166,231.316836307085,0.043230748611503944,0.0,Healthy,0.0
35600D,2.5392146649338887,286,0,12,216,PINK AND WHITE CHRISTMAS TREE 180CM,1.33,2.95,1.7142857142857142,4.352939425600952,281.64706057439906,0.0,20.31371731947111,14.079156242164657,1.0,Markdown / clear,380.38
35471A,3.1040244695712698,108,203,17,182,SET OF 3 BIRD L.BLUE FEATHER,0.62,1.25,2.4285714285714284,7.538345140387369,303.4616548596126,0.0,24.832195756570158,4.349192518403256,1.0,Markdown / clear,66.96
35957,3.1040244695712698,0,1062,11,669,SMALLFOLKART BAUBLE CHRISTMAS DEC,0.75,1.66,1.5714285714285714,4.877752737897709,1057.1222472621023,0.0,24.832195756570158,0.0,0.0,Healthy,0.0
23479,16.833174451606496,76,63,12,69,WIRE EGG BASKET,3.92,7.85,1.7142857142857142,28.856870488468278,110.14312951153173,0.0,134.66539561285197,0.5643617623824575,0.0,Healthy,0.0
23477,17.759192818984822,116,0,8,89,WOODLAND LARGE BLUE FELT HEART,0.62,1.25,1.1428571428571428,20.29622036455408,95.70377963544593,0.0,142.07354255187857,0.8164785498865298,0.0,Healthy,0.0
23264,130.09357118817937,0,615,16,412,SET OF 3 WOODEN SLEIGH DECORATIONS,0.62,1.25,2.2857142857142856,297.35673414441,317.64326585559,0.22902119937963583,1040.748569505435,0.0,0.0,Healthy,0.0
23265,100.94856650894222,0,514,17,394,SET OF 3 WOODEN TREE DECORATIONS,0.62,1.25,2.4285714285714284,245.16080437885967,268.83919562114033,0.31766701618999915,807.5885320715378,0.0,0.0,Healthy,0.0
23266,120.15297982189139,0,543,19,472,SET OF 3 WOODEN STOCKING DECORATION,0.62,1.25,2.7142857142857144,326.1295166594195,216.8704833405805,0.5405286369902955,961.2238385751311,0.0,0.0,Reorder now,407.66
23267,62.25896533372988,0,237,7,189,SET OF 4 SANTA PLACE SETTINGS,0.56,1.25,1.0,62.25896533372988,174.7410346662701,0.07544426102502588,498.07172266983906,0.0,0.0,Healthy,0.0
23268,3.6021602796645866,239,625,12,668,SET OF 2 CERAMIC CHRISTMAS REINDEER,0.65,1.45,1.7142857142857142,6.175131907996434,857.8248680920036,0.0,28.817282237316693,8.293634286251637,1.0,Markdown / clear,155.35
23269,50.54824576311186,0,208,7,175,SET OF 2 CERAMIC CHRISTMAS TREES,0.65,1.45,1.0,50.54824576311186,157.45175423688815,0.10027569007492487,404.38596610489486,0.0,0.0,Healthy,0.0
23263,209.84222617745385,0,813,15,594,SET OF 3 WOODEN HEART DECORATIONS,0.62,1.25,2.142857142857143,449.6619132374011,363.3380867625989,0.38831971925488407,1678.7378094196308,0.0,0.0,Healthy,0.0
23270,41.704422505663814,0,406,7,206,SET OF 2 CERAMIC PAINTED HEARTS,0.72,1.45,1.0,41.704422505663814,364.29557749433616,0.0,333.6353800453105,0.0,0.0,Healthy,0.0
23272,14.39096586697231,211,156,15,217,TREE T-LIGHT HOLDER WILLIE WINKIE,0.82,1.65,2.142857142857143,30.83778400065495,336.16221599934505,0.0,115.12772693577848,1.8327470333684412,0.2775823444561471,Healthy,0.0
23273,40.92545514554325,0,381,20,334,HEART T-LIGHT HOLDER WILLIE WINKIE,0.82,1.65,2.857142857142857,116.92987184440929,264.07012815559074,0.20937087378565644,327.403641164346,0.0,0.0,Healthy,0.0
23274,53.63129129840368,93,555,18,456,STAR T-LIGHT HOLDER WILLIE WINKIE,0.82,1.65,2.5714285714285716,137.90903476732376,510.09096523267624,0.0,429.05033038722945,0.21675778670550144,0.0,Healthy,0.0
23275,215.84149868045802,0,955,16,782,SET OF 3 HANGING OWLS OLLIE BEAK,0.62,1.25,2.2857142857142856,493.35199698390403,461.64800301609597,0.40965728514565736,1726.7319894436641,0.0,0.0,Healthy,0.0
23280,56.629266389939055,0,775,18,598,FOLDING BUTTERFLY MIRROR HOT PINK,0.42,0.83,2.5714285714285716,145.618113574129,629.381886425871,0.0,453.03413111951244,0.0,0.0,Healthy,0.0
23281,30.59419260404538,63,537,9,313,FOLDING BUTTERFLY MIRROR RED,0.42,0.83,1.2857142857142858,39.335390490915486,560.6646095090845,0.0,244.75354083236303,0.25740179196488133,0.0,Healthy,0.0
23271,80.82600781991829,94,834,10,440,CHRISTMAS TABLE SILVER CANDLE SPIKE,0.37,0.83,1.4285714285714286,115.46572545702612,812.5342745429739,0.0,646.6080625593463,0.1453739992476085,0.0,Healthy,0.0
23282,33.40993681237466,0,304,19,258,FOLDING BUTTERFLY MIRROR IVORY,0.42,0.83,2.7142857142857144,90.68411420501694,213.31588579498305,0.17319424110471693,267.2794944989973,0.0,0.0,Healthy,0.0
23256,55.5592055349109,0,404,13,259,CHILDRENS CUTLERY SPACEBOY,2.08,4.15,1.8571428571428572,103.18138170769168,300.8186182923083,0.0,444.4736442792872,0.0,0.0,Healthy,0.0
23254,49.02865024884764,0,209,9,199,CHILDRENS CUTLERY DOLLY GIRL,2.08,4.15,1.2857142857142858,63.036836034232685,145.9631639657673,0.266516763991119,392.2292019907811,0.0,0.0,Healthy,0.0
23238,49.78678761743207,0,473,11,277,SET OF 4 KNICK KNACK TINS LONDON,2.08,4.15,1.5714285714285714,78.23638054167897,394.76361945832105,0.0,398.29430093945655,0.0,0.0,Healthy,0.0
23239,28.232732892386313,0,260,13,178,SET OF 4 KNICK KNACK TINS POPPIES,2.08,4.15,1.8571428571428572,52.43221822871744,207.56778177128257,0.0,225.8618631390905,0.0,0.0,Healthy,0.0
23240,114.25773726787142,0,789,10,457,SET OF 4 KNICK KNACK TINS DOILY,2.08,4.15,1.4285714285714286,163.22533895410203,625.774661045898,0.0,914.0618981429714,0.0,0.0,Healthy,0.0
23241,87.73608183492898,0,461,18,438,TREASURE TIN GYMKHANA DESIGN,1.04,2.08,2.5714285714285716,225.6070675755317,235.3929324244683,0.4625732136427664,701.8886546794319,0.0,0.0,Healthy,0.0
23242,49.959243516916004,0,211,8,210,TREASURE TIN BUFFALO BILL,1.04,2.08,1.1428571428571428,57.09627830504686,153.90372169495313,0.26712513478593747,399.67394813532803,0.0,0.0,Healthy,0.0
23243,85.57754636689558,90,1983,19,1535,SET OF TEA COFFEE SUGAR TINS PANTRY,2.48,4.95,2.7142857142857144,232.281911567288,1840.718088432712,0.0,684.6203709351646,0.13145971668512219,0.0,Healthy,0.0
23255,28.54393448051758,0,277,11,195,CHILDRENS CUTLERY CIRCUS PARADE,2.08,4.15,1.5714285714285714,44.85475418367049,232.14524581632952,0.0,228.35147584414065,0.0,0.0,Healthy,0.0
23244,27.03650125403209,0,389,12,256,ROUND STORAGE TIN VINTAGE LEAF,0.98,1.95,1.7142857142857142,46.34828786405501,342.651712135945,0.0,216.2920100322567,0.0,0.0,Healthy,0.0
23247,113.2869257073165,0,590,9,332,BISCUIT TIN 50'S CHRISTMAS,1.3,2.89,1.2857142857142858,145.6546187665498,444.3453812334502,0.0,906.295405658532,0.0,0.0,Healthy,0.0
23249,25.133920330587728,115,471,12,278,VINTAGE RED ENAMEL TRIM PLATE,0.82,1.65,1.7142857142857142,43.086720566721816,542.9132794332781,0.0,201.07136264470182,0.5719362443631911,0.0,Healthy,0.0
23250,44.45928408719558,0,526,18,384,VINTAGE RED TRIM ENAMEL BOWL,0.62,1.25,2.5714285714285716,114.32387336707436,411.6761266329256,0.0,355.6742726975646,0.0,0.0,Healthy,0.0
23251,43.62569145679041,0,585,11,374,VINTAGE RED ENAMEL TRIM MUG,0.62,1.25,1.5714285714285714,68.55465800352779,516.4453419964722,0.0,349.0055316543233,0.0,0.0,Healthy,0.0
23252,18.12554143103383,0,98,8,96,VINTAGE RED ENAMEL TRIM JUG,1.88,3.75,1.1428571428571428,20.714904492610092,77.28509550738991,0.19494692179802176,145.00433144827065,0.0,0.0,Healthy,0.0
23253,4.118800840000022,64,153,14,102,16 PIECE CUTLERY SET PANTRY DESIGN,7.98,15.95,2.0,8.237601680000044,208.76239831999996,0.0,32.950406720000174,1.9423128990135774,0.31410429967119247,Healthy,0.0
23245,157.89997089693466,0,1464,15,1010,SET OF 3 REGENCY CAKE TINS,2.48,4.95,2.142857142857143,338.3570804934314,1125.6429195065687,0.0,1263.1997671754773,0.0,0.0,Healthy,0.0
23283,31.989800558966287,0,415,20,306,DOORMAT VINTAGE LEAF,3.98,7.95,2.857142857142857,91.3994301684751,323.6005698315249,0.0,255.9184044717303,0.0,0.0,Healthy,0.0
23284,151.3371854346127,0,1165,8,632,DOORMAT KEEP CALM AND COME IN,3.98,7.95,1.1428571428571428,172.9567833538431,992.0432166461569,0.0,1210.6974834769017,0.0,0.0,Healthy,0.0
23285,18.196060361524566,776,2521,14,1886,PINK VINTAGE SPOT BEAKER,0.42,0.85,2.0,36.39212072304913,3260.607879276951,0.0,145.56848289219653,5.330824259360327,1.0,Markdown / clear,325.92
23305,6.066346810436389,216,0,10,142,SET 4 PICNIC CUTLERY BLUEBERRY,0.98,1.95,1.4285714285714286,8.666209729194842,207.33379027080517,0.0,48.530774483491115,4.450784111707871,1.0,Markdown / clear,211.68
23306,21.37077028051126,0,357,8,341,SET OF 36 DOILIES PANTRY DESIGN,0.72,1.45,1.1428571428571428,24.423737463441437,332.57626253655854,0.02470304241478427,170.96616224409007,0.0,0.0,Healthy,0.0
23307,201.59536963642702,0,2353,13,1598,SET OF 60 PANTRY DESIGN CAKE CASES,0.28,0.55,1.8571428571428572,374.3914007533645,1978.6085992466355,0.0,1612.7629570914162,0.0,0.0,Healthy,0.0
23308,94.42689749720869,0,1215,14,995,SET OF 60 VINTAGE LEAF CAKE CASES,0.28,0.55,2.0,188.85379499441737,1026.1462050055827,0.0,755.4151799776695,0.0,0.0,Healthy,0.0
23309,224.87323491875233,0,1545,9,970,SET OF 60 I LOVE LONDON CAKE CASES,0.28,0.55,1.2857142857142858,289.12273060982443,1255.8772693901756,0.0,1798.9858793500186,0.0,0.0,Healthy,0.0
23310,412.66522457268104,0,1647,8,1307,BUBBLEGUM RING ASSORTED,0.21,0.42,1.1428571428571428,471.6173995116354,1175.3826004883645,0.10070191240369974,3301.3217965814483,0.0,0.0,Healthy,0.0
23304,6.066346810436389,295,0,13,188,SET 4 PICNIC CUTLERY CHERRY,0.98,1.95,1.8571428571428572,11.266072647953296,283.7339273520467,0.0,48.530774483491115,6.078617189601027,1.0,Markdown / clear,289.1
23311,162.77870238287557,0,353,9,305,VINTAGE CHRISTMAS STOCKING,1.15,2.55,1.2857142857142858,209.28690306369717,143.71309693630283,0.5288095182416301,1302.2296190630045,0.0,0.0,Reorder now,533.68
23313,200.35688214741305,0,832,19,794,VINTAGE CHRISTMAS BUNTING,2.23,4.95,2.7142857142857144,543.8258229715498,288.17417702845023,0.637060230442758,1602.8550571793044,0.0,0.0,Reorder now,2691.94
23314,22.983420775890337,0,121,9,108,VINTAGE CHRISTMAS TABLECLOTH,5.62,12.5,1.2857142857142858,29.55011242614472,91.44988757385528,0.1532417817235623,183.8673662071227,0.0,0.0,Healthy,0.0
23315,11.513695072467891,0,96,11,59,IVORY REFECTORY CLOCK,4.97,9.95,1.5714285714285714,18.0929493995924,77.9070506004076,0.0,92.10956057974313,0.0,0.0,Healthy,0.0
23316,14.16379988775382,0,89,12,56,RED REFECTORY CLOCK,4.97,9.95,1.7142857142857142,24.280799807577974,64.71920019242202,0.0,113.31039910203056,0.0,0.0,Healthy,0.0
23317,11.419022855048599,21,86,12,50,BLUE REFECTORY CLOCK,4.97,9.95,1.7142857142857142,19.575467751511884,87.42453224848812,0.0,91.35218284038879,0.2298795644181963,0.0,Healthy,0.0
23318,221.5170974763828,0,1118,10,603,BOX OF 6 MINI VINTAGE CRACKERS,1.25,2.49,1.4285714285714286,316.45299639483255,801.5470036051674,0.0,1772.1367798110623,0.0,0.0,Healthy,0.0
23312,88.96053019730364,0,530,16,369,VINTAGE CHRISTMAS GIFT SACK,1.87,4.15,2.2857142857142856,203.33835473669401,326.661645263306,0.11473808871732782,711.6842415784291,0.0,0.0,Healthy,0.0
23303,6.066346810436389,209,0,8,122,SET 4 PICNIC CUTLERY FONDANT,0.98,1.95,1.1428571428571428,6.932967783355873,202.06703221664412,0.0,48.530774483491115,4.306545737717338,1.0,Markdown / clear,204.82
23302,34.28471894900915,0,628,20,481,KNEELING MAT HOUSEWORK  DESIGN,0.82,1.65,2.857142857142857,97.95633985431185,530.0436601456881,0.0,274.2777515920732,0.0,0.0,Healthy,0.0
23301,323.4911207705046,0,824,10,806,GARDENERS KNEELING PAD KEEP CALM,0.82,1.65,1.4285714285714286,462.1301725292923,361.8698274707077,0.5510299907311318,2587.928966164037,0.0,0.0,Reorder now,762.51
23286,42.95681501878068,994,2758,19,2154,BLUE VINTAGE SPOT BEAKER,0.42,0.85,2.7142857142857144,116.59706933669042,3635.4029306633097,0.0,343.65452015024545,2.8924397664416697,0.6308132554805566,Markdown / clear,417.48
23287,22.23516856047174,0,496,14,410,RED VINTAGE SPOT BEAKER,0.42,0.85,2.0,44.47033712094348,451.5296628790565,0.0,177.88134848377393,0.0,0.0,Healthy,0.0
23288,40.354138128898505,1224,2841,19,2247,GREEN VINTAGE SPOT BEAKER,0.42,0.85,2.7142857142857144,109.53266063558166,3955.4673393644184,0.0,322.83310503118804,3.7914327276992013,0.9304775758997338,Markdown / clear,514.08
23289,45.952940744580566,0,597,21,507,DOLLY GIRL CHILDRENS BOWL,0.62,1.25,3.0,137.8588222337417,459.1411777662583,0.0943960990803584,367.6235259566445,0.0,0.0,Healthy,0.0
23290,59.49255519227494,0,651,14,506,SPACEBOY CHILDRENS BOWL,0.62,1.25,2.0,118.98511038454988,532.0148896154501,0.0,475.94044153819954,0.0,0.0,Healthy,0.0
23291,44.32070586644393,0,257,7,216,DOLLY GIRL CHILDRENS CUP,0.62,1.25,1.0,44.32070586644393,212.67929413355608,0.015373638270573697,354.56564693155144,0.0,0.0,Healthy,0.0
23292,50.58057859692691,0,592,12,389,SPACEBOY CHILDRENS CUP,0.62,1.25,1.7142857142857142,86.70956330901755,505.29043669098246,0.0,404.6446287754153,0.0,0.0,Healthy,0.0
23293,277.77619907599455,0,1106,10,1081,SET OF 12 FAIRY CAKE BAKING CASES,0.42,0.83,1.4285714285714286,396.8231415371351,709.1768584628649,0.3439622030870816,2222.2095926079564,0.0,0.0,Healthy,0.0
23294,101.15168143747289,0,1114,14,876,SET OF 6 SNACK LOAF BAKING CASES,0.42,0.83,2.0,202.30336287494578,911.6966371250542,0.0,809.2134514997831,0.0,0.0,Healthy,0.0
23295,156.4847464578378,0,1466,15,1112,SET OF 12 MINI LOAF BAKING CASES,0.42,0.83,2.142857142857143,335.3244566953667,1130.6755433046333,0.0,1251.8779716627023,0.0,0.0,Healthy,0.0
23296,128.0167311098694,0,1369,13,900,SET OF 6 TEA TIME BAKING CASES,0.62,1.25,1.8571428571428572,237.74535777547175,1131.2546422245282,0.0,1024.1338488789552,0.0,0.0,Healthy,0.0
23297,4.435574205436875,177,2167,9,1205,SET 40 HEART SHAPE PETIT FOUR CASES,0.82,1.65,1.2857142857142858,5.702881121275983,2338.297118878724,0.0,35.484593643495,4.988080229360255,1.0,Markdown / clear,145.14
23298,131.60817954755896,0,1383,11,782,SPOTTY BUNTING,2.48,4.95,1.5714285714285714,206.8128535747355,1176.1871464252645,0.0,1052.8654363804717,0.0,0.0,Healthy,0.0
23299,9.094486837234918,0,368,17,321,FOOD COVER WITH BEADS SET 2,1.88,3.75,2.4285714285714284,22.086610890427657,345.91338910957234,0.0,72.75589469787934,0.0,0.0,Healthy,0.0
23300,255.24343548735186,0,601,7,580,GARDENERS KNEELING PAD CUP OF TEA,0.82,1.65,1.0,255.24343548735186,345.75656451264814,0.40386799221957215,2041.9474838988149,0.0,0.0,Healthy,0.0
23237,41.47567935784029,0,296,10,173,SET OF 4 KNICK KNACK TINS LEAF,2.08,4.15,1.4285714285714286,59.25097051120042,236.74902948879958,0.0,331.80543486272234,0.0,0.0,Healthy,0.0
23319,232.23253929219493,0,653,7,436,BOX OF 6 MINI 50'S CRACKERS,1.25,2.49,1.0,232.23253929219493,420.76746070780507,0.03493701672521776,1857.8603143375594,0.0,0.0,Healthy,0.0
23236,39.03917344808025,0,751,16,525,STORAGE TIN VINTAGE DOILY,1.44,2.89,2.2857142857142856,89.23239645275486,661.7676035472451,0.0,312.313387584642,0.0,0.0,Healthy,0.0
23234,78.8457272582815,0,388,12,323,BISCUIT TIN VINTAGE CHRISTMAS,1.3,2.89,1.7142857142857142,135.1641038713397,252.8358961286603,0.21722632777504558,630.765818066252,0.0,0.0,Healthy,0.0
23181,8.748483929899342,12,87,21,83,BULL DOG BOTTLE TOP WALL CLOCK,4.12,8.25,3.0,26.245451789698024,72.75454821030198,0.12343917818913286,69.98787143919473,0.17145827917377893,0.0,Healthy,0.0
23182,62.98760906959514,0,306,8,256,TOILET SIGN OCCUPIED OR VACANT,0.42,0.83,1.1428571428571428,71.98583893668015,234.01416106331985,0.08588218334640685,503.9008725567611,0.0,0.0,Healthy,0.0
23183,5.737814108711605,3,100,18,78,MOTHER'S KITCHEN SPOON REST,1.88,3.75,2.5714285714285716,14.754379136686985,88.24562086331301,0.0,45.90251286969284,0.06535589910984485,0.0,Healthy,0.0
23185,18.5037227564168,204,168,12,185,FRENCH STYLE STORAGE JAR JAM,0.14,0.29,1.7142857142857142,31.720667582428796,340.2793324175712,0.0,148.0297820513344,1.3781010629959316,0.12603368766531053,Healthy,0.0
23186,83.89319870959044,0,787,9,544,FRENCH STYLE STORAGE JAR CAFE,0.14,0.29,1.2857142857142858,107.86268405518771,679.1373159448123,0.0,671.1455896767235,0.0,0.0,Healthy,0.0
23187,15.622494602427453,0,606,9,570,FRENCH STYLE STORAGE JAR BONBONS,0.14,0.29,1.2857142857142858,20.086064488835298,585.9139355111647,0.0,124.97995681941963,0.0,0.0,Healthy,0.0
23180,5.232999482823666,33,40,18,64,MUM'S KITCHEN CLOCK,2.48,4.95,2.5714285714285716,13.456284384403713,59.543715615596284,0.06962944350630806,41.86399586258933,0.7882668464882396,0.0,Healthy,0.0
23188,190.7322721509014,0,401,9,392,VINTAGE  2 METER FOLDING RULER,0.82,1.65,1.2857142857142858,245.22720705115896,155.77279294884104,0.6026204261509157,1525.8581772072112,0.0,0.0,Reorder now,404.62
23190,50.64434235492455,0,441,19,397,BUNDLE OF 3 SCHOOL EXERCISE BOOKS,0.82,1.65,2.7142857142857144,137.46321496336662,303.5367850366334,0.2354237152729638,405.1547388393964,0.0,0.0,Healthy,0.0
23191,63.13333836403961,0,272,7,181,BUNDLE OF 3 RETRO NOTE BOOKS,0.82,1.65,1.0,63.13333836403961,208.86666163596038,0.0,505.0667069123169,0.0,0.0,Healthy,0.0
23192,115.75942981735413,0,677,12,456,BUNDLE OF 3 ALPHABET EXERCISE BOOKS,0.82,1.65,1.7142857142857142,198.44473682974993,478.5552631702501,0.0,926.075438538833,0.0,0.0,Healthy,0.0
23193,34.94786212406938,0,851,17,629,BUFFALO BILL TREASURE BOOK BOX,1.12,2.25,2.4285714285714284,84.87337944416849,766.1266205558316,0.0,279.58289699255505,0.0,0.0,Healthy,0.0
23194,52.914121902398065,0,708,21,590,GYMKHANA TREASURE BOOK BOX,1.12,2.25,3.0,158.7423657071942,549.2576342928057,0.0690548571308377,423.3129752191845,0.0,0.0,Healthy,0.0
23196,75.71340870716014,0,458,19,416,VINTAGE LEAF MAGNETIC NOTEPAD,0.72,1.45,2.7142857142857144,205.5078236337204,252.4921763662796,0.393047652965674,605.7072696572811,0.0,0.0,Healthy,0.0
23189,52.274694718564184,0,325,7,198,SET OF 12 FORK CANDLES,1.44,2.89,1.0,52.274694718564184,272.7253052814358,0.0,418.1975577485135,0.0,0.0,Healthy,0.0
23197,71.58847850611043,0,212,9,202,SKETCHBOOK MAGNETIC SHOPPING LIST,0.72,1.45,1.2857142857142858,92.04232950785628,119.95767049214372,0.4061501460784964,572.7078280488835,0.0,0.0,Healthy,0.0
23179,13.480015903333364,119,146,16,194,CLOCK MAGNET MUM'S KITCHEN,1.44,2.89,2.2857142857142856,30.81146492190483,234.18853507809519,0.0,107.84012722666691,1.1034853450226036,0.03449511500753455,Healthy,0.0
23177,63.167930942564745,0,723,16,615,TREASURE ISLAND BOOK BOX,1.12,2.25,2.2857142857142856,144.3838421544337,578.6161578455662,0.05916071895029873,505.34344754051796,0.0,0.0,Healthy,0.0
23163,39.63066097104588,0,398,15,339,REGENCY SUGAR TONGS,1.25,2.49,2.142857142857143,84.92284493795545,313.07715506204454,0.07646856913851163,317.045287768367,0.0,0.0,Healthy,0.0
23164,14.642139975273944,0,256,10,144,REGENCY CAKE SLICE,2.48,4.95,1.4285714285714286,20.91734282181992,235.08265717818009,0.0,117.13711980219155,0.0,0.0,Healthy,0.0
23165,92.3985680138136,0,709,11,432,LARGE CERAMIC TOP STORAGE JAR,0.82,1.65,1.5714285714285714,145.1977497359928,563.8022502640072,0.0,739.1885441105088,0.0,0.0,Healthy,0.0
23166,116.72006498999774,62669,66427,18,57687,MEDIUM CERAMIC TOP STORAGE JAR,0.62,1.25,2.5714285714285716,300.1373099742799,128795.86269002572,0.0,933.7605199199819,67.11463877844224,1.0,Markdown / clear,38854.78
23167,138.42830344245945,0,1350,10,1142,SMALL CERAMIC TOP STORAGE JAR,0.42,0.83,1.4285714285714286,197.7547192035135,1152.2452807964864,0.0,1107.4264275396756,0.0,0.0,Healthy,0.0
23168,108.48883470845182,0,673,14,470,CLASSIC CAFE SUGAR DISPENSER,0.69,1.25,2.0,216.97766941690364,456.0223305830964,0.02973972216362475,867.9106776676146,0.0,0.0,Healthy,0.0
23178,11.419022855048599,0,127,10,104,JAM CLOCK MAGNET,1.44,2.89,1.4285714285714286,16.31288979292657,110.68711020707343,0.0,91.35218284038879,0.0,0.0,Healthy,0.0
23169,70.65747406699461,0,301,15,222,CLASSIC GLASS COOKIE JAR,2.08,4.15,2.142857142857143,151.40887300070273,149.59112699929727,0.32616609459776,565.2597925359569,0.0,0.0,Healthy,0.0
23171,75.47095123449257,0,1961,17,1504,REGENCY TEA PLATE GREEN,0.82,1.65,2.4285714285714284,183.28659585519623,1777.7134041448037,0.0,603.7676098759406,0.0,0.0,Healthy,0.0
23172,60.74604228058903,0,961,13,572,REGENCY TEA PLATE PINK,0.82,1.65,1.8571428571428572,112.81407852109392,848.185921478906,0.0,485.96833824471224,0.0,0.0,Healthy,0.0
23173,28.63232877606542,0,723,11,484,REGENCY TEAPOT ROSES,4.97,9.95,1.5714285714285714,44.99365950524566,678.0063404947543,0.0,229.05863020852337,0.0,0.0,Healthy,0.0
23174,33.511964037370845,0,954,12,655,REGENCY SUGAR BOWL GREEN,2.08,4.15,1.7142857142857142,57.44908120692145,896.5509187930786,0.0,268.09571229896676,0.0,0.0,Healthy,0.0
23175,37.00859270084277,0,1059,13,731,REGENCY MILK JUG PINK,1.62,3.25,1.8571428571428572,68.73024358727943,990.2697564127205,0.0,296.06874160674215,0.0,0.0,Healthy,0.0
23176,66.49190513541504,0,513,10,362,ABC TREASURE BOOK BOX,1.12,2.25,1.4285714285714286,94.98843590773578,418.0115640922642,0.0,531.9352410833203,0.0,0.0,Healthy,0.0
23170,68.61637279627689,0,1943,18,1335,REGENCY TEA PLATE ROSES,0.82,1.65,2.5714285714285716,176.44210147614058,1766.5578985238594,0.0,548.9309823702151,0.0,0.0,Healthy,0.0
23198,130.3261099477455,0,741,21,664,PANTRY MAGNETIC  SHOPPING LIST,0.72,1.45,3.0,390.97832984323645,350.02167015676355,0.47285893048680183,1042.608879581964,0.0,0.0,Healthy,0.0
23199,282.2000189891633,0,2169,16,1927,JUMBO BAG APPLES,1.04,2.08,2.2857142857142856,645.0286148323733,1523.9713851676267,0.20914821734944122,2257.6001519133065,0.0,0.0,Healthy,0.0
23200,140.07095065445228,0,605,9,600,JUMBO BAG PEARS,1.04,2.08,1.2857142857142858,180.0912222700101,424.9087777299899,0.2918187037833502,1120.5676052356182,0.0,0.0,Healthy,0.0
23220,67.66626148640198,0,239,7,209,REINDEER HEART DECORATION GOLD,0.37,0.83,1.0,67.66626148640198,171.333738513598,0.18022134682488988,541.3300918912158,0.0,0.0,Healthy,0.0
23221,103.24582464942587,6,608,15,445,REINDEER HEART DECORATION SILVER,0.37,0.83,2.142857142857143,221.2410528201983,392.7589471798017,0.11739562431505235,825.966597195407,0.007264216277478012,0.0,Healthy,0.0
23222,55.537883260748934,141,470,18,453,CHRISTMAS TREE HANGING GOLD,0.37,0.83,2.5714285714285716,142.8116998133544,468.1883001866456,0.0,444.3030660859915,0.3173509497517411,0.0,Healthy,0.0
23223,55.356878774402574,0,411,15,305,CHRISTMAS TREE HANGING SILVER,0.37,0.83,2.142857142857143,118.62188308800552,292.3781169119945,0.04138322323936239,442.8550301952206,0.0,0.0,Healthy,0.0
23224,50.80940828173242,65,470,12,323,CHERUB HEART DECORATION GOLD,0.42,0.83,1.7142857142857142,87.10184276868415,447.89815723131585,0.0,406.4752662538594,0.15991132892057694,0.0,Healthy,0.0
23225,93.959846515717,299,968,19,667,CHERUB HEART DECORATION SILVER,0.42,0.83,2.7142857142857144,255.03386911408901,1011.966130885911,0.0,751.678772125736,0.39777629898265265,0.0,Healthy,0.0
23219,42.67208902583888,107,148,18,238,LAUREL STAR ANTIQUE SILVER,0.62,1.25,2.5714285714285716,109.7282289235857,145.2717710764143,0.38961440724195673,341.37671220671103,0.3134367289096427,0.0,Healthy,0.0
23226,37.63664546302155,0,507,12,294,FILIGREE HEART DAISY WHITE,0.62,1.25,1.7142857142857142,64.51996365089408,442.48003634910594,0.0,301.0931637041724,0.0,0.0,Healthy,0.0
23228,56.89738112292863,0,566,13,368,FILIGREE HEART BIRD WHITE,0.62,1.25,1.8571428571428572,105.66656494258174,460.3334350574182,0.0,455.179048983429,0.0,0.0,Healthy,0.0
23229,65.87741140246503,0,228,7,214,VINTAGE DONKEY TAIL GAME,1.88,3.75,1.0,65.87741140246503,162.12258859753496,0.2424178102918927,527.0192912197202,0.0,0.0,Healthy,0.0
23230,82.08253112224405,0,1150,14,1098,WRAP ALPHABET DESIGN,0.21,0.42,2.0,164.1650622444881,985.8349377555119,0.1021539729002624,656.6602489779524,0.0,0.0,Healthy,0.0
23231,93.55214818276424,0,825,7,456,WRAP DOILEY DESIGN,0.21,0.42,1.0,93.55214818276424,731.4478518172358,0.0,748.4171854621139,0.0,0.0,Healthy,0.0
23232,92.57477967248096,0,1625,20,1606,WRAP VINTAGE LEAF DESIGN,0.21,0.42,2.857142857142857,264.49937049280277,1360.5006295071971,0.15286386705653976,740.5982373798477,0.0,0.0,Healthy,0.0
23233,45.50233158066478,0,1350,16,1180,WRAP POPPIES  DESIGN,0.21,0.42,2.2857142857142856,104.00532932723378,1245.9946706727662,0.0,364.01865264531824,0.0,0.0,Healthy,0.0
23227,56.93701423128455,0,615,17,466,FILIGREE HEART BUTTERFLY WHITE,0.62,1.25,2.4285714285714284,138.27560599026248,476.7243940097375,0.0,455.4961138502764,0.0,0.0,Healthy,0.0
23218,27.80749733532929,140,162,10,195,LAUREL STAR ANTIQUE GOLD,0.62,1.25,1.4285714285714286,39.72499619332756,262.27500380667243,0.0,222.45997868263433,0.6293266808216622,0.0,Healthy,0.0
23217,72.6100432389198,275,678,11,400,LAUREL HEART ANTIQUE SILVER,0.62,1.25,1.5714285714285714,114.10149651830254,838.8985034816975,0.0,580.8803459113584,0.47341935724911693,0.0,Healthy,0.0
23216,19.134710120018966,402,278,21,459,LAUREL HEART ANTIQUE GOLD,0.62,1.25,3.0,57.4041303600569,622.5958696399431,0.0,153.07768096015172,2.6261176513684332,0.5420392171228111,Markdown / clear,249.24
23201,256.54562444297585,0,2099,13,1416,JUMBO BAG ALPHABET,1.04,2.08,1.8571428571428572,476.4418739655266,1622.5581260344734,0.0,2052.364995543807,0.0,0.0,Healthy,0.0
23202,265.68498148627515,0,1810,20,1658,JUMBO BAG VINTAGE LEAF,1.04,2.08,2.857142857142857,759.0999471036433,1050.9000528963566,0.366164021172282,2125.479851890201,0.0,0.0,Healthy,0.0
23203,438.77258790253114,0,3358,12,2103,JUMBO BAG VINTAGE DOILY,1.04,2.08,1.7142857142857142,752.1815792614819,2605.818420738518,0.0,3510.180703220249,0.0,0.0,Healthy,0.0
23204,192.96579926335744,0,675,9,642,CHARLOTTE BAG APPLES DESIGN,0.42,0.85,1.2857142857142858,248.09888476717387,426.9011152328261,0.3350449918491806,1543.7263941068595,0.0,0.0,Healthy,0.0
23205,127.43784152944477,0,1041,20,1001,CHARLOTTE BAG VINTAGE ALPHABET,0.42,0.85,2.857142857142857,364.1081186555565,676.8918813444435,0.3237843343212352,1019.5027322355581,0.0,0.0,Healthy,0.0
23206,219.59091458651636,0,1783,21,1778,LUNCH BAG APPLE DESIGN,0.82,1.65,3.0,658.772743759549,1124.227256240451,0.3677012057140321,1756.727316692131,0.0,0.0,Healthy,0.0
23207,136.6899845759869,0,1790,21,1273,LUNCH BAG ALPHABET DESIGN,0.82,1.65,3.0,410.0699537279607,1379.9300462720394,0.0,1093.5198766078952,0.0,0.0,Healthy,0.0
23208,108.55512606953342,0,999,21,961,LUNCH BAG VINTAGE LEAF DESIGN,0.82,1.65,3.0,325.66537820860026,673.3346217913997,0.29933962352611887,868.4410085562673,0.0,0.0,Healthy,0.0
23209,287.71901568741566,0,2068,20,1939,LUNCH BAG VINTAGE DOILY,0.82,1.65,2.857142857142857,822.0543305354734,1245.9456694645266,0.35742874189555096,2301.7521254993253,0.0,0.0,Healthy,0.0
23210,141.86328189961765,0,1007,13,634,WHITE ROCKING HORSE HAND PAINTED,0.62,1.25,1.8571428571428572,263.4603806707185,743.5396193292815,0.0,1134.9062551969412,0.0,0.0,Healthy,0.0
23211,109.87461921987627,0,826,9,428,RED ROCKING HORSE HAND PAINTED,0.62,1.25,1.2857142857142858,141.26736756841234,684.7326324315877,0.0,878.9969537590101,0.0,0.0,Healthy,0.0
23212,127.00578225189335,0,751,16,628,HEART WREATH DECORATION WITH BELL,0.62,1.25,2.2857142857142856,290.2989308614705,460.7010691385295,0.26639957143546267,1016.0462580151468,0.0,0.0,Healthy,0.0
23213,91.18537042155504,0,625,10,366,STAR WREATH DECORATION WITH BELL,0.62,1.25,1.4285714285714286,130.26481488793576,494.73518511206424,0.0,729.4829633724403,0.0,0.0,Healthy,0.0
23214,50.939086951217185,57,357,14,232,JINGLE BELL HEART ANTIQUE GOLD,1.04,2.08,2.0,101.87817390243437,312.12182609756564,0.0,407.5126956097375,0.13987294289007174,0.0,Healthy,0.0
23215,233.9652114445108,213,1258,16,1140,JINGLE BELL HEART ANTIQUE SILVER,1.04,2.08,2.2857142857142856,534.7776261588818,936.2223738411182,0.17875230364814199,1871.7216915560864,0.1137989696656873,0.0,Healthy,0.0
23235,23.605689798310948,0,409,14,264,STORAGE TIN VINTAGE LEAF,1.44,2.89,2.0,47.211379596621896,361.7886204033781,0.0,188.84551838648758,0.0,0.0,Healthy,0.0
23320,145.98345075732445,0,820,14,531,GIANT 50'S CHRISTMAS CRACKER,1.3,2.89,2.0,291.9669015146489,528.033098485351,0.005587385149998014,1167.8676060585956,0.0,0.0,Healthy,0.0
23321,221.75301020721258,0,920,12,536,SMALL WHITE HEART OF WICKER,0.82,1.65,1.7142857142857142,380.1480174980787,539.8519825019214,0.0,1774.0240816577007,0.0,0.0,Healthy,0.0
23322,115.48328930732626,0,610,12,373,LARGE WHITE HEART OF WICKER,1.48,2.95,1.7142857142857142,197.97135309827357,412.02864690172646,0.0,923.8663144586101,0.0,0.0,Healthy,0.0
23424,27.13071459386066,8,203,16,146,GINGHAM RECIPE BOOK BOX,2.48,4.95,2.2857142857142856,62.013061928824364,148.98693807117564,0.0,217.04571675088528,0.03685859421580762,0.0,Healthy,0.0
23425,15.79310250565596,139,108,12,128,STORAGE TIN HOME SWEET HOME,1.25,2.49,1.7142857142857142,27.07389000969593,219.92610999030407,0.0,126.34482004524769,1.1001638211223865,0.033387940374128844,Healthy,0.0
23426,73.52361278689203,0,490,15,390,METAL SIGN DROP YOUR PANTS,1.44,2.89,2.142857142857143,157.55059882905434,332.44940117094563,0.14756563802321632,588.1889022951362,0.0,0.0,Healthy,0.0
23427,9.484981944717195,70,140,12,102,STOOL HOME SWEET HOME,6.25,12.5,1.7142857142857142,16.259969048086617,193.74003095191338,0.0,75.87985555773756,0.9225109811488303,0.0,Healthy,0.0
23428,23.093636163879744,71,0,11,68,IVORY RETRO KITCHEN WALL CLOCK,4.08,8.15,1.5714285714285714,36.28999968609674,34.71000031390326,0.4895588189131874,184.74908931103795,0.3843050066702443,0.0,Healthy,0.0
23429,22.47115707526146,113,0,21,101,RED RETRO KITCHEN WALL CLOCK,4.08,8.15,3.0,67.41347122578438,45.58652877421562,0.5486482299582611,179.76925660209167,0.6285835639300587,0.0,Reorder now,549.42
23423,14.021897489567754,7,74,11,79,PANTRY 3 HOOK ROLLING PIN HANGER,1.88,3.75,1.5714285714285714,22.03441034074933,58.96558965925067,0.2536001308955612,112.17517991654204,0.062402396013164205,0.0,Healthy,0.0
23430,15.330252997893211,46,0,12,42,BLUE RETRO KITCHEN WALL CLOCK,4.08,8.15,1.7142857142857142,26.280433710674075,19.719566289325925,0.5304865169208113,122.64202398314569,0.3750753494277103,0.0,Reorder now,214.19
23432,51.53969849428404,475,830,12,512,PRETTY HANGING QUILTED HEARTS,0.42,0.83,1.7142857142857142,88.35376884734406,1216.646231152656,0.0,412.3175879542723,1.1520245894838699,0.05067486316128996,Healthy,0.0
23433,51.938904370114734,178,621,14,459,HANGING QUILTED PATCHWORK APPLES,0.42,0.83,2.0,103.87780874022947,695.1221912597705,0.0,415.5112349609179,0.4283879352064748,0.0,Healthy,0.0
23434,151.55055020973109,0,438,8,386,3 RAFFIA RIBBONS 50'S CHRISTMAS,0.36,0.79,1.1428571428571428,173.20062881112122,264.7993711888788,0.3139912663500549,1212.4044016778487,0.0,0.0,Healthy,0.0
23435,54.02912326819383,60,315,11,332,3 RAFFIA RIBBONS VINTAGE CHRISTMAS,0.37,0.83,1.5714285714285714,84.90290799287601,290.097092007124,0.12621357829179525,432.2329861455506,0.13881402373995474,0.0,Healthy,0.0
23436,70.80613986918796,0,850,9,552,VINTAGE CHRISTMAS GIFT BAG LARGE,0.56,1.25,1.2857142857142858,91.03646554609881,758.9635344539012,0.0,566.4491189535037,0.0,0.0,Healthy,0.0
23437,86.11881794664862,52,817,14,743,50'S CHRISTMAS GIFT BAG LARGE,0.56,1.25,2.0,172.23763589329724,696.7623641067028,0.06223100389407432,688.950543573189,0.0754771158613302,0.0,Healthy,0.0
23431,32.65955453119028,202,588,8,628,NATURAL HANGING QUILTED HEARTS,0.42,0.83,1.1428571428571428,37.325205178503175,752.6747948214968,0.0,261.27643624952225,0.7731275077829349,0.0,Healthy,0.0
23438,74.05865392737303,468,998,17,845,RED SPOT GIFT BAG LARGE,0.62,1.25,2.4285714285714284,179.85673096647736,1286.1432690335228,0.0,592.4692314189842,0.7899144380529667,0.0,Healthy,0.0
23422,18.651555723370993,90,89,13,125,PANTRY HOOK BALLOON WHISK,1.04,2.08,1.8571428571428572,34.638603486260415,144.36139651373958,0.0,149.21244578696795,0.603166843927308,0.0,Healthy,0.0
23420,12.835140646234976,181,100,15,149,PANTRY HOOK TEA STRAINER,1.04,2.08,2.142857142857143,27.503872813360662,253.49612718663934,0.0,102.6811251698798,1.7627387672325003,0.25424625574416676,Healthy,0.0
23406,30.48771108191143,81,199,13,232,HOME SWEET HOME KEY HOLDER,3.12,6.25,1.8571428571428572,56.62003486640695,223.37996513359306,0.03715532270002986,243.90168865529145,0.33210102171321193,0.0,Healthy,0.0
23407,18.220315790492926,47,122,19,100,SET OF 2 TRAYS HOME SWEET HOME,4.97,9.95,2.7142857142857144,49.45514285990937,119.54485714009063,0.0,145.7625263239434,0.32244227089990846,0.0,Healthy,0.0
23408,19.134710120018966,45,108,16,145,PHOTO FRAME LINEN AND LACE SMALL,1.04,2.08,2.2857142857142856,43.73648027432906,109.26351972567093,0.24645848465054532,153.07768096015172,0.29396839380989925,0.0,Healthy,0.0
23409,15.728836179914044,128,115,12,120,PHOTO FRAME LINEN AND LACE LARGE,1.88,3.75,1.7142857142857142,26.963719165566932,216.03628083443306,0.0,125.83068943931235,1.0172399163539028,0.005746638784634254,Healthy,0.0
23410,2.5392146649338887,85,31,20,55,CURIO CABINET LINEN AND LACE,4.08,8.15,2.857142857142857,7.254899042668254,108.74510095733174,0.0,20.31371731947111,4.184364617426559,1.0,Markdown / clear,346.8
23411,15.842516698522092,125,98,19,165,TRELLIS COAT RACK,2.48,4.95,2.7142857142857144,43.00111675313139,179.99888324686862,0.0,126.74013358817673,0.9862700666402086,0.0,Healthy,0.0
23421,12.293568980797431,121,90,12,105,PANTRY HOOK SPATULA,1.04,2.08,1.7142857142857142,21.074689681367023,189.92531031863297,0.0,98.34855184637945,1.230318064967567,0.0767726883225223,Healthy,0.0
23412,2.5392146649338887,241,181,20,420,HEART MIRROR ANTIQUE WHITE,3.75,7.5,2.857142857142857,7.254899042668254,414.7451009573318,0.012511664387305332,20.31371731947111,11.863904385880009,1.0,Markdown / clear,903.75
23414,9.094486837234918,21,51,12,60,ZINC BOX SIGN HOME,4.97,9.95,1.7142857142857142,15.590548863831287,56.40945113616871,0.05984248106385481,72.75589469787934,0.28863640653727124,0.0,Healthy,0.0
23415,20.416259152496657,293,159,18,256,HOME SWEET HOME HOOK,0.82,1.65,2.5714285714285716,52.49895210641998,399.50104789358,0.0,163.33007321997326,1.793913357311651,0.26463778577055036,Healthy,0.0
23416,7.1526404701094055,120,108,11,125,CHAMBRE HOOK,0.82,1.65,1.5714285714285714,11.239863595886208,216.76013640411378,0.0,57.221123760875244,2.09712763596666,0.36570921198888673,Healthy,0.0
23417,8.523539766895652,131,97,11,131,BATHROOM HOOK,0.82,1.65,1.5714285714285714,13.394133919407453,214.60586608059253,0.0,68.18831813516522,1.9211501849968982,0.3070500616656327,Healthy,0.0
23418,32.02437443385807,175,327,13,240,LAVENDER TOILETTE BOTTLE,1.04,2.08,1.8571428571428572,59.47383823430785,442.52616176569217,0.0,256.19499547086457,0.6830734522287015,0.0,Healthy,0.0
23419,22.4004000130869,149,248,21,242,HOME SWEET HOME BOTTLE,1.04,2.08,3.0,67.2012000392607,329.7987999607393,0.0,179.2032001046952,0.8314583663291185,0.0,Healthy,0.0
23413,16.76084207694933,95,79,17,116,VINTAGE COFFEE GRINDER BOX,2.48,4.95,2.4285714285714284,40.70490218687694,133.29509781312305,0.0,134.08673661559465,0.708496622394129,0.0,Healthy,0.0
23439,279.3981873924852,329,1465,21,1367,HAND WARMER RED LOVE HEART,1.05,2.1,3.0,838.1945621774557,955.8054378225443,0.3008007038606114,2235.185499139882,0.1471913629211544,0.0,Healthy,0.0
23440,9.966231167168036,1189,0,12,750,PAINT YOUR OWN EGGS IN CRATE,1.04,2.08,1.7142857142857142,17.084967715145204,1171.9150322848548,0.0,79.72984933734429,14.912858984208437,1.0,Markdown / clear,1236.56
23441,10.032048294103383,256,0,19,173,HAND PAINTED HANGING EASTER EGG,0.21,0.42,2.7142857142857144,27.229845369709185,228.77015463029082,0.0,80.25638635282706,3.1897773078713043,0.7299257692904347,Markdown / clear,53.76
23463,3.650692270123807,47,0,19,35,VINTAGE ZINC WATERING CAN,4.97,9.95,2.7142857142857144,9.909021876050334,37.09097812394967,0.0,29.205538160990457,1.6092838194222159,0.20309460647407196,Healthy,0.0
23464,3.650692270123807,55,0,12,36,VINTAGE ZINC WATERING CAN SMALL,2.48,4.95,1.7142857142857142,6.2583296059265265,48.74167039407347,0.0,29.205538160990457,1.8832044695366355,0.29440148984554515,Healthy,0.0
23465,5.749573444999537,49,28,8,22,TUSCAN VILLA BIRD FEEDER,4.12,8.25,1.1428571428571428,6.57094107999947,70.42905892000053,0.0,45.99658755999629,1.0652964186981515,0.021765472899383836,Healthy,0.0
23466,8.816423157817285,77,35,20,60,TUSCAN VILLA DOVECOTE BIRD FEEDER,4.12,8.25,2.857142857142857,25.18978045090653,86.81021954909347,0.0,70.53138526253828,1.0917125718342786,0.03057085727809287,Healthy,0.0
23467,6.219347328229352,113,0,20,88,VINTAGE ZINC PLANTER,1.64,3.29,2.857142857142857,17.769563794941007,95.230436205059,0.0,49.75477862583482,2.271138634738605,0.42371287824620163,Healthy,0.0
23468,3.3726285907061757,52,0,15,39,TUSCAN VILLA BIRD TABLE,4.12,8.25,2.142857142857143,7.227061265798948,44.77293873420105,0.0,26.981028725649406,1.9272801096188898,0.30909336987296326,Healthy,0.0
23462,9.490797624903406,96,46,21,86,ROCOCO WALL MIRROR WHITE,9.98,19.95,3.0,28.472392874710216,113.52760712528979,0.0,75.92638099922725,1.26438266563735,0.08812755521245001,Healthy,0.0
23469,27.13071459386066,221,167,21,268,CARD HOLDER LOVE BIRD SMALL,2.08,4.15,3.0,81.39214378158198,306.607856218418,0.0,217.04571675088528,1.0182186652116856,0.006072888403895194,Healthy,0.0
23471,6.027637124417168,87,44,16,64,SIX DRAWER OFFICE TIDY,4.97,9.95,2.2857142857142856,13.777456284382097,117.2225437156179,0.0,48.22109699533734,1.8041895647544544,0.2680631882514848,Healthy,0.0
23472,6.027637124417168,29,32,7,23,NINE DRAWER OFFICE TIDY,7.48,14.95,1.0,6.027637124417168,54.97236287558283,0.0,48.22109699533734,0.601396521584818,0.0,Healthy,0.0
23473,90.21924641294187,607,297,21,676,WOODLAND SMALL RED FELT HEART,0.42,0.83,3.0,270.6577392388256,633.3422607611744,0.06310316455447573,721.753971303535,0.8410068030574438,0.0,Healthy,0.0
23474,49.82532946077479,132,172,17,254,WOODLAND SMALL BLUE FELT HEART,0.42,0.83,2.4285714285714284,121.00437154759591,182.9956284524041,0.2795447698724248,398.6026356861983,0.33115686697043717,0.0,Healthy,0.0
23475,47.687450332375164,266,199,20,337,WOODLAND SMALL PINK FELT HEART,0.42,0.83,2.857142857142857,136.24985809250046,328.75014190749954,0.02448029107566907,381.4996026590013,0.6972484326222504,0.0,Healthy,0.0
23476,38.48324810188604,289,0,15,254,WOODLAND LARGE RED FELT HEART,0.62,1.25,2.142857142857143,82.46410307547008,206.53589692452994,0.18686654754122067,307.8659848150883,0.9387201388083855,0.0,Healthy,0.0
23470,18.7465733220005,0,78,7,66,CARD HOLDER LOVE BIRD LARGE,3.12,6.25,1.0,18.7465733220005,59.2534266779995,0.10222080790909849,149.972586576004,0.0,0.0,Healthy,0.0
23461,25.70025916857096,911,0,16,879,SWEETHEART BIRD HOUSE,2.08,4.15,2.2857142857142856,58.74344952816219,852.2565504718378,0.03042485725615718,205.60207334856767,4.4308891693691015,1.0,Markdown / clear,1894.88
23460,27.57828908559026,43,52,7,49,SWEETHEART WALL TIDY,4.97,9.95,1.0,27.57828908559026,67.42171091440974,0.0,220.62631268472208,0.19489969023526024,0.0,Healthy,0.0
23459,6.027637124417168,42,27,21,46,DOLLY CABINET 2 DRAWERS,6.25,12.5,3.0,18.082911373251502,50.917088626748495,0.0,48.22109699533734,0.8709880657435296,0.0,Healthy,0.0
23442,11.662820899102897,148,0,10,86,12 HANGING EGGS HAND PAINTED,1.04,2.08,1.4285714285714286,16.661172713004138,131.33882728699587,0.0,93.30256719282318,1.5862371685243848,0.19541238950812825,Healthy,0.0
23444,13.107700622144423,0,38,18,30,Next Day Carriage,7.5,15.0,2.5714285714285716,33.70551588551423,4.294484114485769,0.856850529517141,104.86160497715538,0.0,0.0,Reorder now,505.58
23445,104.63641374093517,192,1252,15,924,ICE CREAM BUBBLES,0.42,0.83,2.142857142857143,224.2208865877182,1219.7791134122817,0.0,837.0913099274813,0.22936565906607403,0.0,Healthy,0.0
23446,4.048723158839194,2219,0,18,1499,BLUE BUNNY EASTER EGG BASKET,0.82,1.65,2.5714285714285716,10.411002408443643,2208.5889975915566,0.0,32.38978527071355,68.50925319367254,1.0,Markdown / clear,1819.58
23447,4.048723158839194,1739,0,18,1200,PINK BUNNY EASTER EGG BASKET,0.82,1.65,2.5714285714285716,10.411002408443643,1728.5889975915563,0.0,32.38978527071355,53.6897662477677,1.0,Markdown / clear,1425.98
23448,9.164021082309453,260,0,14,156,CREAM BUNNY EASTER EGG BASKET,0.82,1.65,2.0,18.328042164618907,241.67195783538108,0.0,73.31216865847563,3.5464780916686385,0.8488260305562129,Markdown / clear,213.2
23451,37.72946880864457,88,117,14,142,SQUARE MINI PORTRAIT FRAME,0.98,1.95,2.0,75.45893761728914,129.54106238271086,0.08773899730485313,301.83575046915655,0.29154929415490954,0.0,Healthy,0.0
23452,54.29560836918379,177,189,19,306,HEART MINI PORTRAIT FRAME,0.98,1.95,2.7142857142857144,147.37379414492744,218.62620585507256,0.285535274983423,434.3648669534703,0.4074915203005137,0.0,Healthy,0.0
23453,37.92298703036882,298,169,21,283,OVAL  MINI PORTRAIT FRAME,0.98,1.95,3.0,113.76896109110646,353.23103890889354,0.0,303.3838962429506,0.9822538496287253,0.0,Healthy,0.0
23454,26.096569956239446,131,163,20,140,THREE MINI HANGING FRAMES,2.08,4.15,2.857142857142857,74.56162844639842,219.4383715536016,0.0,208.77255964991556,0.6274770986171265,0.0,Healthy,0.0
23455,15.68933977209644,231,163,9,135,SMALL PARLOUR PICTURE FRAME,1.44,2.89,1.2857142857142858,20.17200827840971,373.8279917215903,0.0,125.51471817677152,1.8404216123456205,0.2801405374485402,Healthy,0.0
23456,17.576689930646516,192,103,15,143,MEDIUM PARLOUR PICTURE FRAME,2.08,4.15,2.142857142857143,37.6643355656711,257.3356644343289,0.0,140.61351944517213,1.3654448075660637,0.12181493585535456,Healthy,0.0
23457,15.479293044471637,114,88,8,63,LARGE PARLOUR PICTURE FRAME,2.48,4.95,1.1428571428571428,17.6906206222533,184.3093793777467,0.0,123.8343443557731,0.9205846778053812,0.0,Healthy,0.0
23458,11.815333642717087,32,32,17,48,DOLLY CABINET 3 DRAWERS,7.48,14.95,2.4285714285714284,28.694381703741495,35.3056182962585,0.2644662854946146,94.5226691417367,0.3385431271731865,0.0,Healthy,0.0
23405,22.579759805748466,9,153,13,102,HOME SWEET HOME 2 DRAWER CABINET,2.48,4.95,1.8571428571428572,41.933839639247154,120.06616036075285,0.0,180.63807844598773,0.049823382076615005,0.0,Healthy,0.0
23404,46.69944053984291,175,470,13,318,HOME SWEET HOME BLACKBOARD,2.48,4.95,1.8571428571428572,86.72753243113684,558.2724675688631,0.0,373.5955243187433,0.46842102918420925,0.0,Healthy,0.0
23403,33.58004302332065,89,272,17,301,LETTER HOLDER HOME SWEET HOME,1.88,3.75,2.4285714285714284,81.55153305663585,279.44846694336417,0.07159977759679681,268.6403441865652,0.3312979674348218,0.0,Healthy,0.0
23402,19.219295553221436,7,181,12,121,HOME SWEET HOME 3 PEG HANGER,1.88,3.75,1.7142857142857142,32.94736380552246,155.05263619447754,0.0,153.75436442577148,0.04552716292732889,0.0,Healthy,0.0
23342,13.945384053359133,0,59,9,57,MINT DINER WALL CLOCK,4.25,8.5,1.2857142857142858,17.92977949717603,41.07022050282397,0.27946981573993035,111.56307242687306,0.0,0.0,Healthy,0.0
23343,373.60551346235434,0,1535,19,1431,JUMBO BAG VINTAGE CHRISTMAS,0.94,2.08,2.7142857142857144,1014.0721079692476,520.9278920307524,0.635969327721347,2988.8441076988347,0.0,0.0,Reorder now,2109.27
23344,509.76728357423497,0,3281,21,2327,JUMBO BAG 50'S CHRISTMAS,0.94,2.08,3.0,1529.3018507227048,1751.6981492772952,0.24722898612922428,4078.1382685938797,0.0,0.0,Healthy,0.0
23345,67.02248739231474,211,1275,18,921,DOLLY GIRL BEAKER,0.62,1.25,2.5714285714285716,172.34353900880936,1313.6564609911907,0.0,536.179899138518,0.39352463667327775,0.0,Healthy,0.0
23346,66.6913349458269,0,889,8,539,SPACEBOY BEAKER,0.62,1.25,1.1428571428571428,76.21866850951645,812.7813314904836,0.0,533.5306795666152,0.0,0.0,Healthy,0.0
23347,20.777315742593885,117,391,19,403,I LOVE LONDON BEAKER,0.62,1.25,2.7142857142857144,56.395571301326264,451.60442869867376,0.0,166.21852594075108,0.7038926577997984,0.0,Healthy,0.0
23341,16.213534244946867,0,59,8,56,PINK DINER WALL CLOCK,4.25,8.5,1.1428571428571428,18.529753422796418,40.47024657720358,0.2773170254070789,129.70827395957494,0.0,0.0,Healthy,0.0
23348,29.38520312055518,0,276,17,237,CHILDRENS TOY COOKING UTENSIL SET,1.04,2.08,2.4285714285714284,71.36406472134829,204.63593527865171,0.13655723511117424,235.08162496444143,0.0,0.0,Healthy,0.0
23350,163.30122971795402,0,405,9,386,ROLL WRAP VINTAGE SPOT,0.62,1.25,1.2857142857142858,209.95872392308374,195.04127607691626,0.4947117200079889,1306.4098377436321,0.0,0.0,Healthy,0.0
23351,227.38535699777802,0,1149,21,1079,ROLL WRAP 50'S CHRISTMAS,0.56,1.25,3.0,682.1560709933341,466.8439290066659,0.5673364884090214,1819.0828559822241,0.0,0.0,Reorder now,852.7
23352,97.55653694471674,0,676,13,408,ROLL WRAP 50'S RED CHRISTMAS,0.56,1.25,1.8571428571428572,181.17642575447394,494.82357424552606,0.0,780.4522955577339,0.0,0.0,Healthy,0.0
23353,231.78097973093028,0,642,7,484,6 GIFT TAGS VINTAGE CHRISTMAS,0.37,0.83,1.0,231.78097973093028,410.2190202690697,0.15244004076638495,1854.2478378474423,0.0,0.0,Healthy,0.0
23354,231.78097973093028,0,1157,10,606,6 GIFT TAGS 50'S CHRISTMAS,0.37,0.83,1.4285714285714286,331.11568532990043,825.8843146700996,0.0,1854.2478378474423,0.0,0.0,Healthy,0.0
23355,292.47958057149754,0,1816,13,1132,HOT WATER BOTTLE KEEP CALM,2.48,4.95,1.8571428571428572,543.1763639184954,1272.8236360815044,0.0,2339.8366445719803,0.0,0.0,Healthy,0.0
23349,206.9625852422298,0,1067,14,734,ROLL WRAP VINTAGE CHRISTMAS,0.56,1.25,2.0,413.9251704844596,653.0748295155404,0.11025227586438635,1655.7006819378385,0.0,0.0,Healthy,0.0
23340,65.74841202127935,0,1046,13,838,VINTAGE CHRISTMAS CAKE FRILL,0.74,1.65,1.8571428571428572,122.10419375380451,923.8958062461954,0.0,525.9872961702348,0.0,0.0,Healthy,0.0
23339,17.771554434319317,18,98,16,79,EGG FRYING PAN BLUE,1.04,2.08,2.2857142857142856,40.620695849872725,75.37930415012727,0.04583159303636364,142.17243547455453,0.12660682037216398,0.0,Healthy,0.0
23338,30.420337604133028,57,186,13,140,EGG FRYING PAN RED,1.04,2.08,1.8571428571428572,56.494912693389914,186.50508730661008,0.0,243.36270083306422,0.2342183079201583,0.0,Healthy,0.0
23323,95.8618028473134,0,362,10,197,WHITE WICKER STAR,1.05,2.1,1.4285714285714286,136.94543263901915,225.05456736098085,0.0,766.8944227785072,0.0,0.0,Healthy,0.0
23324,11.891448273162826,221,166,20,303,RUSTIC STRAWBERRY JAM POT LARGE,1.04,2.08,2.857142857142857,33.975566494750936,353.0244335052491,0.0,95.13158618530261,2.323098025187175,0.44103267506239163,Healthy,0.0
23325,14.897209581437394,320,220,16,338,RUSTIC STRAWBERRY JAM POT SMALL,0.82,1.65,2.2857142857142856,34.05076475757119,505.9492352424288,0.0,119.17767665149916,2.6850666080338854,0.5616888693446285,Markdown / clear,262.4
23326,118.92913326590894,0,2360,13,1396,HANGING MINI COLOURED BOTTLES,0.32,0.63,1.8571428571428572,220.86839035097375,2139.1316096490264,0.0,951.4330661272716,0.0,0.0,Healthy,0.0
23327,50.5332507889754,899,839,10,957,HANGING CLEAR MINI BOTTLE,0.32,0.63,1.4285714285714286,72.19035826996486,1665.809641730035,0.0,404.2660063118032,2.2237833158462927,0.40792777194876423,Healthy,0.0
23328,154.4823689161274,0,805,19,721,SET 6 SCHOOL MILK BOTTLES IN CRATE,1.88,3.75,2.7142857142857144,419.3092870580601,385.6907129419399,0.465061424491068,1235.8589513290192,0.0,0.0,Healthy,0.0
23329,81.46286741882318,0,569,20,504,DECORATIVE WICKER HEART LARGE,0.82,1.65,2.857142857142857,232.75104976806622,336.2489502319338,0.3328393844604488,651.7029393505854,0.0,0.0,Healthy,0.0
23330,103.61423744776947,0,284,7,245,DECORATIVE WICKER HEART MEDIUM,0.62,1.25,1.0,103.61423744776947,180.38576255223052,0.2637315814194673,828.9138995821558,0.0,0.0,Healthy,0.0
23331,80.35081545937636,201,714,20,661,DECORATIVE WICKER HEART SMALL,0.32,0.63,2.857142857142857,229.57375845536103,685.426241544639,0.0,642.8065236750109,0.31269128827575693,0.0,Healthy,0.0
23332,71.89031646277645,0,673,17,503,IVORY WICKER HEART LARGE,0.82,1.65,2.4285714285714284,174.5907685524571,498.4092314475429,0.009126776446236828,575.1225317022116,0.0,0.0,Healthy,0.0
23333,132.98169778438435,0,355,8,276,IVORY WICKER HEART MEDIUM,0.62,1.25,1.1428571428571428,151.97908318215354,203.02091681784646,0.264416968051281,1063.8535822750748,0.0,0.0,Healthy,0.0
23334,88.45553762299761,0,895,18,764,IVORY WICKER HEART SMALL,0.32,0.63,2.5714285714285716,227.45709674485101,667.542903255149,0.12625274443043322,707.6443009839809,0.0,0.0,Healthy,0.0
23335,25.681267231971294,0,159,8,84,EGG FRYING PAN IVORY,1.04,2.08,1.1428571428571428,29.350019693681478,129.64998030631853,0.0,205.45013785577035,0.0,0.0,Healthy,0.0
23336,23.296689798741205,0,52,7,44,EGG FRYING PAN PINK,1.04,2.08,1.0,23.296689798741205,28.703310201258795,0.34765204088048196,186.37351838992964,0.0,0.0,Healthy,0.0
23337,15.721820077126269,0,49,8,44,EGG FRYING PAN MINT,1.04,2.08,1.1428571428571428,17.96779437385859,31.03220562614141,0.2947225994058771,125.77456061701015,0.0,0.0,Healthy,0.0
23356,131.72608298223744,0,388,7,323,LOVE HOT WATER BOTTLE,2.98,5.95,1.0,131.72608298223744,256.2739170177625,0.20658230025460522,1053.8086638578995,0.0,0.0,Healthy,0.0
23478,31.06571866701558,608,0,7,470,WOODLAND LARGE PINK FELT HEART,0.62,1.25,1.0,31.06571866701558,576.9342813329844,0.0,248.52574933612465,2.446426584062707,0.48214219468756897,Healthy,0.0
23357,33.031339273439414,0,229,11,132,HOT WATER BOTTLE SEX BOMB,2.48,4.95,1.5714285714285714,51.906390286833364,177.09360971316664,0.0,264.2507141875153,0.0,0.0,Healthy,0.0
23359,46.56710306678585,184,474,21,456,SET OF 12 T-LIGHTS VINTAGE DOILY,0.98,1.95,3.0,139.70130920035754,518.2986907996425,0.0,372.5368245342868,0.49391090459317905,0.0,Healthy,0.0
23388,31.030135734032154,88,368,15,329,WOODLAND MINI BACKPACK,2.08,4.15,2.142857142857143,66.49314800149747,389.5068519985025,0.0,248.24108587225723,0.35449409871371595,0.0,Healthy,0.0
23389,57.739863158659325,0,441,14,351,SPACEBOY MINI BACKPACK,2.08,4.15,2.0,115.47972631731865,325.52027368268136,0.07259181286985361,461.9189052692746,0.0,0.0,Healthy,0.0
23390,32.09832389396984,49,331,8,179,DOLLY GIRL MINI BACKPACK,2.08,4.15,1.1428571428571428,36.68379873596553,343.3162012640345,0.0,256.7865911517587,0.1908199325370592,0.0,Healthy,0.0
23391,22.293480271814325,156,234,16,191,I LOVE LONDON MINI BACKPACK,2.08,4.15,2.2857142857142856,50.956526335575596,339.0434736644244,0.0,178.3478421745146,0.8746951916993362,0.0,Healthy,0.0
23392,50.0999871779258,96,328,11,253,SPACEBOY ROCKET LOLLY MAKERS,1.04,2.08,1.5714285714285714,78.72855127959768,345.2714487204023,0.0,400.7998974234064,0.23952101938435696,0.0,Healthy,0.0
23393,53.686076517031324,0,183,10,150,HOME SWEET HOME CUSHION COVER,1.88,3.75,1.4285714285714286,76.69439502433046,106.30560497566954,0.2912959668288697,429.4886121362506,0.0,0.0,Healthy,0.0
23382,131.90929134880005,615,604,18,1027,BOX OF 6 CHRISTMAS CAKE DECORATIONS,1.69,3.75,2.5714285714285716,339.19532061120015,879.8046793887999,0.14332553126699132,1055.2743307904004,0.5827868470366042,0.0,Healthy,0.0
23394,32.40732339660322,0,97,9,86,POSTE FRANCE CUSHION COVER,1.88,3.75,1.2857142857142858,41.66655865277557,55.33344134722443,0.35658789131134383,259.25858717282574,0.0,0.0,Healthy,0.0
23396,49.2156328401878,0,138,8,108,LE JARDIN BOTANIQUE CUSHION COVER,1.88,3.75,1.1428571428571428,56.246437531643195,81.7535624683568,0.24302256973743697,393.7250627215024,0.0,0.0,Healthy,0.0
23397,29.53559582744667,30,200,18,167,FOOT STOOL HOME SWEET HOME,4.97,9.95,2.5714285714285716,75.94867498486288,154.05132501513714,0.07753697595726261,236.28476661957336,0.12696544271218735,0.0,Healthy,0.0
23398,48.796804030015906,102,394,19,328,HANGING HEART BONHEUR,0.42,0.85,2.7142857142857144,132.44846808147176,363.5515319185282,0.0,390.37443224012725,0.2612876038389157,0.0,Healthy,0.0
23399,79.48844993739641,0,367,7,254,HOME SWEET HOME HANGING HEART,0.42,0.85,1.0,79.48844993739641,287.5115500626036,0.0,635.9075994991713,0.0,0.0,Healthy,0.0
23400,16.001796289295278,160,229,15,274,SHELF WITH 4 HOOKS HOME SWEET HOME,3.12,6.25,2.142857142857143,34.28956347706131,354.7104365229387,0.0,128.01437031436222,1.2498596806521902,0.08328656021739674,Healthy,0.0
23401,16.855616436408425,357,207,15,325,RUSTIC MIRROR WITH LACE HEART,3.12,6.25,2.142857142857143,36.11917807801805,527.8808219219819,0.0,134.8449314912674,2.6474854935361023,0.5491618311787008,Markdown / clear,1113.84
23395,53.35597459823982,0,286,21,272,BELLE JARDINIERE CUSHION COVER,1.88,3.75,3.0,160.06792379471946,125.93207620528054,0.5370144257158804,426.84779678591855,0.0,0.0,Reorder now,600.25
23381,32.794412705273324,374,678,12,716,PACK OF 12 VINTAGE LEAF TISSUES,0.2,0.39,1.7142857142857142,56.21899320903998,995.78100679096,0.0,262.3553016421866,1.4255477120492122,0.1418492373497374,Healthy,0.0
23380,77.16814163363418,833,1322,19,1233,PACK OF 12 VINTAGE DOILY TISSUES,0.2,0.39,2.7142857142857144,209.45638443414992,1945.5436155658501,0.0,617.3451330690734,1.3493262607559868,0.11644208691866227,Healthy,0.0
23379,32.185248346703055,591,844,12,620,PACK OF 12 RED APPLE TISSUES,0.2,0.39,1.7142857142857142,55.17471145149095,1379.825288548509,0.0,257.48198677362444,2.295306197553933,0.4317687325179776,Healthy,0.0
23360,49.94611969855106,0,273,8,245,SET 8 CANDLES VINTAGE DOILY,0.98,1.95,1.1428571428571428,57.081279655486924,215.91872034451308,0.11869910063464051,399.56895758840847,0.0,0.0,Healthy,0.0
23365,123.91957519413211,442,959,15,764,SET 12 COLOUR PENCILS LOVE LONDON,0.36,0.65,2.142857142857143,265.54194684456877,1135.4580531554311,0.0,991.3566015530569,0.44585369110122824,0.0,Healthy,0.0
23366,132.25205252603644,513,1090,20,1079,SET 12 COLOURING PENCILS DOILY,0.36,0.65,2.857142857142857,377.86300721724695,1225.1369927827532,0.0,1058.0164202082915,0.4848696014557182,0.0,Healthy,0.0
23367,232.34928421515232,266,1403,19,1325,SET 12 COLOUR PENCILS SPACEBOY,0.36,0.65,2.7142857142857144,630.6623428696992,1038.3376571303008,0.21634893801486732,1858.7942737212186,0.14310351810342117,0.0,Healthy,0.0
23368,182.00043931813323,491,1159,20,1127,SET 12 COLOUR PENCILS DOLLY GIRL,0.36,0.65,2.857142857142857,520.0012551946664,1129.9987448053334,0.0,1456.0035145450659,0.3372244607207661,0.0,Healthy,0.0
23369,79.79463690384024,251,605,9,338,SET 36 COLOUR PENCILS LOVE LONDON,0.69,1.25,1.2857142857142858,102.59310459065175,753.4068954093483,0.0,638.3570952307219,0.39319685153539474,0.0,Healthy,0.0
23370,120.38331862429256,279,707,19,706,SET 36 COLOURING PENCILS DOILY,0.69,1.25,2.7142857142857144,326.75472198022266,659.2452780197773,0.06622481866887064,963.0665489943405,0.2896996062124047,0.0,Healthy,0.0
23371,121.58067606473686,0,1155,21,819,SET 36 COLOUR PENCILS SPACEBOY,0.69,1.25,3.0,364.7420281942106,790.2579718057893,0.03509405151918277,972.6454085178949,0.0,0.0,Healthy,0.0
23372,103.61423744776947,301,715,11,442,SET 36 COLOUR PENCILS DOLLY GIRL,0.69,1.25,1.5714285714285714,162.82237313220915,853.1776268677909,0.0,828.9138995821558,0.3631257723531117,0.0,Healthy,0.0
23373,69.89192163383076,216,786,14,648,VINTAGE CHRISTMAS PAPER GIFT BAG,0.37,0.82,2.0,139.78384326766152,862.2161567323385,0.0,559.1353730706461,0.38631074048092584,0.0,Healthy,0.0
23374,98.38232391547535,0,1027,14,811,RED SPOT PAPER GIFT BAG,0.41,0.82,2.0,196.7646478309507,830.2353521690493,0.0,787.0585913238028,0.0,0.0,Healthy,0.0
23375,70.99631021823049,18,592,14,467,50'S CHRISTMAS PAPER GIFT BAG,0.37,0.82,2.0,141.99262043646098,468.007379563539,0.0,567.9704817458439,0.031691787827901,0.0,Healthy,0.0
23376,181.41431776345175,88,1278,11,800,PACK OF 12 VINTAGE CHRISTMAS TISSUE,0.18,0.39,1.5714285714285714,285.0796421997099,1080.92035780029,0.0,1451.314542107614,0.060634684933429724,0.0,Healthy,0.0
23377,59.385676095324136,254,702,21,593,PACK OF 12 DOLLY GIRL TISSUES,0.2,0.39,3.0,178.15702828597242,777.8429717140276,0.0,475.0854087625931,0.5346407094706783,0.0,Healthy,0.0
23378,141.71047339643746,959,2123,21,1753,PACK OF 12 50'S CHRISTMAS TISSUES,0.18,0.39,3.0,425.1314201893124,2656.8685798106876,0.0,1133.6837871714997,0.8459148934225041,0.0,Healthy,0.0
23358,45.739393292554276,28,305,14,220,HOT STUFF HOT WATER BOTTLE,1.88,3.75,2.0,91.47878658510855,241.52121341489146,0.0,365.9151463404342,0.07652047279275456,0.0,Healthy,0.0
84251G,10.503572463768178,0,173,10,88,"GREETING CARD, OVERCROWDED POOL.",0.23,0.42,1.4285714285714286,15.005103519668825,157.99489648033116,0.0,84.02857971014542,0.0,0.0,Healthy,0.0
35958,3.1040244695712698,110,564,9,317,FOLKART ZINC STAR CHRISTMAS DEC,0.38,0.85,1.2857142857142858,3.99088860373449,670.0091113962656,0.0,24.832195756570158,4.429733120595908,1.0,Markdown / clear,41.8
35962,2.8154898181844623,0,152,9,135,12 ASS ZINC CHRISTMAS DECORATIONS,0.94,2.1,1.2857142857142858,3.6199154805228804,148.38008451947712,0.0,22.5239185454757,0.0,0.0,Healthy,0.0
72802B,20.102719509710848,0,426,19,364,OCEAN SCENT CANDLE IN JEWELLED BOX,2.12,4.25,2.7142857142857144,54.564524383500874,371.4354756164991,0.0,160.82175607768679,0.0,0.0,Healthy,0.0
72802C,34.291758182259464,0,471,16,419,VANILLA SCENT CANDLE JEWELLED BOX,2.12,4.25,2.2857142857142856,78.3811615594502,392.6188384405498,0.06296219942589554,274.3340654580757,0.0,0.0,Healthy,0.0
72803A,16.81341850573735,0,450,12,339,ROSE SCENT CANDLE JEWELLED DRAWER,2.12,4.25,1.7142857142857142,28.823003152692596,421.1769968473074,0.0,134.5073480458988,0.0,0.0,Healthy,0.0
72803B,2.5392146649338887,29,41,10,42,OCEAN SCENT CANDLE JEWELLED DRAWER,2.12,4.25,1.4285714285714286,3.627449521334127,66.37255047866587,0.0,20.31371731947111,1.427606751827885,0.14253558394262833,Healthy,0.0
72805,3.1040244695712698,70,0,7,30,VANILLA CANDLE IN EMBOSSED ZINC POT,0.84,1.69,1.0,3.1040244695712698,66.89597553042873,0.0,24.832195756570158,2.8189210767428508,0.6063070255809503,Markdown / clear,58.8
72807A,13.290128728784005,0,159,8,86,SET/3 ROSE CANDLE IN JEWELLED BOX,2.12,4.25,1.1428571428571428,15.188718547181718,143.8112814528183,0.0,106.32102983027204,0.0,0.0,Healthy,0.0
72802A,16.213534244946867,0,174,13,124,ROSE SCENT CANDLE IN JEWELLED BOX,2.12,4.25,1.8571428571428572,30.110849312044184,143.8891506879558,0.0,129.70827395957494,0.0,0.0,Healthy,0.0
72807B,13.290128728784005,0,187,9,105,SET/3 OCEAN SCENT CANDLE JEWEL BOX,2.12,4.25,1.2857142857142858,17.087308365579435,169.91269163442055,0.0,106.32102983027204,0.0,0.0,Healthy,0.0
72811,5.605023247164745,712,324,16,548,SMALL ZINC/GLASS CANDLEHOLDER,0.74,1.49,2.2857142857142856,12.81148170780513,1023.1885182921949,0.0,44.84018597731796,15.878613892461539,1.0,Markdown / clear,526.88
72812,2.5392146649338887,61,53,13,63,LARGE ZINC GLASS CANDLEHOLDER,2.06,4.13,1.8571428571428572,4.715684377734365,109.28431562226564,0.0,20.31371731947111,3.0028969607414133,0.6676323202471378,Markdown / clear,125.66
72814,2.5392146649338887,120,109,18,182,SET OF 3 CHRISTMAS BRIAR CANDLES,1.69,3.75,2.5714285714285716,6.529409138401428,222.47059086159857,0.0,20.31371731947111,5.907338283425731,1.0,Markdown / clear,202.8
72815,2.5392146649338887,0,83,9,81,3 WICK CHRISTMAS BRIAR CANDLE,1.69,3.75,1.2857142857142858,3.264704569200714,79.73529543079928,0.015613636656798935,20.31371731947111,0.0,0.0,Healthy,0.0
72816,18.731787965435505,0,417,10,360,SET/3 CHRISTMAS DECOUPAGE CANDLES,0.56,1.25,1.4285714285714286,26.759697093479293,390.2403029065207,0.0,149.85430372348404,0.0,0.0,Healthy,0.0
72817,50.35022925977015,0,388,12,255,SET OF 2 CHRISTMAS DECOUPAGE CANDLE,0.56,1.25,1.7142857142857142,86.31467873103455,301.6853212689655,0.0,402.8018340781612,0.0,0.0,Healthy,0.0
72807C,26.32452222932965,0,316,18,289,SET/3 VANILLA SCENTED CANDLE IN BOX,2.12,4.25,2.5714285714285716,67.69162858970482,248.3083714102952,0.14080148300935924,210.5961778346372,0.0,0.0,Healthy,0.0
72818,63.49816872326159,642,1081,20,1077,CHRISTMAS DECOUPAGE CANDLE,0.38,0.85,2.857142857142857,181.42333920931884,1541.5766607906812,0.0,507.98534978609274,1.263815974752696,0.08793865825089868,Healthy,0.0
72801G,3.6021602796645866,396,788,10,620,4 BURGUNDY WINE DINNER CANDLES,0.62,1.25,1.4285714285714286,5.145943256663696,1178.8540567433363,0.0,28.817282237316693,13.741753880149155,1.0,Markdown / clear,245.52
72801E,3.1040244695712698,746,725,13,1084,S/4 FESTIVE GREEN DINNER CANDLES,0.62,1.25,1.8571428571428572,5.764616872060929,1465.235383127939,0.0,24.832195756570158,30.041644617859525,1.0,Markdown / clear,462.52
72799A,2.5392146649338887,1723,533,20,1291,BLACK PILLAR CANDLE SILVER FLOCK,1.48,2.95,2.857142857142857,7.254899042668254,2248.745100957332,0.0,20.31371731947111,84.81953218618779,1.0,Markdown / clear,2550.04
72799B,2.5392146649338887,1235,0,15,1032,PURPLE PILLAR CANDLE BLACK FLOCK,1.48,2.95,2.142857142857143,5.44117428200119,1229.5588257179988,0.0,20.31371731947111,60.79635650025648,1.0,Markdown / clear,1827.8
72799C,5.975228287937488,481,263,19,487,PINK PILLAR CANDLE SILVER FLOCK,1.48,2.95,2.7142857142857144,16.21847678154461,727.7815232184554,0.0,47.8018263034999,10.062377051162638,1.0,Markdown / clear,711.88
72799D,2.5392146649338887,115,0,16,113,BLUE PILLAR CANDLE SILVER FLOCK,1.48,2.95,2.2857142857142856,5.803919234134602,109.1960807658654,0.03366300207198758,20.31371731947111,5.661199188282992,1.0,Markdown / clear,170.2
72799E,12.380835535377685,0,333,10,223,IVORY PILLAR CANDLE SILVER FLOCK,1.48,2.95,1.4285714285714286,17.686907907682407,315.3130920923176,0.0,99.04668428302148,0.0,0.0,Healthy,0.0
72799F,4.118800840000022,205,576,16,565,IVORY PILLAR CANDLE GOLD FLOCK,1.48,2.95,2.2857142857142856,9.41440192000005,771.58559808,0.0,32.950406720000174,6.221471004652865,1.0,Markdown / clear,303.4
72801F,3.1040244695712698,415,0,20,403,S/4 FESTIVE RED DINNER CANDLES,0.62,1.25,2.857142857142857,8.8686413416322,406.1313586583678,0.0,24.832195756570158,16.712174954975474,1.0,Markdown / clear,257.3
72800A,2.5392146649338887,333,276,11,487,S/4 BLACK DINNER CANDLE SILVER FLOC,1.27,2.55,1.5714285714285714,3.990194473467539,605.0098055265324,0.0,20.31371731947111,16.392863736506403,1.0,Markdown / clear,422.91
72800C,13.107700622144423,30,282,10,246,4 PINK DINNER CANDLE SILVER FLOCK,1.27,2.55,1.4285714285714286,18.725286603063463,293.27471339693653,0.0,104.86160497715538,0.2860913678227188,0.0,Healthy,0.0
72800D,3.3726285907061757,25,288,11,255,4 BLUE DINNER CANDLES SILVER FLOCK,1.27,2.55,1.5714285714285714,5.299844928252562,307.7001550717474,0.0,26.981028725649406,0.9265769757783123,0.0,Healthy,0.0
72800E,16.855616436408425,0,207,9,117,4 IVORY DINNER CANDLES SILVER FLOCK,1.27,2.55,1.2857142857142858,21.671506846810836,185.32849315318916,0.0,134.8449314912674,0.0,0.0,Healthy,0.0
72800F,2.5392146649338887,490,623,7,397,4 IVORY DINNER CANDLES GOLD FLOCK,1.27,2.55,1.0,2.5392146649338887,1110.460785335066,0.0,20.31371731947111,24.1216313239884,1.0,Markdown / clear,622.3
72801C,4.37529853372397,249,437,21,437,4 ROSE PINK DINNER CANDLES,0.62,1.25,3.0,13.125895601171909,672.8741043988281,0.0,35.00238826979176,7.113800295018595,1.0,Markdown / clear,154.38
72801D,3.3726285907061757,29,314,14,251,4 SKY BLUE DINNER CANDLES,1.23,2.46,2.0,6.745257181412351,336.25474281858766,0.0,26.981028725649406,1.0748292919028424,0.02494309730094746,Healthy,0.0
72800B,15.214554482218357,19,458,8,286,4 PURPLE FLOCK DINNER CANDLES,1.27,2.55,1.1428571428571428,17.388062265392406,459.6119377346076,0.0,121.71643585774686,0.15610052879140981,0.0,Healthy,0.0
72819,19.33006925488775,0,258,16,255,CUPID DESIGN SCENTED CANDLES,1.27,2.55,2.2857142857142856,44.18301543974343,213.81698456025657,0.16150202133232716,154.640554039102,0.0,0.0,Healthy,0.0
72821,4.047265063361509,116,0,19,113,CUPID SCENTED CANDLE IN GLASS,0.82,1.65,2.7142857142857144,10.98543374340981,105.01456625659019,0.07066755525141433,32.378120506892074,3.5826662630188184,0.8608887543396061,Markdown / clear,95.12
75011,4.435574205436875,384,180,10,216,BLUE DAISY MOBILE,0.4,0.79,1.4285714285714286,6.336534579195536,557.6634654208044,0.0,35.484593643495,10.821597785730722,1.0,Markdown / clear,153.6
79030D,4.435574205436875,0,376,8,367,TUMBLER BAROQUE,0.48,0.97,1.1428571428571428,5.069227663356429,370.9307723366436,0.0,35.484593643495,0.0,0.0,Healthy,0.0
79030G,3.1040244695712698,0,615,17,555,"TUMBLER, NEW ENGLAND",0.82,1.65,2.4285714285714284,7.538345140387369,607.4616548596126,0.0,24.832195756570158,0.0,0.0,Healthy,0.0
79051A,31.802190628595586,410,552,21,520,SMOKEY GREY COLOUR D.O.F. GLASS,0.14,0.29,3.0,95.40657188578676,866.5934281142132,0.0,254.4175250287647,1.611524205943144,0.20384140198104803,Healthy,0.0
79062D,4.047265063361509,360,0,13,218,"RETRO TIN ASHTRAY,REVOLUTIONARY",0.14,0.29,1.8571428571428572,7.51634940338566,352.4836505966143,0.0,32.378120506892074,11.118619436954955,1.0,Markdown / clear,50.4
79063C,4.435574205436875,234,0,7,233,"RETRO PILL BOX KEY CHAIN,THE KING",0.1,0.19,1.0,4.435574205436875,229.56442579456314,0.014744953671402827,35.484593643495,6.594411150679659,1.0,Markdown / clear,23.4
79063D,3.4908755161689506,686,0,20,607,"RETRO PILL BOX , REVOLUTIONARY",0.1,0.19,2.857142857142857,9.973930046197003,676.026069953803,0.0,27.927004129351605,24.564038334459443,1.0,Markdown / clear,68.6
79030A,3.1040244695712698,201,92,21,187,"TUMBLER, ENGLISH ROSE",0.82,1.65,3.0,9.31207340871381,283.6879265912862,0.0,24.832195756570158,8.094330520361614,1.0,Markdown / clear,164.82
79067,2.5392146649338887,0,271,21,241,CORONA MEXICAN TRAY,1.88,3.75,3.0,7.617643994801666,263.38235600519835,0.0,20.31371731947111,0.0,0.0,Healthy,0.0
79071B,2.5392146649338887,0,33,7,27,ENGLISH ROSE METAL WASTE BIN,1.48,2.95,1.0,2.5392146649338887,30.460785335066113,0.0,20.31371731947111,0.0,0.0,Healthy,0.0
79072,2.527455328645957,80,153,19,139,TEATIME CAKE TIN WITH HANDLE,4.97,9.95,2.7142857142857144,6.860235892039026,226.13976410796099,0.0,20.219642629167655,3.956548662467296,0.985516220822432,Markdown / clear,397.6
79140,3.1040244695712698,192,0,9,99,ASS WINDPROOF MARIJUANA LIGHTERS,0.21,0.42,1.2857142857142858,3.99088860373449,188.0091113962655,0.0,24.832195756570158,7.731897810494677,1.0,Markdown / clear,40.32
79144B,9.9101933316033,0,124,18,122,PAINTED LIGHTBULB STAR+ MOON,0.42,0.83,2.5714285714285716,25.483354281265633,98.51664571873437,0.19248651050217735,79.2815466528264,0.0,0.0,Healthy,0.0
79066K,47.8909141747692,0,225,14,159,RETRO MOD TRAY,0.42,0.85,2.0,95.7818283495384,129.2181716504616,0.18730709653797728,383.1273133981536,0.0,0.0,Healthy,0.0
79029,3.1040244695712698,0,630,9,353,GLASS HONEYPOT WASP CATCHER,0.98,1.95,1.2857142857142858,3.99088860373449,626.0091113962656,0.0,24.832195756570158,0.0,0.0,Healthy,0.0
79026B,3.1040244695712698,46,30,18,54,"S/4 ICON COASTER,ELVIS LIVES",0.62,1.25,2.5714285714285716,7.98177720746898,68.01822279253102,0.0,24.832195756570158,1.8524338504310163,0.28414461681033876,Healthy,0.0
79000,5.503654424975725,0,1240,8,647,MOROCCAN TEA GLASS,0.42,0.85,1.1428571428571428,6.289890771400828,1233.710109228599,0.0,44.0292353998058,0.0,0.0,Healthy,0.0
75013B,3.1040244695712698,50,164,19,188,"STRING OF 8 BUTTERFLIES,PINK",0.82,1.65,2.7142857142857144,8.425209274550589,205.57479072544942,0.0,24.832195756570158,2.013515054816322,0.3378383516054407,Healthy,0.0
75049L,125.87454585084677,0,1792,8,979,LARGE CIRCULAR MIRROR MOBILE,0.62,1.25,1.1428571428571428,143.85662382953916,1648.143376170461,0.0,1006.9963668067742,0.0,0.0,Healthy,0.0
75131,3.1040244695712698,0,776,10,497,METAL TUBE CHIME ON BAMBOO,0.84,1.69,1.4285714285714286,4.4343206708161,771.5656793291839,0.0,24.832195756570158,0.0,0.0,Healthy,0.0
75149N,3.1040244695712698,317,192,14,221,STRING CRYSTALS NATURAL,0.62,1.25,2.0,6.2080489391425395,502.79195106085746,0.0,24.832195756570158,12.765685447535482,1.0,Markdown / clear,196.54
75172,3.1040244695712698,159,0,7,120,PAINTED SEA SHELL METAL WINDCHIME,0.4,0.79,1.0,3.1040244695712698,155.89597553042873,0.0,24.832195756570158,6.402977874315904,1.0,Markdown / clear,63.6
75178,4.048723158839194,829,332,19,715,ASSTD COL BUTTERFLY/CRYSTAL W/CHIME,0.62,1.25,2.7142857142857144,10.989391431134957,1150.010608568865,0.0,32.38978527071355,25.59448891282313,1.0,Markdown / clear,513.98
77079,2.5392146649338887,155,0,20,143,DOLPHIN WINDMILL,1.06,2.12,2.857142857142857,7.254899042668254,147.74510095733174,0.0,20.31371731947111,7.630311949424902,1.0,Markdown / clear,164.3
77081,3.1040244695712698,231,141,15,214,FLOWER WINDMILL,0.62,1.25,2.142857142857143,6.65148100622415,365.3485189937758,0.0,24.832195756570158,9.302439553251407,1.0,Markdown / clear,143.22
77101A,3.1040244695712698,0,395,11,344,UNION FLAG WINDSOCK,0.62,1.25,1.5714285714285714,4.877752737897709,390.1222472621023,0.0,24.832195756570158,0.0,0.0,Healthy,0.0
78026,2.5392146649338887,164,0,8,81,SEAGRASS S/3 SQU LAUNDRY BOX,9.99,19.98,1.1428571428571428,2.901959617067301,161.0980403829327,0.0,20.31371731947111,8.073362320681833,1.0,Markdown / clear,1638.36
78027,2.5392146649338887,35,0,16,22,SEAGRASS S/2 CORNER LAUNDRY,7.98,15.95,2.2857142857142856,5.803919234134602,29.196080765865396,0.0,20.31371731947111,1.7229736659991715,0.2409912219997238,Healthy,0.0
78033,2.5392146649338887,178,74,15,107,FLAG OF ST GEORGE CHAIR,2.98,5.95,2.142857142857143,5.44117428200119,246.55882571799881,0.0,20.31371731947111,8.7625517870815,1.0,Markdown / clear,530.44
78034B,3.1040244695712698,45,0,18,36,BLUE NETTING STORAGE HANGER,0.98,1.95,2.5714285714285716,7.98177720746898,37.01822279253102,0.0,24.832195756570158,1.8121635493346897,0.27072118311156324,Healthy,0.0
78056,2.5392146649338887,48,0,16,29,CAMOUFLAGE BACKPACK ON WHEELS,4.97,9.95,2.2857142857142856,5.803919234134602,42.196080765865396,0.0,20.31371731947111,2.362935313370292,0.45431177112343074,Healthy,0.0
78124,14.66572081151687,527,436,8,469,MAGAZINE RACK GEBRA ASSORTED,0.62,1.25,1.1428571428571428,16.76082378459071,946.2391762154093,0.0,117.32576649213496,4.4917669473340105,1.0,Markdown / clear,326.74
72798C,3.1040244695712698,29,0,10,27,SET/4 GARDEN ROSE DINNER CANDLE,0.82,1.65,1.4285714285714286,4.4343206708161,24.5656793291839,0.09016002484504071,24.832195756570158,1.1678387317934666,0.05594624393115555,Healthy,0.0
79144C,6.839485064495771,0,104,16,87,PAINTED LIGHTBULB RAINBOW DESIGN,0.42,0.83,2.2857142857142856,15.633108718847476,88.36689128115252,0.0,54.71588051596617,0.0,0.0,Healthy,0.0
72796A,3.1040244695712698,55,0,11,33,S/3 ENGLISH LAVENDER SQU CANDLE,0.82,1.65,1.5714285714285714,4.877752737897709,50.12224726210229,0.0,24.832195756570158,2.214866560297954,0.404955520099318,Healthy,0.0
72349B,35.24621517938769,0,295,20,289,SET/6 PURPLE BUTTERFLY T-LIGHTS,1.05,2.1,2.857142857142857,100.7034719411077,194.2965280588923,0.32769367453670484,281.9697214351015,0.0,0.0,Healthy,0.0
72351A,17.423968276797584,0,354,14,328,SET/6 TURQUOISE BUTTERFLY T-LIGHTS,1.05,2.1,2.0,34.84793655359517,319.15206344640484,0.026975416321936452,139.39174621438067,0.0,0.0,Healthy,0.0
72351B,29.949937948636325,0,771,17,544,SET/6 PINK  BUTTERFLY T-LIGHTS,1.05,2.1,2.4285714285714284,72.73556358954535,698.2644364104547,0.0,239.5995035890906,0.0,0.0,Healthy,0.0
72369A,7.089835506392529,126,67,19,126,PINK CLEAR GLASS CANDLE PLATE,0.62,1.25,2.7142857142857144,19.243839231636866,173.75616076836315,0.0,56.71868405114023,2.2214901863095498,0.4071633954365166,Healthy,0.0
72484,3.1040244695712698,837,642,18,1387,ROSES IN WHITE HEART CANDLE,0.62,1.25,2.5714285714285716,7.98177720746898,1471.018222792531,0.0,24.832195756570158,33.70624201762523,1.0,Markdown / clear,518.94
72487,3.1040244695712698,2525,0,8,1698,ROSES WHITE ROUND CANDLE,0.74,1.49,1.1428571428571428,3.5474565366528794,2521.452543463347,0.0,24.832195756570158,101.68251026822426,1.0,Markdown / clear,1868.5
72267,2.8154898181844623,286,201,10,193,PREMIUM CHURCH CANDLE,1.05,2.1,1.4285714285714286,4.022128311692089,482.9778716883079,0.0,22.5239185454757,12.697612958534155,1.0,Markdown / clear,300.3
72529W,2.5392146649338887,305,235,9,292,WHITE ADVENT CANDLE,0.95,2.12,1.2857142857142858,3.264704569200714,536.7352954307993,0.0,20.31371731947111,15.014484803707065,1.0,Markdown / clear,289.75
72598,33.06042310262675,0,331,12,202,SET/12 TAPER CANDLES,0.42,0.85,1.7142857142857142,56.675011033074426,274.32498896692556,0.0,264.483384821014,0.0,0.0,Healthy,0.0
72606A,3.1040244695712698,419,0,18,416,BROWN ANTIQUE CUBE CANDLE,0.21,0.42,2.5714285714285716,7.98177720746898,411.018222792531,0.01197542597949286,24.832195756570158,16.87325615936078,1.0,Markdown / clear,87.99
72708,3.1040244695712698,196,0,9,117,SCULPTED ROUND IVORY CANDLE,0.1,0.21,1.2857142857142858,3.99088860373449,192.0091113962655,0.0,24.832195756570158,7.892979014879982,1.0,Markdown / clear,19.6
72709,3.4908755161689506,119,0,12,103,IVORY SCULPTED RND CANDLE,0.42,0.85,1.7142857142857142,5.9843580277182005,113.0156419722818,0.0,27.927004129351605,4.261108690671536,1.0,Markdown / clear,49.98
72715,3.1040244695712698,93,0,10,80,SPHERICAL IVORY CANDLE,0.21,0.42,1.4285714285714286,4.4343206708161,88.5656793291839,0.0,24.832195756570158,3.745138001958359,0.9150460006527864,Markdown / clear,19.53
72724,3.1040244695712698,114,0,9,65,SET/6 CHRISTMAS ICICLE T-LIGHTS,0.56,1.25,1.2857142857142858,3.99088860373449,110.00911139626551,0.0,24.832195756570158,4.590814324981214,1.0,Markdown / clear,63.84
72586,9.072108118710958,0,777,12,533,SET OF 6 HALLOWEEN GHOST T-LIGHTS,0.21,0.42,1.7142857142857142,15.552185346361641,761.4478146536384,0.0,72.57686494968766,0.0,0.0,Healthy,0.0
72728,3.1040244695712698,221,409,9,246,ROSE SCENT CANDLES IN GLASS,0.42,0.85,1.2857142857142858,3.99088860373449,626.0091113962656,0.0,24.832195756570158,8.899736542288144,1.0,Markdown / clear,92.82
72232,64.43117848172187,0,1920,10,1369,FENG SHUI PILLAR CANDLE,0.1,0.19,1.4285714285714286,92.04454068817411,1827.955459311826,0.0,515.449427853775,0.0,0.0,Healthy,0.0
72225C,25.530231118256214,1294,750,20,1717,LAVENDER SCENT CAKE CANDLE,0.14,0.29,2.857142857142857,72.94351748073204,1971.056482519268,0.0,204.2418489460497,6.335626154372549,1.0,Markdown / clear,181.16
72051S,3.1040244695712698,134,174,16,170,BAG OF SILVER STONES,0.42,0.84,2.2857142857142856,7.094913073305759,300.90508692669425,0.0,24.832195756570158,5.396220346907743,1.0,Markdown / clear,56.28
72083A,2.8154898181844623,175,0,18,130,STRAWBERY SWIRL FLARE CANDLE,1.05,2.1,2.5714285714285716,7.239830961045761,167.76016903895425,0.0,22.5239185454757,7.769518418683487,1.0,Markdown / clear,183.75
72122,18.90056275407818,0,164,12,105,COFFEE SCENT PILLAR CANDLE,0.48,0.95,1.7142857142857142,32.40096472127688,131.59903527872314,0.0,151.20450203262544,0.0,0.0,Healthy,0.0
72127,10.612066304638361,94,184,18,176,COLUMBIAN CANDLE ROUND,0.62,1.25,2.5714285714285716,27.288170497641502,250.7118295023585,0.0,84.89653043710689,1.1072301720226028,0.035743390674200924,Healthy,0.0
72128,8.103018712626,92,356,19,320,COLUMBIAN CANDLE ROUND,0.42,0.85,2.7142857142857144,21.99390793427057,426.00609206572943,0.0,64.824149701008,1.4192241691458611,0.13974138971528705,Healthy,0.0
72225D,4.047265063361509,1663,0,7,1329,VANILLA SCENT CAKE CANDLE,0.14,0.29,1.0,4.047265063361509,1658.9527349366385,0.0,32.378120506892074,51.36184478793358,1.0,Markdown / clear,232.82
72129,3.1040244695712698,153,60,19,107,COLUMBIAN CANDLE ROUND,0.32,0.65,2.7142857142857144,8.425209274550589,204.57479072544942,0.0,24.832195756570158,6.1613560677379455,1.0,Markdown / clear,48.96
72131,9.072108118710958,231,306,17,452,COLUMBIAN CANDLE RECTANGLE,0.98,1.95,2.4285714285714284,22.032262574012325,514.9677374259877,0.0,72.57686494968766,3.182832437859306,0.7276108126197687,Markdown / clear,226.38
72132,3.6021602796645866,456,363,7,332,COLUMBIAN CUBE CANDLE,0.98,1.95,1.0,3.6021602796645866,815.3978397203355,0.0,28.817282237316693,15.823837801383876,1.0,Markdown / clear,446.88
72133,6.802779008484047,71,50,15,79,COLUMBIAN CANDLE RECTANGLE,0.62,1.25,2.142857142857143,14.577383589608672,106.42261641039133,0.0,54.42223206787238,1.30461389219488,0.10153796406496,Healthy,0.0
72134,5.679495763838708,374,199,15,334,COLUMBIAN  CUBE CANDLE,0.42,0.85,2.142857142857143,12.17034806536866,560.8296519346313,0.0,45.435966110709664,8.231364533742022,1.0,Markdown / clear,157.08
72140E,3.215309233066906,268,173,12,198,BEST DAD CANDLE LETTERS,0.42,0.85,1.7142857142857142,5.511958685257553,435.4880413147425,0.0,25.72247386453525,10.418904550604047,1.0,Markdown / clear,112.56
72140F,3.1040244695712698,454,0,21,426,HAPPY ANNIVERSARY CANDLE LETTERS,0.21,0.42,3.0,9.31207340871381,444.6879265912862,0.0,24.832195756570158,18.282716697732205,1.0,Markdown / clear,95.34
72130,10.270794379360092,0,273,10,270,COLUMBIAN CANDLE ROUND,0.32,0.65,1.4285714285714286,14.672563399085846,258.32743660091415,0.04323171629291056,82.16635503488074,0.0,0.0,Healthy,0.0
72739B,2.5392146649338887,332,383,9,391,WHITE CHOCOLATE SCENT CANDLE,1.25,2.51,1.2857142857142858,3.264704569200714,711.7352954307993,0.0,20.31371731947111,16.343635917477854,1.0,Markdown / clear,415.0
72739C,3.1040244695712698,492,304,15,511,DARK CHOCOLATE SCENTCANDLE,0.62,1.25,2.142857142857143,6.65148100622415,789.3485189937759,0.0,24.832195756570158,19.81298813939261,1.0,Markdown / clear,305.04
72740A,2.5392146649338887,189,0,13,140,LARGE STRAWBERRY CHOCOLATE CANDLE,2.58,5.17,1.8571428571428572,4.715684377734365,184.28431562226564,0.0,20.31371731947111,9.304057796395526,1.0,Markdown / clear,487.62
72755D,3.1040244695712698,1316,0,17,1151,FLOWER FAIRY OIL BURNER SET SUMMER,0.62,1.25,2.4285714285714284,7.538345140387369,1308.4616548596127,0.0,24.832195756570158,52.995716242765596,1.0,Markdown / clear,815.92
72756,4.047265063361509,3886,2991,8,2558,FAIRY CAKE CANDLES,0.74,1.49,1.1428571428571428,4.625445786698868,6872.374554213301,0.0,32.378120506892074,120.01931981113042,1.0,Markdown / clear,2875.64
72760B,10.280483262266287,0,258,18,175,VINTAGE CREAM 3 BASKET CAKE STAND,4.97,9.95,2.5714285714285716,26.43552838868474,231.56447161131527,0.0,82.2438660981303,0.0,0.0,Healthy,0.0
72771B,4.047265063361509,1254,0,21,961,BURG FLOCK GOLD CUP/CANDLE,0.21,0.42,3.0,12.141795190084528,1241.8582048099154,0.0,32.378120506892074,38.72985770539309,1.0,Markdown / clear,263.34
72771C,3.1040244695712698,353,0,8,167,BLACK FLOCK GOLD CANDLE,0.21,0.42,1.1428571428571428,3.5474565366528794,349.4525434633471,0.0,24.832195756570158,14.215416287003233,1.0,Markdown / clear,74.13
72772,3.1040244695712698,1935,0,13,1302,SET/4 SCENTED CANDLES IN RAMEKINS,0.62,1.25,1.8571428571428572,5.764616872060929,1929.235383127939,0.0,24.832195756570158,77.92303262139166,1.0,Markdown / clear,1199.7
72755C,3.1040244695712698,1605,0,21,1424,FLOWER FAIRY OIL BURNER SET ROSE,0.62,1.25,3.0,9.31207340871381,1595.6879265912862,0.0,24.832195756570158,64.63383325960393,1.0,Markdown / clear,995.1
72779,3.1040244695712698,71,0,14,68,SET/6 BLACK ROSE T-LIGHT CANDLES,0.84,1.69,2.0,6.2080489391425395,64.79195106085746,0.04717719028150802,24.832195756570158,2.8591913778391773,0.6197304592797258,Markdown / clear,59.64
72781,3.7587304119747005,254,119,10,143,BLACK SILOUETTE CANDLE PLATE,1.05,2.1,1.4285714285714286,5.369614874249573,367.6303851257504,0.0,30.069843295797604,8.44700112007227,1.0,Markdown / clear,266.7
72783,4.592144337746989,92,0,9,64,BLACK SIL'T SQU CANDLE PLATE,1.05,2.1,1.2857142857142858,5.904185577103272,86.09581442289672,0.0,36.73715470197591,2.504276685179753,0.5014255617265843,Markdown / clear,96.6
72785A,2.8154898181844623,44,0,9,22,S/4 CONTEMPORY PINK ROSEBUD CANDLES,1.05,2.1,1.2857142857142858,3.6199154805228804,40.38008451947712,0.0,22.5239185454757,1.9534789166975624,0.3178263055658541,Healthy,0.0
72785B,2.8154898181844623,89,0,13,51,S/4 CONTEMPORY RED ROSEBUD CANDLES,1.05,2.1,1.8571428571428572,5.228766805199716,83.77123319480029,0.0,22.5239185454757,3.9513550815018874,0.9837850271672958,Markdown / clear,93.45
72789,2.5392146649338887,29,45,13,61,BASKET/8 SCENTED LOVE TOKEN CANDLES,1.88,3.75,1.8571428571428572,4.715684377734365,69.28431562226564,0.0,20.31371731947111,1.427606751827885,0.14253558394262833,Healthy,0.0
72793,2.5392146649338887,135,0,10,92,BLACK BOX MIRROR LANTERN,2.98,5.95,1.4285714285714286,3.627449521334127,131.3725504786659,0.0,20.31371731947111,6.645755568853947,1.0,Markdown / clear,402.3
72780,8.179036445954495,17,180,8,171,BLACK SILOUETTE CANDLE PLATE,0.42,0.85,1.1428571428571428,9.347470223947994,187.652529776052,0.0,65.43229156763596,0.25981055519700796,0.0,Healthy,0.0
72754B,3.1040244695712698,508,0,8,266,F FAIRY POTPOURRI CUSHIONS LAVENDER,0.58,1.17,1.1428571428571428,3.5474565366528794,504.4525434633471,0.0,24.832195756570158,20.45731295693383,1.0,Markdown / clear,294.64
72754A,3.1040244695712698,2811,0,20,2016,FLOWER FAIRY POTPOURRI CUSHION LILY,0.32,0.65,2.857142857142857,8.8686413416322,2802.131358658368,0.0,24.832195756570158,113.19981638177362,1.0,Markdown / clear,899.52
72740B,2.5392146649338887,26,0,13,13,LARGE WHITE CHOCOLATE CANDLE,2.53,5.06,1.8571428571428572,4.715684377734365,21.284315622265634,0.0,20.31371731947111,1.2799232947422416,0.09330776491408055,Healthy,0.0
72741,157.3031559277531,0,1326,14,1093,GRAND CHOCOLATECANDLE,0.72,1.45,2.0,314.6063118555062,1011.3936881444938,0.07466268239296081,1258.4252474220248,0.0,0.0,Healthy,0.0
72750A,3.1040244695712698,759,0,18,743,"F.FAIRY S/3 CANDLE/GLASS,LILY/VALLY",0.98,1.95,2.5714285714285716,7.98177720746898,751.018222792531,0.0,24.832195756570158,30.565158532111766,1.0,Markdown / clear,743.82
72750B,3.1040244695712698,314,193,19,424,FLOWER FAIRY SET 3 CANDLES LAVENDER,0.98,1.95,2.7142857142857144,8.425209274550589,498.5747907254494,0.0,24.832195756570158,12.644874544246502,1.0,Markdown / clear,307.72
72750C,3.1040244695712698,468,0,14,400,"F.FAIRY S/3 CANDLE/GLASS, ROSE",0.98,1.95,2.0,6.2080489391425395,461.79195106085746,0.0,24.832195756570158,18.846500913080774,1.0,Markdown / clear,458.64
72750D,3.1040244695712698,275,0,16,217,F.FAIRY S/3 CANDLE/GLASS,0.98,1.95,2.2857142857142856,7.094913073305759,267.90508692669425,0.0,24.832195756570158,11.07433280148977,1.0,Markdown / clear,269.5
72752B,2.5392146649338887,37,0,9,17,"F.FAIRY,CANDLE IN GLASS,LAVENDER",2.12,4.25,1.2857142857142858,3.264704569200714,33.73529543079928,0.0,20.31371731947111,1.821429304056267,0.2738097680187557,Healthy,0.0
72753A,2.8154898181844623,674,0,13,580,S/3 FLWR FAIRY LILLY CANDLES,1.05,2.1,1.8571428571428572,5.228766805199716,668.7712331948003,0.0,22.5239185454757,29.923745223958115,1.0,Markdown / clear,707.7
72753B,2.8154898181844623,1027,0,16,896,S/3 FLWR FAIRY LAVENDER CANDLES,1.05,2.1,2.2857142857142856,6.435405298707342,1020.5645947012927,0.0,22.5239185454757,45.59597380564537,1.0,Markdown / clear,1078.35
72753C,2.8154898181844623,184,0,13,125,S/3 FLWR FAIRY ROSE CANDLES,1.05,2.1,1.8571428571428572,5.228766805199716,178.7712331948003,0.0,22.5239185454757,8.169093651644351,1.0,Markdown / clear,193.2
72753D,2.8154898181844623,475,0,10,295,S/3 FLWR FAIRY SUMMER CANDLES,1.05,2.1,1.4285714285714286,4.022128311692089,470.9778716883079,0.0,22.5239185454757,21.08869285071232,1.0,Markdown / clear,498.75
72796B,3.1040244695712698,35,0,9,29,S/3 FRENCH VANILLA SQU CANDLE,0.82,1.65,1.2857142857142858,3.99088860373449,31.00911139626551,0.0,24.832195756570158,1.4094605383714254,0.13648684612380846,Healthy,0.0
79149B,7.929559264978425,47,0,11,41,SILICON STAR BULB  BLUE,0.21,0.42,1.5714285714285714,12.46073598782324,34.53926401217676,0.15757892653227423,63.4364741198274,0.7408986809578987,0.0,Healthy,0.0
79151B,7.929559264978425,175,0,13,109,"SILICON CUBE 25W, BLUE",0.21,0.42,1.8571428571428572,14.726324349245647,160.27367565075434,0.0,63.4364741198274,2.7586653014389846,0.5862217671463282,Markdown / clear,36.75
79157B,3.1040244695712698,38,0,8,19,UBO-LIGHT TRIOBASE BLUE,0.42,0.85,1.1428571428571428,3.5474565366528794,34.45254346334712,0.0,24.832195756570158,1.5302714416604046,0.17675714722013489,Healthy,0.0
84006,70.95772842378233,0,374,20,363,MAGIC TREE -PAPER FLOWERS,0.47,0.85,2.857142857142857,202.73636692509237,171.26363307490763,0.5281993579203647,567.6618273902586,0.0,0.0,Reorder now,172.33
84007,2.5392146649338887,34,68,7,55,MAGIC GARDEN MOUNT FUJI,1.27,2.55,1.0,2.5392146649338887,99.4607853350661,0.0,20.31371731947111,1.6737458469706237,0.2245819489902079,Healthy,0.0
84012,60.841369026005054,0,430,12,287,MAGIC SHEEP WOOL GROWING FROM PAPER,0.9,1.63,1.7142857142857142,104.2994897588658,325.7005102411342,0.0,486.73095220804043,0.0,0.0,Healthy,0.0
84016,3.1040244695712698,415,366,18,716,FLAG OF ST GEORGE CAR FLAG,0.21,0.42,2.5714285714285716,7.98177720746898,773.018222792531,0.0,24.832195756570158,16.712174954975474,1.0,Markdown / clear,87.15
84029C,2.5392146649338887,359,188,15,228,BROWN FURRY HOT WATER BOTTLE,1.88,3.75,2.142857142857143,5.44117428200119,541.5588257179988,0.0,20.31371731947111,17.672787031248646,1.0,Markdown / clear,674.92
84029D,2.5392146649338887,91,0,10,83,LEOPARD PRINT HOT WATER BOTTLE,1.88,3.75,1.4285714285714286,3.627449521334127,87.37255047866587,0.0,20.31371731947111,4.479731531597846,1.0,Markdown / clear,171.08
82616C,19.219295553221436,0,249,21,220,MIDNIGHT GLAMOUR SCARF KNITTING KIT,1.23,2.46,3.0,57.65788665966431,191.3421133403357,0.13026312118029237,153.75436442577148,0.0,0.0,Healthy,0.0
84029E,258.5187203649049,0,899,14,819,RED WOOLLY HOTTIE WHITE HEART.,1.88,3.75,2.0,517.0374407298098,381.96255927019024,0.5336232487543464,2068.149762919239,0.0,0.0,Reorder now,1938.89
84030B,2.5392146649338887,37,0,10,18,KNITTED POM POM HOT WATER BOTTLE,1.88,3.75,1.4285714285714286,3.627449521334127,33.37255047866587,0.0,20.31371731947111,1.821429304056267,0.2738097680187557,Healthy,0.0
84030C,2.5392146649338887,257,0,18,187,KNITTED RAINBOW HOT WATER BOTTLE,3.81,7.62,2.5714285714285716,6.529409138401428,250.47059086159857,0.0,20.31371731947111,12.651549490336773,1.0,Markdown / clear,979.17
84030E,85.0324425175799,0,322,18,258,ENGLISH ROSE HOT WATER BOTTLE,2.12,4.25,2.5714285714285716,218.6548521880626,103.34514781193741,0.5994374115816379,680.2595401406392,0.0,0.0,Reorder now,929.28
84031A,28.914604538385625,0,188,20,183,CHARLIE+LOLA RED HOT WATER BOTTLE,2.1,4.21,2.857142857142857,82.61315582395893,105.38684417604107,0.42411560559540395,231.316836307085,0.0,0.0,Healthy,0.0
84031B,13.431102355663448,0,148,11,94,CHARLIE LOLA BLUE HOT WATER BOTTLE,2.1,4.21,1.5714285714285714,21.106017987471134,126.89398201252887,0.0,107.44881884530758,0.0,0.0,Healthy,0.0
84032A,49.766969642818076,0,316,10,208,CHARLIE+LOLA PINK HOT WATER BOTTLE,1.48,2.95,1.4285714285714286,71.09567091831154,244.90432908168845,0.0,398.1357571425446,0.0,0.0,Healthy,0.0
84029G,150.7009284228034,0,615,19,564,KNITTED UNION FLAG HOT WATER BOTTLE,1.88,3.75,2.7142857142857144,409.04537714760926,205.95462285239074,0.6348322289851228,1205.6074273824272,0.0,0.0,Reorder now,1533.92
84032B,48.712890786416324,0,350,15,342,CHARLIE + LOLA RED HOT WATER BOTTLE,1.48,2.95,2.142857142857143,104.38476597089212,245.61523402910788,0.2818268010844799,389.7031262913306,0.0,0.0,Healthy,0.0
82616B,24.967561636480582,0,176,13,135,FRAPPUCINO SCARF KNITTING KIT,1.23,2.46,1.8571428571428572,46.36832875346394,129.63167124653606,0.039765398173806976,199.74049309184466,0.0,0.0,Healthy,0.0
82615,2.5392146649338887,180,323,19,281,PINK MARSHMALLOW SCARF KNITTING KIT,1.48,2.95,2.7142857142857144,6.8921540905348415,496.10784590946514,0.0,20.31371731947111,8.861007425138595,1.0,Markdown / clear,266.4
82583,230.2235453199799,0,1207,20,905,HOT BATHS METAL SIGN,1.05,2.1,2.857142857142857,657.7815580570855,549.2184419429145,0.3931287934332436,1841.7883625598392,0.0,0.0,Healthy,0.0
82585,4.047265063361509,134,70,17,144,SWEET VALENCIA CANDLE+CUP,0.62,1.25,2.4285714285714284,9.829072296735093,194.1709277032649,0.0,32.378120506892074,4.138597234866566,1.0,Markdown / clear,83.08
82587,4.047265063361509,56,58,11,67,TEXRIO TOMATOES CANDLE+CUP,0.62,1.25,1.5714285714285714,6.359987956710943,107.64001204328906,0.0,32.378120506892074,1.7295630235263262,0.2431876745087754,Healthy,0.0
82597,2.8154898181844623,0,260,15,182,BOMBS AWAY METAL SIGN,1.05,2.1,2.142857142857143,6.033192467538133,253.96680753246187,0.0,22.5239185454757,0.0,0.0,Healthy,0.0
82599,2.8154898181844623,0,261,16,214,FANNY'S REST STOPMETAL SIGN,1.05,2.1,2.2857142857142856,6.435405298707342,254.56459470129266,0.0,22.5239185454757,0.0,0.0,Healthy,0.0
82600,196.66627242544087,0,968,14,669,NO SINGING METAL SIGN,1.05,2.1,2.0,393.33254485088173,574.6674551491183,0.14100529873076495,1573.330179403527,0.0,0.0,Healthy,0.0
82616A,2.5392146649338887,47,110,12,151,BUBBLE GUM SCARF KNITTING KIT,1.48,2.95,1.7142857142857142,4.352939425600952,152.64706057439903,0.0,20.31371731947111,2.3137074943417444,0.4379024981139148,Healthy,0.0
82605,2.8154898181844623,0,77,14,53,OLD DOC RUSSEL METAL SIGN,1.05,2.1,2.0,5.630979636368925,71.36902036363108,0.0,22.5239185454757,0.0,0.0,Healthy,0.0
82607C,2.527455328645957,80,62,13,76,GLASS BONBON JAR. SUPERFINES,1.25,2.51,1.8571428571428572,4.693845610342492,137.3061543896575,0.0,20.219642629167655,3.956548662467296,0.985516220822432,Markdown / clear,100.0
82607E,4.047265063361509,122,72,12,82,GLASS BONBON JAR. D'AMANDES,0.62,1.25,1.7142857142857142,6.938168680048301,187.0618313199517,0.0,32.378120506892074,3.767976586968068,0.9226588623226893,Markdown / clear,75.64
82613A,4.047265063361509,0,167,19,151,"METAL SIGN,CUPCAKE SINGLE HOOK",0.62,1.25,2.7142857142857144,10.98543374340981,156.0145662565902,0.0,32.378120506892074,0.0,0.0,Healthy,0.0
82613B,5.378814799227114,0,149,19,146,"METAL SIGN,CUPCAKE SINGLE HOOK",0.62,1.25,2.7142857142857144,14.599640169330739,134.40035983066926,0.07944959020089548,43.03051839381691,0.0,0.0,Healthy,0.0
82613C,7.028313761607368,0,222,18,151,"METAL SIGN,CUPCAKE SINGLE HOOK",1.23,2.46,2.5714285714285716,18.072806815561805,203.92719318443818,0.0,56.226510092858945,0.0,0.0,Healthy,0.0
82613D,10.822609366338218,0,89,7,86,METAL SIGN CUPCAKE SINGLE HOOK,0.62,1.25,1.0,10.822609366338218,78.17739063366179,0.09096057402718849,86.58087493070575,0.0,0.0,Healthy,0.0
82607A,4.047265063361509,0,89,7,80,GLASS BONBON JAR PARFUME AUX FLEURE,0.62,1.25,1.0,4.047265063361509,84.95273493663849,0.0,32.378120506892074,0.0,0.0,Healthy,0.0
84033,3.1040244695712698,182,260,14,184,FLAG OF ST GEORGE,0.82,1.65,2.0,6.2080489391425395,435.79195106085746,0.0,24.832195756570158,7.329194799531412,1.0,Markdown / clear,149.24
84050,17.960685628855323,0,909,13,679,PINK HEART SHAPE EGG FRYING PAN,0.82,1.65,1.8571428571428572,33.35555902501703,875.644440974983,0.0,143.68548503084259,0.0,0.0,Healthy,0.0
84051,6.812519059730236,305,443,18,412,ASS COLOUR GLOWING TIARAS,0.42,0.85,2.5714285714285716,17.517906153592037,730.4820938464079,0.0,54.50015247784189,5.596314618092193,1.0,Markdown / clear,128.1
84231,4.048723158839194,50,81,13,107,EASTER BUNNY WITH BASKET ON BACK,0.32,0.65,1.8571428571428572,7.519057294987075,123.48094270501292,0.0,32.38978527071355,1.5436965568650864,0.1812321856216955,Healthy,0.0
84247C,2.5392146649338887,88,60,7,50,PACK/12 BLUE REINDEER CARD,1.33,2.95,1.0,2.5392146649338887,145.4607853350661,0.0,20.31371731947111,4.332048074512202,1.0,Markdown / clear,117.04
84247E,10.368756034762841,4,155,16,146,PACK/12 XMAS FUN CARD,1.33,2.95,2.2857142857142856,23.700013793743636,135.29998620625636,0.07328776571057283,82.95004827810273,0.048221792307936794,0.0,Healthy,0.0
84247G,4.047265063361509,0,441,11,234,"DECOUPAGE,GREETING CARD,",0.23,0.42,1.5714285714285714,6.359987956710943,434.64001204328906,0.0,32.378120506892074,0.0,0.0,Healthy,0.0
84247H,2.527455328645957,62,37,10,36,PACK/12 DECOUPAGE CARD,1.62,2.95,1.4285714285714286,3.610650469494224,95.38934953050578,0.0,20.219642629167655,3.066325213412154,0.6887750711373847,Markdown / clear,100.44
84247J,4.047265063361509,21,0,7,11,PACK/12 RUSSIAN DOLL CARDS,0.47,0.86,1.0,4.047265063361509,16.952734936638493,0.0,32.378120506892074,0.6485861338223723,0.0,Healthy,0.0
84228,7.929559264978425,144,203,8,162,HEN HOUSE W CHICK STANDING,0.31,0.62,1.1428571428571428,9.062353445689629,337.9376465543104,0.0,63.4364741198274,2.2699874480412214,0.42332914934707383,Healthy,0.0
84247K,2.527455328645957,107,47,20,94,"FOLK ART GREETING CARD,pack/12",1.62,2.95,2.857142857142857,7.221300938988448,146.77869906101157,0.0,20.219642629167655,5.291883836050008,1.0,Markdown / clear,173.34
84247N,2.527455328645957,34,46,19,68,PACK/12 BLUE FOLKART CARDS,1.62,2.95,2.7142857142857144,6.860235892039026,73.13976410796097,0.0,20.219642629167655,1.6815331815486008,0.2271777271828669,Healthy,0.0
84249A,4.434116109959191,45,108,7,84,"GREETING CARD,SQUARE, DOUGHNUTS",0.23,0.42,1.0,4.434116109959191,148.56588389004082,0.0,35.472928879673525,1.2685730054217659,0.08952433514058862,Healthy,0.0
84249D,4.047265063361509,137,479,12,259,FAIRY CAKE GREETINGS CARD,0.21,0.42,1.7142857142857142,6.938168680048301,609.0618313199517,0.0,32.378120506892074,4.231252396841191,1.0,Markdown / clear,28.77
84250M,4.047265063361509,71,0,21,68,"GREETING CARD, BLACKPOOL ROCK",0.47,0.85,3.0,12.141795190084528,58.85820480991547,0.13443816456006663,32.378120506892074,2.192838833399449,0.39761294446648304,Healthy,0.0
84251B,4.047265063361509,101,191,15,137,"GREETING CARD, STICKY GORDON",0.23,0.42,2.142857142857143,8.672710850060376,283.32728914993965,0.0,32.378120506892074,3.1193904531456953,0.7064634843818984,Markdown / clear,23.23
84251C,4.047265063361509,2,89,8,72,"GREETING CARD, TWO SISTERS.",0.23,0.42,1.1428571428571428,4.625445786698868,86.37455421330114,0.0,32.378120506892074,0.06177010798308308,0.0,Healthy,0.0
84247L,4.047265063361509,0,358,19,307,FAWN AND MUSHROOM GREETING CARD,0.23,0.42,2.7142857142857144,10.98543374340981,347.0145662565902,0.0,32.378120506892074,0.0,0.0,Healthy,0.0
84227,3.1040244695712698,249,0,14,218,HEN HOUSE W CHICK IN NEST,0.21,0.42,2.0,6.2080489391425395,242.79195106085746,0.0,24.832195756570158,10.027304972985284,1.0,Markdown / clear,52.29
84226,3.1040244695712698,94,0,8,74,HEN HOUSE W FAMILY IN BARN & NEST,0.42,0.85,1.1428571428571428,3.5474565366528794,90.45254346334713,0.0,24.832195756570158,3.7854083030546852,0.9284694343515617,Markdown / clear,39.48
84219,2.5392146649338887,251,129,14,167,BOX/12 MOTHER & CHICK IN BASKET/BOW,1.27,2.55,2.0,5.078429329867777,374.9215706701322,0.0,20.31371731947111,12.356182576165487,1.0,Markdown / clear,318.77
84077,820.9661375182856,0,10098,18,7294,WORLD WAR 2 GLIDERS ASSTD DESIGNS,0.14,0.29,2.5714285714285716,2111.0557821898774,7986.944217810123,0.0,6567.7291001462845,0.0,0.0,Healthy,0.0
84078A,9.636058502672462,0,131,10,110,SET/4 WHITE RETRO STORAGE CUBES,19.98,39.95,1.4285714285714286,13.76579786096066,117.23420213903934,0.0,77.0884680213797,0.0,0.0,Healthy,0.0
84081,2.5392146649338887,234,82,18,169,WHITE CERAMIC PARTY SET (5PCS),2.12,4.25,2.5714285714285716,6.529409138401428,309.47059086159857,0.0,20.31371731947111,11.519309652680175,1.0,Markdown / clear,496.08
84086B,2.5392146649338887,31,0,10,26,YELLOW/BLUE RETRO RADIO,1.48,2.95,1.4285714285714286,3.627449521334127,27.37255047866587,0.0,20.31371731947111,1.5260623898849803,0.1753541299616601,Healthy,0.0
84086C,22.145798343986886,0,116,13,82,PINK/PURPLE RETRO RADIO,1.48,2.95,1.8571428571428572,41.12791121026136,74.87208878973864,0.0869257464666019,177.1663867518951,0.0,0.0,Healthy,0.0
84192,13.373353832089535,47,97,7,80,ASSORTED COLOUR METAL CAT,0.62,1.25,1.0,13.373353832089535,130.62664616791045,0.0,106.98683065671628,0.43930640539120874,0.0,Healthy,0.0
84199,13.793594846981076,38,285,12,176,GLOW IN DARK DOLPHINS,0.1,0.21,1.7142857142857142,23.646162594824702,299.3538374051753,0.0,110.34875877584861,0.3443627315934689,0.0,Healthy,0.0
84201B,4.434116109959191,165,0,21,135,HAPPY BIRTHDAY CARD STRIPEY TEDDY,0.1,0.19,3.0,13.30234832987757,151.69765167012244,0.0,35.472928879673525,4.6514343532131415,1.0,Markdown / clear,16.5
84201C,4.047265063361509,98,0,13,56,HAPPY BIRTHDAY CARD TEDDY/CAKE,0.1,0.19,1.8571428571428572,7.51634940338566,90.48365059661434,0.0,32.378120506892074,3.0267352911710708,0.6755784303903569,Markdown / clear,9.8
84206A,8.148184233507099,164,0,8,102,3 BLACK CATS W HEARTS BLANK CARD,0.1,0.19,1.1428571428571428,9.312210552579542,154.68778944742047,0.0,65.18547386805679,2.515897948858294,0.505299316286098,Markdown / clear,16.4
84206B,4.434116109959191,136,0,16,77,CAT W SUNGLASSES BLANK CARD,0.1,0.19,2.2857142857142856,10.135122537049577,125.86487746295042,0.0,35.472928879673525,3.8339095274968926,0.9446365091656309,Markdown / clear,13.6
84206C,4.434116109959191,69,0,12,41,CHAMPAGNE TRAY BLANK CARD,0.1,0.19,1.7142857142857142,7.601341902787183,61.39865809721282,0.0,35.472928879673525,1.945145274980041,0.315048424993347,Healthy,0.0
84212,127.05690960849245,0,4098,18,3863,"ASSORTED FLOWER COLOUR ""LEIS""",0.32,0.65,2.5714285714285716,326.7177675646949,3771.282232435305,0.023742626861168792,1016.4552768679396,0.0,0.0,Healthy,0.0
84218,3.1040244695712698,51,116,20,138,BOX/12 CHICK & EGG IN BASKET,0.98,1.95,2.857142857142857,8.8686413416322,158.1313586583678,0.0,24.832195756570158,2.053785355912648,0.3512617853042161,Healthy,0.0
82582,91.83401213905456,0,527,10,322,AREA PATROLLED METAL SIGN,1.05,2.1,1.4285714285714286,131.1914459129351,395.80855408706486,0.0,734.6720971124365,0.0,0.0,Healthy,0.0
82581,72.42756841590662,0,546,13,437,TOILET METAL SIGN,0.28,0.55,1.8571428571428572,134.50834134382657,411.4916586561734,0.05837149048930568,579.420547327253,0.0,0.0,Healthy,0.0
82580,91.32654045503118,0,379,7,366,BATHROOM METAL SIGN,0.28,0.55,1.0,91.32654045503118,287.6734595449688,0.214006941133965,730.6123236402494,0.0,0.0,Healthy,0.0
82578,65.2107901875931,0,611,21,511,KITCHEN METAL SIGN,0.28,0.55,3.0,195.63237056277933,415.36762943722067,0.18714749620896154,521.6863215007448,0.0,0.0,Healthy,0.0
79315W,2.5392146649338887,639,0,17,585,FLYING SAUCER TABLE LIGHT IN WHITE,1.48,2.95,2.4285714285714284,6.166664186268015,632.833335813732,0.0,20.31371731947111,31.456576359242018,1.0,Markdown / clear,945.72
79320,2.5392146649338887,0,143,10,141,FLAMINGO LIGHTS,2.48,4.95,1.4285714285714286,3.627449521334127,139.3725504786659,0.011542195186766802,20.31371731947111,0.0,0.0,Healthy,0.0
79321,317.70088584674016,0,1039,14,917,CHILLI LIGHTS,2.48,4.95,2.0,635.4017716934803,403.5982283065197,0.5598710705490516,2541.6070867739213,0.0,0.0,Reorder now,3145.24
79323B,2.5392146649338887,77,79,18,153,BLACK CHERRY LIGHTS,3.38,6.75,2.5714285714285716,6.529409138401428,149.47059086159857,0.023068033584323078,20.31371731947111,3.7905420651981774,0.9301806883993925,Markdown / clear,260.26
79323G,2.5392146649338887,4,207,9,112,GOLD  CHERRY LIGHTS,3.38,6.75,1.2857142857142858,3.264704569200714,207.73529543079928,0.0,20.31371731947111,0.19691127611419101,0.0,Healthy,0.0
79323GR,2.5392146649338887,78,284,12,192,GREEN CHERRY LIGHTS,3.38,6.75,1.7142857142857142,4.352939425600952,357.64706057439906,0.0,20.31371731947111,3.839769884226725,0.9465899614089084,Markdown / clear,263.64
79308B,3.1040244695712698,1728,0,11,792,MOSAIC CANDLE DISH BLUE PURPLE,0.42,0.85,1.5714285714285714,4.877752737897709,1723.1222472621023,0.0,24.832195756570158,69.5870802944521,1.0,Markdown / clear,725.76
79323LP,2.5392146649338887,0,513,18,444,LIGHT PINK CHERRY LIGHTS,3.38,6.75,2.5714285714285716,6.529409138401428,506.47059086159857,0.0,20.31371731947111,0.0,0.0,Healthy,0.0
79323S,2.5392146649338887,394,195,21,379,SILVER CHERRY LIGHTS,3.38,6.75,3.0,7.617643994801666,581.3823560051983,0.0,20.31371731947111,19.395760697247816,1.0,Markdown / clear,1331.72
79323W,2.5392146649338887,0,440,7,335,WHITE CHERRY LIGHTS,3.38,6.75,1.0,2.5392146649338887,437.46078533506613,0.0,20.31371731947111,0.0,0.0,Healthy,0.0
79328,3.1040244695712698,1255,495,17,865,BLUE FLOCK GLASS CANDLEHOLDER,0.19,0.38,2.4285714285714284,7.538345140387369,1742.4616548596127,0.0,24.832195756570158,50.53922787588968,1.0,Markdown / clear,238.45
79329,3.1040244695712698,561,0,19,455,PINK FLOCK GLASS CANDLEHOLDER,0.82,1.65,2.7142857142857144,8.425209274550589,552.5747907254494,0.0,24.832195756570158,22.591638915039134,1.0,Markdown / clear,460.02
79331,3.1040244695712698,213,0,20,160,PINK FLOCK GLASS CANDLEHOLDER,0.82,1.65,2.857142857142857,8.8686413416322,204.1313586583678,0.0,24.832195756570158,8.577574133517532,1.0,Markdown / clear,174.66
79336,3.1040244695712698,1180,688,9,738,LIGHT PINK FLOCK GLASS CANDLEHOLDER,0.82,1.65,1.2857142857142858,3.99088860373449,1864.0091113962656,0.0,24.832195756570158,47.5189552936652,1.0,Markdown / clear,967.6
79323P,2.5392146649338887,0,702,13,466,PINK CHERRY LIGHTS,3.38,6.75,1.8571428571428572,4.715684377734365,697.2843156222656,0.0,20.31371731947111,0.0,0.0,Healthy,0.0
79303D,2.5392146649338887,148,78,18,158,LILAC FLOWER BLOCK TABLE LAMP,2.96,5.91,2.5714285714285716,6.529409138401428,219.47059086159857,0.0,20.31371731947111,7.285717216225068,1.0,Markdown / clear,438.08
79303B,2.5392146649338887,436,0,18,392,BLUE STAR BLOCK TABLE LAMP,2.96,5.91,2.5714285714285716,6.529409138401428,429.47059086159857,0.0,20.31371731947111,21.46332909644682,1.0,Markdown / clear,1290.56
79157V,3.1040244695712698,59,0,21,39,UBO-LIGHT TRIOBASE PURPLE,0.42,0.85,3.0,9.31207340871381,49.68792659128619,0.0,24.832195756570158,2.37594776468326,0.45864925489441993,Healthy,0.0
79160,12.478459842565341,0,184,10,138,HEART SHAPE WIRELESS DOORBELL,1.05,2.1,1.4285714285714286,17.826371203664774,166.17362879633524,0.0,99.82767874052273,0.0,0.0,Healthy,0.0
79161A,2.5392146649338887,104,49,11,57,ST GEORGE SET OF 10 PARTY LIGHTS,1.48,2.95,1.5714285714285714,3.990194473467539,149.00980552653246,0.0,20.31371731947111,5.119693178968967,1.0,Markdown / clear,153.92
79163,3.1040244695712698,268,921,14,720,BLACK CHAMPAGNE GLASS,0.72,1.45,2.0,6.2080489391425395,1182.7919510608574,0.0,24.832195756570158,10.792440693815486,1.0,Markdown / clear,192.96
79164,8.103018712626,1358,2457,17,1793,BLACK WINE GLASS,0.82,1.65,2.4285714285714284,19.678759730663142,3795.321240269337,0.0,64.824149701008,20.948982844566082,1.0,Markdown / clear,1113.56
79172D,3.1040244695712698,174,0,14,112,PURPLE TINT ACRYLIC FLOWER VASE,0.42,0.85,2.0,6.2080489391425395,167.79195106085746,0.0,24.832195756570158,7.0070323907608,1.0,Markdown / clear,73.08
79190A,23.76691495083551,0,204,14,150,RETRO PLASTIC 70'S TRAY,0.21,0.42,2.0,47.53382990167102,156.46617009832897,0.0,190.13531960668408,0.0,0.0,Healthy,0.0
79190B,31.223777126419645,0,593,15,424,RETRO PLASTIC POLKA TRAY,0.21,0.42,2.142857142857143,66.9080938423278,526.0919061576722,0.0,249.79021701135716,0.0,0.0,Healthy,0.0
79190D,15.759474933704473,0,183,19,159,RETRO PLASTIC DAISY TRAY,0.21,0.42,2.7142857142857144,42.775717677197854,140.22428232280214,0.11808627469935762,126.07579946963578,0.0,0.0,Healthy,0.0
79191B,9.879368772547982,101,272,12,192,RETRO PLASTIC POLKA TRAY,0.42,0.85,1.7142857142857142,16.936060752939397,356.0639392470606,0.0,79.03495018038386,1.2779156533847955,0.09263855112826518,Healthy,0.0
79191C,45.987109530624906,0,592,19,418,RETRO PLASTIC ELEPHANT TRAY,0.42,0.85,2.7142857142857144,124.82215444026761,467.1778455597324,0.0,367.89687624499925,0.0,0.0,Healthy,0.0
79191D,5.208712459496257,51,81,18,69,RETRO PLASTIC DAISY TRAY,0.42,0.85,2.5714285714285716,13.393832038704662,118.60616796129534,0.0,41.66969967597006,1.2239109088038498,0.07463696960128326,Healthy,0.0
79192A,3.1040244695712698,99,55,21,108,RETRO PLASTIC 70'S TRAY,0.62,1.25,3.0,9.31207340871381,144.68792659128619,0.0,24.832195756570158,3.9867598085363176,0.9955866028454392,Markdown / clear,61.38
79302M,19.100136245127178,0,228,18,183,"ART LIGHTS,FUNK MONKEY",1.48,2.95,2.5714285714285716,49.11463605889846,178.88536394110153,0.02248435004862548,152.80108996101742,0.0,0.0,Healthy,0.0
79337,3.1040244695712698,2267,802,21,1862,BLUE FLOCK GLASS CANDLEHOLDER,0.19,0.38,3.0,9.31207340871381,3059.687926591286,0.0,24.832195756570158,91.29277258537203,1.0,Markdown / clear,430.73
72045D,2.527455328645957,7191,0,18,5200,ROSES ON BLUE TEACUP CANDLE,1.48,2.95,2.5714285714285716,6.499170845089604,7184.50082915491,0.0,20.219642629167655,355.64426789752906,1.0,Markdown / clear,10642.68
79338,3.1040244695712698,938,0,12,889,DARK PINK FLOCK GLASS CANDLEHOLDER,0.82,1.65,1.7142857142857142,5.321184804979319,932.6788151950207,0.0,24.832195756570158,37.7735424283542,1.0,Markdown / clear,769.16
79342B,2.5392146649338887,80,57,12,86,BROWN FLOWER LIGHTS,3.38,6.75,1.7142857142857142,4.352939425600952,132.64706057439903,0.0,20.31371731947111,3.9382255222838203,0.9794085074279401,Markdown / clear,270.4
82076,2.5392146649338887,460,0,14,417,BEECH WOOD PHOTO FRAME,1.68,3.36,2.0,5.078429329867777,454.9215706701322,0.0,20.31371731947111,22.644796753131967,1.0,Markdown / clear,772.8
82081,2.5392146649338887,245,136,20,256,PINK HEARTS PHOTO ALBUM,3.81,7.62,2.857142857142857,7.254899042668254,373.7451009573318,0.0,20.31371731947111,12.0608156619942,1.0,Markdown / clear,933.45
82093,2.5392146649338887,233,115,18,236,HEART SHAPE BUTTON FRAME,1.72,3.43,2.5714285714285716,6.529409138401428,341.47059086159857,0.0,20.31371731947111,11.470081833651626,1.0,Markdown / clear,400.76
82095,2.5392146649338887,37,32,11,46,HEART BUTTONS JEWELLERY BOX,2.48,4.96,1.5714285714285714,3.990194473467539,65.00980552653246,0.0,20.31371731947111,1.821429304056267,0.2738097680187557,Healthy,0.0
82482,180.94524250369923,0,988,10,530,WOODEN PICTURE FRAME WHITE FINISH,1.27,2.55,1.4285714285714286,258.4932035767132,729.5067964232868,0.0,1447.5619400295939,0.0,0.0,Healthy,0.0
82483,70.69741039376076,0,329,18,284,WOOD 2 DRAWER CABINET WHITE FINISH,2.98,5.95,2.5714285714285716,181.7933410125277,147.2066589874723,0.4816666937060834,565.5792831500861,0.0,0.0,Healthy,0.0
82072,3.1040244695712698,58,0,21,39,WHITE WOOD SINGLE P/FRAME,0.62,1.25,3.0,9.31207340871381,48.68792659128619,0.0,24.832195756570158,2.3356774635869333,0.4452258211956444,Healthy,0.0
82484,102.9196002727483,0,655,10,595,WOOD BLACK BOARD ANT WHITE FINISH,3.38,6.75,1.4285714285714286,147.02800038964043,507.9719996103596,0.14626554687334525,823.3568021819864,0.0,0.0,Healthy,0.0
82494L,185.74064542900092,0,472,10,438,WOODEN FRAME ANTIQUE WHITE,1.48,2.95,1.4285714285714286,265.34377918428703,206.65622081571297,0.528182144256363,1485.9251634320074,0.0,0.0,Reorder now,782.76
82545A,3.1040244695712698,71,0,16,56,COGNAC AUX OEUFS METAL 1 HOOK,0.62,1.25,2.2857142857142856,7.094913073305759,63.90508692669424,0.0,24.832195756570158,2.8591913778391773,0.6197304592797258,Markdown / clear,44.02
82551,66.63489057032393,0,393,11,302,LAUNDRY 15C METAL SIGN,0.72,1.45,1.5714285714285714,104.71197089622332,288.2880291037767,0.04540387713981231,533.0791245625915,0.0,0.0,Healthy,0.0
82552,62.94192292311423,0,509,16,503,WASHROOM METAL SIGN,0.72,1.45,2.2857142857142856,143.86725239568966,365.13274760431034,0.27408996500137106,503.5353833849138,0.0,0.0,Healthy,0.0
82553,2.527455328645957,170,76,21,146,POP'S GREASY SPOON METAL SIGN,1.68,3.36,3.0,7.582365985937871,238.41763401406212,0.0,20.219642629167655,8.407665907743004,1.0,Markdown / clear,285.6
82567,27.845104497770027,0,112,19,97,"AIRLINE LOUNGE,METAL SIGN",1.05,2.1,2.7142857142857144,75.57956935109007,36.42043064890993,0.6245316427947429,222.76083598216022,0.0,0.0,Reorder now,158.72
82486,60.563444152936675,0,292,12,168,WOOD S/3 CABINET ANT WHITE FINISH,3.98,7.95,1.7142857142857142,103.82304711932001,188.17695288068,0.0,484.5075532234934,0.0,0.0,Healthy,0.0
82069,2.5392146649338887,36,0,16,31,BEECH WOOD P/FRAME,2.96,5.91,2.2857142857142856,5.803919234134602,30.196080765865396,0.025932878520471103,20.31371731947111,1.7722014850277192,0.2574004950092397,Healthy,0.0
82011C,5.00340119570569,15,60,16,48,BATHROOM SCALES FOOTPRINTS IN SAND,1.88,3.75,2.2857142857142856,11.436345590184434,63.56365440981557,0.0,40.02720956564552,0.37474508372610044,0.0,Healthy,0.0
79403,4.435574205436875,130,100,16,153,FROSTED WHITE BASE,0.42,0.85,2.2857142857142856,10.138455326712858,219.86154467328714,0.0,35.484593643495,3.6635617503775886,0.8878539167925296,Markdown / clear,54.6
79406,5.679495763838708,440,218,16,305,FROSTED WHITE BASE,0.11,0.22,2.2857142857142856,12.981704603059903,645.0182953969401,0.0,45.435966110709664,9.683958274990616,1.0,Markdown / clear,48.4
79413,3.1040244695712698,140,0,14,98,GLASS WINE GLASS DECORATIONS,0.62,1.25,2.0,6.2080489391425395,133.79195106085746,0.0,24.832195756570158,5.6378421534857015,1.0,Markdown / clear,86.8
79532,3.1040244695712698,142,84,8,72,MOSAIC GLASS BALL CANDLEHOLDER,0.62,1.25,1.1428571428571428,3.5474565366528794,222.45254346334713,0.0,24.832195756570158,5.718382755678355,1.0,Markdown / clear,88.04
79534,4.047265063361509,284,106,21,183,MULTICOLOUR GLASS PLATE,0.28,0.55,3.0,12.141795190084528,377.8582048099155,0.0,32.378120506892074,8.771355333597796,1.0,Markdown / clear,79.52
81950B,3.1040244695712698,95,95,10,118,FLOWER BLUE CLOCK W/SUCKER,0.42,0.85,1.4285714285714286,4.4343206708161,185.5656793291839,0.0,24.832195756570158,3.825678604151012,0.9418928680503372,Markdown / clear,39.9
81950V,3.1040244695712698,67,0,8,46,FLOWER PURPLE CLOCK W/SUCKER,0.42,0.85,1.1428571428571428,3.5474565366528794,63.45254346334712,0.0,24.832195756570158,2.6981101734538715,0.5660367244846238,Markdown / clear,28.14
81952B,3.1040244695712698,272,199,15,330,ROUND BLUE CLOCK W/SUCKER,0.37,0.74,2.142857142857143,6.65148100622415,464.3485189937758,0.0,24.832195756570158,10.953521898200792,1.0,Markdown / clear,100.64
81952V,4.435574205436875,211,302,13,228,ROUND PURPLE CLOCK WITH SUCKER,0.1,0.19,1.8571428571428572,8.237494952954197,504.7625050470458,0.0,35.484593643495,5.9462425333051625,1.0,Markdown / clear,21.1
81953B,3.1040244695712698,71,0,16,52,ROUND BLUE CLOCK WITH SUCKER,0.1,0.19,2.2857142857142856,7.094913073305759,63.90508692669424,0.0,24.832195756570158,2.8591913778391773,0.6197304592797258,Markdown / clear,7.1
81953P,3.1040244695712698,227,0,20,163,ROUND ARTICULATED PINK CLOCK W/SUCK,0.26,0.52,2.857142857142857,8.8686413416322,218.1313586583678,0.0,24.832195756570158,9.141358348866103,1.0,Markdown / clear,59.02
81985A,2.5392146649338887,66,0,8,37,"ICON ALARM CLOCK,FUSCHIA  PIN UP",1.27,2.55,1.1428571428571428,2.901959617067301,63.0980403829327,0.0,20.31371731947111,3.249036055884152,0.7496786852947173,Markdown / clear,83.82
82001S,59.80845125554149,0,509,11,302,VINYL RECORD FRAME SILVER,1.88,3.75,1.5714285714285714,93.98470911585092,415.01529088414907,0.0,478.46761004433193,0.0,0.0,Healthy,0.0
82011A,2.5392146649338887,36,29,14,39,"BATHROOM SCALES, TROPICAL BEACH",1.88,3.75,2.0,5.078429329867777,59.921570670132226,0.0,20.31371731947111,1.7722014850277192,0.2574004950092397,Healthy,0.0
82011B,3.3726285907061757,27,31,18,51,BATHROOM SCALES RUBBER DUCKS,1.88,3.75,2.5714285714285716,8.672473518958737,49.32752648104126,0.03279359841095564,26.981028725649406,1.0007031338405774,0.00023437794685913596,Healthy,0.0
79341,2.5392146649338887,372,451,12,411,WILLOW BRANCH LIGHTS.,3.38,6.75,1.7142857142857142,4.352939425600952,818.647060574399,0.0,20.31371731947111,18.312748678619766,1.0,Markdown / clear,1257.36
35961,58.71653705902853,0,1140,16,1060,FOLKART ZINC HEART CHRISTMAS DEC,0.38,0.85,2.2857142857142856,134.20922756349378,1005.7907724365062,0.05114078072027717,469.73229647222826,0.0,0.0,Healthy,0.0
72038P,3.1040244695712698,3286,0,18,2653,PRICE'S CANDLE PEACH,0.1,0.21,2.5714285714285716,7.98177720746898,3278.018222792531,0.0,24.832195756570158,132.32820940252867,1.0,Markdown / clear,328.6
72023F,3.1040244695712698,600,348,17,652,RED ORGANIC CANDLE IN GLASS,0.62,1.25,2.4285714285714284,7.538345140387369,940.4616548596126,0.0,24.832195756570158,24.162180657795865,1.0,Markdown / clear,372.0
37500,17.245668443811887,0,128,12,101,TEA TIME TEAPOT IN GIFT BOX,4.97,9.95,1.7142857142857142,29.564003046534662,98.43599695346533,0.02538616877757094,137.9653475504951,0.0,0.0,Healthy,0.0
37501,2.5392146649338887,0,98,9,49,TEA TIME TEA SET IN GIFT BOX,3.48,6.95,1.2857142857142858,3.264704569200714,94.73529543079928,0.0,20.31371731947111,0.0,0.0,Healthy,0.0
37502,2.527455328645957,0,253,12,169,TEA TIME MUG IN GIFT BOX,1.48,2.95,1.7142857142857142,4.332780563393069,248.66721943660693,0.0,20.219642629167655,0.0,0.0,Healthy,0.0
37503,2.527455328645957,0,412,16,357,TEA TIME CAKE STAND IN GIFT BOX,5.38,10.75,2.2857142857142856,5.777040751190758,406.2229592488092,0.0,20.219642629167655,0.0,0.0,Healthy,0.0
37506,2.5392146649338887,17,18,8,13,NEW ENGLAND MILK JUG W GIFT BOX,2.98,5.95,1.1428571428571428,2.901959617067301,32.0980403829327,0.0,20.31371731947111,0.8368729234853118,0.0,Healthy,0.0
37508,2.527455328645957,30,31,18,56,NEW ENGLAND CERAMIC CAKE SERVER,1.27,2.55,2.5714285714285716,6.499170845089604,54.5008291549104,0.02677090794802861,20.219642629167655,1.4837057484252358,0.1612352494750786,Healthy,0.0
37495,4.991641859417759,0,117,8,91,FAIRY CAKE BIRTHDAY CANDLE SET,1.88,3.75,1.1428571428571428,5.704733553620295,111.2952664463797,0.0,39.93313487534207,0.0,0.0,Healthy,0.0
37509,2.527455328645957,26,28,10,26,NEW ENGLAND MUG W GIFT BOX,1.27,2.55,1.4285714285714286,3.610650469494224,50.389349530505775,0.0,20.219642629167655,1.2858783153018711,0.09529277176729038,Healthy,0.0
40003,3.1040244695712698,121,591,11,398,WHITE BAMBOO RIBS LAMPSHADE,0.62,1.25,1.5714285714285714,4.877752737897709,707.1222472621023,0.0,24.832195756570158,4.872706432655499,1.0,Markdown / clear,75.02
40005B,3.6021602796645866,53,0,15,46,BLUE ORGANDY ROUND LAMPSHADE W BEA,0.42,0.85,2.142857142857143,7.7189148849955425,45.28108511500446,0.015628584456424788,28.817282237316693,1.839174130424003,0.2797247101413343,Healthy,0.0
40016,3.1040244695712698,0,2339,8,1375,CHINESE DRAGON PAPER LANTERNS,0.21,0.42,1.1428571428571428,3.5474565366528794,2335.452543463347,0.0,24.832195756570158,0.0,0.0,Healthy,0.0
40018E,3.1040244695712698,0,134,8,101,TEA TIME PAPER LANTERNS,0.98,1.95,1.1428571428571428,3.5474565366528794,130.45254346334713,0.0,24.832195756570158,0.0,0.0,Healthy,0.0
40018F,3.1040244695712698,273,557,21,572,CHERRY DESIGN PAPERLANTERNS,0.98,1.95,3.0,9.31207340871381,820.6879265912862,0.0,24.832195756570158,10.993792199297118,1.0,Markdown / clear,267.54
40001,9.818280368004805,0,983,20,728,WHITE BAMBOO RIBS LAMPSHADE,0.42,0.85,2.857142857142857,28.052229622870872,954.9477703771291,0.0,78.54624294403844,0.0,0.0,Healthy,0.0
40046A,4.991963752629433,120,201,19,185,RED DAISY PAPER LAMPSHADE,0.69,1.25,2.7142857142857144,13.549615899994174,307.4503841000058,0.0,39.93571002103546,3.004829510650794,0.6682765035502647,Markdown / clear,82.8
37494A,2.527455328645957,114,107,12,145,FAIRY CAKE CERAMIC BUTTER DISH,2.96,5.91,1.7142857142857142,4.332780563393069,216.66721943660693,0.0,20.219642629167655,5.638081844015896,1.0,Markdown / clear,337.44
37492C,2.5392146649338887,363,175,15,286,GREEN BLUE FLOWER PIGGY BANK,2.33,4.65,2.142857142857143,5.44117428200119,532.5588257179988,0.0,20.31371731947111,17.869698307362835,1.0,Markdown / clear,845.79
37485,2.5392146649338887,69,46,12,72,ENGLISH ROSE TEA SET IN GIFT BOX,2.33,4.65,1.7142857142857142,4.352939425600952,110.64706057439905,0.0,20.31371731947111,3.396719512969795,0.798906504323265,Markdown / clear,160.77
37487B,4.047265063361509,1213,0,15,745,YELLOW/ORANGE FLOWER DESIGN PLATE,0.14,0.29,2.142857142857143,8.672710850060376,1204.3272891499396,0.0,32.378120506892074,37.46357049173989,1.0,Markdown / clear,169.82
37488A,4.047265063361509,212,0,13,134,YELLOW PINK FLOWER DESIGN BIG BOWL,0.2,0.39,1.8571428571428572,7.51634940338566,204.48365059661435,0.0,32.378120506892074,6.547631446206807,1.0,Markdown / clear,42.4
37489A,4.434116109959191,51,29,16,40,YELLOW/PINK FLOWER DESIGN BIG MUG,0.2,0.39,2.2857142857142856,10.135122537049577,69.86487746295042,0.0,35.472928879673525,1.4377160728113347,0.14590535760377824,Healthy,0.0
37489B,4.434116109959191,77,32,19,52,BLUE/YELLOW FLOWER DESIGN BIG MUG,0.2,0.39,2.7142857142857144,12.035458012746375,96.96454198725363,0.0,35.472928879673525,2.1706693648327997,0.39022312161093325,Healthy,0.0
37492D,2.5392146649338887,759,343,18,546,PURPLE GREEN FLOWER PIGGY BANK,2.33,4.65,2.5714285714285716,6.529409138401428,1095.4705908615986,0.0,20.31371731947111,37.363914642667744,1.0,Markdown / clear,1768.47
37489C,4.047265063361509,47,0,12,36,GREEN/BLUE FLOWER DESIGN BIG MUG,0.58,1.17,1.7142857142857142,6.938168680048301,40.0618313199517,0.0,32.378120506892074,1.4515975376024524,0.1505325125341508,Healthy,0.0
37491A,2.5392146649338887,16,0,7,13,YELLOW/PINK CERAMIC CANDLE HOLDER,1.64,3.29,1.0,2.5392146649338887,13.460785335066111,0.0,20.31371731947111,0.7876451044567641,0.0,Healthy,0.0
37491B,3.1040244695712698,50,0,18,39,BLUE/YELLOW CERAMIC CANDLE HOLDER,0.82,1.65,2.5714285714285716,7.98177720746898,42.01822279253102,0.0,24.832195756570158,2.013515054816322,0.3378383516054407,Healthy,0.0
37491C,3.1040244695712698,180,0,14,157,GREEN/BLUE CERAMIC CANDLE HOLDER,0.82,1.65,2.0,6.2080489391425395,173.79195106085746,0.0,24.832195756570158,7.248654197338759,1.0,Markdown / clear,147.6
37491D,2.5392146649338887,40,0,13,38,PURPLE/BLUE CERAMIC CANDLE HOLDER,1.68,3.36,1.8571428571428572,4.715684377734365,35.28431562226564,0.07146537836143063,20.31371731947111,1.9691127611419101,0.3230375870473034,Healthy,0.0
37492A,2.5392146649338887,307,0,14,240,YELLOW RED FLOWER PIGGY BANK,2.33,4.65,2.0,5.078429329867777,301.9215706701322,0.0,20.31371731947111,15.112940441764161,1.0,Markdown / clear,715.31
37492B,2.5392146649338887,113,175,10,259,BLUE YELLOW FLOWER PIGGY BANK,2.33,4.65,1.4285714285714286,3.627449521334127,284.37255047866586,0.0,20.31371731947111,5.562743550225896,1.0,Markdown / clear,263.29
37489D,4.545400873454827,58,32,14,40,PINK/GREEN FLOWER DESIGN BIG MUG,0.2,0.39,2.0,9.090801746909653,80.90919825309035,0.0,36.36320698763861,1.595018833727087,0.19833961124236232,Healthy,0.0
40046C,4.047265063361509,21,0,9,9,PINK BUTTERFLY PAPER LAMPSHADE,0.69,1.25,1.2857142857142858,5.2036265100362264,15.796373489963774,0.0,32.378120506892074,0.6485861338223723,0.0,Healthy,0.0
44089A,3.6021602796645866,75,0,11,56,PINK GAUZE BUTTERFLY LAMPSHADE,0.21,0.42,1.5714285714285714,5.660537582330065,69.33946241766994,0.0,28.817282237316693,2.6026049015434007,0.5342016338478003,Markdown / clear,15.75
44089C,3.1040244695712698,118,64,9,55,LILAC GAUZE BUTTERFLY LAMPSHADE,0.21,0.42,1.2857142857142858,3.99088860373449,178.0091113962655,0.0,24.832195756570158,4.75189552936652,1.0,Markdown / clear,24.78
46000P,2.5392146649338887,42,89,11,85,POLYESTER FILLER PAD 65CMx65CM,2.12,4.25,1.5714285714285714,3.990194473467539,127.00980552653246,0.0,20.31371731947111,2.067568399199006,0.3558561330663353,Healthy,0.0
46000R,6.839485064495771,6,121,10,67,POLYESTER FILLER PAD 45x30cm,0.72,1.45,1.4285714285714286,9.770692949279674,117.22930705072032,0.0,54.71588051596617,0.10965737813995685,0.0,Healthy,0.0
46000S,53.1127304131492,0,397,11,226,POLYESTER FILLER PAD 40x40cm,0.72,1.45,1.5714285714285714,83.46286207780588,313.5371379221941,0.0,424.9018433051936,0.0,0.0,Healthy,0.0
46000U,9.164021082309453,87,161,12,94,POLYESTER FILLER PAD 30CMx30CM,0.62,1.25,1.7142857142857142,15.709750426816205,232.2902495731838,0.0,73.31216865847563,1.1867061306737368,0.062235376891245586,Healthy,0.0
46037A,3.1040244695712698,69,0,8,31,PINK CANVAS DES CUSHION COVER,0.62,1.25,1.1428571428571428,3.5474565366528794,65.45254346334713,0.0,24.832195756570158,2.778650775646524,0.5928835918821748,Markdown / clear,42.78
46115B,3.1040244695712698,447,207,17,329,GREEN POP ART MAO CUSHION COVER,0.1,0.19,2.4285714285714284,7.538345140387369,646.4616548596126,0.0,24.832195756570158,18.000824590057917,1.0,Markdown / clear,44.7
46000M,35.477112961361435,0,312,12,182,POLYESTER FILLER PAD 45x45cm,0.78,1.55,1.7142857142857142,60.817907933762456,251.18209206623754,0.0,283.8169036908915,0.0,0.0,Healthy,0.0
46118,9.223551892435415,48,192,15,138,FUNKY MONKEY CUSHION COVER,1.64,3.29,2.142857142857143,19.764754055218745,220.23524594478124,0.0,73.78841513948332,0.6505086185855178,0.0,Healthy,0.0
46137D,2.5392146649338887,403,0,17,280,GREEN CHENILLE SHAGGY RUG,1.48,2.95,2.4285714285714284,6.166664186268015,396.833335813732,0.0,20.31371731947111,19.838811068504747,1.0,Markdown / clear,596.44
46138B,3.4908755161689506,57,48,9,38,BLUE CHENILLE SHAGGY CUSHION COVER,0.98,1.95,1.2857142857142858,4.488268520788651,100.51173147921135,0.0,27.927004129351605,2.04103525519561,0.34701175173187,Healthy,0.0
46307,2.5392146649338887,45,31,13,35,ROSES BLUE BASE CUSHION COVER,2.96,5.91,1.8571428571428572,4.715684377734365,71.28431562226564,0.0,20.31371731947111,2.215251856284649,0.40508395209488296,Healthy,0.0
46775A,2.5392146649338887,198,81,14,122,BUBBLE GUM CHUNKY KNITTED THROW,5.51,11.02,2.0,5.078429329867777,273.9215706701322,0.0,20.31371731947111,9.747108167652456,1.0,Markdown / clear,1090.98
46775B,2.5392146649338887,29,0,10,15,BERRIES CHUNKY KNITTED THROW,8.48,16.95,1.4285714285714286,3.627449521334127,25.37255047866587,0.0,20.31371731947111,1.427606751827885,0.14253558394262833,Healthy,0.0
46126A,3.1040244695712698,128,103,19,227,ELVIS WALLHANGING / CURTAIN,0.62,1.25,2.7142857142857144,8.425209274550589,222.57479072544942,0.01949431398480428,24.832195756570158,5.1545985403297845,1.0,Markdown / clear,79.36
45016,2.5392146649338887,139,75,9,80,DECORATIVE NET CANOPY LEOPARD,3.81,7.62,1.2857142857142858,3.264704569200714,210.73529543079928,0.0,20.31371731947111,6.8426668449681385,1.0,Markdown / clear,529.59
45013,2.5392146649338887,168,0,14,131,FOLDING SHOE TIDY,1.48,2.95,2.0,5.078429329867777,162.9215706701322,0.0,20.31371731947111,8.270273596796024,1.0,Markdown / clear,248.64
44091A,3.1040244695712698,75,0,12,50,BLUE CRUSOE CHECK LAMPSHADE,0.21,0.42,1.7142857142857142,5.321184804979319,69.67881519502068,0.0,24.832195756570158,3.020272582224483,0.6734241940748277,Markdown / clear,15.75
44091C,3.1040244695712698,110,50,11,70,MULTICOLOUR CRUSOE CHECK LAMPSHADE,0.21,0.42,1.5714285714285714,4.877752737897709,155.1222472621023,0.0,24.832195756570158,4.429733120595908,1.0,Markdown / clear,23.1
44092B,3.1040244695712698,58,0,11,38,BLUE WHITE PLASTIC RINGS LAMPSHADE,0.42,0.85,1.5714285714285714,4.877752737897709,53.12224726210229,0.0,24.832195756570158,2.3356774635869333,0.4452258211956444,Healthy,0.0
44092C,3.1040244695712698,53,0,14,43,PURPLE/COPPER HANGING LAMPSHADE,0.42,0.85,2.0,6.2080489391425395,46.79195106085746,0.0,24.832195756570158,2.1343259581053013,0.37810865270176713,Healthy,0.0
44217M,2.5392146649338887,1584,0,9,648,MULTICOLOUR FEATHERS CURTAIN,1.98,3.95,1.2857142857142858,3.264704569200714,1580.7352954307994,0.0,20.31371731947111,77.97686534121965,1.0,Markdown / clear,3136.32
44228,3.1040244695712698,559,0,20,371,CANNABIS LEAF BEAD CURTAIN,0.42,0.85,2.857142857142857,8.8686413416322,550.1313586583678,0.0,24.832195756570158,22.511098312846478,1.0,Markdown / clear,234.78
44230,2.5392146649338887,106,122,17,220,SQUARE MIRROR CURTAIN,3.98,7.95,2.4285714285714284,6.166664186268015,221.833335813732,0.0,20.31371731947111,5.218148817026062,1.0,Markdown / clear,421.88
44234,8.523539766895652,627,664,18,859,ASSORTED CIRCULAR MOBILE,0.1,0.21,2.5714285714285716,21.917673686303107,1269.082326313697,0.0,68.18831813516522,9.195123404527138,1.0,Markdown / clear,62.7
44235,6.40646822081556,1248,719,9,824,ASS COL CIRCLE MOBILE,0.21,0.42,1.2857142857142858,8.236887712477149,1958.7631122875227,0.0,51.25174576652448,24.350390046911183,1.0,Markdown / clear,262.08
44236,2.5392146649338887,149,0,17,133,PINK/PURPLE CIRCLE CURTAIN,2.33,4.65,2.4285714285714284,6.166664186268015,142.833335813732,0.0,20.31371731947111,7.334945035253615,1.0,Markdown / clear,347.17
44241C,3.1040244695712698,388,0,19,312,BLUE BUTTERFLY ON SPRING,0.42,0.85,2.7142857142857144,8.425209274550589,379.5747907254494,0.0,24.832195756570158,15.624876825374658,1.0,Markdown / clear,162.96
44242A,3.1040244695712698,194,0,9,98,LILAC FEATHERS CURTAIN,0.51,1.02,1.2857142857142858,3.99088860373449,190.0091113962655,0.0,24.832195756570158,7.812438412687329,1.0,Markdown / clear,98.94
44242B,3.1040244695712698,368,0,18,307,PINK FEATHERS CURTAIN,0.62,1.25,2.5714285714285716,7.98177720746898,360.018222792531,0.0,24.832195756570158,14.81947080344813,1.0,Markdown / clear,228.16
44265,2.5392146649338887,51,0,12,29,M/COLOUR POM-POM CURTAIN,2.12,4.25,1.7142857142857142,4.352939425600952,46.64706057439905,0.0,20.31371731947111,2.5106187704559355,0.5035395901519785,Markdown / clear,108.12
45008C,2.5392146649338887,66,37,18,73,DECORATIVE NET CANOPY CREAM,4.47,8.95,2.5714285714285716,6.529409138401428,96.47059086159857,0.0,20.31371731947111,3.249036055884152,0.7496786852947173,Markdown / clear,295.02
37483,2.527455328645957,923,0,21,694,ENGLISH ROSE MUG IN GIFT BOX,1.27,2.55,3.0,7.582365985937871,915.4176340140622,0.0,20.219642629167655,45.64868019321642,1.0,Markdown / clear,1172.21
46775D,2.5392146649338887,0,59,18,52,SUNSET COLOUR CHUNKY KNITTED THROW,5.51,11.02,2.5714285714285716,6.529409138401428,52.47059086159857,0.0,20.31371731947111,0.0,0.0,Healthy,0.0
37482P,2.527455328645957,86,270,20,335,CUBIC MUG PINK POLKADOT,1.27,2.55,2.857142857142857,7.221300938988448,348.77869906101154,0.0,20.219642629167655,4.253289812152343,1.0,Markdown / clear,109.22
35995,3.1040244695712698,24,0,14,14,SET/6 BLACK GLITTER REINDEER CANDLE,0.19,0.42,2.0,6.2080489391425395,17.79195106085746,0.0,24.832195756570158,0.9664872263118346,0.0,Healthy,0.0
37112,2.5392146649338887,71,0,14,43,YELLOW BIRDS FELT DES FOODCOVER,1.88,3.75,2.0,5.078429329867777,65.92157067013223,0.0,20.31371731947111,3.4951751510268907,0.8317250503422969,Markdown / clear,133.48
37326,696.9386485590073,33,0,21,21,FAIRY DESIGN MUGS,1.15,2.3,3.0,2090.815945677022,-2057.815945677022,1.0,5575.509188472059,0.005918741927325832,0.0,Reorder now,4808.88
37327,6.12498704852096,0,758,13,459,ASSTD MULTICOLOUR CIRCLES MUG,0.21,0.42,1.8571428571428572,11.374975947253212,746.6250240527468,0.0,48.99989638816768,0.0,0.0,Healthy,0.0
37330,4.047265063361509,355,288,11,310,SPOTS MUG,0.98,1.95,1.5714285714285714,6.359987956710943,636.6400120432891,0.0,32.378120506892074,10.964194166997245,1.0,Markdown / clear,347.9
35991,3.1040244695712698,133,236,14,181,SET/6 BLACK SNOWFLAKE T-LIGHTS,0.21,0.42,2.0,6.2080489391425395,362.79195106085746,0.0,24.832195756570158,5.355950045811417,1.0,Markdown / clear,27.93
37333,2.5392146649338887,103,89,21,116,"RETRO ""TEA FOR ONE""",2.48,4.95,3.0,7.617643994801666,184.38235600519835,0.0,20.31371731947111,5.070465359940419,1.0,Markdown / clear,255.44
37342,2.527455328645957,0,460,14,350,POLKADOT COFFEE CUP & SAUCER PINK,1.23,2.46,2.0,5.054910657291914,454.94508934270806,0.0,20.219642629167655,0.0,0.0,Healthy,0.0
37343,4.047265063361509,0,423,14,286,SPOTS DESIGN MUG W PINK INSIDE,0.82,1.65,2.0,8.094530126723019,414.90546987327696,0.0,32.378120506892074,0.0,0.0,Healthy,0.0
37345,4.047265063361509,1682,0,14,1161,ASSTD HEARTS DESIGN MUGS,0.98,1.95,2.0,8.094530126723019,1673.905469873277,0.0,32.378120506892074,51.94866081377287,1.0,Markdown / clear,1648.36
37348,2.527455328645957,71,0,20,53,SET OF 4 PASTEL STACKING MUGS,1.27,2.55,2.857142857142857,7.221300938988448,63.77869906101155,0.0,20.219642629167655,3.511436937939725,0.8371456459799083,Markdown / clear,90.17
37351,4.047265063361509,17479,0,13,16001,ORANGE FLOWER MUG,0.62,1.25,1.8571428571428572,7.51634940338566,17471.483650596616,0.0,32.378120506892074,539.8398587181546,1.0,Markdown / clear,10836.98
37352,4.047265063361509,31724,0,21,27081,BIRD IN TREE MUG,0.62,1.25,3.0,12.141795190084528,31711.858204809916,0.0,32.378120506892074,979.7974528276637,1.0,Markdown / clear,19668.88
37340,50.50000512120372,0,4752,8,3451,MULTICOLOUR SPRING FLOWER MUG,0.42,0.85,1.1428571428571428,57.714291567089965,4694.28570843291,0.0,404.00004096962977,0.0,0.0,Healthy,0.0
37370,5.990905336668694,0,744,8,440,RETRO COFFEE MUGS ASSORTED,0.62,1.25,1.1428571428571428,6.846748956192793,737.1532510438072,0.0,47.927242693349555,0.0,0.0,Healthy,0.0
35981C,3.1040244695712698,40,364,14,266,WHITE SNOW SCANDINAVIAN STOCKING,0.19,0.38,2.0,6.2080489391425395,397.79195106085746,0.0,24.832195756570158,1.6108120438530575,0.20360401461768585,Healthy,0.0
35980B,3.1040244695712698,42,0,8,16,RED TOP SCANDINAVIAN HEART,0.19,0.38,1.1428571428571428,3.5474565366528794,38.45254346334712,0.0,24.832195756570158,1.6913526460457105,0.2304508820152368,Healthy,0.0
35963,3.1040244695712698,283,0,17,224,FOLKART ZINC CLIP ON ANGEL WINGS,0.19,0.38,2.4285714285714284,7.538345140387369,275.4616548596126,0.0,24.832195756570158,11.396495210260383,1.0,Markdown / clear,53.77
35964,63.409507902073194,0,398,9,222,FOLKART CLIP ON STARS,0.42,0.83,1.2857142857142858,81.5265101598084,316.47348984019163,0.0,507.27606321658556,0.0,0.0,Healthy,0.0
35965,3.3726285907061757,0,146,13,97,FOLKART HEART NAPKIN RINGS,1.56,3.12,1.8571428571428572,6.263453097025755,139.73654690297425,0.0,26.981028725649406,0.0,0.0,Healthy,0.0
35966,3.1040244695712698,381,173,19,293,FOLKART CHRISTMAS TREE T-LIGHT HOLD,0.17,0.38,2.7142857142857144,8.425209274550589,545.5747907254494,0.0,24.832195756570158,15.342984717700373,1.0,Markdown / clear,64.77
35967,33.695134897467156,0,153,10,149,FOLK ART METAL STAR T-LIGHT HOLDER,0.19,0.38,1.4285714285714286,48.13590699638165,104.86409300361835,0.29621414091531306,269.56107917973725,0.0,0.0,Healthy,0.0
35968,5.679495763838708,127,410,18,308,FOLK ART METAL HEART T-LIGHT HOLDER,0.19,0.38,2.5714285714285716,14.604417678442394,522.3955823215576,0.0,45.435966110709664,2.795142502099564,0.598380834033188,Markdown / clear,24.13
35980C,3.1040244695712698,222,245,15,355,REDWHITE STRIPE SCANDINAVIAN HEART,0.19,0.38,2.142857142857143,6.65148100622415,460.3485189937758,0.0,24.832195756570158,8.94000684338447,1.0,Markdown / clear,42.18
35969,3.1040244695712698,91,258,17,234,FOLKART CROWN TABLE DECORATIONS,0.82,1.65,2.4285714285714284,7.538345140387369,341.4616548596126,0.0,24.832195756570158,3.664597399765706,0.8881991332552354,Markdown / clear,74.62
35971,18.863178115319183,0,351,9,246,ROSE FOLKART HEART DECORATIONS,0.62,1.25,1.2857142857142858,24.252657576838953,326.74734242316106,0.0,150.90542492255346,0.0,0.0,Healthy,0.0
35972,3.1040244695712698,10,191,17,168,DAISY FOLKART HEART DECORATION,0.62,1.25,2.4285714285714284,7.538345140387369,193.46165485961262,0.0,24.832195756570158,0.4027030109632644,0.0,Healthy,0.0
35973,3.1040244695712698,143,0,21,128,GERANIUM FOLKART HEART DECORATION,0.62,1.25,3.0,9.31207340871381,133.68792659128619,0.0,24.832195756570158,5.758653056774681,1.0,Markdown / clear,88.66
35979,2.5392146649338887,188,74,19,134,SIX STRING SCANDINAVIAN HEART DECS,1.48,2.95,2.7142857142857144,6.8921540905348415,255.10784590946517,0.0,20.31371731947111,9.254829977366978,1.0,Markdown / clear,278.24
35970,251.4117863351491,0,1078,20,1074,ZINC FOLKART SLEIGH BELLS,0.84,1.69,2.857142857142857,718.3193895289974,359.68061047100264,0.665101852447856,2011.2942906811927,0.0,0.0,Reorder now,1213.96
37379A,2.527455328645957,76,0,18,70,PINK CHERRY BLOSSOM CUP & SAUCER,5.51,11.02,2.5714285714285716,6.499170845089604,69.50082915491039,0.00713101207270872,20.219642629167655,3.758721229343931,0.9195737431146437,Markdown / clear,418.76
37379B,4.047265063361509,13803,0,15,9683,BLUE CHERRY BLOSSOM CUP & SAUCER,0.62,1.25,2.142857142857143,8.672710850060376,13794.32728914994,0.0,32.378120506892074,426.30640024524786,1.0,Markdown / clear,8557.86
37399,4.047265063361509,793,0,10,459,"ASS RETROSPOOF MUGS,SPORTS",0.62,1.25,1.4285714285714286,5.781807233373585,787.2181927666264,0.0,32.378120506892074,24.49184781529244,1.0,Markdown / clear,491.66
37461,4.047265063361509,8,324,18,304,FUNKY MONKEY MUG,0.62,1.25,2.5714285714285716,10.407253020072453,321.59274697992754,0.0,32.378120506892074,0.2470804319323323,0.0,Healthy,0.0
37462B,4.047265063361509,221,89,18,184,"PET MUG, BUDGIE",0.42,0.84,2.5714285714285716,10.407253020072453,299.59274697992754,0.0,32.378120506892074,6.82559693213068,1.0,Markdown / clear,92.82
37462E,8.872799858768664,136,65,20,124,"PET MUG, GOLDFISH",0.42,0.83,2.857142857142857,25.35085673933904,175.64914326066096,0.0,70.98239887014931,1.9159679323995482,0.3053226441331827,Healthy,0.0
37464,4.047265063361509,20,155,13,106,ROBOT MUG IN DISPLAY BOX,0.62,1.25,1.8571428571428572,7.51634940338566,167.48365059661435,0.0,32.378120506892074,0.6177010798308308,0.0,Healthy,0.0
37467,4.991641859417759,52,154,13,103,PIG MUG IN TWO COLOUR DESIGNS,2.08,4.17,1.8571428571428572,9.270192024632982,196.729807975367,0.0,39.93313487534207,1.3021767552767058,0.10072558509223528,Healthy,0.0
37468,4.047265063361509,124,0,16,118,HARDMAN MUG 3 ASSORTED,0.2,0.39,2.2857142857142856,9.250891573397736,114.74910842660226,0.027549928588116446,32.378120506892074,3.829746694951151,0.9432488983170503,Markdown / clear,24.8
37471,3.3608692544182444,3261,0,9,2683,MULTICOLOUR DOTS PLATE,1.87,3.74,1.2857142857142858,4.321117612823457,3256.6788823871766,0.0,26.886954035345955,121.28558689515536,1.0,Markdown / clear,6098.07
37475,4.10704150371209,4,54,18,41,SET/4 COLOURFUL MIXING BOWLS,4.97,9.95,2.5714285714285716,10.560963866688233,47.43903613331177,0.0,32.85633202969672,0.12174213470890961,0.0,Healthy,0.0
37476,2.527455328645957,18,98,16,85,CONDIMENT TRAY 4 BOWLS AND 4 SPOONS,4.97,9.95,2.2857142857142856,5.777040751190758,110.22295924880925,0.0,20.219642629167655,0.8902234490551415,0.0,Healthy,0.0
37477B,2.527455328645957,29,0,11,21,"FLOWER FAIRY MUG+COASTER,LAVENDER",1.88,3.75,1.5714285714285714,3.9717155164436466,25.028284483556355,0.0,20.219642629167655,1.4342488901443946,0.14474963004813154,Healthy,0.0
37479B,4.047265063361509,1360,812,13,1215,CUBIC MUG FLOCK BLUE ON BROWN,0.41,0.82,1.8571428571428572,7.51634940338566,2164.4836505966146,0.0,32.378120506892074,42.00367342849649,1.0,Markdown / clear,557.6
37479P,7.009587404226625,111,80,16,120,CUBIC MUG FLOCK PINK ON BROWN,0.2,0.39,2.2857142857142856,16.021914066803713,174.9780859331963,0.0,56.076699233813,1.9794317696407757,0.3264772565469252,Healthy,0.0
37474,2.527455328645957,19,23,19,38,SET/4 2 TONE EGG SHAPE MIXING BOWLS,4.97,9.95,2.7142857142857144,6.860235892039026,35.13976410796097,0.07526936557997443,20.219642629167655,0.9396803073359827,0.0,Healthy,0.0
37450,11.407263518760667,0,288,17,228,CERAMIC CAKE BOWL + HANGING CAKES,1.48,2.95,2.4285714285714284,27.70335425984733,260.29664574015266,0.0,91.25810815008533,0.0,0.0,Healthy,0.0
37449,13.048325472950738,0,387,19,268,CERAMIC CAKE STAND + HANGING CAKES,4.97,9.95,2.7142857142857144,35.416883426580576,351.58311657341943,0.0,104.3866037836059,0.0,0.0,Healthy,0.0
37448,36.00634385890374,0,466,19,399,CERAMIC CAKE DESIGN SPOTTED MUG,0.74,1.49,2.7142857142857144,97.73150475988159,368.2684952401184,0.07702131518767319,288.0507508712299,0.0,0.0,Healthy,0.0
37409,4.047265063361509,82,0,17,55,ASSORTED DESIGN FLOWER MUGS,0.42,0.85,2.4285714285714284,9.829072296735093,72.17092770326491,0.0,32.378120506892074,2.532574427306406,0.5108581424354687,Markdown / clear,34.44
37410,4.047265063361509,56875,25542,16,42596,BLACK AND WHITE PAISLEY FLOWER MUG,0.62,1.25,2.2857142857142856,9.250891573397736,82407.74910842661,0.0,32.378120506892074,1756.587445768925,1.0,Markdown / clear,35262.5
37413,31.729597695535848,40,430,16,318,ICON MUG REVOLUTIONARY,0.2,0.39,2.2857142857142856,72.52479473265336,397.4752052673466,0.0,253.83678156428678,0.15758157566250733,0.0,Healthy,0.0
37422,4.047265063361509,0,307,7,192,WHITE WITH BLACK CATS BOWL,0.83,1.66,1.0,4.047265063361509,302.9527349366385,0.0,32.378120506892074,0.0,0.0,Healthy,0.0
37423,4.047265063361509,3644,3067,15,5179,WHITE WITH BLACK CATS PLATE,0.83,1.66,2.142857142857143,8.672710850060376,6702.32728914994,0.0,32.378120506892074,112.54513674517737,1.0,Markdown / clear,3024.52
37424,4.047265063361509,2383,3020,21,3742,WHITE WITH BLACK CATS MUG,0.83,1.66,3.0,12.141795190084528,5390.858204809915,0.0,32.378120506892074,73.59908366184348,1.0,Markdown / clear,1977.89
37441,3.7587304119747005,352,448,14,395,ASSORTED WHITE EMBOSSED CHINA MUGS,1.05,2.1,2.0,7.517460823949401,792.4825391760506,0.0,30.069843295797604,11.706080292383618,1.0,Markdown / clear,369.6
37444A,2.527455328645957,2899,1337,20,3367,YELLOW BREAKFAST CUP AND SAUCER,1.48,2.95,2.857142857142857,7.221300938988448,4228.778699061011,0.0,20.219642629167655,143.37543215615864,1.0,Markdown / clear,4290.52
37444B,2.527455328645957,3375,1992,11,2311,BLUE BREAKFAST CUP AND SAUCER,1.48,2.95,1.5714285714285714,3.9717155164436466,5363.0282844835565,0.0,20.219642629167655,166.91689669783904,1.0,Markdown / clear,4995.0
37444C,2.527455328645957,1140,843,14,1458,PINK BREAKFAST CUP AND SAUCER,2.96,5.91,2.0,5.054910657291914,1977.9450893427081,0.0,20.219642629167655,56.38081844015896,1.0,Markdown / clear,3374.4
37446,26.172296059183466,0,533,17,425,MINI CAKE STAND WITH HANGING CAKES,0.72,1.45,2.4285714285714284,63.561290429445556,469.43870957055447,0.0,209.37836847346773,0.0,0.0,Healthy,0.0
37447,26.904993591273843,0,170,7,133,CERAMIC CAKE DESIGN SPOTTED PLATE,0.74,1.49,1.0,26.904993591273843,143.09500640872616,0.0,215.23994873019075,0.0,0.0,Healthy,0.0
37482B,2.527455328645957,4043,0,17,3541,CUBIC MUG BLUE POLKA DOT,1.27,2.55,2.4285714285714284,6.138105798140181,4036.8618942018597,0.0,20.219642629167655,199.95407802944095,1.0,Markdown / clear,5134.61
46775E,2.5392146649338887,88,57,15,80,CANDY POP CHUNKY KNITTED THROW,5.51,11.02,2.142857142857143,5.44117428200119,139.55882571799881,0.0,20.31371731947111,4.332048074512202,1.0,Markdown / clear,484.88
46776A,9.636058502672462,5,185,18,161,WOVEN BUBBLE GUM CUSHION COVER,2.06,4.13,2.5714285714285716,24.778436149729192,165.2215638502708,0.0,77.0884680213797,0.06486054436330609,0.0,Healthy,0.0
46776B,11.419022855048599,0,130,8,81,WOVEN BERRIES CUSHION COVER,2.1,4.21,1.1428571428571428,13.050311834341255,116.94968816565874,0.0,91.35218284038879,0.0,0.0,Healthy,0.0
48175,2.5392146649338887,757,0,16,485,DOOR MAT CAMOUFLAGE,2.51,5.02,2.2857142857142856,5.803919234134602,751.1960807658654,0.0,20.31371731947111,37.26545900461065,1.0,Markdown / clear,1900.07
48179,2.5392146649338887,136,0,16,98,DOOR MAT SWEET HOME,3.38,6.75,2.2857142857142856,5.803919234134602,130.1960807658654,0.0,20.31371731947111,6.694983387882495,1.0,Markdown / clear,459.68
48184,34.80143187426087,0,563,21,465,DOORMAT ENGLISH ROSE,3.98,7.95,3.0,104.40429562278261,458.5957043772174,0.013772678758672274,278.41145499408697,0.0,0.0,Healthy,0.0
48185,32.953582419353886,0,558,13,534,DOORMAT FAIRY CAKE,3.98,7.95,1.8571428571428572,61.1995102073715,496.80048979262847,0.06966200413365453,263.6286593548311,0.0,0.0,Healthy,0.0
48187,60.07916164840738,0,432,12,424,DOORMAT NEW ENGLAND,3.74,7.49,1.7142857142857142,102.99284854012693,329.00715145987306,0.2240397371229409,480.633293187259,0.0,0.0,Healthy,0.0
48188,11.822184466091855,0,713,21,608,DOORMAT WELCOME PUPPIES,3.98,7.95,3.0,35.466553398275565,677.5334466017244,0.0,94.57747572873484,0.0,0.0,Healthy,0.0
48173C,20.52311767316775,0,577,19,576,DOORMAT BLACK FLOCK,3.98,7.95,2.7142857142857144,55.705605112883894,521.2943948871161,0.09497500887653443,164.184941385342,0.0,0.0,Healthy,0.0
48189,2.5392146649338887,0,417,15,313,DOOR MAT FRIENDSHIP,3.74,7.49,2.142857142857143,5.44117428200119,411.5588257179988,0.0,20.31371731947111,0.0,0.0,Healthy,0.0
48195,2.5392146649338887,54,137,11,127,DOOR MAT GREEN PAISLEY,3.74,7.49,1.5714285714285714,3.990194473467539,187.00980552653246,0.0,20.31371731947111,2.658302227541579,0.5527674091805262,Markdown / clear,201.96
48197,2.5392146649338887,0,283,10,184,DOOR MAT BIRD ON THE WIRE,3.74,7.49,1.4285714285714286,3.627449521334127,279.37255047866586,0.0,20.31371731947111,0.0,0.0,Healthy,0.0
51008,5.77225854611063,0,1126,9,692,AFGHAN SLIPPER SOCK PAIR,1.72,3.45,1.2857142857142858,7.421475273570811,1118.5785247264291,0.0,46.17806836888504,0.0,0.0,Healthy,0.0
51012C,3.1040244695712698,237,126,10,155,"FEATHER DUSTER, COAL BLACK",0.62,1.25,1.4285714285714286,4.4343206708161,358.5656793291839,0.0,24.832195756570158,9.544061359829366,1.0,Markdown / clear,146.94
51012L,3.1040244695712698,46,0,9,22,"FEATHER DUSTER, LIGHT PINK",0.62,1.25,1.2857142857142858,3.99088860373449,42.00911139626551,0.0,24.832195756570158,1.8524338504310163,0.28414461681033876,Healthy,0.0
51014A,124.1420064287262,0,1079,18,799,"FEATHER PEN,HOT PINK",0.46,0.83,2.5714285714285716,319.22230224529596,759.777697754704,0.04908923935581477,993.1360514298096,0.0,0.0,Healthy,0.0
48194,38.427414820645346,0,610,16,532,DOORMAT HEARTS,3.98,7.95,2.2857142857142856,87.83409101861793,522.165908981382,0.01848513349364278,307.41931856516277,0.0,0.0,Healthy,0.0
51014C,106.77456870472099,0,293,7,289,"FEATHER PEN,COAL BLACK",0.46,0.83,1.0,106.77456870472099,186.225431295279,0.3556213449990345,854.1965496377679,0.0,0.0,Healthy,0.0
48129,12.151720387138978,0,312,13,300,DOORMAT TOPIARY,3.98,7.95,1.8571428571428572,22.567480718972387,289.4325192810276,0.035224935729907925,97.21376309711182,0.0,0.0,Healthy,0.0
47591D,95.93143894034547,0,608,10,334,PINK FAIRY CAKE CHILDRENS APRON,0.98,1.95,1.4285714285714286,137.0449127719221,470.9550872280779,0.0,767.4515115227638,0.0,0.0,Healthy,0.0
47592A,3.1040244695712698,0,127,9,66,CAROUSEL DES CHILD'S OVERALL,0.83,1.66,1.2857142857142858,3.99088860373449,123.00911139626551,0.0,24.832195756570158,0.0,0.0,Healthy,0.0
47592B,2.8154898181844623,79,39,18,66,SCOTTIES DESIGN CHILD'S OVERALL,1.05,2.1,2.5714285714285716,7.239830961045761,110.76016903895425,0.0,22.5239185454757,3.5073826004342594,0.8357942001447531,Markdown / clear,82.95
47593A,3.1040244695712698,0,74,8,53,CAROUSEL DESIGN BABY BIB,0.42,0.85,1.1428571428571428,3.5474565366528794,70.45254346334713,0.0,24.832195756570158,0.0,0.0,Healthy,0.0
47593B,47.00986500543889,0,445,19,318,SCOTTIE DOGS BABY BIB,0.42,0.83,2.7142857142857144,127.59820501476271,317.4017949852373,0.0018811478451656871,376.0789200435111,0.0,0.0,Healthy,0.0
47594A,4.435574205436875,0,112,18,93,CAROUSEL DESIGN WASHBAG,0.98,1.95,2.5714285714285716,11.405762242551965,100.59423775744804,0.0,35.484593643495,0.0,0.0,Healthy,0.0
48138,45.191035063081706,0,827,18,618,DOORMAT UNION FLAG,3.74,7.49,2.5714285714285716,116.20551873363868,710.7944812663613,0.0,361.52828050465365,0.0,0.0,Healthy,0.0
47594B,3.6021602796645866,0,122,21,119,SCOTTIES DESIGN WASHBAG,0.98,1.95,3.0,10.80648083899376,111.19351916100624,0.06560067931927538,28.817282237316693,0.0,0.0,Healthy,0.0
47598,3.1040244695712698,170,82,20,137,NEW ENGLAND EGG WARMER,0.28,0.55,2.857142857142857,8.8686413416322,243.1313586583678,0.0,24.832195756570158,6.845951186375495,1.0,Markdown / clear,47.6
47599A,13.723211009086924,0,693,8,413,PINK PARTY BAGS,1.05,2.1,1.1428571428571428,15.68366972467077,677.3163302753293,0.0,109.7856880726954,0.0,0.0,Healthy,0.0
47599B,32.43212261664949,0,752,20,539,BLUE PARTY BAGS,1.05,2.1,2.857142857142857,92.6632074761414,659.3367925238585,0.0,259.4569809331959,0.0,0.0,Healthy,0.0
48103,2.5392146649338887,94,0,9,60,DOOR MAT KISS MY.......,3.74,7.49,1.2857142857142858,3.264704569200714,90.73529543079928,0.0,20.31371731947111,4.627414988683489,1.0,Markdown / clear,351.56
48111,15.804861841943888,0,458,11,341,DOORMAT 3 SMILEY CATS,3.74,7.49,1.5714285714285714,24.836211465911823,433.16378853408816,0.0,126.4388947355511,0.0,0.0,Healthy,0.0
48116,8.401596685341437,0,414,8,282,DOORMAT MULTICOLOUR STRIPE,3.74,7.49,1.1428571428571428,9.601824783247356,404.39817521675263,0.0,67.21277348273149,0.0,0.0,Healthy,0.0
47597,3.1040244695712698,0,106,17,83,NEW ENGLAND TEATOWELS,0.83,1.66,2.4285714285714284,7.538345140387369,98.46165485961264,0.0,24.832195756570158,0.0,0.0,Healthy,0.0
51014L,83.40368191272772,0,551,16,497,"FEATHER PEN,LIGHT PINK",0.42,0.83,2.2857142857142856,190.63698722909191,360.3630127709081,0.27492351555149275,667.2294553018218,0.0,0.0,Healthy,0.0
51020A,3.1040244695712698,641,445,21,1015,SUMMER FUN DESIGN SHOWER CAP,0.62,1.25,3.0,9.31207340871381,1076.6879265912862,0.0,24.832195756570158,25.81326300274525,1.0,Markdown / clear,397.42
51020B,3.1040244695712698,281,477,18,614,STRIPY DESIGN SHOWER CAP,0.62,1.25,2.5714285714285716,7.98177720746898,750.018222792531,0.0,24.832195756570158,11.31595460806773,1.0,Markdown / clear,174.22
71215,3.1040244695712698,521,0,21,463,METAL BASE FOR CANDLES,0.21,0.42,3.0,9.31207340871381,511.6879265912862,0.0,24.832195756570158,20.980826871186075,1.0,Markdown / clear,109.41
71270,8.103018712626,0,159,19,141,PHOTO CLIP LINE,0.62,1.25,2.7142857142857144,21.99390793427057,137.00609206572943,0.02832558818631603,64.824149701008,0.0,0.0,Healthy,0.0
71279,5.00340119570569,0,112,13,71,PINK GLASS CANDLEHOLDER,1.48,2.95,1.8571428571428572,9.292030792024853,102.70796920797514,0.0,40.02720956564552,0.0,0.0,Healthy,0.0
71403,3.3726285907061757,0,82,10,44,"PINK/WHITE ""KEEP CLEAN"" BULLET BIN",2.9,5.79,1.4285714285714286,4.818040843865965,77.18195915613404,0.0,26.981028725649406,0.0,0.0,Healthy,0.0
71406C,12.246573575595155,129,84,21,165,BLACK ORANGE SQUEEZER,0.21,0.42,3.0,36.739720726785464,176.26027927321454,0.0,97.97258860476124,1.3166948208381921,0.10556494027939738,Healthy,0.0
71434B,2.5392146649338887,24,0,11,11,"BLACK RND BULLET""KEEP CLEAN"" BIN",1.27,2.55,1.5714285714285714,3.990194473467539,20.00980552653246,0.0,20.31371731947111,1.181467656685146,0.06048921889504869,Healthy,0.0
71143,2.5392146649338887,0,133,17,117,SILVER BOOK MARK WITH BEADS,1.25,2.51,2.4285714285714284,6.166664186268015,126.83333581373199,0.0,20.31371731947111,0.0,0.0,Healthy,0.0
71459,160.00088654805347,0,2554,12,1522,HANGING JAM JAR T-LIGHT HOLDER,0.42,0.85,1.7142857142857142,274.2872340823774,2279.7127659176226,0.0,1280.0070923844278,0.0,0.0,Healthy,0.0
71495A,14.554720854351993,481,174,15,326,CD WALL TIDY BLUE OFFICE,0.42,0.83,2.142857142857143,31.188687545039986,623.81131245496,0.0,116.43776683481595,4.1309620845130866,1.0,Markdown / clear,202.02
71495B,16.195782808542063,558,246,10,316,CD WALL TIDY RED FLOWERS,0.21,0.42,1.4285714285714286,23.13683258363152,780.8631674163685,0.0,129.5662624683365,4.306676671609359,1.0,Markdown / clear,117.18
71496A,3.1040244695712698,406,235,7,213,A4 WALL TIDY BLUE OFFICE,0.73,1.46,1.0,3.1040244695712698,637.8959755304287,0.0,24.832195756570158,16.349742245108533,1.0,Markdown / clear,296.38
71496B,3.1040244695712698,66,0,13,45,A4 WALL TIDY RED FLOWERS,0.3,0.59,1.8571428571428572,5.764616872060929,60.23538312793907,0.0,24.832195756570158,2.657839872357545,0.5526132907858483,Markdown / clear,19.8
71510,4.435574205436875,514,161,21,370,SQUARE METAL CANDLEHOLDER BASE,0.42,0.85,3.0,13.306722616310626,661.6932773836894,0.0,35.484593643495,14.485159536108311,1.0,Markdown / clear,215.88
72008,3.1040244695712698,0,963,13,620,FROSTED BOX 9 WHITE T-LIGHT CANDLES,0.21,0.42,1.8571428571428572,5.764616872060929,957.235383127939,0.0,24.832195756570158,0.0,0.0,Healthy,0.0
71477,226.9428553418282,0,1851,21,1675,COLOUR GLASS. STAR T-LIGHT HOLDER,1.62,3.25,3.0,680.8285660254846,1170.1714339745154,0.3013901886719311,1815.5428427346255,0.0,0.0,Healthy,0.0
71101E,8.835716244716378,186,464,11,268,STANDING FAIRY POLE SUPPORT,0.42,0.85,1.5714285714285714,13.88469695598288,636.1153030440171,0.0,70.68572995773103,2.6313656251583613,0.5437885417194538,Markdown / clear,78.12
71053,33.08099950248457,0,526,18,354,WHITE METAL LANTERN,1.88,3.75,2.5714285714285716,85.0654272921032,440.9345727078968,0.0,264.6479960198766,0.0,0.0,Healthy,0.0
62018,67.48623157550234,0,2591,13,2251,SOMBRERO,0.98,1.95,1.8571428571428572,125.33157292593293,2465.668427074067,0.0,539.8898526040188,0.0,0.0,Healthy,0.0
62043B,3.1040244695712698,102,0,7,73,BLUE CHECK BAG W HANDLE 34X20CM,0.62,1.24,1.0,3.1040244695712698,98.89597553042873,0.0,24.832195756570158,4.107570711825296,1.0,Markdown / clear,63.24
62074B,4.047265063361509,97,0,19,85,ELEPHANT CLIP W SUCTION CUP,0.21,0.42,2.7142857142857144,10.98543374340981,86.01456625659019,0.0,32.378120506892074,2.9958502371795293,0.6652834123931765,Markdown / clear,20.37
62086A,3.1040244695712698,102,73,7,62,PINK RETRO BIG FLOWER BAG,0.98,1.95,1.0,3.1040244695712698,171.89597553042873,0.0,24.832195756570158,4.107570711825296,1.0,Markdown / clear,99.96
62094B,2.5392146649338887,91,175,17,150,TURQ ICE CREAM BUM BAG,2.53,5.06,2.4285714285714284,6.166664186268015,259.833335813732,0.0,20.31371731947111,4.479731531597846,1.0,Markdown / clear,230.23
62095B,3.1040244695712698,623,243,17,455,TURQOISE ICE CREAM SUNHAT,0.84,1.69,2.4285714285714284,7.538345140387369,858.4616548596126,0.0,24.832195756570158,25.08839758301137,1.0,Markdown / clear,523.32
62096A,3.1040244695712698,0,151,9,80,PINK/YELLOW FLOWERS HANDBAG,0.98,1.95,1.2857142857142858,3.99088860373449,147.0091113962655,0.0,24.832195756570158,0.0,0.0,Healthy,0.0
62096B,3.1040244695712698,6,111,18,99,PURPLE/TURQ FLOWERS HANDBAG,0.98,1.95,2.5714285714285716,7.98177720746898,109.01822279253102,0.0,24.832195756570158,0.24162180657795865,0.0,Healthy,0.0
62097A,2.5392146649338887,21,0,9,9,PINK STRIPES SHOULDER BAG,1.48,2.95,1.2857142857142858,3.264704569200714,17.735295430799287,0.0,20.31371731947111,1.033784199599503,0.011261399866500987,Healthy,0.0
62097B,3.1040244695712698,63,0,10,35,BLUE STRIPES SHOULDER BAG,0.42,0.83,1.4285714285714286,4.4343206708161,58.5656793291839,0.0,24.832195756570158,2.5370289690685657,0.5123429896895219,Markdown / clear,26.46
70006,29.131424094106332,0,1427,19,1131,LOVE HEART POCKET WARMER,0.82,1.65,2.7142857142857144,79.07100825543148,1347.9289917445685,0.0,233.05139275285066,0.0,0.0,Healthy,0.0
70007,32.437156878095976,0,479,21,343,HI TEC ALPINE HAND WARMER,0.82,1.65,3.0,97.31147063428793,381.68852936571204,0.0,259.4972550247678,0.0,0.0,Healthy,0.0
71028B,3.1040244695712698,976,0,10,721,SILVER BLUE EGG T-LIGHT HOLDER,0.82,1.65,1.4285714285714286,4.4343206708161,971.5656793291839,0.0,24.832195756570158,39.30381387001461,1.0,Markdown / clear,800.32
71038,5.749573444999537,0,175,20,151,WHITE HANGING BEADS CANDLE HOLDER,2.72,5.45,2.857142857142857,16.427352699998675,158.57264730000134,0.0,45.99658755999629,0.0,0.0,Healthy,0.0
71050,13.373353832089535,201,0,20,153,SMALL SINGLE FLAME CANDLE HOLDER,0.18,0.35,2.857142857142857,38.209582377398675,162.79041762260132,0.0,106.98683065671628,1.8787359039070841,0.292911967969028,Healthy,0.0
47591C,4.047265063361509,0,309,17,264,BLUE FAIRY CAKE CHILD'S APRON,0.98,1.95,2.4285714285714284,9.829072296735093,299.1709277032649,0.0,32.378120506892074,0.0,0.0,Healthy,0.0
47591B,3.1040244695712698,0,168,8,97,SCOTTIES CHILDRENS APRON,0.82,1.65,1.1428571428571428,3.5474565366528794,164.45254346334713,0.0,24.832195756570158,0.0,0.0,Healthy,0.0
47591A,3.1040244695712698,31,77,21,77,CAROUSEL DES CHILD'S APRON,0.82,1.65,3.0,9.31207340871381,98.68792659128619,0.0,24.832195756570158,1.2483793339861196,0.08279311132870652,Healthy,0.0
47590B,27.53342215326075,0,647,19,458,PINK HAPPY BIRTHDAY BUNTING,2.72,5.45,2.7142857142857144,74.73357441599347,572.2664255840066,0.0,220.267377226086,0.0,0.0,Healthy,0.0
47420,4.434116109959191,203,212,9,181,ASSORTED COLOUR SUCTION CUP HOOK,0.1,0.19,1.2857142857142858,5.701006427090388,409.29899357290964,0.0,35.472928879673525,5.722673780013744,1.0,Markdown / clear,20.3
47421,43.970509648013405,0,656,11,413,ASSORTED COLOUR LIZARD SUCTION HOOK,0.21,0.42,1.5714285714285714,69.09651516116392,586.9034848388361,0.0,351.76407718410724,0.0,0.0,Healthy,0.0
47422,12.137319285835146,0,350,9,315,ASSORTED MONKEY SUCTION CUP HOOK,0.21,0.42,1.2857142857142858,15.60512479607376,334.39487520392623,0.0,97.09855428668116,0.0,0.0,Healthy,0.0
47469,69.25500610009554,1030,672,11,966,ASSORTED SHAPES PHOTO CLIP SILVER,0.32,0.65,1.5714285714285714,108.82929530015014,1593.17070469985,0.0,554.0400488007643,1.8590713834306107,0.28635712781020356,Healthy,0.0
47471,7.381056729933315,117,252,12,189,RAINBOW PEGS PHOTO CLIP STRING,0.32,0.65,1.7142857142857142,12.65324010845711,356.3467598915429,0.0,59.04845383946652,1.9814236003212689,0.32714120010708964,Healthy,0.0
47480,14.330281331562242,0,395,8,237,HANGING PHOTO CLIP ROPE LADDER,0.82,1.65,1.1428571428571428,16.377464378928277,378.62253562107173,0.0,114.64225065249794,0.0,0.0,Healthy,0.0
47369B,3.3588500097890646,54,31,18,46,BLUE GREEN EMBROIDERY COSMETIC BAG,1.48,2.95,2.5714285714285716,8.637042882314738,76.36295711768526,0.0,26.870800078312516,2.0096163807040313,0.3365387935680104,Healthy,0.0
47481,5.750284124933803,44,115,7,146,50CM METAL STRING WITH  7 CLIPS,0.42,0.85,1.0,5.750284124933803,153.2497158750662,0.0,46.00227299947042,0.956474476826537,0.0,Healthy,0.0
47503A,49.83816907522305,0,577,17,488,ASS FLORAL PRINT MULTI SCREWDRIVER,0.21,0.42,2.4285714285714284,121.03555346839883,455.9644465316012,0.06564662595983362,398.7053526017844,0.0,0.0,Healthy,0.0
47503E,3.1040244695712698,14101,6777,11,10333,ASS FLORAL PRINT SCISSORS,0.62,1.25,1.5714285714285714,4.877752737897709,20873.1222472621,0.0,24.832195756570158,567.8515157592991,1.0,Markdown / clear,8742.62
47503F,3.1040244695712698,11589,0,19,10557,ASS FLORAL PRINT TORCH,0.82,1.65,2.7142857142857144,8.425209274550589,11580.57479072545,0.0,24.832195756570158,466.6925194053271,1.0,Markdown / clear,9502.98
47503G,3.1040244695712698,216,173,12,184,ASS FLORAL PRINT TAPE MEASURE,0.62,1.25,1.7142857142857142,5.321184804979319,383.67881519502066,0.0,24.832195756570158,8.698385036806512,1.0,Markdown / clear,133.92
47503H,9.879368772547982,60,89,20,89,ASS FLORAL PRINT SPIRIT LEVEL,0.98,1.95,2.857142857142857,28.226767921565663,120.77323207843433,0.0,79.03495018038386,0.7591578138919577,0.0,Healthy,0.0
47503J,2.5392146649338887,0,156,10,88,SET/3 FLORAL GARDEN TOOLS IN BAG,3.98,7.95,1.4285714285714286,3.627449521334127,152.3725504786659,0.0,20.31371731947111,0.0,0.0,Healthy,0.0
47502,2.5392146649338887,87,292,13,297,POLKADOT CUTLERY 24 PCS IN TRAY,6.38,12.75,1.8571428571428572,4.715684377734365,374.28431562226564,0.0,20.31371731947111,4.282820255483655,1.0,Markdown / clear,555.06
47369A,2.81727834435152,67,30,20,53,PINK GREEN EMBROIDERY COSMETIC BAG,1.48,2.95,2.857142857142857,8.049366698147201,88.9506333018528,0.0,22.53822675481216,2.9727272126985214,0.6575757375661738,Markdown / clear,99.16
47367B,2.5392146649338887,0,80,10,49,PAIR PADDED HANGERS PINK CHECK,1.68,3.36,1.4285714285714286,3.627449521334127,76.37255047866587,0.0,20.31371731947111,0.0,0.0,Healthy,0.0
47351B,2.5392146649338887,204,0,17,200,BLUE  VOILE LAMPSHADE,1.48,2.95,2.4285714285714284,6.166664186268015,197.833335813732,0.01083332093134004,20.31371731947111,10.042475081823742,1.0,Markdown / clear,301.92
46776C,11.419022855048599,0,138,19,108,WOVEN FROST CUSHION COVER,2.06,4.13,2.7142857142857144,30.994490606560486,107.00550939343951,0.009208246357041538,91.35218284038879,0.0,0.0,Healthy,0.0
46776D,6.721400537231336,0,69,10,35,WOVEN SUNSET CUSHION COVER,2.1,4.21,1.4285714285714286,9.602000767473337,59.397999232526665,0.0,53.77120429785069,0.0,0.0,Healthy,0.0
46776E,5.594620280736955,22,99,13,82,WOVEN CANDY CUSHION COVER,2.1,4.21,1.8571428571428572,10.390009092797204,110.6099909072028,0.0,44.75696224589564,0.4915436369236045,0.0,Healthy,0.0
46776F,16.213534244946867,0,176,13,121,WOVEN ROSE GARDEN CUSHION COVER,2.06,4.13,1.8571428571428572,30.110849312044184,145.8891506879558,0.0,129.70827395957494,0.0,0.0,Healthy,0.0
47013A,3.1040244695712698,185,93,19,149,WINE BOTTLE DRESSING LT.BLUE,0.14,0.29,2.7142857142857144,8.425209274550589,269.5747907254494,0.0,24.832195756570158,7.450005702820391,1.0,Markdown / clear,25.9
47013C,3.1040244695712698,97,79,11,86,WINE BOTTLE DRESSING DARK BLUE,0.14,0.29,1.5714285714285714,4.877752737897709,171.1222472621023,0.0,24.832195756570158,3.9062192063436645,0.9687397354478882,Markdown / clear,13.58
47016,2.8154898181844623,172,0,10,114,LIGHT DECORATION BATTERY OPERATED,1.05,2.1,1.4285714285714286,4.022128311692089,167.9778716883079,0.0,22.5239185454757,7.636326674363198,1.0,Markdown / clear,180.6
47021G,3.1040244695712698,148,165,12,295,SET/6 BEAD COASTERS GAUZE BAG GOLD,0.62,1.25,1.7142857142857142,5.321184804979319,307.67881519502066,0.0,24.832195756570158,5.960004562256313,1.0,Markdown / clear,91.76
47310M,28.007300955203846,0,177,12,114,SMALL POP BOX FUNKY MONKEY,0.82,1.63,1.7142857142857142,48.01251592320659,128.9874840767934,0.0,224.05840764163077,0.0,0.0,Healthy,0.0
47341A,3.1040244695712698,100,0,9,61,FUSCHIA TABLE RUN FLOWER,0.62,1.25,1.2857142857142858,3.99088860373449,96.00911139626551,0.0,24.832195756570158,4.027030109632644,1.0,Markdown / clear,62.0
47341B,5.313180986830003,54,0,9,50,BLUE TABLE RUN FLOWER,0.62,1.25,1.2857142857142858,6.831232697352861,47.16876730264714,0.05662465394705718,42.50544789464002,1.2704253848554188,0.09014179495180626,Healthy,0.0
47343A,3.1040244695712698,273,138,10,160,FUSCHIA FLOWER PURSE WITH BEADS,0.74,1.49,1.4285714285714286,4.4343206708161,406.5656793291839,0.0,24.832195756570158,10.993792199297118,1.0,Markdown / clear,202.02
47344B,3.1040244695712698,137,0,14,105,BLUE FLOWER DES PURSE,0.62,1.25,2.0,6.2080489391425395,130.79195106085746,0.0,24.832195756570158,5.517031250196722,1.0,Markdown / clear,84.94
47347B,3.1040244695712698,580,0,12,515,BLUE FLOWER T-LIGHT HOLDER,0.62,1.25,1.7142857142857142,5.321184804979319,574.6788151950207,0.0,24.832195756570158,23.356774635869336,1.0,Markdown / clear,359.6
47348A,3.1040244695712698,108,94,12,112,FUSCHIA VOILE POINTY SHOE DEC,0.2,0.39,1.7142857142857142,5.321184804979319,196.6788151950207,0.0,24.832195756570158,4.349192518403256,1.0,Markdown / clear,21.6
47503K,3.1040244695712698,5519,3078,15,4383,ASSORTED FLORAL SECATEURS,0.98,1.95,2.142857142857143,6.65148100622415,8590.348518993776,0.0,24.832195756570158,222.2517917506256,1.0,Markdown / clear,5408.62
72024U,3.1040244695712698,306,0,10,246,LILAC VOTIVE CANDLE,0.1,0.21,1.4285714285714286,4.4343206708161,301.5656793291839,0.0,24.832195756570158,12.322712135475891,1.0,Markdown / clear,30.6
47504E,3.1040244695712698,7551,4219,18,6289,ENGLISH ROSE SCISSORS,0.62,1.25,2.5714285714285716,7.98177720746898,11762.01822279253,0.0,24.832195756570158,304.08104357836095,1.0,Markdown / clear,4681.62
47504G,3.1040244695712698,107,92,20,184,ENGLISH ROSE TAPE MEASURE,0.62,1.25,2.857142857142857,8.8686413416322,190.1313586583678,0.0,24.832195756570158,4.308922217306929,1.0,Markdown / clear,66.34
47570B,2.5392146649338887,0,129,8,106,TEA TIME TABLE CLOTH,5.32,10.65,1.1428571428571428,2.901959617067301,126.0980403829327,0.0,20.31371731947111,0.0,0.0,Healthy,0.0
47574A,2.5392146649338887,27,255,17,245,ENGLISH ROSE SCENTED HANGING FLOWER,1.23,2.46,2.4285714285714284,6.166664186268015,275.833335813732,0.0,20.31371731947111,1.3291511137707894,0.10971703792359648,Healthy,0.0
47574B,2.5392146649338887,36,30,7,22,ENGLISH ROSE SCENTED HANGING HEART,2.12,4.25,1.0,2.5392146649338887,63.46078533506611,0.0,20.31371731947111,1.7722014850277192,0.2574004950092397,Healthy,0.0
47578A,24.541440965262787,2,139,15,101,ENGLISH ROSE SMALL SCENTED FLOWER,0.42,0.85,2.142857142857143,52.58880206842026,88.41119793157975,0.12464160463782425,196.3315277221023,0.010186850900640382,0.0,Healthy,0.0
47579,2.8154898181844623,72,119,14,81,TEA TIME BREAKFAST BASKET,1.05,2.1,2.0,5.630979636368925,185.36902036363108,0.0,22.5239185454757,3.19660186368692,0.7322006212289733,Markdown / clear,75.6
47580,6.027637124417168,0,190,14,177,TEA TIME DES TEA COSY,1.27,2.55,2.0,12.055274248834335,177.94472575116566,0.0,48.22109699533734,0.0,0.0,Healthy,0.0
47570,2.5392146649338887,0,148,18,114,ENGLISH ROSE TABLE CLOTH,5.32,10.65,2.5714285714285716,6.529409138401428,141.47059086159857,0.0,20.31371731947111,0.0,0.0,Healthy,0.0
47581B,2.527455328645957,20,20,14,25,FAIRY CAKE WICKER PICNIC BASKET,6.38,12.75,2.0,5.054910657291914,34.94508934270809,0.0,20.219642629167655,0.989137165616824,0.0,Healthy,0.0
47583B,2.527455328645957,184,0,13,116,SET OF 3 WICKER BASKET TEA AND CAKE,12.48,24.95,1.8571428571428572,4.693845610342492,179.3061543896575,0.0,20.219642629167655,9.10006192367478,1.0,Markdown / clear,2296.32
47585A,4.180504599273421,0,449,13,320,PINK FAIRY CAKE CUSHION COVER,1.88,3.75,1.8571428571428572,7.7637942557934965,441.23620574420653,0.0,33.44403679418737,0.0,0.0,Healthy,0.0
47586A,2.527455328645957,280,151,15,215,PINK FAIRY CAKE CUSHION COVER,1.27,2.55,2.142857142857143,5.415975704241336,425.58402429575864,0.0,20.219642629167655,13.847920318635534,1.0,Markdown / clear,355.6
47587A,4.047265063361509,6721,0,18,5447,PINK FAIRY CAKE COASTER,0.83,1.66,2.5714285714285716,10.407253020072453,6710.592746979927,0.0,32.378120506892074,207.5784478771507,1.0,Markdown / clear,5578.43
47589,2.5392146649338887,19,86,15,66,CONGRATULATIONS BUNTING,2.72,5.45,2.142857142857143,5.44117428200119,99.55882571799881,0.0,20.31371731947111,0.9353285615424074,0.0,Healthy,0.0
47590A,18.421004524528254,0,602,16,413,BLUE HAPPY BIRTHDAY BUNTING,2.72,5.45,2.2857142857142856,42.10515319892172,559.8948468010783,0.0,147.36803619622603,0.0,0.0,Healthy,0.0
47583A,2.5392146649338887,490,0,14,329,SET OF 3 WICKER BASKET ROSE,12.48,24.95,2.0,5.078429329867777,484.9215706701322,0.0,20.31371731947111,24.1216313239884,1.0,Markdown / clear,6115.2
47568,2.8154898181844623,0,431,12,274,ENGLISH ROSE DESIGN PEG BAG,1.05,2.1,1.7142857142857142,4.826553974030507,426.1734460259695,0.0,22.5239185454757,0.0,0.0,Healthy,0.0
47567B,21.002537613578678,0,389,18,281,TEA TIME KITCHEN APRON,2.98,5.95,2.5714285714285716,54.006525292059465,334.99347470794055,0.0,168.02030090862942,0.0,0.0,Healthy,0.0
47504H,37.62752145597437,0,271,12,207,ENGLISH ROSE SPIRIT LEVEL,0.8,1.6,1.7142857142857142,64.50432249595606,206.49567750404395,0.002436340560174166,301.02017164779494,0.0,0.0,Healthy,0.0
47504J,2.5392146649338887,49,0,14,30,ENGLISH ROSE SET/3 GARDEN TOOLS,7.41,14.82,2.0,5.078429329867777,43.921570670132226,0.0,20.31371731947111,2.41216313239884,0.47072104413294663,Healthy,0.0
47504K,7.707408764626455,0,368,16,323,ENGLISH ROSE GARDEN SECATEURS,0.98,1.95,2.2857142857142856,17.616934319146182,350.3830656808538,0.0,61.65927011701164,0.0,0.0,Healthy,0.0
47505,2.5392146649338887,0,251,16,206,MINATURE COLOURED GARDENING SET,2.48,4.95,2.2857142857142856,5.803919234134602,245.1960807658654,0.0,20.31371731947111,0.0,0.0,Healthy,0.0
47518F,14.065397069500065,139,447,7,298,ICON PLACEMAT POP ART ELVIS,0.06,0.12,1.0,14.065397069500065,571.9346029305,0.0,112.52317655600052,1.2353010664502748,0.07843368881675827,Healthy,0.0
47552A,3.1040244695712698,42,0,20,34,DOTS IRONING BOARD COVER,0.98,1.95,2.857142857142857,8.8686413416322,33.1313586583678,0.02554827475388821,24.832195756570158,1.6913526460457105,0.2304508820152368,Healthy,0.0
47556B,2.5392146649338887,0,1333,14,1071,TEA TIME TEA TOWELS,1.48,2.95,2.0,5.078429329867777,1327.9215706701323,0.0,20.31371731947111,0.0,0.0,Healthy,0.0
47559B,73.92514093701064,0,386,16,315,TEA TIME OVEN GLOVE,0.62,1.25,2.2857142857142856,168.97175071316715,217.02824928683285,0.3110214308354513,591.4011274960851,0.0,0.0,Healthy,0.0
47562,2.5392146649338887,31,43,13,49,ENGLISH ROSE IRONING BOARD COVER,1.88,3.75,1.8571428571428572,4.715684377734365,69.28431562226564,0.0,20.31371731947111,1.5260623898849803,0.1753541299616601,Healthy,0.0
47563A,13.107700622144423,0,125,20,87,RETRO LONGBOARD IRONING BOARD COVER,1.64,3.29,2.857142857142857,37.450573206126926,87.54942679387307,0.0,104.86160497715538,0.0,0.0,Healthy,0.0
47563B,2.5392146649338887,45,0,19,31,WAVELINE SURF IRONING BOARD COVER,1.88,3.75,2.7142857142857144,6.8921540905348415,38.107845909465155,0.0,20.31371731947111,2.215251856284649,0.40508395209488296,Healthy,0.0
47566,130.07364451927455,0,2248,20,1518,PARTY BUNTING,2.48,4.95,2.857142857142857,371.6389843407844,1876.3610156592156,0.0,1040.5891561541964,0.0,0.0,Healthy,0.0
47566B,6.027637124417168,0,634,14,411,TEA TIME PARTY BUNTING,2.48,4.95,2.0,12.055274248834335,621.9447257511657,0.0,48.22109699533734,0.0,0.0,Healthy,0.0
47504F,3.1040244695712698,1591,0,7,1196,ENGLISH ROSE TORCH,0.82,1.65,1.0,3.1040244695712698,1587.8959755304288,0.0,24.832195756570158,64.07004904425537,1.0,Markdown / clear,1304.62
