sku_id,description,category,subcategory,launch_date,unit_cost,list_price
10002,INFLATABLE POLITICAL GLOBE,General Merchandise,Inflatable,2009-12-01 09:08:00,0.42,0.85
10002R,ROBOT PENCIL SHARPNER,Stationery & Cards,Robot,2009-12-02 14:43:00,2.84,5.17
10080,GROOVY CACTUS INFLATABLE,General Merchandise,Groovy,2009-12-02 16:02:00,0.2,0.39
10109,BENDY COLOUR PENCILS,Stationery & Cards,Bendy,2009-12-03 12:31:00,0.23,0.42
10120,DOGGY RUBBER,General Merchandise,Doggy,2009-12-01 16:17:00,0.1,0.21
10123C,HEARTS WRAPPING TAPE,General Merchandise,Hearts,2009-12-01 14:28:00,0.32,0.65
10123G,ARMY CAMO WRAPPING TAPE,General Merchandise,Army,2009-12-01 14:28:00,0.32,0.65
10124A,SPOTS ON RED BOOKCOVER TAPE,General Merchandise,Spots,2010-03-19 14:05:00,0.21,0.42
10124G,ARMY CAMO BOOKCOVER TAPE,General Merchandise,Army,2010-05-13 16:49:00,0.21,0.42
10125,MINI FUNKY DESIGN TAPES,General Merchandise,Mini,2009-12-01 14:28:00,0.42,0.85
10133,COLOURING PENCILS BROWN TUBE,Stationery & Cards,Colouring,2009-12-01 11:45:00,0.46,0.83
10134,COLOURING PENCILS BROWN TUBE,Stationery & Cards,Colouring,2009-12-03 14:28:00,0.69,1.25
10135,COLOURING PENCILS BROWN TUBE,Stationery & Cards,Colouring,2009-12-01 11:45:00,0.69,1.25
10138,ASSORTED COLOUR JUMBO PEN,Stationery & Cards,Assorted,2009-12-02 12:43:00,0.23,0.42
11001,ASSTD DESIGN RACING CAR PEN,Stationery & Cards,Asstd,2009-12-01 14:28:00,0.93,1.69
15030,FAN BLACK FRAME,Home & Decor,Fan,2009-12-13 14:38:00,0.14,0.29
15034,PAPER POCKET TRAVELING FAN,Stationery & Cards,Paper,2009-12-01 14:28:00,0.08,0.14
15036,ASSORTED COLOURS SILK FAN,General Merchandise,Assorted,2009-12-01 16:05:00,0.42,0.83
15039,SANDALWOOD FAN,General Merchandise,Sandalwood,2009-12-03 12:02:00,0.42,0.85
15044A,PINK PAPER PARASOL,Stationery & Cards,Pink,2009-12-07 11:46:00,1.62,2.95
15044B,BLUE PAPER PARASOL,Stationery & Cards,Blue,2009-12-01 17:45:00,1.62,2.95
15044C,PURPLE PAPER PARASOL,Stationery & Cards,Purple,2009-12-01 14:28:00,1.62,2.95
15044D,RED PAPER PARASOL,Stationery & Cards,Red,2009-12-01 14:28:00,1.62,2.95
15056BL,EDWARDIAN PARASOL BLACK,General Merchandise,Edwardian,2009-12-01 11:50:00,2.98,5.95
15056N,EDWARDIAN PARASOL NATURAL,General Merchandise,Edwardian,2009-12-01 11:50:00,2.98,5.95
15056P,EDWARDIAN PARASOL PINK,General Merchandise,Edwardian,2009-12-01 16:17:00,2.98,5.95
15058A,BLUE POLKADOT GARDEN PARASOL,Garden,Blue,2010-01-24 12:12:00,3.98,7.95
15058B,PINK POLKADOT GARDEN PARASOL,Garden,Pink,2010-01-13 17:51:00,3.98,7.95
15058C,ICE CREAM DESIGN GARDEN PARASOL,Garden,Ice,2010-01-24 12:12:00,3.98,7.95
15059A,ENGLISH ROSE EDWARDIAN PARASOL,General Merchandise,English,2009-12-01 14:28:00,6.5,13.0
15060B,FAIRY CAKE DESIGN UMBRELLA,Kitchenware,Fairy,2009-12-03 13:32:00,1.88,3.75
16008,SMALL FOLDING SCISSOR(POINTED EDGE),General Merchandise,Small,2010-03-19 14:02:00,0.06,0.12
16010,FOLDING CAMPING SCISSOR W/KNIF & S,General Merchandise,Folding,2010-01-17 12:12:00,0.06,0.12
16011,ANIMAL STICKERS,Stationery & Cards,Animal,2009-12-04 11:22:00,0.12,0.21
16012,FOOD/DRINK SPONGE STICKERS,Stationery & Cards,Food/Drink,2009-12-02 12:26:00,0.12,0.21
16014,SMALL CHINESE STYLE SCISSOR,General Merchandise,Small,2009-12-03 16:49:00,0.21,0.42
16015,MEDIUM CHINESE STYLE SCISSOR,General Merchandise,Medium,2009-12-03 14:36:00,0.25,0.5
16016,LARGE CHINESE STYLE SCISSOR,General Merchandise,Large,2009-12-03 16:49:00,0.42,0.85
16020C,CLEAR STATIONERY BOX SET,General Merchandise,Clear,2009-12-07 13:24:00,0.42,0.85
16033,MINI HIGHLIGHTER PENS,Home & Decor,Mini,2009-12-10 12:44:00,0.06,0.12
16043,POP ART PUSH DOWN RUBBER,General Merchandise,Pop,2009-12-16 13:23:00,0.21,0.42
16044,POP-ART FLUORESCENT PENS,Stationery & Cards,Pop-Art,2010-01-07 14:20:00,0.23,0.42
16045,POPART WOODEN PENCILS ASST,Stationery & Cards,Popart,2010-01-07 14:20:00,0.02,0.04
16046,TEATIME PEN CASE & PENS,Stationery & Cards,Teatime,2009-12-04 14:19:00,0.47,0.85
16047,POP ART PEN CASE & PENS,Stationery & Cards,Pop,2009-12-01 12:13:00,0.47,0.85
16048,TEATIME ROUND PENCIL SHARPENER,Stationery & Cards,Teatime,2009-12-07 18:02:00,0.07,0.12
16049,TEATIME GEL PENS ASST,Stationery & Cards,Teatime,2009-12-04 15:26:00,0.23,0.42
16050,TEATIME PENCIL WITH RUBBER,Stationery & Cards,Teatime,2010-02-16 17:24:00,0.22,0.4
16051,TEATIME PENCIL W STAMP ASST,Stationery & Cards,Teatime,2009-12-10 15:45:00,0.23,0.42
16052,TEATIME PUSH DOWN RUBBER,General Merchandise,Teatime,2009-12-16 17:01:00,0.21,0.42
16053,POPART COL BALLPOINT PEN ASST,Stationery & Cards,Popart,2010-01-07 14:20:00,0.12,0.21
16054,POPART RECT PENCIL SHARPENER ASST,Stationery & Cards,Popart,2010-01-07 14:20:00,0.07,0.12
16119,FUNKY GIRL ADDRESS BOOK,General Merchandise,Funky,2009-12-10 16:21:00,0.62,1.25
16151A,FLOWERS HANDBAG blue and orange,Bags & Accessories,Flowers,2010-04-30 15:39:00,0.62,1.25
16156L,"WRAP, CAROUSEL",General Merchandise,"Wrap,",2010-01-10 12:25:00,0.21,0.42
16156N,"WRAP, FRIENDSHIP ON GREEN",General Merchandise,"Wrap,",2009-12-01 11:51:00,0.21,0.42
16156S,WRAP PINK FAIRY CAKES,Kitchenware,Wrap,2009-12-01 18:35:00,0.21,0.42
16161C,WRAP SPEED DEMONS,General Merchandise,Wrap,2009-12-01 12:56:00,0.05,0.1
16161E,WRAP BOUDOIR,General Merchandise,Wrap,2009-12-07 13:48:00,0.05,0.1
16161G,WRAP BAD HAIR DAY,General Merchandise,Wrap,2010-01-19 17:12:00,0.05,0.1
16161M,WRAP  PINK FLOCK,General Merchandise,Wrap,2009-12-03 12:10:00,0.21,0.42
16161P,WRAP ENGLISH ROSE,General Merchandise,Wrap,2009-12-01 09:28:00,0.21,0.42
16161U,WRAP SUKI AND FRIENDS,General Merchandise,Wrap,2009-12-01 14:40:00,0.21,0.42
16162L,THE KING GIFT BAG,Bags & Accessories,The,2009-12-09 12:45:00,0.32,0.65
16162M,THE KING GIFT BAG 25x24x12cm,Bags & Accessories,The,2010-06-14 12:39:00,0.21,0.42
16168M,FUNKY MONKEY GIFT BAG MEDIUM,Bags & Accessories,Funky,2009-12-09 14:31:00,0.21,0.42
16168S,FUNKY MONKEY GIFT BAG SMALL,Bags & Accessories,Funky,2009-12-10 11:55:00,0.14,0.29
16169A,WRAP CHRISTMAS DECOUPAGE,Seasonal & Christmas,Wrap,2010-04-29 18:18:00,0.19,0.42
16169C,WRAP BLUE REINDEER,Seasonal & Christmas,Wrap,2009-12-01 12:52:00,0.19,0.42
16169D,WRAP WINTER FOREST,General Merchandise,Wrap,2009-12-01 12:52:00,0.21,0.42
16169E,WRAP 50'S  CHRISTMAS,Seasonal & Christmas,Wrap,2011-07-21 13:06:00,0.19,0.42
16169F,WRAP BLIZZARD,General Merchandise,Wrap,2009-12-01 11:50:00,0.21,0.42
16169G,WRAP ROMANTIC DECOUPAGE,General Merchandise,Wrap,2009-12-10 14:28:00,0.21,0.42
16169K,WRAP FOLK ART,General Merchandise,Wrap,2009-12-04 10:00:00,0.21,0.42
16169M,WRAP DAISY CARPET,General Merchandise,Wrap,2009-12-03 10:37:00,0.21,0.42
16169N,WRAP BLUE RUSSIAN FOLKART,General Merchandise,Wrap,2009-12-01 09:28:00,0.21,0.42
16169P,WRAP GREEN RUSSIAN FOLKART,General Merchandise,Wrap,2009-12-04 10:00:00,0.21,0.42
16192,PINK BALLET OPENING CUBE BOX,Stationery & Cards,Pink,2009-12-18 17:06:00,2.37,4.3
16201A,PASTEL PINK PHOTO ALBUM,General Merchandise,Pastel,2009-12-02 16:18:00,0.98,1.95
16201B,PASTEL BLUE PHOTO ALBUM,General Merchandise,Pastel,2009-12-02 16:18:00,1.72,3.43
16202A,PASTEL PINK PHOTO ALBUM,General Merchandise,Pastel,2009-12-02 14:43:00,2.78,5.55
16202B,PASTEL BLUE PHOTO ALBUM,General Merchandise,Pastel,2009-12-02 14:55:00,2.78,5.55
16202C,BEIGE PHOTO ALBUM,General Merchandise,Beige,2009-12-02 16:49:00,0.98,1.95
16202E,BLACK PHOTO ALBUM,General Merchandise,Black,2009-12-02 16:18:00,0.98,1.95
16206B,RED PURSE WITH PINK HEART,Bags & Accessories,Red,2010-01-31 16:02:00,0.62,1.25
16207A,PINK STRAWBERRY HANDBAG,Bags & Accessories,Pink,2009-12-01 11:34:00,1.48,2.95
16207B,PINK HEART RED HANDBAG,Bags & Accessories,Pink,2009-12-11 13:49:00,1.25,2.51
16212,FUNKY GIRLZ ASST MAGNETIC MEMO PAD,General Merchandise,Funky,2009-12-02 10:02:00,0.32,0.65
16215,FUNKY GIRLZ MAGNETIC TO DO LIST,General Merchandise,Funky,2009-12-03 11:46:00,0.32,0.65
16216,LETTER SHAPE PENCIL SHARPENER,Stationery & Cards,Letter,2009-12-04 15:16:00,0.09,0.16
16218,CARTOON  PENCIL SHARPENERS,Stationery & Cards,Cartoon,2009-12-08 15:49:00,0.09,0.16
16219,HOUSE SHAPE PENCIL SHARPENER,Stationery & Cards,House,2009-12-06 11:13:00,0.12,0.21
16225,RATTLE SNAKE EGGS,General Merchandise,Rattle,2009-12-01 11:45:00,0.62,1.25
16235,RECYCLED PENCIL WITH RABBIT ERASER,Stationery & Cards,Recycled,2009-12-01 11:58:00,0.12,0.21
16236,KITTY PENCIL ERASERS,Stationery & Cards,Kitty,2009-12-02 14:36:00,0.12,0.21
16237,SLEEPING CAT ERASERS,General Merchandise,Sleeping,2009-12-01 12:18:00,0.1,0.21
16238,PARTY TIME PENCIL ERASERS,Stationery & Cards,Party,2009-12-01 16:17:00,0.12,0.21
16239,BALLERINA HEART DECORATION.,Home & Decor,Ballerina,2009-12-02 14:43:00,1.48,2.95
16243B,BROWN COZY SQUARE PHOTO ALBUM,General Merchandise,Brown,2009-12-02 14:36:00,3.02,6.04
16244A,MAXWELL 2 TONE PINK 60 PAGE PHOTO A,General Merchandise,Maxwell,2009-12-02 14:36:00,2.1,4.21
16244B,MAXWELL 2 TONE BLUE 60 PAGE PHOTO A,General Merchandise,Maxwell,2009-12-03 14:39:00,2.1,4.21
16245A,PINK MINI STATIONERY SET W CASE,General Merchandise,Pink,2010-03-10 12:10:00,0.62,1.25
16248B,BLUE HOLE PUNCH,General Merchandise,Blue,2010-09-20 12:54:00,0.62,1.25
16254,TRANSPARENT ACRYLIC TAPE DISPENSER,Stationery & Cards,Transparent,2010-01-11 09:30:00,0.9,1.63
16256B,FLOWER PENCIL/RUBBER+5 MINI PENCILS,Stationery & Cards,Flower,2009-12-04 09:43:00,0.23,0.42
16256C,HEARTS PENCIL/RUBBER+5 MINI PENCILS,Stationery & Cards,Hearts,2009-12-13 15:17:00,0.23,0.42
16258A,SWIRLY CIRCULAR RUBBERS IN BAG,Bags & Accessories,Swirly,2009-12-11 15:40:00,0.21,0.42
16258B,DAISY ERASERS IN BAG,Bags & Accessories,Daisy,2009-12-02 11:52:00,0.15,0.3
16259,PIECE OF CAMO STATIONERY SET,General Merchandise,Piece,2009-12-07 13:24:00,0.1,0.21
17001,HEAVENS SCENT FRAGRANCE OILS ASSTD,General Merchandise,Heavens,2009-12-04 14:24:00,0.14,0.29
17003,BROCADE RING PURSE,Bags & Accessories,Brocade,2009-12-01 16:17:00,0.14,0.29
17007B,S/3 POT POURI CUSHIONS BLUE COLOURS,Home & Decor,S/3,2009-12-14 12:24:00,1.05,2.1
17011A,ORIGAMI VANILLA INCENSE+FLOWER,General Merchandise,Origami,2009-12-22 09:41:00,1.58,3.16
17011B,ORIGAMI JASMINE INCENSE+FLOWER,General Merchandise,Origami,2010-05-30 11:02:00,0.6,1.2
17011C,ORIGAMI LAVENDER INCENSE+FLOWER,General Merchandise,Origami,2009-12-14 18:03:00,1.24,2.48
17011D,ORIGAMI ROSE INCENSE+FLOWER,General Merchandise,Origami,2009-12-15 18:33:00,0.69,1.38
17011E,ORIGAMI OPIUM SCENT INCENSE+FLOWER,General Merchandise,Origami,2009-12-16 12:39:00,0.32,0.65
17011F,ORIGAMI SANDLEWOOD INCENSE+FLOWER,General Merchandise,Origami,2009-12-16 12:39:00,1.05,2.1
17012A,ORIGAMI VANILLA INCENSE/CANDLE SET,Home & Decor,Origami,2009-12-01 14:28:00,1.23,2.46
17012B,ORIGAMI JASMINE INCENSE/CANDLE SET,Home & Decor,Origami,2009-12-08 15:49:00,1.23,2.46
17012C,ORIGAMI LAVENDER INCENSE/CANDL SET,General Merchandise,Origami,2010-02-05 11:32:00,1.23,2.46
17012D,ORIGAMI ROSE INCENSE/CANDLE SET,Home & Decor,Origami,2010-03-12 11:19:00,1.23,2.46
17012E,ORIGAMI OPIUM INCENSE/CANDLE SET,Home & Decor,Origami,2009-12-16 12:39:00,1.25,2.51
17012F,ORIGAMI SANDLEWOOD INCENSE/CAND SET,General Merchandise,Origami,2010-03-03 11:53:00,1.23,2.46
17013B,ORIGAMI JASMINE INCENSE IN TUBE,General Merchandise,Origami,2009-12-09 09:42:00,0.64,1.27
17013C,ORIGAMI LAVENDER INCENSE IN TUBE,General Merchandise,Origami,2009-12-16 12:39:00,0.21,0.42
17013D,ORIGAMI ROSE INCENSE IN TUBE,General Merchandise,Origami,2009-12-09 09:42:00,0.82,1.65
17013F,ORIGAMI SANDLEWOOD INCENSE IN TUBE,General Merchandise,Origami,2009-12-21 17:20:00,0.82,1.65
17014A,ORIGAMI VANILLA INCENSE CONES,General Merchandise,Origami,2009-12-09 09:42:00,0.82,1.65
17014C,ORIGAMI LAVENDER INCENSE CONES,General Merchandise,Origami,2009-12-05 14:57:00,0.96,1.92
17014D,ORIGAMI ROSE INCENSE CONES,General Merchandise,Origami,2010-01-14 09:41:00,0.82,1.65
17014E,ORIGAMI OPIUM INCENSE CONES,General Merchandise,Origami,2010-05-10 11:05:00,0.82,1.65
17014F,ORIGAMI SANDLEWOOD INCENSE CONES,General Merchandise,Origami,2010-01-21 13:33:00,0.82,1.65
17021,NAMASTE SWAGAT INCENSE,General Merchandise,Namaste,2010-01-22 14:40:00,0.15,0.3
17027A,INCENSE BAZAAR CANNABIS,General Merchandise,Incense,2010-02-04 13:47:00,0.18,0.36
17028J,INCENSE BAZAAR PEACH,General Merchandise,Incense,2011-01-31 15:27:00,0.21,0.42
17033,"BROCADE PURSE,SMALL ARCH BUTTON",Bags & Accessories,Brocade,2009-12-02 12:32:00,0.14,0.29
17038,PORCELAIN BUDAH INCENSE HOLDER,Home & Decor,Porcelain,2009-12-14 15:57:00,0.05,0.1
17039,INLAID WOOD INCENSE HOLDER,Home & Decor,Inlaid,2009-12-02 14:43:00,0.14,0.29
17061,ASSORTED SHAPED STENCIL FOR HENNA,General Merchandise,Assorted,2009-12-07 13:48:00,0.02,0.04
17084A,TRANQUILITY MASALA INCENSE,General Merchandise,Tranquility,2010-02-04 12:08:00,0.1,0.21
17084G,MOON INCENSE,General Merchandise,Moon,2009-12-02 16:02:00,0.1,0.21
17084J,LOVE POTION MASALA INCENSE,General Merchandise,Love,2009-12-01 13:31:00,0.1,0.21
17084N,FAIRY DREAMS INCENSE,General Merchandise,Fairy,2009-12-02 16:02:00,0.21,0.42
17084P,DRAGONS BLOOD INCENSE,General Merchandise,Dragons,2009-12-07 13:48:00,0.21,0.42
17084R,ASSORTED INCENSE PACK,General Merchandise,Assorted,2009-12-02 11:51:00,0.1,0.21
17090A,LAVENDER INCENSE 40 CONES IN TIN,Kitchenware,Lavender,2009-12-10 20:04:00,0.62,1.25
17090D,VANILLA INCENSE 40 CONES IN TIN,Kitchenware,Vanilla,2009-12-13 11:34:00,0.62,1.25
17091A,LAVENDER INCENSE IN TIN,Kitchenware,Lavender,2009-12-06 14:10:00,0.62,1.25
17091B,JASMINE TEA INCENSE IN TIN,Kitchenware,Jasmine,2009-12-06 14:10:00,0.62,1.25
17091F,SANDALWOOD INCENSE IN TIN,Kitchenware,Sandalwood,2009-12-06 14:10:00,0.62,1.25
17091J,VANILLA INCENSE IN TIN,Kitchenware,Vanilla,2009-12-01 12:13:00,0.19,0.38
17096,ASSORTED LAQUERED INCENSE HOLDERS,Home & Decor,Assorted,2009-12-02 14:36:00,0.21,0.42
17107D,"FLOWER FAIRY,5 SUMMER B'DRAW LINERS",General Merchandise,Flower,2009-12-04 09:49:00,1.27,2.55
17108D,FLOWER FAIRY SUMMER BOUQUET SACHET,General Merchandise,Flower,2009-12-01 12:56:00,0.21,0.42
17109A,FLOWER FAIRY INCENSE LILY,General Merchandise,Flower,2009-12-02 11:45:00,0.84,1.69
17109B,FLOWER FAIRY INCENSE LAVENDER,General Merchandise,Flower,2009-12-02 12:39:00,0.84,1.69
17109C,FLOWER FAIRY INCENSE ROSE,General Merchandise,Flower,2009-12-02 11:45:00,0.84,1.69
17109D,FLOWER FAIRY INCENSE BOUQUET,General Merchandise,Flower,2009-12-04 09:49:00,0.84,1.69
17129C,SKY BLUE COLOUR GLASS GEMS IN BAG,Bags & Accessories,Sky,2009-12-09 15:03:00,0.42,0.85
17129D,CLEAR COLOUR GLASS GEMS IN BAG,Bags & Accessories,Clear,2009-12-01 14:28:00,0.42,0.85
17129F,BLUE GLASS GEMS IN BAG,Bags & Accessories,Blue,2009-12-04 09:43:00,0.82,1.63
17136A,BLUE STONES ON WIRE FOR CANDLE,Home & Decor,Blue,2009-12-03 09:44:00,0.04,0.08
17164B,ASS COL SMALL SAND GECKO P'WEIGHT,General Merchandise,Ass,2009-12-01 16:17:00,0.21,0.42
17164D,ASS COL SMALL SAND FROG P'WEIGHT,General Merchandise,Ass,2009-12-01 12:13:00,0.21,0.42
17165B,ASS COL LARGE SAND GECKO P'WEIGHT,General Merchandise,Ass,2009-12-01 12:56:00,0.52,1.05
17165D,ASS COL LARGE SAND FROG P'WEIGHT,General Merchandise,Ass,2009-12-01 12:56:00,0.52,1.05
17174,ASSTD RASTA KEY-CHAINS,General Merchandise,Asstd,2010-02-01 09:52:00,0.21,0.42
17178,FLAT PALM T-LIGHT HOLDER,Home & Decor,Flat,2009-12-08 12:54:00,0.62,1.25
17181,CIRCLE OF FRIENDS CANDLE HOLDER,Home & Decor,Circle,2009-12-01 14:49:00,2.53,5.06
17191A,ROSE FLOWER CANDLE+INCENSE 16X16CM,Home & Decor,Rose,2009-12-09 14:48:00,1.88,3.75
18007,ESSENTIAL BALM 3.5g TIN IN ENVELOPE,Kitchenware,Essential,2009-12-02 13:26:00,0.09,0.18
18010,ASSORTED FRAGRANCE BATH CONFETTI,General Merchandise,Assorted,2009-12-01 12:22:00,0.21,0.42
18094C,WHITE AND BLUE CERAMIC OIL BURNER,General Merchandise,White,2009-12-02 14:43:00,1.23,2.46
18096C,WHITE ROUND PORCELAIN TLIGHT HOLDER,Home & Decor,White,2009-12-01 13:29:00,1.9,3.8
18097A,PINK TALL PORCELAIN T-LIGHT HOLDER,Home & Decor,Pink,2010-03-05 13:24:00,1.27,2.55
18097B,BLUE TALL PORCELAIN T-LIGHT HOLDER,Home & Decor,Blue,2009-12-02 11:53:00,1.27,2.55
18097C,WHITE TALL PORCELAIN T-LIGHT HOLDER,Home & Decor,White,2009-12-01 09:57:00,1.27,2.55
18098A,PINK PORCELAIN B'FLY OIL BURNER,General Merchandise,Pink,2009-12-14 15:31:00,1.48,2.95
18098B,BLUE PORCELAIN B'FLY OIL BURNER,General Merchandise,Blue,2009-12-13 15:54:00,1.48,2.95
18098C,PORCELAIN BUTTERFLY OIL BURNER,General Merchandise,Porcelain,2009-12-01 14:45:00,1.48,2.95
20615,BLUE POLKADOT PASSPORT COVER,General Merchandise,Blue,2009-12-01 14:43:00,1.05,2.1
20616,CHERRY BLOSSOM PASSPORT COVER,General Merchandise,Cherry,2009-12-01 14:28:00,0.83,1.66
20617,FIRST CLASS PASSPORT COVER,General Merchandise,First,2009-12-02 14:36:00,1.05,2.1
20618,QUEEN OF THE SKIES PASSPORT COVER,General Merchandise,Queen,2009-12-01 14:28:00,1.05,2.1
20619,TROPICAL PASSPORT COVER,General Merchandise,Tropical,2009-12-01 11:51:00,1.05,2.1
20620,RED SPOTTY PASSPORT COVER,General Merchandise,Red,2009-12-02 14:36:00,2.13,4.26
20621,ECONOMY PASSPORT COVER,General Merchandise,Economy,2009-12-02 12:06:00,1.05,2.1
20622,VIPPASSPORT COVER,General Merchandise,Vippassport,2009-12-01 11:51:00,1.05,2.1
20652,BLUE POLKADOT LUGGAGE TAG,General Merchandise,Blue,2009-12-01 14:28:00,0.62,1.25
20653,CHERRY BLOSSOM LUGGAGE TAG,General Merchandise,Cherry,2009-12-02 14:43:00,0.62,1.25
20654,FIRST CLASS LUGGAGE TAG,General Merchandise,First,2009-12-01 14:28:00,0.62,1.25
20655,QUEEN OF SKIES LUGGAGE TAG,General Merchandise,Queen,2009-12-01 12:13:00,0.62,1.25
20657,TROPICAL LUGGAGE TAG,General Merchandise,Tropical,2009-12-01 11:51:00,0.62,1.25
20658,RED SPOTTY LUGGAGE TAG,General Merchandise,Red,2009-12-01 15:26:00,0.62,1.25
20659,ECONOMY LUGGAGE TAG,General Merchandise,Economy,2009-12-01 14:28:00,0.62,1.25
20660,VIP LUGGAGE TAG,General Merchandise,Vip,2009-12-01 11:51:00,0.62,1.25
20661,BLUE SPOTTY PURSE,Bags & Accessories,Blue,2009-12-01 14:45:00,1.25,2.51
20662,FIRST CLASS HOLIDAY PURSE,Bags & Accessories,First,2009-12-06 13:29:00,1.25,2.51
20663,QUEEN OF THE SKIES HOLIDAY PURSE,Bags & Accessories,Queen,2009-12-10 15:45:00,1.25,2.51
20664,TROPICAL HOLIDAY PURSE,Bags & Accessories,Tropical,2009-12-15 13:40:00,1.48,2.95
20665,RED RETROSPOT PURSE,Bags & Accessories,Red,2009-12-01 12:47:00,1.48,2.95
20666,ECONOMY HOLIDAY PURSE,Bags & Accessories,Economy,2009-12-08 15:12:00,1.25,2.51
20667,CHERRY BLOSSOM PURSE,Bags & Accessories,Cherry,2009-12-17 15:41:00,1.23,2.46
20668,DISCO BALL CHRISTMAS DECORATION,Seasonal & Christmas,Disco,2009-12-02 11:18:00,0.05,0.12
20669,RED HEART LUGGAGE TAG,General Merchandise,Red,2009-12-02 12:39:00,0.62,1.25
20670,VIP HOLIDAY PURSE,Bags & Accessories,Vip,2009-12-08 16:43:00,1.25,2.51
20671,BLUE TEATIME PRINT BOWL,Kitchenware,Blue,2009-12-02 14:36:00,0.62,1.25
20672,PINK TEATIME PRINT BOWL,Kitchenware,Pink,2009-12-02 14:36:00,0.62,1.25
20673,STRAWBERRIES PRINT BOWL,Kitchenware,Strawberries,2009-12-01 11:51:00,0.62,1.25
20674,GREEN POLKADOT BOWL,Kitchenware,Green,2009-12-01 14:28:00,0.62,1.25
20675,BLUE POLKADOT BOWL,Kitchenware,Blue,2009-12-01 11:34:00,0.62,1.25
20676,RED RETROSPOT BOWL,Kitchenware,Red,2009-12-01 11:45:00,0.62,1.25
20677,PINK POLKADOT BOWL,Kitchenware,Pink,2009-12-01 11:45:00,0.62,1.25
20678,LARGE BLACK DIAMANTE HAIRSLIDE,General Merchandise,Large,2011-09-23 14:49:00,0.82,1.65
20679,EDWARDIAN PARASOL RED,General Merchandise,Edwardian,2009-12-01 17:31:00,2.98,5.95
20680,PINK FLOWERS CHILDS UMBRELLA,Bags & Accessories,Pink,2009-12-10 13:59:00,1.62,3.25
20681,PINK SPOTTY CHILDS UMBRELLA,Bags & Accessories,Pink,2009-12-01 13:07:00,1.62,3.25
20682,RED RETROSPOT CHILDRENS UMBRELLA,Bags & Accessories,Red,2009-12-01 11:50:00,1.62,3.25
20683,RAIN GIRL CHILDS UMBRELLA,Bags & Accessories,Rain,2009-12-11 10:10:00,1.62,3.25
20684,STRAWBERRY DREAM CHILDS UMBRELLA,Bags & Accessories,Strawberry,2009-12-01 14:40:00,1.62,3.25
20685,DOORMAT RED RETROSPOT,General Merchandise,Doormat,2009-12-01 11:45:00,3.74,7.49
20686,DOLLY MIXTURE CHILDREN'S UMBRELLA,Bags & Accessories,Dolly,2009-12-02 12:06:00,1.62,3.25
20688,BEAUTY SPEED EXPRESSO CUPS,Kitchenware,Beauty,2009-12-04 12:59:00,2.98,5.95
20689,RETRO SISTERS EXPRESSO CUPS,Kitchenware,Retro,2009-12-07 15:42:00,2.98,5.95
20692,FLORAL ELEPHANT SOFT TOY,Toys & Games,Floral,2009-12-01 12:18:00,2.12,4.25
20693,FLORAL DINOSAUR GREEN,General Merchandise,Floral,2009-12-02 15:04:00,2.12,4.25
20694,FLORAL PINK MONSTER,General Merchandise,Floral,2009-12-01 14:28:00,1.88,3.75
20695,FLORAL BLUE MONSTER,General Merchandise,Floral,2009-12-01 09:08:00,2.12,4.25
20696,FLORAL SOFT CAR TOY,Toys & Games,Floral,2009-12-02 16:24:00,1.88,3.75
20697,LITTLE GREEN MONSTER SOFT TOY,Toys & Games,Little,2009-12-13 11:34:00,1.27,2.55
20698,LITTLE PINK MONSTER SOFT TOY,Toys & Games,Little,2010-01-17 13:29:00,1.27,2.55
20699,MOUSEY LONG LEGS SOFT TOY,Toys & Games,Mousey,2009-12-04 09:43:00,1.27,2.55
20700,GREEN CAT FLORAL CUSHION COVER,Home & Decor,Green,2009-12-07 13:35:00,2.06,4.13
20701,PINK CAT FLORAL CUSHION COVER,Home & Decor,Pink,2009-12-02 14:36:00,2.06,4.13
20702,PINK PADDED MOBILE,General Merchandise,Pink,2009-12-03 12:27:00,2.12,4.25
20703,BLUE PADDED SOFT MOBILE,General Merchandise,Blue,2009-12-01 09:08:00,2.12,4.25
20704,MR ROBOT SOFT TOY,Toys & Games,Mr,2009-12-06 11:27:00,3.48,6.95
20705,MRS ROBOT SOFT TOY,Toys & Games,Mrs,2009-12-07 13:35:00,3.48,6.95
20707,CRAZY DAISY HEART DECORATION,Home & Decor,Crazy,2009-12-04 09:43:00,0.42,0.83
20711,JUMBO BAG TOYS,Bags & Accessories,Jumbo,2009-12-01 09:24:00,1.04,2.08
20712,JUMBO BAG WOODLAND ANIMALS,Bags & Accessories,Jumbo,2009-12-01 12:13:00,1.04,2.08
20713,JUMBO BAG OWLS,Bags & Accessories,Jumbo,2009-12-01 12:13:00,0.98,1.95
20714,POSY SHOPPER BAG,Bags & Accessories,Posy,2009-12-01 14:28:00,0.44,0.87
20715,LITTLE FLOWER SHOPPER BAG,Bags & Accessories,Little,2010-01-07 12:34:00,0.53,1.06
20716,PARTY FOOD SHOPPER BAG,Bags & Accessories,Party,2009-12-01 17:19:00,0.62,1.25
20717,STRAWBERRY SHOPPER BAG,Bags & Accessories,Strawberry,2009-12-04 10:57:00,0.62,1.25
20718,RED RETROSPOT SHOPPER BAG,Bags & Accessories,Red,2009-12-01 11:50:00,0.62,1.25
20719,WOODLAND CHARLOTTE BAG,Bags & Accessories,Woodland,2009-12-01 11:21:00,0.42,0.85
20721,OWLS CHARLOTTE BAG,Bags & Accessories,Owls,2009-12-07 15:26:00,0.42,0.85
20723,STRAWBERRY CHARLOTTE BAG,Bags & Accessories,Strawberry,2009-12-01 16:18:00,0.42,0.85
20724,RED RETROSPOT CHARLOTTE BAG,Bags & Accessories,Red,2009-12-01 10:06:00,0.42,0.85
20725,LUNCH BAG RED RETROSPOT,Bags & Accessories,Lunch,2009-12-01 10:06:00,0.82,1.65
20726,LUNCH BAG WOODLAND,Bags & Accessories,Lunch,2009-12-01 10:06:00,0.82,1.65
20727,LUNCH BAG  BLACK SKULL.,Bags & Accessories,Lunch,2009-12-01 12:13:00,0.82,1.65
20728,LUNCH BAG CARS BLUE,Bags & Accessories,Lunch,2009-12-01 10:06:00,0.82,1.65
20729,RED SPOTTY CANDY BAG,Bags & Accessories,Red,2009-12-01 14:28:00,0.62,1.25
20730,STRAWBERRY CANDY BAG,Bags & Accessories,Strawberry,2009-12-01 17:19:00,0.44,0.87
20731,POSY CANDY BAG,Bags & Accessories,Posy,2009-12-07 11:35:00,0.62,1.25
20733,GOLD MINI TAPE MEASURE,General Merchandise,Gold,2009-12-03 15:34:00,0.42,0.83
20734,SILVER MINI TAPE MEASURE,General Merchandise,Silver,2009-12-01 11:41:00,0.42,0.85
20735,BLACK MINI TAPE MEASURE,General Merchandise,Black,2009-12-02 14:43:00,0.42,0.85
20736,PINK MINI TAPE MEASURE,General Merchandise,Pink,2009-12-02 12:44:00,0.42,0.85
20737,RED MINI TAPE MEASURE,General Merchandise,Red,2009-12-02 14:36:00,0.85,1.7
20738,GREEN MINI TAPE MEASURE,General Merchandise,Green,2009-12-03 16:40:00,0.42,0.85
20739,*USB Office Glitter Lamp,General Merchandise,*Usb,2009-12-01 14:28:00,4.32,8.65
20747,PICCADILLY TEA SET,General Merchandise,Piccadilly,2009-12-01 10:52:00,7.48,14.95
20748,KENSINGTON COFFEE SET,General Merchandise,Kensington,2009-12-01 11:51:00,6.38,12.75
20749,ASSORTED COLOUR MINI CASES,General Merchandise,Assorted,2009-12-01 09:28:00,3.98,7.95
20750,RED RETROSPOT MINI CASES,General Merchandise,Red,2009-12-01 12:47:00,3.98,7.95
20751,FUNKY WASHING UP GLOVES ASSORTED,General Merchandise,Funky,2009-12-01 10:52:00,1.05,2.1
20752,BLUE POLKADOT WASHING UP GLOVES,General Merchandise,Blue,2009-12-01 10:52:00,1.05,2.1
20753,RETRO PINK SPOT WASHING UP GLOVES,General Merchandise,Retro,2009-12-01 10:52:00,1.05,2.1
20754,RETROSPOT RED WASHING UP GLOVES,General Merchandise,Retrospot,2009-12-01 09:50:00,1.05,2.1
20755,BLUE PAISLEY POCKET BOOK,General Merchandise,Blue,2009-12-07 12:26:00,0.42,0.85
20756,GREEN FERN POCKET BOOK,General Merchandise,Green,2009-12-01 12:22:00,0.42,0.85
20757,RED DAISY POCKET BOOK,General Merchandise,Red,2009-12-07 11:19:00,0.42,0.85
20758,ABSTRACT CIRCLES POCKET BOOK,General Merchandise,Abstract,2009-12-01 12:22:00,0.42,0.85
20759,CHRYSANTHEMUM POCKET BOOK,General Merchandise,Chrysanthemum,2009-12-17 11:43:00,0.42,0.85
20760,GARDEN PATH POCKET BOOK,Garden,Garden,2009-12-04 08:40:00,0.42,0.85
20761,BLUE PAISLEY SKETCHBOOK,General Merchandise,Blue,2009-12-01 14:28:00,1.88,3.75
20762,GREEN FERN SKETCHBOOK,General Merchandise,Green,2009-12-04 14:14:00,1.88,3.75
20763,DAISY SKETCHBOOK,General Merchandise,Daisy,2009-12-07 11:19:00,1.88,3.75
20764,ABSTRACT CIRCLES SKETCHBOOK,General Merchandise,Abstract,2009-12-02 14:43:00,1.88,3.75
20765,CHRYSANTHEMUM SKETCHBOOK,General Merchandise,Chrysanthemum,2009-12-01 18:35:00,1.88,3.75
20766,GARDEN PATH SKETCHBOOK,Garden,Garden,2009-12-04 13:22:00,1.88,3.75
20767,BLUE PAISLEY JOURNAL,General Merchandise,Blue,2009-12-01 11:51:00,1.27,2.55
20768,GREEN FERN JOURNAL,General Merchandise,Green,2009-12-01 12:30:00,1.27,2.55
20769,DAISY JOURNAL,General Merchandise,Daisy,2009-12-07 11:19:00,1.27,2.55
20770,ABSTRACT CIRCLE JOURNAL,General Merchandise,Abstract,2009-12-01 17:28:00,1.27,2.55
20771,CHRYSANTHEMUM  JOURNAL,General Merchandise,Chrysanthemum,2009-12-01 14:35:00,1.27,2.55
20772,GARDEN PATH JOURNAL,Garden,Garden,2009-12-02 11:31:00,1.27,2.55
20773,BLUE PAISLEY NOTEBOOK,Stationery & Cards,Blue,2009-12-01 11:51:00,0.91,1.65
20774,GREEN FERN NOTEBOOK,Stationery & Cards,Green,2009-12-01 11:51:00,0.91,1.65
20775,DAISY NOTEBOOK,Stationery & Cards,Daisy,2009-12-06 13:29:00,0.91,1.65
20776,ABSTRACT CIRCLES NOTEBOOK,Stationery & Cards,Abstract,2009-12-01 17:28:00,0.91,1.65
20777,CHRYSANTHEMUM NOTEBOOK,Stationery & Cards,Chrysanthemum,2009-12-01 11:51:00,0.91,1.65
20778,GARDEN PATH NOTEBOOK,Stationery & Cards,Garden,2009-12-02 14:43:00,0.91,1.65
20780,BLACK EAR MUFF HEADPHONES,General Merchandise,Black,2009-12-01 14:28:00,2.74,5.49
20781,GOLD EAR MUFF HEADPHONES,General Merchandise,Gold,2009-12-04 09:43:00,2.74,5.49
20782,CAMOUFLAGE EAR MUFF HEADPHONES,General Merchandise,Camouflage,2009-12-01 11:45:00,2.74,5.49
20783,HEART EAR MUFF HEADPHONES,General Merchandise,Heart,2009-12-01 14:28:00,2.74,5.49
20784,RED RETRO BAR STOOL,General Merchandise,Red,2009-12-01 14:56:00,17.0,34.0
20785,FUSCHIA RETRO BAR STOOL,General Merchandise,Fuschia,2010-01-22 11:28:00,17.0,34.0
20786,BLACK RETRO BAR STOOL,General Merchandise,Black,2010-01-22 11:28:00,17.0,34.0
20787,BLUE RETRO BAR STOOL,General Merchandise,Blue,2010-01-17 12:40:00,17.0,34.0
20791,BLUE TILED SET OF 3 DRAWERS,General Merchandise,Blue,2010-01-14 15:47:00,6.38,12.75
20793,BLUE TILED TRAY,General Merchandise,Blue,2009-12-02 15:38:00,3.38,6.75
20794,BLUE  TILE HOOK,Home & Decor,Blue,2010-01-07 19:34:00,1.27,2.55
20795,LARGE BLUE PROVENCAL CERAMIC BALL,General Merchandise,Large,2009-12-09 13:00:00,1.05,2.1
20796,SMALL BLUE PROVENCAL CERAMIC BALL,General Merchandise,Small,2009-12-09 13:00:00,0.82,1.65
20798,CLEAR MILKSHAKE GLASS,General Merchandise,Clear,2009-12-01 14:28:00,1.05,2.1
20799,PINK MILKSHAKE GLASS,General Merchandise,Pink,2009-12-01 14:28:00,1.58,3.16
20800,LARGE GLASS SUNDAE DISH CLEAR,General Merchandise,Large,2010-01-11 09:37:00,2.53,5.06
20801,LARGE PINK GLASS SUNDAE DISH,General Merchandise,Large,2010-01-18 11:39:00,1.23,2.46
20802,SMALL GLASS SUNDAE DISH CLEAR,General Merchandise,Small,2009-12-16 17:58:00,0.82,1.65
20803,SMALL PINK GLASS SUNDAE DISH,General Merchandise,Small,2009-12-07 17:18:00,0.82,1.65
20804,GLASS CHICKEN BUTTER DISH,General Merchandise,Glass,2009-12-01 12:32:00,1.68,3.36
20812,EMBOSSED FLOWER TRELLIS PHOTO FRAME,Home & Decor,Embossed,2009-12-01 13:29:00,1.27,2.55
20814,SILVER FINCH DECORATION,Home & Decor,Silver,2009-12-01 12:13:00,0.62,1.25
20816,GOLD FLOWER CUSHION COVER,Home & Decor,Gold,2010-02-04 15:49:00,3.38,6.75
20818,GOLD TEDDY BEAR,General Merchandise,Gold,2009-12-02 13:26:00,1.88,3.75
20819,SILVER TEDDY BEAR,General Merchandise,Silver,2009-12-02 16:18:00,1.88,3.75
20820,SILVER LOOKING MIRROR,General Merchandise,Silver,2009-12-17 11:38:00,2.48,4.95
20821,GOLDIE LOOKING MIRROR,General Merchandise,Goldie,2009-12-14 17:57:00,5.08,10.17
20822,SILVER WINE GOBLET,General Merchandise,Silver,2010-02-01 15:32:00,2.33,4.65
20823,GOLD WINE GOBLET,General Merchandise,Gold,2009-12-01 10:18:00,2.12,4.25
20825,GOLD WINE GLASS,General Merchandise,Gold,2009-12-01 10:18:00,1.88,3.75
20826,SILVER APERITIF GLASS,General Merchandise,Silver,2009-12-01 10:18:00,0.95,1.9
20827,GOLD APERITIF GLASS,General Merchandise,Gold,2009-12-01 10:18:00,1.06,2.12
20828,GLITTER BUTTERFLY CLIPS,General Merchandise,Glitter,2009-12-01 11:41:00,1.27,2.55
20829,GLITTER HANGING BUTTERFLY STRING,General Merchandise,Glitter,2009-12-01 12:14:00,1.05,2.1
20830,SILVER PHOTO FRAME,Home & Decor,Silver,2009-12-01 16:34:00,1.05,2.1
20831,GOLD PHOTO FRAME,Home & Decor,Gold,2009-12-01 16:34:00,1.05,2.1
20832,RED FLOCK LOVE HEART PHOTO FRAME,Home & Decor,Red,2009-12-01 14:28:00,0.42,0.85
20833,SHAKER THROW  QUILTED,General Merchandise,Shaker,2009-12-06 13:19:00,6.38,12.75
20835,FRENCH LATTICE CUSHION COVER,Home & Decor,French,2010-03-03 16:37:00,0.42,0.83
20836,FRENCH PAISLEY CUSHION COVER,Home & Decor,French,2010-03-02 15:28:00,0.42,0.83
20837,FRENCH FLORAL CUSHION COVER,Home & Decor,French,2009-12-04 12:37:00,0.42,0.83
20838,FRENCH LATTICE CUSHION COVER,Home & Decor,French,2010-02-14 11:52:00,0.42,0.85
20839,FRENCH PAISLEY CUSHION COVER,Home & Decor,French,2009-12-07 18:02:00,1.48,2.95
20840,FRENCH FLORAL CUSHION COVER,Home & Decor,French,2009-12-18 12:33:00,0.85,1.7
20845,ZINC HEART LATTICE 2 WALL PLANTER,General Merchandise,Zinc,2009-12-02 14:36:00,3.18,6.35
20846,ZINC HEART LATTICE T-LIGHT HOLDER,Home & Decor,Zinc,2009-12-14 18:03:00,0.62,1.25
20847,ZINC HEART LATTICE CHARGER LARGE,General Merchandise,Zinc,2009-12-03 14:39:00,1.88,3.75
20848,ZINC HEART LATTICE CHARGER SMALL,General Merchandise,Zinc,2009-12-10 20:22:00,1.48,2.95
20849,ZINC HEART LATTICE DOUBLE PLANTER,General Merchandise,Zinc,2009-12-07 17:56:00,1.88,3.75
20850,ZINC HEART LATTICE PLANTER BOWL,Kitchenware,Zinc,2010-01-06 10:53:00,1.48,2.95
20851,ZINC HEART LATTICE TRAY OVAL,General Merchandise,Zinc,2009-12-08 15:00:00,2.98,5.95
20854,BLUE PATCH PURSE PINK HEART,Bags & Accessories,Blue,2009-12-03 17:57:00,0.82,1.65
20855,PINK PATCH PURSE BLUE HEART,Bags & Accessories,Pink,2009-12-03 17:57:00,0.82,1.65
20856,DENIM PATCH PURSE PINK BUTTERFLY,Bags & Accessories,Denim,2009-12-06 12:26:00,0.82,1.65
20857,BLUE ROSE PATCH PURSE PINK BUTTERFL,Bags & Accessories,Blue,2009-12-06 12:26:00,0.82,1.65
20858,SILVER PURSE GOLD PINK BUTTERFLY,Bags & Accessories,Silver,2009-12-14 15:31:00,0.82,1.65
20860,GOLD COSMETICS BAG WITH BUTTERFLY,Bags & Accessories,Gold,2010-04-08 11:49:00,1.05,2.1
20861,GOLD COSMETIC BAG PINK STAR,Bags & Accessories,Gold,2009-12-03 17:46:00,1.05,2.1
20862,PINK PATCH PENCIL CASE BLUE HEART,Stationery & Cards,Pink,2009-12-02 14:43:00,1.16,2.1
20863,BLUE PATCH PENCIL CASE PINK HEART,Stationery & Cards,Blue,2009-12-01 14:28:00,1.16,2.1
20864,DENIM PATCH PENCIL CASE BUTTERFLY,Stationery & Cards,Denim,2009-12-06 12:26:00,1.16,2.1
20865,PATCHWORK PENCIL CASE BUTTERFLY,Stationery & Cards,Patchwork,2009-12-01 14:28:00,1.16,2.1
20866,BLUE ROSE FABRIC MIRROR,General Merchandise,Blue,2009-12-01 12:47:00,0.62,1.25
20867,PINK ROSE FABRIC MIRROR,General Merchandise,Pink,2009-12-01 12:47:00,0.62,1.25
20868,SILVER FABRIC MIRROR,General Merchandise,Silver,2009-12-06 11:13:00,0.42,0.85
20869,GOLD FABRIC MIRROR,General Merchandise,Gold,2009-12-02 11:52:00,0.42,0.85
20870,OPULENT VELVET CANDLE IN BOX,Home & Decor,Opulent,2009-12-01 10:59:00,1.05,2.1
20871,OPULENT VELVET SET/3 CANDLES,Home & Decor,Opulent,2009-12-02 16:18:00,1.05,2.1
20877,MODERN CHRISTMAS BAUBLE CANDLE,Seasonal & Christmas,Modern,2009-12-10 18:27:00,0.19,0.42
20878,SET/9 CHRISTMAS T-LIGHTS SCENTED,Seasonal & Christmas,Set/9,2009-12-02 14:43:00,0.56,1.25
20879,TREE OF NOAH FESTIVE SCENTED CANDLE,Home & Decor,Tree,2009-12-04 17:18:00,0.32,0.65
20881,MODERN CHRISTMAS TREE CANDLE,Seasonal & Christmas,Modern,2009-12-10 18:27:00,0.38,0.85
20882,MODERN CHRISTMAS TREE CANDLE,Seasonal & Christmas,Modern,2009-12-13 13:53:00,1.33,2.95
20884,MODERN CHRISTMAS TREE CANDLE,Seasonal & Christmas,Modern,2009-12-10 18:27:00,0.94,2.1
20885,BOX OF 3 PEBBLE CANDLES,Home & Decor,Box,2009-12-22 12:42:00,1.48,2.95
20886,BOX OF 9 PEBBLE CANDLES,Home & Decor,Box,2009-12-01 14:28:00,0.98,1.95
20887,BOX OF 6 PEBBLE CANDLES,Home & Decor,Box,2009-12-01 14:43:00,2.81,5.62
20888,SET 3 JARDIN DE FEMME SCENT CANDLES,Kitchenware,Set,2009-12-01 14:28:00,1.88,3.75
20889,JARDIN DE FEMME SCENTED CANDLE,Kitchenware,Jardin,2009-12-02 12:09:00,1.48,2.95
20890,SMALL GLASS ROSE SCENTED CANDLE,Home & Decor,Small,2010-01-21 14:30:00,1.01,2.02
20891,LARGE GLASS ROSE SCENTED CANDLE,Home & Decor,Large,2010-01-12 09:47:00,3.98,7.95
20892,SET/3 TALL GLASS CANDLE HOLDER PINK,Home & Decor,Set/3,2009-12-01 11:21:00,6.38,12.75
20893,HANGING BAUBLE T-LIGHT HOLDER SMALL,Home & Decor,Hanging,2009-12-03 15:15:00,1.27,2.55
20894,HANGING BAUBLE T-LIGHT HOLDER LARGE,Home & Decor,Hanging,2009-12-01 13:29:00,1.48,2.95
20895,VINTAGE NOTEBOOK FRENCH LETTER,Stationery & Cards,Vintage,2009-12-08 12:33:00,1.62,2.95
20896,VINTAGE NOTEBOOK PINK FLOWER,Stationery & Cards,Vintage,2009-12-09 12:18:00,1.62,2.95
20897,VINTAGE NOTEBOOK PARIS DAYS,Stationery & Cards,Vintage,2009-12-01 11:21:00,1.62,2.95
20898,VINTAGE NOTEBOOK TRAVELOGUE,Stationery & Cards,Vintage,2009-12-04 09:43:00,1.62,2.95
20899,VINTAGE NOTEBOOK RED ROSE,Stationery & Cards,Vintage,2009-12-09 12:18:00,1.62,2.95
20901,VINTAGE KEEPSAKE BOX PINK FLOWER,General Merchandise,Vintage,2009-12-01 13:16:00,6.36,12.72
20902,VINTAGE KEEPSAKE BOX PARIS DAYS,General Merchandise,Vintage,2009-12-03 14:39:00,6.36,12.72
20903,VINTAGE KEEPSAKE BOX TRAVELOGUE,General Merchandise,Vintage,2009-12-01 14:28:00,3.18,6.35
20905,VINTAGE KEEPSAKE BOX BEAUTY GIRL,General Merchandise,Vintage,2009-12-02 14:55:00,3.18,6.35
20906,VINTAGE NOTEBOOK BEAUTY GIRL,Stationery & Cards,Vintage,2009-12-02 13:00:00,1.62,2.95
20910,VINTAGE PHOTO ALBUM PARIS DAYS,General Merchandise,Vintage,2009-12-03 14:39:00,3.18,6.35
20913,SET/5 BLUE SPOTTY LID GLASS BOWLS,Kitchenware,Set/5,2009-12-01 14:43:00,1.48,2.95
20914,SET/5 RED RETROSPOT LID GLASS BOWLS,Kitchenware,Set/5,2009-12-01 11:50:00,1.48,2.95
20931,BLUE POT PLANT CANDLE,Home & Decor,Blue,2009-12-07 16:40:00,1.88,3.75
20932,PINK POT PLANT CANDLE,Home & Decor,Pink,2009-12-10 09:49:00,1.88,3.75
20933,YELLOW POT PLANT CANDLE,Home & Decor,Yellow,2009-12-02 14:43:00,1.88,3.75
20934,SET/3 POT PLANT CANDLES,Home & Decor,Set/3,2009-12-02 09:47:00,2.72,5.45
20935,ROUND CACTUS CANDLE,Home & Decor,Round,2009-12-08 15:25:00,1.48,2.95
20936,FORKED CACTUS CANDLE,Kitchenware,Forked,2009-12-06 14:00:00,1.48,2.95
20939,ORANGE CANDLE,Home & Decor,Orange,2009-12-11 14:20:00,0.42,0.85
20940,SET/6 GARDEN GNOME T-LIGHT CANDLES,Home & Decor,Set/6,2009-12-01 13:31:00,1.48,2.95
20941,FROG CANDLE,Home & Decor,Frog,2009-12-01 13:31:00,0.62,1.25
20942,SET/6 GINGERBREAD TREE T-LIGHTS,Home & Decor,Set/6,2009-12-01 12:57:00,0.62,1.25
20943,SET/6 GINGERBREAD STAR T-LIGHTS,Home & Decor,Set/6,2009-12-01 12:57:00,0.62,1.25
20950,SET/6  ANGEL T-LIGHTS WHITE/GOLD,Home & Decor,Set/6,2009-12-02 14:43:00,0.21,0.42
20952,PORCELAIN CHERUB BELL SMALL,General Merchandise,Porcelain,2009-12-10 13:59:00,0.21,0.42
20953,PORCELAIN CHERUB BELL LARGE,General Merchandise,Porcelain,2010-03-19 13:53:00,0.82,1.65
20954,*USB Office Mirror Ball,General Merchandise,*Usb,2009-12-02 14:36:00,4.24,8.47
20956,PORCELAIN T-LIGHT HOLDERS ASSORTED,Home & Decor,Porcelain,2009-12-01 12:13:00,0.62,1.25
20957,PORCELAIN HANGING BELL SMALL,General Merchandise,Porcelain,2010-04-11 15:54:00,0.72,1.45
20958,PORCELAIN HANGING BELL LARGE,General Merchandise,Porcelain,2010-03-26 14:16:00,0.98,1.95
20960,WATERMELON BATH SPONGE,General Merchandise,Watermelon,2009-12-01 12:13:00,0.62,1.25
20961,STRAWBERRY BATH SPONGE,General Merchandise,Strawberry,2009-12-01 12:13:00,0.62,1.25
20963,APPLE BATH SPONGE,General Merchandise,Apple,2009-12-01 12:32:00,0.62,1.25
20964,POLYESTER FILLER PAD 60x40cm,General Merchandise,Polyester,2009-12-01 11:50:00,1.27,2.55
20966,SANDWICH BATH SPONGE,General Merchandise,Sandwich,2009-12-01 12:13:00,0.62,1.25
20967,GREY FLORAL FELTCRAFT SHOULDER BAG,Bags & Accessories,Grey,2009-12-01 10:59:00,1.88,3.75
20968,GREEN FLORAL FELTCRAFT SHOULDER BAG,Bags & Accessories,Green,2009-12-01 12:14:00,1.88,3.75
20969,RED FLORAL FELTCRAFT SHOULDER BAG,Bags & Accessories,Red,2009-12-01 12:14:00,1.88,3.75
20970,PINK FLORAL FELTCRAFT SHOULDER BAG,Bags & Accessories,Pink,2009-12-01 10:59:00,1.88,3.75
20971,PINK BLUE FELT CRAFT TRINKET BOX,General Merchandise,Pink,2009-12-01 09:08:00,0.62,1.25
20972,PINK CREAM FELT CRAFT TRINKET BOX,General Merchandise,Pink,2009-12-01 10:59:00,0.62,1.25
20973,12 PENCIL SMALL TUBE WOODLAND,Stationery & Cards,12,2010-03-17 12:19:00,0.36,0.65
20974,12 PENCILS SMALL TUBE SKULL,Stationery & Cards,12,2009-12-01 12:47:00,0.36,0.65
20975,12 PENCILS SMALL TUBE RED RETROSPOT,Stationery & Cards,12,2009-12-01 12:13:00,0.36,0.65
20976,12 PENCILS SMALL TUBE POSY,Stationery & Cards,12,2009-12-02 11:34:00,0.36,0.65
20977,36 PENCILS TUBE WOODLAND,Stationery & Cards,36,2009-12-01 12:47:00,0.69,1.25
20978,36 PENCILS TUBE SKULLS,Stationery & Cards,36,2009-12-01 12:57:00,0.69,1.25
20979,36 PENCILS TUBE RED RETROSPOT,Stationery & Cards,36,2009-12-01 12:47:00,0.69,1.25
20980,36 PENCILS TUBE POSY,Stationery & Cards,36,2009-12-01 14:28:00,0.69,1.25
20981,12 PENCILS TALL TUBE WOODLAND,Stationery & Cards,12,2009-12-01 12:47:00,0.47,0.85
20982,12 PENCILS TALL TUBE SKULLS,Stationery & Cards,12,2009-12-01 11:37:00,0.47,0.85
20983,12 PENCILS TALL TUBE RED RETROSPOT,Stationery & Cards,12,2009-12-01 12:47:00,0.47,0.85
20984,12 PENCILS TALL TUBE POSY,Stationery & Cards,12,2009-12-01 11:37:00,0.16,0.29
20985,HEART CALCULATOR,General Merchandise,Heart,2009-12-02 11:52:00,0.62,1.25
20986,BLUE CALCULATOR RULER,General Merchandise,Blue,2009-12-02 11:52:00,0.62,1.25
20987,GEISHA GIRL CHOPSTICKS SET/5,General Merchandise,Geisha,2009-12-01 11:45:00,0.98,1.95
20988,TRELLIS FLOWER CHOPSTICKS SET/5,General Merchandise,Trellis,2009-12-02 15:51:00,0.98,1.95
20989,URBAN CHIC CHOPSTICKS SET/5,General Merchandise,Urban,2009-12-01 11:45:00,0.98,1.95
20990,SPRING FLOWER CHOPSTICKS SET/5,General Merchandise,Spring,2009-12-02 13:06:00,0.98,1.95
20991,JAZZ HEARTS MAGNETIC MEMO PAD,General Merchandise,Jazz,2009-12-01 14:28:00,0.48,0.97
20992,JAZZ HEARTS PURSE NOTEBOOK,Bags & Accessories,Jazz,2009-12-01 12:57:00,0.37,0.74
20993,JAZZ HEARTS MEMO PAD,General Merchandise,Jazz,2009-12-04 09:43:00,0.42,0.85
20994,JAZZ HEARTS SPIRAL NOTEPAD,General Merchandise,Jazz,2009-12-01 12:57:00,0.42,0.85
20996,JAZZ HEARTS ADDRESS BOOK,General Merchandise,Jazz,2009-12-02 14:36:00,0.21,0.42
20997,ROSE DU SUD CUSHION COVER,Home & Decor,Rose,2009-12-08 16:09:00,2.1,4.21
20998,ROSE DU SUD OVEN GLOVE,General Merchandise,Rose,2009-12-02 11:45:00,1.48,2.95
21000,ROSE DU SUD COSMETICS BAG,Bags & Accessories,Rose,2009-12-03 13:42:00,1.68,3.36
21001,ROSE DU SUD WASHBAG,Bags & Accessories,Rose,2009-12-16 12:17:00,2.1,4.21
21002,ROSE DU SUD DRAWSTRING BAG,Bags & Accessories,Rose,2009-12-21 17:14:00,1.68,3.36
21003,ROSE DU SUD CUSHION COVER,Home & Decor,Rose,2010-03-02 16:36:00,2.9,5.79
21004,ROSE DU SUD CHILDS APRON,Bags & Accessories,Rose,2009-12-01 11:51:00,2.12,4.25
21007,ETCHED GLASS DROPLET DECORATION,Home & Decor,Etched,2009-12-02 12:15:00,0.19,0.38
21008,ETCHED GLASS HEART TREE DECORATION,Home & Decor,Etched,2010-02-01 11:17:00,1.25,2.51
21009,ETCHED GLASS STAR TREE DECORATION,Home & Decor,Etched,2009-12-02 11:18:00,0.62,1.25
21010,ETCHED GLASS BIRD TREE DECORATION,Home & Decor,Etched,2009-12-02 14:21:00,0.62,1.25
21011,GLITTER SNOW PEAR TREE DECORATION,Home & Decor,Glitter,2009-12-02 16:02:00,0.72,1.45
21012,ANTIQUE ALL GLASS CANDLESTICK,Home & Decor,Antique,2009-12-01 14:28:00,1.23,2.46
21014,SWISS CHALET TREE DECORATION,Home & Decor,Swiss,2009-12-01 13:31:00,0.42,0.85
21015,DARK BIRD HOUSE TREE DECORATION,Home & Decor,Dark,2009-12-01 13:31:00,0.42,0.83
21016,LIGHT BIRD HOUSE TREE DECORATION,Home & Decor,Light,2009-12-01 12:14:00,0.42,0.85
21017,RED BIRD HOUSE TREE DECORATION,Home & Decor,Red,2009-12-01 12:52:00,0.64,1.28
21018,BIRD BOX CHRISTMAS TREE DECORATION,Seasonal & Christmas,Bird,2009-12-01 12:13:00,0.38,0.85
21025,SPACE FROG,General Merchandise,Space,2009-12-01 14:28:00,0.62,1.25
21026,SPACE OWL,General Merchandise,Space,2009-12-02 11:47:00,0.62,1.25
21027,NINJA RABBIT PINK,General Merchandise,Ninja,2009-12-04 15:11:00,0.62,1.25
21028,NINJA RABBIT BLACK,General Merchandise,Ninja,2009-12-05 16:01:00,0.62,1.25
21030,SPACE CADET RED,General Merchandise,Space,2009-12-16 16:02:00,0.62,1.25
21031,SPACE CADET BLACK,General Merchandise,Space,2009-12-01 17:19:00,0.62,1.25
21032,SPACE CADET WHITE,General Merchandise,Space,2009-12-04 15:11:00,0.62,1.25
21033,JUMBO BAG CHARLIE AND LOLA TOYS,Bags & Accessories,Jumbo,2009-12-01 09:24:00,1.48,2.95
21034,REX CASH+CARRY JUMBO SHOPPER,General Merchandise,Rex,2009-12-01 11:57:00,0.48,0.95
21035,SET/2 RED RETROSPOT TEA TOWELS,General Merchandise,Set/2,2009-12-01 09:50:00,1.62,3.25
21036,SET/2 TEA TOWELS MODERN VINTAGE,General Merchandise,Set/2,2009-12-14 12:24:00,1.27,2.55
21038,SET/4 MODERN VINTAGE COTTON NAPKINS,General Merchandise,Set/4,2009-12-16 17:01:00,1.48,2.95
21039,RED SPOTTY SHOPPING BAG,Bags & Accessories,Red,2009-12-01 12:52:00,1.27,2.55
21040,MODERN VINTAGE COTTON SHOPPING BAG,Bags & Accessories,Modern,2009-12-02 14:43:00,1.27,2.55
21041,RED RETROSPOT OVEN GLOVE DOUBLE,General Merchandise,Red,2009-12-01 09:50:00,1.48,2.95
21042,RED SPOTTY APRON,Bags & Accessories,Red,2009-12-01 14:40:00,2.98,5.95
21043,APRON MODERN VINTAGE COTTON,Bags & Accessories,Apron,2009-12-07 15:42:00,2.06,4.13
21051,RIBBONS PURSE,Bags & Accessories,Ribbons,2009-12-03 14:28:00,1.05,2.1
21054,NURSE'S BAG SOFT TOY,Bags & Accessories,Nurse'S,2009-12-03 12:27:00,4.47,8.95
21055,TOOL BOX SOFT TOY,Toys & Games,Tool,2009-12-01 14:28:00,4.47,8.95
21056,DOCTOR'S BAG SOFT TOY,Bags & Accessories,Doctor'S,2009-12-03 12:27:00,4.47,8.95
21058,PARTY INVITES WOODLAND,General Merchandise,Party,2009-12-01 10:59:00,0.42,0.85
21059,PARTY INVITES DINOSAURS,General Merchandise,Party,2009-12-06 12:26:00,0.42,0.85
21060,PARTY INVITES BALLOON GIRL,Toys & Games,Party,2009-12-08 13:58:00,0.42,0.85
21061,PARTY INVITES FOOTBALL,General Merchandise,Party,2009-12-08 16:43:00,0.42,0.85
21062,PARTY INVITES SPACEMAN,General Merchandise,Party,2009-12-08 16:43:00,0.42,0.85
21063,PARTY INVITES JAZZ HEARTS,General Merchandise,Party,2009-12-01 10:59:00,0.42,0.85
21064,BOOM BOX SPEAKER BOYS,General Merchandise,Boom,2009-12-01 14:28:00,2.98,5.95
21065,BOOM BOX SPEAKER GIRLS,General Merchandise,Boom,2009-12-02 14:43:00,2.08,4.17
21066,VINTAGE RED MUG,Kitchenware,Vintage,2009-12-01 13:29:00,0.62,1.25
21067,VINTAGE RED TEATIME MUG,Kitchenware,Vintage,2009-12-01 12:32:00,0.62,1.25
21068,VINTAGE BILLBOARD LOVE/HATE MUG,Kitchenware,Vintage,2009-12-01 12:13:00,0.62,1.25
21069,VINTAGE BILLBOARD TEA MUG,Kitchenware,Vintage,2009-12-01 13:29:00,0.62,1.25
21070,VINTAGE BILLBOARD MUG,Kitchenware,Vintage,2009-12-01 13:29:00,0.62,1.25
21071,VINTAGE BILLBOARD DRINK ME MUG,Kitchenware,Vintage,2009-12-01 12:13:00,0.62,1.25
21076,SET/20 COLLAGE PAPER NAPKIN,Stationery & Cards,Set/20,2009-12-02 17:18:00,0.47,0.85
21077,SET/20 WOODLAND PAPER NAPKINS,Stationery & Cards,Set/20,2009-12-02 13:00:00,0.47,0.85
21078,SET/20 STRAWBERRY PAPER NAPKINS,Stationery & Cards,Set/20,2009-12-02 11:34:00,0.47,0.85
21080,SET/20 RED RETROSPOT PAPER NAPKINS,Stationery & Cards,Set/20,2009-12-01 12:20:00,0.47,0.85
21081,SET/20 POSIES PAPER NAPKINS,Stationery & Cards,Set/20,2009-12-01 11:51:00,0.47,0.85
21082,SET/20 FRUIT SALAD PAPER NAPKINS,Stationery & Cards,Set/20,2009-12-01 12:30:00,0.47,0.85
21084,SET/6 COLLAGE PAPER CUPS,Kitchenware,Set/6,2009-12-06 13:48:00,0.32,0.65
21085,SET/6 WOODLAND PAPER CUPS,Kitchenware,Set/6,2009-12-01 09:57:00,0.32,0.65
21086,SET/6 RED SPOTTY PAPER CUPS,Kitchenware,Set/6,2009-12-01 11:45:00,0.32,0.65
21087,SET/6 POSIES PAPER CUPS,Kitchenware,Set/6,2010-01-25 15:42:00,0.32,0.65
21088,SET/6 FRUIT SALAD PAPER CUPS,Kitchenware,Set/6,2009-12-15 17:02:00,0.1,0.19
21089,SET/6 GREEN SPRING PAPER CUPS,Kitchenware,Set/6,2010-01-15 15:05:00,0.1,0.19
21090,SET/6 COLLAGE PAPER PLATES,Kitchenware,Set/6,2009-12-16 12:11:00,0.42,0.83
21091,SET/6 WOODLAND PAPER PLATES,Kitchenware,Set/6,2009-12-01 09:57:00,0.42,0.85
21092,SET/6 STRAWBERRY PAPER PLATES,Kitchenware,Set/6,2009-12-07 18:02:00,0.42,0.85
21094,SET/6 RED SPOTTY PAPER PLATES,Kitchenware,Set/6,2009-12-01 11:45:00,0.42,0.85
21095,SET/6 POSIES PAPER PLATES,Kitchenware,Set/6,2009-12-17 14:08:00,0.42,0.85
21096,SET/6 FRUIT SALAD  PAPER PLATES,Kitchenware,Set/6,2009-12-10 13:59:00,0.42,0.83
21097,SET/6 GREEN SPRING  PAPER PLATE,Kitchenware,Set/6,2010-01-15 15:05:00,0.42,0.85
21098,CHRISTMAS TOILET ROLL,Seasonal & Christmas,Christmas,2009-12-01 12:55:00,0.56,1.25
21099,SET/6 STRAWBERRY PAPER CUPS,Kitchenware,Set/6,2009-12-01 09:57:00,0.32,0.65
21100,CHARLIE AND LOLA CHARLOTTE BAG,Bags & Accessories,Charlie,2009-12-01 09:24:00,0.82,1.65
21102,"CANDLE IN JAR COLLAGE , VANILLA",Kitchenware,Candle,2009-12-02 12:06:00,1.27,2.55
21106,CREAM SLICE FLANNEL CHOCOLATE SPOT,General Merchandise,Cream,2009-12-02 12:13:00,1.48,2.95
21107,CREAM SLICE FLANNEL PINK SPOT,General Merchandise,Cream,2009-12-02 09:21:00,1.48,2.95
21108,FAIRY CAKE FLANNEL ASSORTED COLOUR,Kitchenware,Fairy,2009-12-01 14:28:00,1.27,2.55
21109,"LARGE CAKE TOWEL, CHOCOLATE SPOTS",Kitchenware,Large,2009-12-04 16:26:00,3.38,6.75
21110,LARGE CAKE TOWEL PINK SPOTS,Kitchenware,Large,2009-12-01 14:28:00,3.38,6.75
21111,"SWISS ROLL TOWEL, CHOCOLATE  SPOTS",General Merchandise,Swiss,2009-12-01 17:08:00,1.48,2.95
21112,"SWISS ROLL TOWEL, PINK  SPOTS",General Merchandise,Swiss,2009-12-01 17:08:00,1.48,2.95
21114,LAVENDER SCENTED FABRIC HEART,General Merchandise,Lavender,2009-12-01 12:47:00,0.62,1.25
21115,ROSE CARAVAN DOORSTOP,General Merchandise,Rose,2009-12-01 12:32:00,3.38,6.75
21116,OWL DOORSTOP,General Merchandise,Owl,2009-12-01 14:28:00,4.14,8.29
21117,BLOND DOLL DOORSTOP,Toys & Games,Blond,2009-12-10 14:44:00,0.62,1.25
21118,SHOPPING BAG DOORSTOP,Bags & Accessories,Shopping,2009-12-02 16:18:00,0.62,1.25
21119,Glow In The Dark Shot Glasses,General Merchandise,Glow,2009-12-18 17:15:00,6.78,13.57
21120,*Boombox Ipod Classic,General Merchandise,*Boombox,2010-12-09 14:09:00,8.49,16.98
21121,SET/10 RED POLKADOT PARTY CANDLES,Home & Decor,Set/10,2009-12-01 14:35:00,0.62,1.25
21122,SET/10 PINK POLKADOT PARTY CANDLES,Home & Decor,Set/10,2009-12-01 11:51:00,0.62,1.25
21123,SET/10 IVORY POLKADOT PARTY CANDLES,Home & Decor,Set/10,2009-12-03 10:26:00,0.62,1.25
21124,SET/10 BLUE SPOTTY PARTY CANDLES,Home & Decor,Set/10,2009-12-01 11:51:00,0.62,1.25
21125,SET 6 FOOTBALL CELEBRATION CANDLES,Home & Decor,Set,2009-12-01 12:22:00,0.62,1.25
21126,SET OF 6 GIRLS CELEBRATION CANDLES,Home & Decor,Set,2009-12-01 12:22:00,0.62,1.25
21127,COLOURFUL FISHING GNOME,General Merchandise,Colourful,2009-12-03 12:40:00,2.98,5.95
21128,GOLD FISHING GNOME,General Merchandise,Gold,2009-12-17 10:20:00,6.23,12.46
21129,SILVER FISHING GNOME,General Merchandise,Silver,2009-12-02 14:36:00,3.48,6.95
21130,COLOURFUL STANDING GNOME,General Merchandise,Colourful,2009-12-04 09:43:00,1.72,3.45
21131,GOLD STANDING GNOME,General Merchandise,Gold,2009-12-07 17:56:00,2.12,4.25
21132,SILVER STANDING GNOME,General Merchandise,Silver,2009-12-14 18:37:00,2.12,4.25
21133,PAINTED BIRD ASSORTED CHRISTMAS,Seasonal & Christmas,Painted,2009-12-01 11:37:00,0.76,1.69
21134,VICTORIAN METAL POSTCARD CHRISTMAS,Seasonal & Christmas,Victorian,2009-12-01 14:28:00,0.74,1.65
21135,VICTORIAN  METAL POSTCARD SPRING,Stationery & Cards,Victorian,2009-12-02 12:13:00,0.93,1.69
21136,PAINTED METAL PEARS ASSORTED,General Merchandise,Painted,2009-12-01 11:45:00,0.84,1.69
21137,BLACK RECORD COVER FRAME,Home & Decor,Black,2009-12-01 18:35:00,1.88,3.75
21143,ANTIQUE GLASS HEART DECORATION,Home & Decor,Antique,2009-12-01 11:45:00,0.98,1.95
21144,PINK POODLE HANGING DECORATION,Home & Decor,Pink,2009-12-02 14:36:00,0.19,0.38
21145,ANTIQUE GLASS PLACE SETTING,General Merchandise,Antique,2009-12-01 14:28:00,0.62,1.25
21146,ANTIQUE GLASS RIDGED HANGING BALL,General Merchandise,Antique,2009-12-02 13:22:00,0.98,1.95
21147,JINGLE BELLS TREE DECORATION,Home & Decor,Jingle,2009-12-04 09:43:00,1.05,2.1
21153,RED SPOTTY TABLECLOTH,General Merchandise,Red,2009-12-01 14:47:00,5.32,10.65
21154,RED RETROSPOT OVEN GLOVE,General Merchandise,Red,2009-12-01 14:28:00,0.62,1.25
21155,RED RETROSPOT PEG BAG,Bags & Accessories,Red,2009-12-01 13:41:00,1.27,2.55
21156,RETROSPOT CHILDRENS APRON,Bags & Accessories,Retrospot,2009-12-01 13:16:00,0.98,1.95
21157,RED SPOTTY WASHBAG,Bags & Accessories,Red,2009-12-01 14:56:00,1.05,2.1
21158,MOODY GIRL DOOR HANGER,General Merchandise,Moody,2009-12-02 13:33:00,0.72,1.45
21159,MOODY BOY  DOOR HANGER,General Merchandise,Moody,2009-12-01 10:49:00,0.72,1.45
21160,KEEP OUT GIRLS DOOR HANGER,General Merchandise,Keep,2009-12-01 14:28:00,0.72,1.45
21161,KEEP OUT BOYS DOOR HANGER,General Merchandise,Keep,2009-12-01 10:49:00,0.72,1.45
21162,TOXIC AREA  DOOR HANGER,General Merchandise,Toxic,2009-12-01 10:49:00,0.72,1.45
21163,DO NOT TOUCH MY STUFF DOOR HANGER,General Merchandise,Do,2009-12-02 11:55:00,0.72,1.45
21164,HOME SWEET HOME METAL SIGN,General Merchandise,Home,2009-12-01 14:28:00,1.48,2.95
21165,BEWARE OF THE CAT METAL SIGN,General Merchandise,Beware,2009-12-01 14:28:00,0.84,1.69
21166,COOK WITH WINE METAL SIGN,General Merchandise,Cook,2009-12-01 11:45:00,0.98,1.95
21167,WHITE SAGE INCENSE,General Merchandise,White,2009-12-10 12:10:00,0.21,0.42
21169,YOU'RE CONFUSING ME METAL SIGN,General Merchandise,You'Re,2009-12-08 15:49:00,0.84,1.69
21171,BATHROOM METAL SIGN,General Merchandise,Bathroom,2009-12-02 15:04:00,0.72,1.45
21172,PARTY METAL SIGN,General Merchandise,Party,2009-12-01 11:41:00,0.72,1.45
21173,LOO ROLL  METAL SIGN,General Merchandise,Loo,2009-12-01 14:28:00,0.82,1.65
21174,POTTERING IN THE SHED METAL SIGN,General Merchandise,Pottering,2009-12-01 11:45:00,1.04,2.08
21175,GIN + TONIC DIET METAL SIGN,General Merchandise,Gin,2009-12-01 11:45:00,1.05,2.1
21179,NO JUNK MAIL METAL SIGN,General Merchandise,No,2009-12-01 11:21:00,0.62,1.25
21181,PLEASE ONE PERSON METAL SIGN,General Merchandise,Please,2009-12-01 09:06:00,1.05,2.1
21185,HOME SWEET HOME  BLACKBOARD,General Merchandise,Home,2009-12-01 14:28:00,3.18,6.35
21186,WHITE DOVE HONEYCOMB PAPER GARLAND,Stationery & Cards,White,2009-12-01 12:13:00,0.91,1.65
21187,WHITE BELL HONEYCOMB PAPER GARLAND,Stationery & Cards,White,2009-12-01 12:32:00,0.91,1.65
21188,3D HEARTS  HONEYCOMB PAPER GARLAND,Stationery & Cards,3D,2009-12-03 10:26:00,1.62,2.95
21189,WHITE HONEYCOMB PAPER GARLAND,Stationery & Cards,White,2009-12-01 14:47:00,0.91,1.65
21190,PINK HEARTS PAPER GARLAND,Stationery & Cards,Pink,2009-12-13 13:39:00,0.91,1.65
21191,LARGE WHITE HONEYCOMB PAPER BELL,Stationery & Cards,Large,2009-12-01 14:28:00,1.16,2.1
21192,WHITE BELL HONEYCOMB PAPER,Stationery & Cards,White,2009-12-01 14:44:00,0.91,1.65
21193,WHITE HONEYCOMB PAPER FAN,Stationery & Cards,White,2009-12-02 14:43:00,1.16,2.1
21194,PINK  HONEYCOMB PAPER FAN,Stationery & Cards,Pink,2009-12-03 14:39:00,1.16,2.1
21195,PINK  HONEYCOMB PAPER BALL,Stationery & Cards,Pink,2009-12-02 14:36:00,1.16,2.1
21196,ROUND WHITE CONFETTI IN TUBE,General Merchandise,Round,2010-02-08 16:48:00,0.82,1.65
21197,MULTICOLOUR  CONFETTI IN TUBE,General Merchandise,Multicolour,2010-03-03 13:57:00,0.82,1.65
21198,WHITE HEART CONFETTI IN TUBE,General Merchandise,White,2009-12-01 14:28:00,0.82,1.65
21199,PINK  HEART CONFETTI IN TUBE,General Merchandise,Pink,2009-12-07 15:02:00,0.82,1.65
21200,MULTICOLOUR HONEYCOMB PAPER GARLAND,Stationery & Cards,Multicolour,2009-12-01 14:55:00,0.91,1.65
21201,TROPICAL  HONEYCOMB PAPER GARLAND,Stationery & Cards,Tropical,2009-12-01 14:55:00,1.4,2.55
21202,DOLLY HONEYCOMB GARLAND,Toys & Games,Dolly,2009-12-14 11:30:00,0.82,1.65
21203,BUTTERFLIES  HONEYCOMB GARLAND,General Merchandise,Butterflies,2009-12-03 10:26:00,0.82,1.65
21204,DAISIES  HONEYCOMB GARLAND,General Merchandise,Daisies,2009-12-06 15:24:00,0.82,1.65
21205,MULTICOLOUR 3D BALLS GARLAND,General Merchandise,Multicolour,2009-12-02 10:52:00,1.27,2.55
21206,STRAWBERRY HONEYCOMB  GARLAND,General Merchandise,Strawberry,2009-12-03 10:26:00,0.82,1.65
21207,SKULL AND CROSSBONES  GARLAND,General Merchandise,Skull,2009-12-03 14:39:00,0.82,1.65
21208,PASTEL COLOUR HONEYCOMB FAN,General Merchandise,Pastel,2009-12-16 15:48:00,0.82,1.65
21209,MULTICOLOUR HONEYCOMB FAN,General Merchandise,Multicolour,2009-12-16 14:12:00,0.82,1.65
21210,SET OF 72 RETROSPOT PAPER  DOILIES,Stationery & Cards,Set,2009-12-01 12:52:00,0.8,1.45
21211,SET OF 72 SKULL PAPER  DOILIES,Stationery & Cards,Set,2009-12-02 13:57:00,0.8,1.45
21212,PACK OF 72 RETROSPOT CAKE CASES,Kitchenware,Pack,2009-12-01 10:49:00,0.28,0.55
21213,PACK OF 72 SKULL CAKE CASES,Kitchenware,Pack,2009-12-01 13:43:00,0.28,0.55
21214,SET OF 72 IVORY PAPER DOILIES,Stationery & Cards,Set,2009-12-01 13:29:00,0.8,1.45
21215,IVORY PAPER CUP CAKE CASES,Kitchenware,Ivory,2009-12-04 11:32:00,0.28,0.55
21216,"SET 3 RETROSPOT TEA,COFFEE,SUGAR",General Merchandise,Set,2009-12-01 13:41:00,2.48,4.95
21217,RED RETROSPOT ROUND CAKE TINS,Kitchenware,Red,2009-12-01 10:06:00,4.97,9.95
21218,RED SPOTTY BISCUIT TIN,Kitchenware,Red,2009-12-01 13:41:00,1.88,3.75
21219,SET/4 BADGES BALLOON GIRL,Toys & Games,Set/4,2009-12-04 09:43:00,0.62,1.25
21220,SET/4 BADGES DOGS,General Merchandise,Set/4,2009-12-02 14:36:00,0.62,1.25
21221,SET/4 BADGES CUTE CREATURES,General Merchandise,Set/4,2009-12-01 16:17:00,0.62,1.25
21222,SET/4 BADGES BEETLES,General Merchandise,Set/4,2009-12-07 13:59:00,0.62,1.25
21223,SET/4 BADGES WOODLAND ANIMAL,General Merchandise,Set/4,2009-12-01 12:36:00,0.62,1.25
21224,SET/4 SKULL BADGES,General Merchandise,Set/4,2009-12-03 17:46:00,0.62,1.25
21225,POCKET MIRROR BUTTERFLY,General Merchandise,Pocket,2009-12-11 15:40:00,0.62,1.25
21226,POCKET MIRROR WOODLAND,General Merchandise,Pocket,2009-12-11 15:40:00,0.62,1.25
21228,"POCKET MIRROR ""GLAMOROUS""",General Merchandise,Pocket,2009-12-09 12:57:00,0.62,1.25
21231,SWEETHEART CERAMIC TRINKET BOX,General Merchandise,Sweetheart,2009-12-01 10:59:00,0.62,1.25
21232,STRAWBERRY CERAMIC TRINKET BOX,General Merchandise,Strawberry,2009-12-01 07:45:00,0.62,1.25
21238,RED RETROSPOT CUP,Kitchenware,Red,2009-12-01 11:45:00,0.42,0.85
21239,PINK  POLKADOT CUP,Kitchenware,Pink,2009-12-01 11:45:00,0.42,0.85
21240,BLUE POLKADOT CUP,Kitchenware,Blue,2009-12-01 11:45:00,0.42,0.85
21241,GREEN SPOTTY CUP,Kitchenware,Green,2009-12-01 11:21:00,0.42,0.85
21242,RED RETROSPOT PLATE,Kitchenware,Red,2009-12-01 11:50:00,0.84,1.69
21243,PINK  POLKADOT PLATE,Kitchenware,Pink,2009-12-01 13:41:00,0.84,1.69
21244,BLUE POLKADOT PLATE,Kitchenware,Blue,2009-12-01 11:34:00,0.84,1.69
21245,GREEN POLKADOT PLATE,Kitchenware,Green,2009-12-01 11:21:00,0.84,1.69
21246,RED RETROSPOT BIG BOWL,Kitchenware,Red,2009-12-01 13:41:00,2.48,4.95
21247,SET OF RED SALAD SERVERS,General Merchandise,Set,2009-12-01 13:41:00,0.74,1.49
21248,DOOR HANGER  MUM + DADS ROOM,General Merchandise,Door,2009-12-01 10:49:00,0.72,1.45
21249,WOODLAND  HEIGHT CHART STICKERS,Stationery & Cards,Woodland,2009-12-01 14:28:00,1.62,2.95
21250,SET OF SKULL WALL STICKERS,Stationery & Cards,Set,2009-12-03 14:39:00,1.62,2.95
21251,DINOSAUR HEIGHT CHART STICKER SET,Stationery & Cards,Dinosaur,2009-12-01 14:28:00,1.62,2.95
21252,SET OF MEADOW  FLOWER STICKERS,Stationery & Cards,Set,2009-12-01 09:24:00,1.62,2.95
21253,SET OF PICTURE FRAME  STICKERS,Home & Decor,Set,2009-12-02 12:06:00,2.9,5.79
21255,"FRENCH BOTTLE , LAVENDER",General Merchandise,French,2009-12-01 14:28:00,0.82,1.65
21256,"FRENCH BOTTLE, BRASSERIE DES ARTIST",General Merchandise,French,2009-12-01 14:28:00,0.82,1.65
21257,VICTORIAN SEWING BOX MEDIUM,General Merchandise,Victorian,2009-12-01 14:19:00,3.98,7.95
21258,VICTORIAN SEWING BOX LARGE,General Merchandise,Victorian,2009-12-01 11:21:00,6.38,12.75
21259,VICTORIAN SEWING BOX SMALL,General Merchandise,Victorian,2009-12-01 14:28:00,2.98,5.95
21260,FIRST AID TIN,Kitchenware,First,2009-12-01 13:31:00,1.62,3.25
21261,GREEN GOOSE FEATHER CHRISTMAS TREE,Seasonal & Christmas,Green,2009-12-04 09:43:00,3.36,7.46
21262,WHITE GOOSE FEATHER CHRISTMAS TREE,Seasonal & Christmas,White,2009-12-02 14:55:00,1.33,2.95
21263,GREEN GOOSE FEATHER TREE 60CM,General Merchandise,Green,2010-09-13 09:56:00,0.98,1.95
21264,WHITE GOOSE FEATHER TREE 60CM,General Merchandise,White,2009-12-08 17:44:00,0.98,1.95
21265,PINK GOOSE FEATHER TREE 60CM,General Merchandise,Pink,2009-12-06 13:45:00,0.98,1.95
21266,VINTAGE SILVER TINSEL REEL,General Merchandise,Vintage,2009-12-01 14:28:00,2.15,4.3
21267,VINTAGE PINK TINSEL REEL,General Merchandise,Vintage,2009-12-02 14:43:00,2.15,4.3
21268,VINTAGE BLUE TINSEL REEL,General Merchandise,Vintage,2009-12-06 13:07:00,0.21,0.42
21269,ANTIQUE CREAM CUTLERY SHELF,General Merchandise,Antique,2009-12-08 14:56:00,4.25,8.5
21270,ANTIQUE CREAM CUTLERY CUPBOARD,Kitchenware,Antique,2009-12-08 14:56:00,6.38,12.75
21272,SALLE DE BAIN HOOK,Home & Decor,Salle,2009-12-01 16:34:00,0.62,1.25
21274,EMBOSSED HEART 3 DRAWER SHELF,General Merchandise,Embossed,2009-12-04 13:01:00,6.38,12.75
21275,ZINC TOP  2 DOOR WOODEN SHELF,General Merchandise,Zinc,2009-12-08 16:23:00,8.48,16.95
21276,TWO EMBOSSED HEART MINI DRAWERS,General Merchandise,Two,2009-12-03 12:10:00,0.98,1.95
21277,FRENCH STYLE EMBOSSED HEART CABINET,General Merchandise,French,2009-12-08 14:56:00,10.98,21.95
21278,VINTAGE KITCHEN PRINT PUDDINGS,Kitchenware,Vintage,2009-12-08 15:49:00,1.27,2.55
21279,VINTAGE KITCHEN PRINT FRUITS,Kitchenware,Vintage,2009-12-02 15:08:00,1.27,2.55
21280,VINTAGE KITCHEN PRINT VEGETABLES,Kitchenware,Vintage,2009-12-04 13:23:00,1.27,2.55
21281,VINTAGE KITCHEN PRINT SEAFOOD,Kitchenware,Vintage,2009-12-02 15:08:00,1.27,2.55
21282,NATURAL BARK CANDLE LARGE,Home & Decor,Natural,2009-12-02 15:10:00,2.12,4.25
21283,NATURAL BARK CANDLE SMALL,Home & Decor,Natural,2009-12-01 14:28:00,1.62,3.25
21284,RETROSPOT CANDLE  SMALL,Home & Decor,Retrospot,2009-12-01 14:28:00,0.84,1.69
21285,RETROSPOT CANDLE  MEDIUM,Home & Decor,Retrospot,2009-12-03 07:57:00,1.05,2.1
21286,RETROSPOT CANDLE  LARGE,Home & Decor,Retrospot,2009-12-02 10:09:00,1.27,2.55
21287,SCENTED VELVET LOUNGE CANDLE,Home & Decor,Scented,2009-12-04 15:26:00,0.19,0.38
21288,STRIPEY CHOCOLATE NESTING BOXES,General Merchandise,Stripey,2009-12-03 16:12:00,1.48,2.95
21289,LARGE STRIPES CHOCOLATE GIFT BAG,Bags & Accessories,Large,2009-12-08 12:05:00,0.62,1.25
21290,LARGE SPOTTY CHOCOLATE GIFT BAG,Bags & Accessories,Large,2009-12-23 14:09:00,0.62,1.25
21291,SMALL SPOTTY CHOCOLATE GIFT BAG,Bags & Accessories,Small,2009-12-01 14:28:00,0.42,0.85
21292,SMALL STRIPES CHOCOLATE GIFT BAG,Bags & Accessories,Small,2009-12-04 09:43:00,0.42,0.85
21293,MIRRORED DOVE WALL DECORATION,Home & Decor,Mirrored,2009-12-03 14:39:00,1.68,3.36
21294,ETCHED GLASS COASTER,General Merchandise,Etched,2009-12-02 14:43:00,0.62,1.25
21298,EDWARDIAN 2 DRAWER WALL CABINET,General Merchandise,Edwardian,2009-12-14 15:38:00,6.38,12.75
21299,EDWARDIAN TOILET ROLL UNIT,General Merchandise,Edwardian,2009-12-01 09:57:00,6.38,12.75
21300,ANTIQUE EDWARDIAN DRESSER,General Merchandise,Antique,2009-12-05 13:32:00,6.38,12.75
21303,FILIGREE WALL MIRROR  ANTIQUE WHITE,General Merchandise,Filigree,2009-12-03 12:27:00,8.48,16.95
21304,ARCHED GREY MIRROR,General Merchandise,Arched,2009-12-02 10:00:00,6.38,12.75
21306,SET/4 DAISY MIRROR MAGNETS,General Merchandise,Set/4,2009-12-03 12:40:00,0.62,1.24
21307,SET/4 BUTTERFLY MIRROR MAGNETS,General Merchandise,Set/4,2009-12-01 14:47:00,1.05,2.1
21308,LOUVRE VANITY MIRROR,General Merchandise,Louvre,2009-12-06 15:41:00,6.32,12.65
21309,LOUVRE CHALKBOARD,General Merchandise,Louvre,2009-12-08 15:12:00,4.97,9.95
21310,CAPIZ CHANDELIER,General Merchandise,Capiz,2010-03-18 16:37:00,14.98,29.95
21311,SET/4 BIRD MIRROR MAGNETS,General Merchandise,Set/4,2009-12-03 14:39:00,1.05,2.1
21312,LARGE CHUNKY GLASS ROMAN BOWL,Kitchenware,Large,2009-12-02 12:06:00,3.38,6.75
21313,GLASS HEART T-LIGHT HOLDER,Home & Decor,Glass,2009-12-01 13:29:00,0.42,0.85
21314,SMALL GLASS HEART TRINKET POT,General Merchandise,Small,2009-12-01 13:29:00,1.05,2.1
21316,SMALL CHUNKY GLASS ROMAN  BOWL,Kitchenware,Small,2009-12-03 19:13:00,1.48,2.95
21317,GLASS SPHERE CANDLE STAND MEDIUM,Home & Decor,Glass,2009-12-13 11:05:00,2.72,5.45
21318,GLASS CHALICE BLUE SMALL,General Merchandise,Glass,2009-12-13 15:54:00,0.82,1.65
21319,GLASS CHALICE GREEN  SMALL,General Merchandise,Glass,2009-12-07 13:35:00,0.82,1.65
21320,GLASS CHALICE GREEN  LARGE,General Merchandise,Glass,2009-12-01 12:32:00,1.27,2.55
21321,GLASS CHALICE BLUE  LARGE,General Merchandise,Glass,2009-12-01 12:32:00,1.27,2.55
21322,GLASS SPHERE CANDLE STAND LARGE,Home & Decor,Glass,2009-12-09 13:11:00,3.32,6.65
21323,HANGING MEDINA LANTERN LARGE,Home & Decor,Hanging,2009-12-02 09:50:00,2.12,4.25
21324,HANGING MEDINA LANTERN SMALL,Home & Decor,Hanging,2009-12-03 16:12:00,1.48,2.95
21326,AGED GLASS SILVER T-LIGHT HOLDER,Home & Decor,Aged,2009-12-01 11:37:00,0.32,0.65
21327,SKULLS WRITING SET,General Merchandise,Skulls,2009-12-02 12:13:00,0.82,1.65
21328,BALLOONS  WRITING SET,Toys & Games,Balloons,2009-12-01 14:28:00,0.82,1.65
21329,DINOSAURS  WRITING SET,General Merchandise,Dinosaurs,2009-12-01 09:24:00,0.82,1.65
21330,WOODLAND ANIMAL  WRITING SET,General Merchandise,Woodland,2009-12-01 14:28:00,0.82,1.65
21331,MOROCCAN BEATEN METAL DISH LARGE,General Merchandise,Moroccan,2009-12-06 10:26:00,6.38,12.75
21332,MOROCCAN BEATEN METAL MIRROR,General Merchandise,Moroccan,2009-12-04 13:22:00,6.38,12.75
21333,CLASSIC WHITE FRAME,Home & Decor,Classic,2009-12-01 09:06:00,1.48,2.95
21335,LIBRARY LAMP,General Merchandise,Library,2009-12-01 13:48:00,10.98,21.95
21336,GOLD WASHBAG,Bags & Accessories,Gold,2009-12-04 09:43:00,1.48,2.95
21337,SILVER WASHBAG,Bags & Accessories,Silver,2009-12-02 12:47:00,1.48,2.95
21338,MARAKESH LANTERN SMALL,Home & Decor,Marakesh,2009-12-05 12:02:00,2.98,5.95
21339,MARAKESH LANTERN LARGE,Home & Decor,Marakesh,2009-12-08 11:07:00,9.98,19.95
21340,CLASSIC METAL BIRDCAGE PLANT HOLDER,Home & Decor,Classic,2009-12-02 09:57:00,6.38,12.75
21341,KASBAH LANTERN WITH GLASS,Home & Decor,Kasbah,2009-12-02 09:50:00,2.33,4.65
21343,GOLD JEWELERY BOX,General Merchandise,Gold,2009-12-09 14:01:00,1.98,3.95
21344,MOROCCAN BEATEN METAL DISH,General Merchandise,Moroccan,2009-12-01 13:07:00,4.97,9.95
21347,GOTHIC CARRIAGE LANTERN,Home & Decor,Gothic,2009-12-02 09:57:00,2.98,5.95
21348,PINK SPOTS CHOCOLATE NESTING BOXES,General Merchandise,Pink,2009-12-01 14:28:00,1.48,2.95
21349,IVY HEART WREATH,General Merchandise,Ivy,2009-12-01 14:50:00,3.38,6.75
21350,GINGHAM HEART WREATH,General Merchandise,Gingham,2009-12-02 14:21:00,1.48,2.95
21351,CINAMMON & ORANGE WREATH,General Merchandise,Cinammon,2009-12-01 09:08:00,3.38,6.75
21352,EUCALYPTUS & PINECONE  WREATH,General Merchandise,Eucalyptus,2009-12-01 09:08:00,2.96,5.91
21353,SILVER SLEIGHBELL  WREATH,General Merchandise,Silver,2009-12-01 12:02:00,3.98,7.95
21354,TOAST ITS - BEST MUM,General Merchandise,Toast,2009-12-02 09:47:00,0.62,1.25
21355,TOAST ITS - I LOVE YOU,General Merchandise,Toast,2009-12-01 15:26:00,0.62,1.25
21356,TOAST ITS - FAIRY FLOWER,General Merchandise,Toast,2009-12-01 12:13:00,0.62,1.25
21357,TOAST ITS - DINOSAUR,General Merchandise,Toast,2009-12-01 12:13:00,0.62,1.25
21358,TOAST ITS - HAPPY BIRTHDAY,General Merchandise,Toast,2009-12-02 14:55:00,0.62,1.25
21359,RELAX LARGE WOOD LETTERS,General Merchandise,Relax,2009-12-02 10:09:00,7.98,15.95
21360,JOY LARGE WOOD LETTERS,General Merchandise,Joy,2009-12-01 09:08:00,4.97,9.95
21361,LOVE LARGE WOOD LETTERS,General Merchandise,Love,2010-02-11 12:31:00,6.38,12.75
21363,HOME SMALL WOOD LETTERS,General Merchandise,Home,2010-01-05 14:32:00,2.48,4.95
21364,PEACE SMALL WOOD LETTERS,General Merchandise,Peace,2009-12-01 09:08:00,3.38,6.75
21365,MIRRORED WALL ART STARS,General Merchandise,Mirrored,2009-12-07 13:35:00,1.48,2.95
21366,MIRRORED WALL ART PHOTO FRAMES,Home & Decor,Mirrored,2009-12-10 10:47:00,2.12,4.25
21367,MIRRORED WALL ART GENTS,General Merchandise,Mirrored,2009-12-08 15:49:00,1.27,2.55
21368,MIRRORED WALL ART LADIES,General Merchandise,Mirrored,2009-12-08 15:49:00,0.38,0.75
21369,MIRRORED WALL ART SPLODGES,General Merchandise,Mirrored,2009-12-23 12:07:00,0.62,1.25
21370,MIRRORED WALL ART FOXY,General Merchandise,Mirrored,2009-12-06 15:08:00,3.18,6.35
21371,MIRRORED WALL ART POPPIES,General Merchandise,Mirrored,2009-12-01 11:37:00,1.27,2.55
21372,MIRRORED WALL ART TABLE LAMP,General Merchandise,Mirrored,2009-12-02 14:36:00,1.23,2.46
21373,MIRRORED WALL ART SNOWFLAKES,General Merchandise,Mirrored,2009-12-04 15:16:00,0.38,0.75
21374,MIRRORED WALL ART SKULLS,General Merchandise,Mirrored,2009-12-18 17:15:00,0.62,1.25
21375,LARGE CAMPHOR WOOD FIELD MUSHROOM,General Merchandise,Large,2009-12-01 12:13:00,5.4,10.79
21376,LARGE  TALL CAMPHOR WOOD TOADSTOOL,General Merchandise,Large,2009-12-06 11:58:00,2.72,5.45
21377,SMALL CAMPHOR WOOD FIELD  MUSHROOM,General Merchandise,Small,2009-12-01 12:13:00,1.64,3.29
21378,SMALL TALL CAMPHOR WOOD TOADSTOOL,General Merchandise,Small,2009-12-07 17:56:00,0.82,1.65
21379,CAMPHOR WOOD PORTOBELLO MUSHROOM,General Merchandise,Camphor,2009-12-01 12:13:00,1.23,2.46
21380,WOODEN HAPPY BIRTHDAY GARLAND,General Merchandise,Wooden,2009-12-03 11:51:00,1.48,2.95
21381,MINI WOODEN HAPPY BIRTHDAY GARLAND,General Merchandise,Mini,2009-12-03 17:57:00,0.84,1.69
21382,SET/4 SPRING FLOWER DECORATION,Home & Decor,Set/4,2010-05-16 15:52:00,0.82,1.63
21383,PACK OF 12 STICKY BUNNIES,General Merchandise,Pack,2009-12-09 09:51:00,0.32,0.65
21384,IVORY HANGING DECORATION  BUTTERFLY,Home & Decor,Ivory,2009-12-02 14:36:00,0.42,0.85
21385,IVORY HANGING DECORATION  HEART,Home & Decor,Ivory,2009-12-01 13:38:00,0.42,0.85
21386,IVORY HANGING DECORATION  EGG,Home & Decor,Ivory,2010-01-11 14:39:00,0.42,0.85
21387,IVORY HANGING DECORATION  RABBIT,Home & Decor,Ivory,2010-02-23 13:03:00,0.42,0.85
21388,IVORY HANGING DECORATION  CHICKEN,Home & Decor,Ivory,2009-12-02 15:04:00,0.42,0.85
21389,IVORY HANGING DECORATION  BIRD,Home & Decor,Ivory,2009-12-03 16:21:00,0.42,0.85
21390,FILIGRIS HEART WITH BUTTERFLY,General Merchandise,Filigris,2009-12-02 13:57:00,0.62,1.25
21391,FRENCH LAVENDER SCENT HEART,General Merchandise,French,2009-12-02 13:00:00,1.05,2.1
21392,RED SPOTTY PUDDING BOWL,Kitchenware,Red,2009-12-03 15:35:00,1.05,2.1
21393,BLUE  SPOTTY PUDDING BOWL,Kitchenware,Blue,2010-01-08 16:29:00,1.05,2.1
21394,RED POLKADOT BEAKER,General Merchandise,Red,2010-01-26 10:09:00,0.2,0.39
21395,BLUE POLKADOT BEAKER,General Merchandise,Blue,2009-12-07 13:35:00,0.2,0.39
21396,RED SPOTTY EGG CUP,Kitchenware,Red,2009-12-01 14:28:00,0.62,1.25
21397,BLUE  SPOTTY EGG CUP,Kitchenware,Blue,2009-12-04 09:43:00,0.62,1.25
21398,RED POLKADOT COFFEE  MUG,Kitchenware,Red,2009-12-01 14:40:00,1.05,2.1
21399,BLUE POLKADOT COFFEE MUG,Kitchenware,Blue,2009-12-04 12:37:00,0.82,1.63
21400,RED PUDDING SPOON,Kitchenware,Red,2009-12-07 13:59:00,0.21,0.42
21401,BLUE PUDDING SPOON,Kitchenware,Blue,2009-12-07 13:59:00,0.21,0.42
21402,RED  EGG  SPOON,Kitchenware,Red,2009-12-03 07:57:00,0.21,0.42
21403,BLUE EGG  SPOON,Kitchenware,Blue,2009-12-03 07:57:00,0.21,0.42
21406,SPOTTY CAT DOORSTOP,General Merchandise,Spotty,2009-12-14 17:16:00,4.32,8.65
21407,BROWN CHECK CAT DOORSTOP,General Merchandise,Brown,2009-12-01 12:14:00,2.12,4.25
21408,SPOTTY PINK DUCK DOORSTOP,General Merchandise,Spotty,2009-12-02 14:36:00,2.12,4.25
21409,SPOTTY COCKEREL DOORSTOP,General Merchandise,Spotty,2010-01-18 13:34:00,2.12,4.25
21410,COUNTRY COTTAGE  DOORSTOP GREEN,General Merchandise,Country,2009-12-01 09:24:00,2.12,4.25
21411,GINGHAM HEART  DOORSTOP RED,General Merchandise,Gingham,2009-12-01 09:24:00,2.12,4.25
21412,VINTAGE GOLD TINSEL REEL,General Merchandise,Vintage,2009-12-01 13:41:00,0.21,0.42
21413,PERIWINKLE T-LIGHT HOLDER,Home & Decor,Periwinkle,2009-12-08 15:49:00,0.62,1.25
21414,SCALLOP SHELL SOAP DISH,General Merchandise,Scallop,2009-12-07 18:02:00,1.05,2.1
21415,CLAM SHELL SMALL,General Merchandise,Clam,2009-12-09 09:42:00,1.05,2.1
21416,CLAM SHELL LARGE,General Merchandise,Clam,2009-12-13 15:17:00,1.88,3.75
21417,COCKLE SHELL DISH,General Merchandise,Cockle,2009-12-01 13:31:00,1.05,2.1
21418,STARFISH SOAP DISH,General Merchandise,Starfish,2009-12-06 10:51:00,1.27,2.55
21419,CONCH SHELL,General Merchandise,Conch,2009-12-01 14:55:00,1.88,3.75
21420,OYSTER TRINKET BOX,General Merchandise,Oyster,2010-01-04 13:36:00,1.62,3.25
21421,PORCELAIN ROSE LARGE,General Merchandise,Porcelain,2009-12-06 11:58:00,0.62,1.25
21422,PORCELAIN ROSE SMALL,General Merchandise,Porcelain,2009-12-03 17:04:00,0.42,0.85
21424,WOODLAND STORAGE BOX LARGE,General Merchandise,Woodland,2009-12-01 12:52:00,2.96,5.91
21425,SKULLS STORAGE BOX LARGE,General Merchandise,Skulls,2009-12-02 12:13:00,1.48,2.95
21426,WOODLAND STORAGE BOX SMALL,General Merchandise,Woodland,2009-12-01 12:52:00,1.05,2.1
21427,SKULLS STORAGE BOX SMALL,General Merchandise,Skulls,2009-12-03 12:28:00,1.05,2.1
21428,SET3 BOOK BOX GREEN GINGHAM FLOWER,General Merchandise,Set3,2009-12-01 09:46:00,2.12,4.25
21429,RED GINGHAM ROSE JEWELLERY BOX,General Merchandise,Red,2009-12-01 11:51:00,0.82,1.65
21430,SET/3 RED GINGHAM ROSE STORAGE BOX,General Merchandise,Set/3,2009-12-01 09:46:00,1.88,3.75
21431,GREEN GINGHAM FLOWER JEWELLERY BOX,General Merchandise,Green,2009-12-01 11:51:00,0.82,1.65
21432,SET OF 3 CASES WOODLAND DESIGN,General Merchandise,Set,2009-12-01 12:52:00,2.98,5.95
21437,24 HANGING EASTER EGGS FLORAL TUB,General Merchandise,24,2009-12-08 18:18:00,1.88,3.75
21438,TUB 24 HANGING EASTER EGGS SPOTTY,General Merchandise,Tub,2009-12-03 10:20:00,1.88,3.75
21439,BASKET OF TOADSTOOLS,General Merchandise,Basket,2009-12-01 12:52:00,0.62,1.25
21440,12 MINI TOADSTOOL PEGS,General Merchandise,12,2009-12-01 12:13:00,0.62,1.25
21441,BLUE BIRDHOUSE DECORATION,Home & Decor,Blue,2009-12-13 12:04:00,0.42,0.85
21442,GREEN BIRDHOUSE DECORATION,Home & Decor,Green,2009-12-15 18:33:00,0.42,0.85
21443,OLIVE CHALET BIRDFEEDER,General Merchandise,Olive,2009-12-04 09:43:00,1.88,3.75
21444,BLUE CHALET BIRDFEEDER,General Merchandise,Blue,2009-12-01 14:28:00,1.88,3.75
21445,12 PINK ROSE PEG PLACE SETTINGS,General Merchandise,12,2009-12-01 14:28:00,0.62,1.25
21446,12 RED ROSE PEG PLACE SETTINGS,General Merchandise,12,2009-12-03 16:54:00,0.62,1.25
21447,12 IVORY ROSE PEG PLACE SETTINGS,General Merchandise,12,2009-12-03 16:54:00,0.62,1.25
21448,12 DAISY PEGS IN WOOD BOX,General Merchandise,12,2009-12-02 10:00:00,0.82,1.65
21450,DISTRESSED CANDLE STICK WHITE,Home & Decor,Distressed,2009-12-03 12:10:00,2.98,5.95
21452,TOADSTOOL MONEY BOX,General Merchandise,Toadstool,2010-03-18 13:10:00,1.48,2.95
21454,PAINTED PINK RABBIT,General Merchandise,Painted,2010-01-11 09:37:00,0.42,0.85
21455,PAINTED YELLOW WOODEN DAISY,General Merchandise,Painted,2010-01-28 09:09:00,0.42,0.85
21456,2 PICTURE BOOK EGGS EASTER CHICKS,General Merchandise,2,2009-12-04 16:12:00,0.62,1.25
21457,2 PICTURE BOOK EGGS EASTER DUCKS,General Merchandise,2,2009-12-04 16:12:00,0.62,1.25
21458,2 PICTURE BOOK EGGS EASTER BUNNY,General Merchandise,2,2009-12-04 16:12:00,0.62,1.25
21459,YELLOW EASTER EGG HUNT START POST,General Merchandise,Yellow,2010-01-28 10:08:00,0.98,1.95
21460,GREEN EASTER EGG HUNT START POST,General Merchandise,Green,2010-01-29 09:21:00,0.98,1.95
21461,BLUE EASTER EGG HUNT START POST,General Merchandise,Blue,2010-01-29 09:21:00,0.98,1.95
21462,"NURSERY A,B,C PAINTED LETTERS",General Merchandise,Nursery,2009-12-04 12:33:00,3.38,6.75
21463,MIRRORED DISCO BALL,General Merchandise,Mirrored,2009-12-01 13:19:00,2.98,5.95
21464,DISCO BALL ROTATOR BATTERY OPERATED,General Merchandise,Disco,2009-12-02 11:18:00,2.12,4.25
21465,PINK FLOWER CROCHET FOOD COVER,General Merchandise,Pink,2009-12-01 13:29:00,1.88,3.75
21466,RED FLOWER CROCHET FOOD COVER,General Merchandise,Red,2009-12-01 13:29:00,1.88,3.75
21467,CHERRY CROCHET FOOD COVER,General Merchandise,Cherry,2009-12-01 13:29:00,1.88,3.75
21468,BUTTERFLY CROCHET FOOD COVER,General Merchandise,Butterfly,2009-12-02 14:06:00,1.88,3.75
21469,POLKA DOT RAFFIA FOOD COVER,General Merchandise,Polka,2009-12-01 14:35:00,1.88,3.75
21470,FLOWER VINE RAFFIA FOOD COVER,General Merchandise,Flower,2009-12-01 11:21:00,1.88,3.75
21471,STRAWBERRY RAFFIA FOOD COVER,General Merchandise,Strawberry,2009-12-01 13:29:00,1.88,3.75
21472,LADYBIRD + BEE RAFFIA FOOD COVER,General Merchandise,Ladybird,2009-12-01 11:17:00,1.88,3.75
21473,SWEETHEART CREAM STEEL TABLE RECT,General Merchandise,Sweetheart,2009-12-13 10:48:00,9.98,19.95
21474,SWEETHEART CREAM STEEL FOLDIN BENCH,General Merchandise,Sweetheart,2010-01-21 14:30:00,9.98,19.95
21475,SWEETHEART CREAM STEEL FOLDIN CHAIR,General Merchandise,Sweetheart,2009-12-16 17:40:00,7.48,14.95
21476,STEEL SWEETHEART ROUND TABLE CREAM,General Merchandise,Steel,2010-01-19 10:01:00,7.48,14.95
21477,STRING OF 20 ROSE LIGHTS,Home & Decor,String,2009-12-01 13:07:00,6.38,12.75
21478,SILVER SKULL HOT WATER BOTTLE,General Merchandise,Silver,2009-12-01 14:45:00,1.88,3.75
21479,WHITE SKULL HOT WATER BOTTLE,General Merchandise,White,2009-12-01 11:17:00,1.88,3.75
21480,PINK STRIPE HOT WATER BOTTLE,General Merchandise,Pink,2009-12-01 12:13:00,1.48,2.95
21481,FAWN BLUE HOT WATER BOTTLE,General Merchandise,Fawn,2009-12-01 10:52:00,1.48,2.95
21482,MUSHROOM BLUE HOT WATER BOTTLE,General Merchandise,Mushroom,2009-12-01 10:59:00,1.48,2.95
21484,CHICK GREY HOT WATER BOTTLE,General Merchandise,Chick,2009-12-01 10:59:00,1.72,3.45
21485,RETROSPOT HEART HOT WATER BOTTLE,General Merchandise,Retrospot,2009-12-01 10:06:00,2.48,4.95
21486,PINK HEART DOTS HOT WATER BOTTLE,General Merchandise,Pink,2009-12-01 12:14:00,1.88,3.75
21488,RED WHITE SCARF  HOT WATER BOTTLE,General Merchandise,Red,2009-12-01 12:14:00,1.98,3.95
21489,BLUE WHITE SCARF HOT WATER BOTTLE,General Merchandise,Blue,2009-12-01 11:45:00,1.98,3.95
21490,SET OF THREE 50'S GIFT WRAPS,Stationery & Cards,Set,2009-12-01 10:59:00,1.07,1.95
21491,SET OF THREE VINTAGE GIFT WRAPS,Stationery & Cards,Set,2009-12-01 09:28:00,1.07,1.95
21493,VINTAGE DESIGN GIFT TAGS,General Merchandise,Vintage,2009-12-01 09:28:00,0.42,0.85
21494,ROTATING LEAVES T-LIGHT HOLDER,Home & Decor,Rotating,2009-12-01 14:28:00,0.83,1.66
21495,SKULLS AND CROSSBONES WRAP,General Merchandise,Skulls,2009-12-01 11:45:00,0.21,0.42
21496,WOODLAND CREATURES  WRAP,General Merchandise,Woodland,2009-12-17 11:11:00,0.21,0.42
21497,FANCY FONTS BIRTHDAY WRAP,General Merchandise,Fancy,2009-12-01 14:40:00,0.21,0.42
21498,RED RETROSPOT WRAP,General Merchandise,Red,2009-12-01 11:50:00,0.21,0.42
21499,BLUE POLKADOT WRAP,General Merchandise,Blue,2009-12-01 13:41:00,0.21,0.42
21500,PINK POLKADOT WRAP,General Merchandise,Pink,2009-12-01 11:51:00,0.21,0.42
21503,TOYBOX  WRAP,Toys & Games,Toybox,2009-12-16 17:06:00,0.21,0.42
21504,SKULLS GREETING CARD,Stationery & Cards,Skulls,2009-12-02 09:57:00,0.23,0.42
21506,"FANCY FONT BIRTHDAY CARD,",Stationery & Cards,Fancy,2009-12-01 14:28:00,0.23,0.42
21507,"ELEPHANT, BIRTHDAY CARD,",Stationery & Cards,"Elephant,",2009-12-02 12:32:00,0.23,0.42
21508,VINTAGE KID DOLLY CARD,Stationery & Cards,Vintage,2009-12-01 13:29:00,0.23,0.42
21509,COWBOYS AND INDIANS BIRTHDAY CARD,Stationery & Cards,Cowboys,2009-12-03 13:51:00,0.23,0.42
21511,VINTAGE COLLAGE  GREETING  CARD,Stationery & Cards,Vintage,2010-04-13 12:21:00,0.23,0.42
21518,BANK ACCOUNT  GREETING  CARD,Stationery & Cards,Bank,2009-12-02 12:39:00,0.23,0.42
21519,GIN & TONIC DIET GREETING CARD,Stationery & Cards,Gin,2009-12-01 14:28:00,0.23,0.42
21520,BOOZE & WOMEN GREETING CARD,Stationery & Cards,Booze,2009-12-01 14:28:00,0.23,0.42
21523,DOORMAT FANCY FONT HOME SWEET HOME,General Merchandise,Doormat,2009-12-01 07:45:00,3.98,7.95
21524,DOORMAT SPOTTY HOME SWEET HOME,General Merchandise,Doormat,2009-12-01 13:29:00,3.98,7.95
21525,BEWARE OF THE CAT DOORMAT,General Merchandise,Beware,2009-12-18 10:09:00,3.38,6.75
21527,RED RETROSPOT TRADITIONAL TEAPOT,Kitchenware,Red,2009-12-01 11:50:00,3.98,7.95
21528,DAIRY MAID TRADITIONAL TEAPOT,Kitchenware,Dairy,2009-12-01 13:29:00,3.48,6.95
21529,RETRO SPOT CERAMIC TOASTRACK,General Merchandise,Retro,2009-12-01 14:28:00,1.72,3.45
21530,DAIRY MAID TOASTRACK,General Merchandise,Dairy,2009-12-01 13:29:00,1.48,2.95
21531,RED RETROSPOT SUGAR JAM BOWL,Kitchenware,Red,2009-12-01 11:50:00,1.27,2.55
21532,DAIRY MAID SUGAR JAM BOWL,Kitchenware,Dairy,2009-12-01 13:29:00,1.05,2.1
21533,RETRO SPOT LARGE MILK JUG,General Merchandise,Retro,2009-12-01 11:50:00,2.48,4.95
21534,DAIRY MAID LARGE MILK JUG,General Merchandise,Dairy,2009-12-01 12:02:00,2.48,4.95
21535,RED RETROSPOT SMALL MILK JUG,General Merchandise,Red,2009-12-01 11:50:00,1.27,2.55
21536,DAIRY MAID  SMALL  MILK JUG,General Merchandise,Dairy,2009-12-03 12:40:00,1.05,2.1
21537,RED RETROSPOT PUDDING BOWL,Kitchenware,Red,2009-12-01 11:50:00,2.12,4.25
21538,DAIRY MAID  PUDDING BOWL,Kitchenware,Dairy,2009-12-01 12:02:00,1.88,3.75
21539,RED RETROSPOT BUTTER DISH,General Merchandise,Red,2009-12-01 11:50:00,2.48,4.95
21540,DAIRY MAID CERAMIC BUTTER DISH,General Merchandise,Dairy,2009-12-01 12:02:00,2.12,4.25
21541,DINOSAURS WATER TRANSFER TATTOOS,General Merchandise,Dinosaurs,2009-12-01 14:28:00,0.42,0.85
21542,WOODLAND WATER TRANSFER TATTOOS,General Merchandise,Woodland,2009-12-01 14:28:00,0.42,0.85
21543,BUTTERFLY WATER TRANSFER TATTOOS,General Merchandise,Butterfly,2009-12-01 14:28:00,0.42,0.85
21544,SKULLS  WATER TRANSFER TATTOOS,General Merchandise,Skulls,2009-12-01 11:51:00,0.42,0.85
21545,CERAMIC BIRDHOUSE BUTTERFLY SMALL,General Merchandise,Ceramic,2009-12-01 13:29:00,1.48,2.95
21547,CERAMIC BIRDHOUSE CRESTED TIT SMALL,General Merchandise,Ceramic,2009-12-01 13:29:00,1.48,2.95
21548,CERAMIC BIRDHOUSE FINCH BLUE ROOF,General Merchandise,Ceramic,2009-12-01 13:29:00,1.48,2.95
21549,CERAMIC BIRDHOUSE RED ROOF SMALL,General Merchandise,Ceramic,2009-12-01 13:29:00,1.48,2.95
21550,CERAMIC BIRDHOUSE CRESTED TIT LARGE,General Merchandise,Ceramic,2009-12-02 16:02:00,2.98,5.95
21551,CERAMIC BIRDHOUSE BUTTERFLY LARGE,General Merchandise,Ceramic,2009-12-02 13:26:00,2.98,5.95
21552,CERAMIC BIRDHOUSE BLACK ROSE  LARGE,General Merchandise,Ceramic,2009-12-02 13:26:00,2.98,5.95
21553,CERAMIC BIRDHOUSE FINCH BLUE  LARGE,General Merchandise,Ceramic,2009-12-01 13:31:00,2.98,5.95
21554,CERAMIC BIRDHOUSE RED ROOF LARGE,General Merchandise,Ceramic,2009-12-01 13:31:00,2.98,5.95
21555,CERAMIC STRAWBERRY TRINKET TRAY,General Merchandise,Ceramic,2009-12-02 15:44:00,1.27,2.55
21556,CERAMIC STRAWBERRY MONEY BOX,General Merchandise,Ceramic,2009-12-01 14:40:00,1.27,2.55
21557,SET OF 6 FUNKY BEAKERS,General Merchandise,Set,2009-12-01 14:28:00,1.48,2.95
21558,SKULL LUNCH BOX WITH CUTLERY,General Merchandise,Skull,2009-12-01 12:32:00,1.27,2.55
21559,STRAWBERRY LUNCH BOX WITH CUTLERY,General Merchandise,Strawberry,2009-12-01 12:32:00,1.27,2.55
21560,TOADSTOOL  LUNCHBOX WITH CUTLERY,General Merchandise,Toadstool,2009-12-01 14:43:00,1.93,3.86
21561,DINOSAUR LUNCH BOX WITH CUTLERY,General Merchandise,Dinosaur,2009-12-01 12:13:00,1.27,2.55
21562,HAWAIIAN GRASS SKIRT,General Merchandise,Hawaiian,2010-01-07 16:46:00,0.62,1.25
21563,RED HEART SHAPE LOVE BUCKET,General Merchandise,Red,2009-12-02 14:43:00,1.48,2.95
21564,PINK  HEART SHAPE LOVE BUCKET,General Merchandise,Pink,2009-12-03 12:31:00,1.48,2.95
21576,LETS GO SHOPPING COTTON TOTE BAG,Bags & Accessories,Lets,2009-12-01 12:36:00,1.12,2.25
21577,SAVE THE PLANET COTTON TOTE BAG,Bags & Accessories,Save,2009-12-01 12:13:00,1.12,2.25
21578,WOODLAND DESIGN  COTTON TOTE BAG,Bags & Accessories,Woodland,2009-12-01 12:13:00,1.12,2.25
21579,LOLITA  DESIGN  COTTON TOTE BAG,Bags & Accessories,Lolita,2009-12-01 12:13:00,1.12,2.25
21580,RABBIT  DESIGN  COTTON TOTE BAG,Bags & Accessories,Rabbit,2009-12-01 12:36:00,1.12,2.25
21581,SKULLS  DESIGN  COTTON TOTE BAG,Bags & Accessories,Skulls,2009-12-01 12:13:00,1.12,2.25
21582,KINGS CHOICE SMALL TUBE MATCHES,General Merchandise,Kings,2009-12-01 09:46:00,0.82,1.65
21584,RETROSPOT SMALL TUBE MATCHES,General Merchandise,Retrospot,2009-12-01 11:34:00,0.82,1.65
21585,SWALLOW SMALL TUBE MATCHES,General Merchandise,Swallow,2010-08-01 12:02:00,0.82,1.65
21586,KINGS CHOICE GIANT TUBE MATCHES,General Merchandise,Kings,2009-12-01 09:46:00,1.27,2.55
21587,COSY HOUR GIANT TUBE MATCHES,General Merchandise,Cosy,2009-12-01 11:45:00,1.27,2.55
21588,RETROSPOT GIANT TUBE MATCHES,General Merchandise,Retrospot,2009-12-01 11:45:00,1.27,2.55
21589,SWALLOW GIANT TUBE MATCHES,General Merchandise,Swallow,2009-12-01 17:19:00,1.27,2.55
21590,KINGS CHOICE CIGAR BOX MATCHES,General Merchandise,Kings,2009-12-01 09:46:00,0.62,1.25
21591,COSY HOUR CIGAR BOX MATCHES,General Merchandise,Cosy,2009-12-01 11:57:00,0.62,1.25
21592,RETROSPOT CIGAR BOX MATCHES,General Merchandise,Retrospot,2009-12-01 10:06:00,0.62,1.25
21593,SWALLOW CIGAR BOX MATCHES,General Merchandise,Swallow,2009-12-01 12:30:00,0.62,1.25
21594,Dr. Jam's Arouzer Stress Ball,General Merchandise,Dr.,2009-12-09 09:42:00,2.1,4.21
21595,Dad's Cab Electronic Meter,General Merchandise,Dad'S,2009-12-02 14:43:00,4.24,8.47
21596,Hypochondriac Pill Stress Ball,General Merchandise,Hypochondriac,2009-12-01 14:49:00,2.15,4.3
21609,SET 12 LAVENDER  BOTANICAL T-LIGHTS,Home & Decor,Set,2009-12-02 12:06:00,1.48,2.95
21610,SET 12 PEAR BOTANICAL T-LIGHTS,Home & Decor,Set,2009-12-02 09:47:00,1.48,2.95
21611,SET OF 12 LILY BOTANICAL T-LIGHTS,Home & Decor,Set,2009-12-01 12:13:00,1.48,2.95
21612,SET 12 WILDFLOWER BOTANICAL T-LIGHT,Home & Decor,Set,2009-12-01 12:33:00,1.48,2.95
21613,S/12 VANILLA  BOTANICAL T-LIGHTS,Home & Decor,S/12,2009-12-02 15:10:00,1.48,2.95
21614,SET OF 12 ROSE BOTANICAL T-LIGHTS,Home & Decor,Set,2009-12-02 12:13:00,1.48,2.95
21615,4 LAVENDER BOTANICAL DINNER CANDLES,Home & Decor,4,2009-12-01 12:33:00,1.23,2.46
21616,4 PEAR BOTANICAL DINNER CANDLES,Home & Decor,4,2009-12-08 16:20:00,1.23,2.46
21617,4 LILY  BOTANICAL DINNER CANDLES,Home & Decor,4,2009-12-02 12:06:00,1.88,3.75
21618,4 WILDFLOWER BOTANICAL CANDLES,Home & Decor,4,2009-12-01 12:33:00,1.64,3.29
21619,4 VANILLA BOTANICAL CANDLES,Home & Decor,4,2009-12-01 12:33:00,1.23,2.46
21620,SET OF 4 ROSE BOTANICAL CANDLES,Home & Decor,Set,2009-12-03 12:10:00,1.23,2.46
21621,VINTAGE UNION JACK BUNTING,General Merchandise,Vintage,2009-12-01 12:47:00,4.25,8.5
21622,VINTAGE UNION JACK CUSHION COVER,Home & Decor,Vintage,2009-12-01 12:47:00,2.48,4.95
21623,VINTAGE UNION JACK MEMOBOARD,General Merchandise,Vintage,2010-02-28 15:58:00,4.97,9.95
21624,VINTAGE UNION JACK DOORSTOP,General Merchandise,Vintage,2009-12-01 12:47:00,2.98,5.95
21625,VINTAGE UNION JACK APRON,Bags & Accessories,Vintage,2009-12-01 13:29:00,3.48,6.95
21626,VINTAGE UNION JACK PENNANT,Stationery & Cards,Vintage,2009-12-01 14:28:00,1.07,1.95
21627,ELEPHANT CARNIVAL POUFFE,General Merchandise,Elephant,2009-12-04 14:13:00,14.58,29.17
21628,TRIANGULAR POUFFE VINTAGE,General Merchandise,Triangular,2009-12-02 12:06:00,14.58,29.17
21629,SQUARE FLOOR CUSHION VINTAGE RED,Home & Decor,Square,2009-12-03 10:49:00,3.98,7.95
21630,FLOOR CUSHION ELEPHANT CARNIVAL,Home & Decor,Floor,2009-12-03 14:39:00,4.47,8.95
21631,HIPPY CHIC DECORATIVE PARASOL,General Merchandise,Hippy,2009-12-09 13:16:00,6.38,12.75
21632,VINTAGE PINK DECORATIVE PARASOL,General Merchandise,Vintage,2009-12-02 13:34:00,6.38,12.75
21633,SUNFLOWER DECORATIVE PARASOL,General Merchandise,Sunflower,2009-12-04 09:43:00,6.38,12.75
21634,ASSORTED MINI MADRAS NOTEBOOK,Stationery & Cards,Assorted,2009-12-03 14:39:00,0.69,1.25
21635,MADRAS NOTEBOOK LARGE,Stationery & Cards,Madras,2009-12-04 15:27:00,2.06,3.75
21636,MADRAS NOTEBOOK MEDIUM,Stationery & Cards,Madras,2009-12-04 15:27:00,0.41,0.75
21637,ASSORTED SANSKRIT MINI NOTEBOOK,Stationery & Cards,Assorted,2009-12-01 12:33:00,0.69,1.25
21638,ASSORTED TUTTI FRUTTI NOTEBOOK,Stationery & Cards,Assorted,2009-12-01 11:45:00,1.16,2.1
21639,ASSORTED TUTTI FRUTTI KEYRING,General Merchandise,Assorted,2009-12-01 11:45:00,0.42,0.85
21640,ASSORTED TUTTI FRUTTI  FOB NOTEBOOK,Stationery & Cards,Assorted,2009-12-01 17:08:00,0.47,0.85
21641,ASSORTED TUTTI FRUTTI KEYRING BALL,General Merchandise,Assorted,2009-12-02 14:36:00,0.82,1.63
21642,ASSORTED TUTTI FRUTTI PEN,Stationery & Cards,Assorted,2009-12-01 14:28:00,0.47,0.85
21643,ASSORTED TUTTI FRUTTI MIRROR,General Merchandise,Assorted,2009-12-01 14:28:00,0.62,1.25
21644,ASSORTED TUTTI FRUTTI HEART BOX,General Merchandise,Assorted,2009-12-03 13:09:00,0.62,1.25
21645,ASSORTED TUTTI FRUTTI ROUND BOX,General Merchandise,Assorted,2009-12-02 11:45:00,0.82,1.65
21647,ASSORTED TUTTI FRUTTI LARGE PURSE,Bags & Accessories,Assorted,2009-12-01 14:28:00,1.05,2.1
21648,ASSORTED TUTTI FRUTTI SMALL PURSE,Bags & Accessories,Assorted,2009-12-01 14:28:00,0.62,1.25
21649,ASSORTED TUTTI FRUTTI PHOTO FRAME,Home & Decor,Assorted,2009-12-01 13:19:00,1.48,2.95
21650,ASSORTED TUTTI FRUTTI BRACELET,General Merchandise,Assorted,2009-12-01 12:13:00,0.32,0.65
21651,HANGING GLASS ETCHED TEALIGHT,Home & Decor,Hanging,2009-12-03 11:25:00,0.82,1.65
21652,GLASS ETCHED T-LIGHT HOLDER MEDIUM,Home & Decor,Glass,2009-12-06 15:12:00,0.98,1.95
21653,GLASS ETCHED T-LIGHT HOLDER LARGE,Home & Decor,Glass,2010-01-13 17:51:00,1.05,2.1
21654,RIDGED GLASS FINGER BOWL,Kitchenware,Ridged,2009-12-03 19:13:00,0.72,1.45
21655,HANGING RIDGE GLASS T-LIGHT HOLDER,Home & Decor,Hanging,2009-12-02 14:09:00,0.84,1.69
21656,RIDGED GLASS POSY VASE,Home & Decor,Ridged,2009-12-03 14:39:00,0.72,1.45
21657,MILK BOTTLE WITH GLASS STOPPER,General Merchandise,Milk,2009-12-03 12:28:00,3.48,6.95
21658,GLASS  BEURRE DISH,General Merchandise,Glass,2009-12-01 14:49:00,1.98,3.95
21659,GLASS CAKE STAND,Kitchenware,Glass,2009-12-02 14:43:00,7.48,14.95
21661,VINTAGE GLASS TEA CADDY,General Merchandise,Vintage,2009-12-04 12:59:00,2.98,5.95
21662,VINTAGE GLASS COFFEE CADDY,General Merchandise,Vintage,2009-12-04 12:59:00,2.98,5.95
21663,VINTAGE GLASS SUGAR CADDY,General Merchandise,Vintage,2009-12-02 11:55:00,2.98,5.95
21664,RIDGED GLASS STORAGE JAR CREAM LID,Kitchenware,Ridged,2009-12-03 17:12:00,1.88,3.75
21665,TRIANGULAR RIDGED GLASS POSY HOLDER,Home & Decor,Triangular,2009-12-02 14:36:00,0.32,0.65
21666,RIDGED GLASS T-LIGHT HOLDER,Home & Decor,Ridged,2009-12-02 14:36:00,0.32,0.65
21667,GLASS CAKE COVER AND PLATE,Kitchenware,Glass,2009-12-03 16:12:00,8.48,16.95
21668,RED STRIPE CERAMIC DRAWER KNOB,General Merchandise,Red,2009-12-01 10:49:00,0.62,1.25
21669,BLUE STRIPE CERAMIC DRAWER KNOB,General Merchandise,Blue,2009-12-01 10:49:00,0.62,1.25
21670,BLUE SPOT CERAMIC DRAWER KNOB,General Merchandise,Blue,2009-12-01 10:49:00,0.62,1.25
21671,RED SPOT CERAMIC DRAWER KNOB,General Merchandise,Red,2009-12-01 10:06:00,0.62,1.25
21672,WHITE SPOT RED CERAMIC DRAWER KNOB,General Merchandise,White,2009-12-01 10:49:00,0.62,1.25
21673,WHITE SPOT BLUE CERAMIC DRAWER KNOB,General Merchandise,White,2009-12-01 10:49:00,0.62,1.25
21674,RIDGED GLASS PENDANT LAMPSHADE,Stationery & Cards,Ridged,2009-12-07 13:49:00,9.32,16.95
21675,BUTTERFLIES STICKERS,Stationery & Cards,Butterflies,2009-12-02 14:43:00,0.47,0.85
21676,FLOWERS  STICKERS,Stationery & Cards,Flowers,2009-12-02 13:20:00,0.47,0.85
21677,HEARTS  STICKERS,Stationery & Cards,Hearts,2009-12-01 12:13:00,0.47,0.85
21678,PAISLEY PATTERN  STICKERS,Stationery & Cards,Paisley,2009-12-02 14:43:00,0.47,0.85
21679,SKULLS  STICKERS,Stationery & Cards,Skulls,2009-12-01 14:28:00,0.47,0.85
21680,WOODLAND  STICKERS,Stationery & Cards,Woodland,2009-12-01 12:13:00,0.47,0.85
21681,GIANT MEDINA STAMPED METAL BOWL,Kitchenware,Giant,2009-12-02 12:43:00,4.97,9.95
21682,LARGE MEDINA STAMPED METAL BOWL,Kitchenware,Large,2009-12-03 15:35:00,2.48,4.95
21683,MEDIUM MEDINA STAMPED METAL BOWL,Kitchenware,Medium,2009-12-02 14:36:00,1.48,2.95
21684,SMALL MEDINA STAMPED METAL BOWL,Kitchenware,Small,2009-12-01 13:29:00,0.42,0.85
21685,MEDINA STAMPED METAL TRAY,General Merchandise,Medina,2009-12-01 14:59:00,7.48,14.95
21686,MEDINA STAMPED METAL STOOL,General Merchandise,Medina,2009-12-11 14:34:00,19.98,39.95
21687,SILVER PLATE CANDLE BOWL LARGE,Kitchenware,Silver,2009-12-01 14:28:00,1.88,3.75
21688,SILVER PLATE CANDLE BOWL SMALL,Kitchenware,Silver,2009-12-01 14:28:00,1.48,2.95
21689,SILVER VANILLA  FLOWER CANDLE POT,Home & Decor,Silver,2009-12-07 11:05:00,1.88,3.75
21690,SILVER  CANDLEPOT JARDIN,Kitchenware,Silver,2009-12-03 12:10:00,1.88,3.75
21691,SILVER VANILLA FLOWER CANDLE POT,Home & Decor,Silver,2009-12-01 14:59:00,1.88,3.75
21692,SILVER LATTICE VANILLA CANDLE POT,Home & Decor,Silver,2009-12-01 14:59:00,1.88,3.75
21693,SMALL HAMMERED SILVER CANDLEPOT,Home & Decor,Small,2009-12-03 11:19:00,1.48,2.95
21694,SMALL REGAL  SILVER CANDLEPOT,Home & Decor,Small,2009-12-01 14:28:00,1.48,2.95
21695,SMALL SILVER FLOWER CANDLE POT,Home & Decor,Small,2009-12-02 14:50:00,1.48,2.95
21696,SMALL SILVER TRELLIS CANDLEPOT,Home & Decor,Small,2009-12-03 11:19:00,1.48,2.95
21697,SET 5 MINI DOUGHNUT FRIDGE MAGNET,General Merchandise,Set,2009-12-07 10:41:00,0.84,1.69
21698,MOCK LOBSTER FRIDGE MAGNET,General Merchandise,Mock,2009-12-08 17:24:00,0.82,1.63
21699,SET 5 MINI CHOCOLATE FRIDGE MAGNETS,General Merchandise,Set,2009-12-15 10:02:00,0.84,1.69
21700,BIG DOUGHNUT FRIDGE MAGNETS,General Merchandise,Big,2009-12-01 12:18:00,0.42,0.85
21702,SET 5 MINI GATEAUX  FRIDGE MAGNETS,General Merchandise,Set,2009-12-15 10:02:00,0.84,1.69
21703,BAG 125g SWIRLY MARBLES,Bags & Accessories,Bag,2009-12-02 10:52:00,0.21,0.42
21704,BAG 250g SWIRLY MARBLES,Bags & Accessories,Bag,2009-12-01 14:28:00,0.42,0.85
21705,BAG 500g SWIRLY MARBLES,Bags & Accessories,Bag,2009-12-01 11:34:00,0.82,1.65
21706,FOLDING UMBRELLA RED/WHITE POLKADOT,Bags & Accessories,Folding,2009-12-01 10:52:00,2.48,4.95
21707,FOLDING UMBRELLA BLACKBLUE POLKADOT,Bags & Accessories,Folding,2009-12-01 10:52:00,2.48,4.95
21708,FOLDING UMBRELLA CREAM POLKADOT,Bags & Accessories,Folding,2009-12-01 10:52:00,2.48,4.95
21709,FOLDING UMBRELLA CHOCOLATE POLKADOT,Bags & Accessories,Folding,2009-12-02 11:31:00,2.48,4.95
21710,FOLDING UMBRELLA PINKWHITE POLKADOT,Bags & Accessories,Folding,2009-12-01 10:52:00,2.48,4.95
21711,FOLDING UMBRELLA WHITE/RED POLKADOT,Bags & Accessories,Folding,2009-12-01 10:52:00,2.48,4.95
21713,CITRONELLA CANDLE FLOWERPOT,Home & Decor,Citronella,2009-12-08 15:49:00,1.05,2.1
21714,CITRONELLA CANDLE GARDEN POT,Home & Decor,Citronella,2009-12-07 12:08:00,0.62,1.25
21715,GIRLS VINTAGE TIN SEASIDE BUCKET,Kitchenware,Girls,2009-12-13 13:31:00,1.27,2.55
21716,BOYS VINTAGE TIN SEASIDE BUCKET,Kitchenware,Boys,2009-12-13 13:31:00,1.27,2.55
21717,EASTER TIN BUCKET,Kitchenware,Easter,2009-12-02 14:43:00,1.27,2.55
21718,RED METAL BEACH SPADE,General Merchandise,Red,2009-12-14 18:03:00,0.62,1.25
21719,LOVELY BONBON STICKER SHEET,Stationery & Cards,Lovely,2009-12-01 14:28:00,0.47,0.85
21720,CAKE SHOP  STICKER SHEET,Kitchenware,Cake,2009-12-04 09:43:00,0.42,0.85
21721,CANDY SHOP  STICKER SHEET,Stationery & Cards,Candy,2009-12-01 14:28:00,0.47,0.85
21722,SWEET PUDDING STICKER SHEET,Stationery & Cards,Sweet,2009-12-01 14:28:00,0.47,0.85
21723,ALPHABET HEARTS STICKER SHEET,Stationery & Cards,Alphabet,2009-12-02 14:43:00,0.47,0.85
21724,PANDA AND BUNNIES STICKER SHEET,Stationery & Cards,Panda,2009-12-01 13:29:00,0.47,0.85
21725,SWEETIES  STICKERS,Stationery & Cards,Sweeties,2009-12-01 14:28:00,0.47,0.85
21726,MULTI HEARTS  STICKERS,Stationery & Cards,Multi,2009-12-01 11:51:00,0.47,0.85
21728,METAL MEDINA LANTERN,Home & Decor,Metal,2009-12-03 16:12:00,6.38,12.75
21729,SMALL MARAKESH METAL  LANTERN,Home & Decor,Small,2009-12-02 12:09:00,1.62,3.25
21730,GLASS STAR FROSTED T-LIGHT HOLDER,Home & Decor,Glass,2009-12-01 12:13:00,2.48,4.95
21731,RED TOADSTOOL LED NIGHT LIGHT,Home & Decor,Red,2009-12-01 09:28:00,0.82,1.65
21732,RED HANGING METAL STAR TLIGHT HLDR,Home & Decor,Red,2009-12-01 12:18:00,1.88,3.75
21733,RED HANGING HEART T-LIGHT HOLDER,Home & Decor,Red,2009-12-01 10:06:00,1.48,2.95
21734,SMALL MARAKESH LANTERN ON STICK,Home & Decor,Small,2009-12-02 10:00:00,2.84,5.68
21735,TWO DOOR CURIO CABINET,General Merchandise,Two,2009-12-01 14:14:00,6.38,12.75
21736,GOLD SCROLL GLASS T-LIGHT HOLDER,Home & Decor,Gold,2009-12-04 09:43:00,1.05,2.1
21737,SET 3 WICKER LOG BASKETS,General Merchandise,Set,2009-12-01 12:14:00,9.98,19.95
21738,COSY SLIPPER SHOES SMALL  RED,General Merchandise,Cosy,2009-12-01 12:47:00,1.48,2.95
21739,COSY SLIPPER SHOES SMALL GREEN,General Merchandise,Cosy,2009-12-02 11:33:00,1.48,2.95
21740,COSY SLIPPER SHOES LARGE RED,General Merchandise,Cosy,2009-12-01 12:47:00,1.48,2.95
21741,COSY SLIPPER SHOES LARGE GREEN,General Merchandise,Cosy,2009-12-01 13:29:00,1.48,2.95
21742,LARGE ROUND WICKER PLATTER,General Merchandise,Large,2009-12-01 16:17:00,2.98,5.95
21743,STAR PORTABLE TABLE LIGHT,Home & Decor,Star,2009-12-01 13:37:00,1.48,2.95
21744,SNOWFLAKE PORTABLE TABLE LIGHT,Home & Decor,Snowflake,2009-12-01 13:37:00,1.48,2.95
21745,GAOLERS KEYS DECORATIVE GARDEN,Garden,Gaolers,2009-12-01 13:31:00,1.88,3.75
21746,SMALL RED RETROSPOT WINDMILL,General Merchandise,Small,2009-12-01 14:28:00,0.62,1.25
21747,SMALL SKULL WINDMILL,General Merchandise,Small,2009-12-01 12:13:00,0.62,1.25
21749,LARGE RED RETROSPOT WINDMILL,General Merchandise,Large,2009-12-09 09:42:00,1.05,2.1
21750,LARGE SKULL WINDMILL,General Merchandise,Large,2009-12-14 15:51:00,1.05,2.1
21752,GLASS CAKE STAND MIRRORED BASE,Kitchenware,Glass,2009-12-02 10:00:00,7.48,14.95
21754,HOME BUILDING BLOCK WORD,General Merchandise,Home,2009-12-01 09:06:00,2.98,5.95
21755,LOVE BUILDING BLOCK WORD,General Merchandise,Love,2009-12-01 09:06:00,2.98,5.95
21756,BATH BUILDING BLOCK WORD,General Merchandise,Bath,2009-12-01 09:06:00,2.98,5.95
21757,LIGHTHOUSE PRINTED METAL SIGN,Home & Decor,Lighthouse,2009-12-08 14:03:00,2.48,4.95
21758,VINTAGE SHELLS PRINT,General Merchandise,Vintage,2009-12-10 20:16:00,3.22,6.45
21759,METAL WALL SHELF UNIT WITH HOOKS,Home & Decor,Metal,2010-01-13 17:03:00,24.98,49.95
21760,FRENCH STYLE WALL DRESSER,General Merchandise,French,2010-03-01 12:34:00,62.5,125.0
21761,WOOD AND GLASS MEDICINE CABINET,General Merchandise,Wood,2009-12-01 13:19:00,14.98,29.95
21763,VINTAGE WOODEN BAR STOOL,General Merchandise,Vintage,2010-01-31 12:12:00,14.98,29.95
21764,VINTAGE WOODEN PLATE RACK,Kitchenware,Vintage,2009-12-08 15:12:00,19.98,39.95
21765,HANGING METAL BIRD BATH,General Merchandise,Hanging,2009-12-06 12:53:00,3.98,7.95
21767,FRENCH STYLE WIRE DOOR CABINET,General Merchandise,French,2009-12-01 14:19:00,14.98,29.95
21768,WALL MOUNTED VINTAGE ORGANISER,General Merchandise,Wall,2009-12-01 13:47:00,7.48,14.95
21769,VINTAGE POST OFFICE CABINET,General Merchandise,Vintage,2009-12-03 10:51:00,39.98,79.95
21770,OPEN CLOSED METAL SIGN,Stationery & Cards,Open,2009-12-01 12:33:00,2.72,4.95
21772,VINTAGE METAL CAKE STAND CREAM,Kitchenware,Vintage,2010-01-05 13:58:00,6.38,12.75
21773,DECORATIVE ROSE BATHROOM BOTTLE,General Merchandise,Decorative,2009-12-01 14:28:00,1.23,2.46
21774,DECORATIVE CATS BATHROOM BOTTLE,General Merchandise,Decorative,2009-12-03 14:39:00,1.23,2.46
21775,DECORATIVE FLORE BATHROOM BOTTLE,General Merchandise,Decorative,2009-12-02 14:43:00,1.23,2.46
21777,RECIPE BOX WITH METAL HEART,General Merchandise,Recipe,2009-12-01 12:14:00,3.98,7.95
21779,MA CAMPAGNE MINI WOODEN CHEST,General Merchandise,Ma,2009-12-04 14:35:00,1.48,2.95
21780,MA CAMPAGNE 4 DRAWER WALL SHELF,General Merchandise,Ma,2009-12-08 12:34:00,5.57,11.14
21781,MA CAMPAGNE CUTLERY BOX,General Merchandise,Ma,2009-12-01 12:30:00,7.48,14.95
21784,SHOE SHINE BOX,General Merchandise,Shoe,2009-12-01 11:41:00,4.97,9.95
21785,RAIN PONCHO,General Merchandise,Rain,2009-12-04 09:43:00,0.42,0.85
21786,POLKADOT RAIN HAT,General Merchandise,Polkadot,2009-12-01 12:13:00,0.4,0.79
21787,RAIN PONCHO RETROSPOT,General Merchandise,Rain,2010-03-25 14:22:00,0.42,0.85
21788,KIDS RAIN MAC BLUE,General Merchandise,Kids,2009-12-01 11:50:00,0.42,0.85
21789,KIDS RAIN MAC PINK,General Merchandise,Kids,2009-12-01 11:50:00,0.42,0.85
21790,VINTAGE SNAP CARDS,Stationery & Cards,Vintage,2009-12-01 09:46:00,0.47,0.85
21791,VINTAGE HEADS AND TAILS CARD GAME,Stationery & Cards,Vintage,2009-12-01 11:21:00,0.69,1.25
21792,CLASSIC FRENCH STYLE BASKET GREEN,General Merchandise,Classic,2010-01-20 11:57:00,3.38,6.75
21793,CLASSIC FRENCH STYLE BASKET BROWN,General Merchandise,Classic,2010-01-20 11:57:00,1.98,3.95
21794,CLASSIC FRENCH STYLE BASKET NATURAL,General Merchandise,Classic,2010-01-27 13:20:00,3.38,6.75
21795,SET OF 3 BLUE STRIPE BASKET,General Merchandise,Set,2009-12-01 15:36:00,6.38,12.75
21796,SET OF 3 RED STRIPE BASKETS,General Merchandise,Set,2009-12-01 15:36:00,6.38,12.75
21801,CHRISTMAS TREE DECORATION WITH BELL,Seasonal & Christmas,Christmas,2009-12-02 14:43:00,0.19,0.42
21802,CHRISTMAS TREE HEART DECORATION,Seasonal & Christmas,Christmas,2009-12-02 14:43:00,0.19,0.42
21803,CHRISTMAS TREE STAR DECORATION,Seasonal & Christmas,Christmas,2009-12-02 14:43:00,0.19,0.42
21804,WHITE CHRISTMAS GARLAND STARS TREES,Seasonal & Christmas,White,2009-12-01 13:20:00,1.69,3.75
21805,WHITE CHRISTMAS TREE DECORATION,Seasonal & Christmas,White,2009-12-01 12:56:00,0.19,0.42
21806,WHITE CHRISTMAS HEART DECORATION,Seasonal & Christmas,White,2009-12-01 12:57:00,0.19,0.42
21807,WHITE CHRISTMAS STAR DECORATION,Seasonal & Christmas,White,2009-12-01 12:57:00,0.19,0.42
21808,"CHRISTMAS GARLAND STARS,TREES",Seasonal & Christmas,Christmas,2009-12-01 14:28:00,1.69,3.75
21809,CHRISTMAS HANGING TREE WITH BELL,Seasonal & Christmas,Christmas,2009-12-01 12:13:00,0.56,1.25
21810,CHRISTMAS HANGING STAR WITH BELL,Seasonal & Christmas,Christmas,2009-12-02 09:35:00,0.37,0.83
21811,HANGING HEART WITH BELL,General Merchandise,Hanging,2009-12-01 18:13:00,0.62,1.25
21812,GARLAND WITH HEARTS AND BELLS,General Merchandise,Garland,2009-12-01 12:14:00,2.48,4.95
21813,GARLAND WITH STARS AND BELLS,General Merchandise,Garland,2009-12-01 12:14:00,2.48,4.95
21814,HEART T-LIGHT HOLDER,Home & Decor,Heart,2009-12-01 15:19:00,0.72,1.45
21815,STAR  T-LIGHT HOLDER,Home & Decor,Star,2009-12-01 12:57:00,0.72,1.45
21816,CHRISTMAS TREE T-LIGHT HOLDER,Seasonal & Christmas,Christmas,2009-12-01 12:57:00,0.65,1.45
21817,GLITTER CHRISTMAS TREE,Seasonal & Christmas,Glitter,2009-12-01 11:45:00,0.38,0.85
21818,GLITTER CHRISTMAS HEART,Seasonal & Christmas,Glitter,2009-12-01 11:45:00,0.38,0.85
21819,GLITTER CHRISTMAS STAR,Seasonal & Christmas,Glitter,2009-12-01 11:45:00,0.38,0.85
21820,GLITTER HEART GARLAND WITH BELLS,General Merchandise,Glitter,2009-12-01 14:58:00,1.88,3.75
21821,GLITTER STAR GARLAND WITH BELLS,General Merchandise,Glitter,2009-12-01 11:34:00,1.88,3.75
21822,GLITTER CHRISTMAS TREE WITH BELLS,Seasonal & Christmas,Glitter,2009-12-01 13:07:00,0.73,1.63
21823,PAINTED METAL HEART WITH HOLLY BELL,Seasonal & Christmas,Painted,2009-12-02 14:43:00,0.65,1.45
21824,PAINTED METAL STAR WITH HOLLY BELLS,Seasonal & Christmas,Painted,2009-12-02 14:43:00,0.65,1.45
21825,PAINTED METAL TREE WITH HOLLY BELLS,Seasonal & Christmas,Painted,2009-12-01 13:07:00,0.65,1.45
21826,EIGHT PIECE DINOSAUR SET,General Merchandise,Eight,2009-12-01 11:45:00,0.62,1.25
21827,EIGHT PIECE CREEPY CRAWLIE SET,General Merchandise,Eight,2009-12-01 11:45:00,0.62,1.25
21828,EIGHT PIECE SNAKE  SET,General Merchandise,Eight,2009-12-01 11:45:00,0.62,1.25
21829,DINOSAUR KEYRINGS ASSORTED,General Merchandise,Dinosaur,2009-12-01 11:45:00,0.1,0.21
21830,ASSORTED CREEPY CRAWLIES,General Merchandise,Assorted,2009-12-04 16:45:00,0.21,0.42
21832,CHOCOLATE CALCULATOR,General Merchandise,Chocolate,2009-12-01 11:45:00,0.82,1.65
21833,CAMOUFLAGE LED TORCH,General Merchandise,Camouflage,2009-12-01 11:45:00,0.84,1.69
21836,GINGHAM OVEN GLOVE RED HEART,General Merchandise,Gingham,2009-12-07 18:02:00,1.88,3.75
21837,CROSS STITCH ALPHABET CUSHION COVER,Home & Decor,Cross,2009-12-01 11:34:00,2.98,5.95
21838,DADDY MOUSE RED GINGHAM BOW TIE,General Merchandise,Daddy,2009-12-02 11:51:00,2.72,5.45
21839,MUMMY MOUSE RED GINGHAM RIBBON,Stationery & Cards,Mummy,2009-12-01 17:28:00,3.0,5.45
21841,BABY MOUSE RED GINGHAM DRESS,General Merchandise,Baby,2009-12-01 12:47:00,2.12,4.25
21842,PINK HEART CANDY BUTTON CALCULATOR,General Merchandise,Pink,2009-12-01 11:41:00,1.27,2.55
21843,RED RETROSPOT CAKE STAND,Kitchenware,Red,2009-12-01 14:28:00,5.48,10.95
21844,RED RETROSPOT MUG,Kitchenware,Red,2009-12-01 11:50:00,1.48,2.95
21845,DAIRY MAID STRIPE MUG,Kitchenware,Dairy,2009-12-09 09:42:00,1.48,2.95
21846,PINK DIAMANTE PEN IN GIFT BOX,Stationery & Cards,Pink,2009-12-02 14:43:00,2.32,4.21
21847,GREEN  DIAMANTE PEN IN GIFT BOX,Stationery & Cards,Green,2009-12-08 12:34:00,1.41,2.57
21849,SILVER DIAMANTE PEN IN GIFT BOX,Stationery & Cards,Silver,2009-12-02 16:02:00,2.32,4.21
21850,BLUE  DIAMANTE PEN IN GIFT BOX,Stationery & Cards,Blue,2009-12-10 09:49:00,2.32,4.21
21851,LILAC DIAMANTE PEN IN GIFT BOX,Stationery & Cards,Lilac,2009-12-02 14:43:00,2.32,4.21
21852,EMPIRE TEDDY,General Merchandise,Empire,2009-12-04 17:18:00,3.48,6.95
21853,GUMBALL CUSTOM CARS TOP TRUMPS GAME,Toys & Games,Gumball,2009-12-02 14:36:00,2.58,5.17
21854,EURO FOOTBALL STARS TOP TRUMPS GAME,Toys & Games,Euro,2009-12-04 09:43:00,2.58,5.17
21857,STAR WARS TOP TRUMPS GAME,Toys & Games,Star,2010-01-11 09:35:00,2.56,5.12
21858,HIGH SCHOOL MUSICAL 3 TOP TRUMPS,General Merchandise,High,2009-12-10 09:49:00,2.56,5.12
21860,DR WHO TOP TRUMPS GAME,Toys & Games,Dr,2009-12-02 14:36:00,2.58,5.17
21864,UNION JACK FLAG PASSPORT COVER,General Merchandise,Union,2009-12-01 11:21:00,1.05,2.1
21865,PINK UNION JACK  PASSPORT COVER,General Merchandise,Pink,2009-12-01 11:21:00,1.05,2.1
21866,UNION JACK FLAG LUGGAGE TAG,General Merchandise,Union,2009-12-01 11:51:00,0.62,1.25
21867,PINK UNION JACK  LUGGAGE TAG,General Merchandise,Pink,2009-12-01 11:21:00,0.62,1.25
21868,POTTING SHED TEA MUG,Kitchenware,Potting,2009-12-01 11:45:00,0.62,1.25
21869,POTTING SHED COFFEE MUG,Kitchenware,Potting,2009-12-01 11:21:00,0.62,1.25
21870,I CAN ONLY PLEASE ONE PERSON MUG,Kitchenware,I,2009-12-01 11:45:00,0.62,1.25
21871,SAVE THE PLANET MUG,Kitchenware,Save,2009-12-01 07:45:00,0.62,1.25
21872,GLAMOROUS  MUG,Kitchenware,Glamorous,2009-12-02 14:34:00,0.62,1.25
21873,IF YOU CAN'T STAND THE HEAT MUG,Kitchenware,If,2009-12-02 14:34:00,0.62,1.25
21874,GIN AND TONIC MUG,Kitchenware,Gin,2009-12-02 14:34:00,0.62,1.25
21875,KINGS CHOICE MUG,Kitchenware,Kings,2009-12-01 11:45:00,0.62,1.25
21876,POTTERING MUG,Kitchenware,Pottering,2009-12-01 11:21:00,0.62,1.25
21877,HOME SWEET HOME MUG,Kitchenware,Home,2009-12-01 14:40:00,0.62,1.25
21878,PACK OF 6 SANDCASTLE FLAGS ASSORTED,General Merchandise,Pack,2010-03-25 14:12:00,0.42,0.85
21879,HEARTS GIFT TAPE,General Merchandise,Hearts,2009-12-04 09:43:00,0.32,0.65
21880,RED RETROSPOT TAPE,General Merchandise,Red,2009-12-02 12:32:00,0.32,0.65
21881,CUTE CATS TAPE,General Merchandise,Cute,2009-12-02 12:32:00,0.32,0.65
21882,SKULLS TAPE,General Merchandise,Skulls,2009-12-02 12:32:00,0.32,0.65
21883,STARS GIFT TAPE,General Merchandise,Stars,2009-12-01 14:28:00,0.32,0.65
21884,CAKES AND BOWS GIFT  TAPE,Kitchenware,Cakes,2009-12-02 12:32:00,0.32,0.65
21888,BINGO SET,General Merchandise,Bingo,2009-12-01 09:46:00,1.88,3.75
21889,WOODEN BOX OF DOMINOES,General Merchandise,Wooden,2009-12-01 11:45:00,0.62,1.25
21890,S/6 WOODEN SKITTLES IN COTTON BAG,Bags & Accessories,S/6,2009-12-01 12:13:00,1.48,2.95
21891,TRADITIONAL WOODEN SKIPPING ROPE,General Merchandise,Traditional,2009-12-01 12:55:00,0.62,1.25
21892,TRADITIONAL WOODEN CATCH CUP GAME,Kitchenware,Traditional,2009-12-01 12:13:00,0.62,1.25
21893,POTTING SHED SEED TIN,Kitchenware,Potting,2009-12-01 13:31:00,2.12,4.25
21894,POTTING SHED SEED ENVELOPES,Stationery & Cards,Potting,2009-12-02 14:36:00,0.69,1.25
21895,POTTING SHED SOW 'N' GROW SET,General Merchandise,Potting,2009-12-01 10:36:00,2.12,4.25
21896,POTTING SHED TWINE,General Merchandise,Potting,2009-12-01 10:36:00,1.05,2.1
21897,POTTING SHED CANDLE CITRONELLA,Home & Decor,Potting,2009-12-01 14:28:00,1.48,2.95
21898,POTTING SHED ROSE CANDLE,Home & Decor,Potting,2009-12-01 14:35:00,1.48,2.95
21899,"KEY FOB , GARAGE DESIGN",General Merchandise,Key,2009-12-01 14:28:00,0.32,0.65
21900,"KEY FOB , SHED",General Merchandise,Key,2009-12-01 12:36:00,0.32,0.65
21901,"KEY FOB , BACK DOOR",General Merchandise,Key,2009-12-01 12:36:00,0.32,0.65
21902,"KEY FOB , FRONT  DOOR",General Merchandise,Key,2009-12-01 12:36:00,0.32,0.65
21903,MAN FLU METAL SIGN,General Merchandise,Man,2009-12-03 14:39:00,1.05,2.1
21904,HOUSE WRECKING METAL SIGN,General Merchandise,House,2009-12-08 12:54:00,1.05,2.1
21905,MORE BUTTER METAL SIGN,General Merchandise,More,2009-12-06 12:07:00,0.83,1.66
21906,PHARMACIE FIRST AID TIN,Kitchenware,Pharmacie,2009-12-06 16:07:00,3.38,6.75
21907,I'M ON HOLIDAY METAL SIGN,General Merchandise,I'M,2010-01-29 11:59:00,1.05,2.1
21908,CHOCOLATE THIS WAY METAL SIGN,General Merchandise,Chocolate,2009-12-01 11:37:00,1.05,2.1
21910,WAY OUT METAL SIGN,General Merchandise,Way,2009-12-03 12:31:00,0.82,1.65
21911,GARDEN METAL SIGN,Garden,Garden,2009-12-01 13:29:00,0.82,1.65
21912,VINTAGE SNAKES & LADDERS,General Merchandise,Vintage,2009-12-01 09:08:00,1.88,3.75
21913,VINTAGE SEASIDE JIGSAW PUZZLES,Toys & Games,Vintage,2009-12-01 11:34:00,1.88,3.75
21914,BLUE HARMONICA IN BOX,General Merchandise,Blue,2009-12-01 14:50:00,0.62,1.25
21915,RED  HARMONICA IN BOX,General Merchandise,Red,2009-12-04 15:16:00,0.62,1.25
21916,SET 12 RETRO WHITE CHALK STICKS,General Merchandise,Set,2009-12-01 09:46:00,0.21,0.42
21917,SET 12 KIDS  WHITE CHALK STICKS,General Merchandise,Set,2009-12-01 13:31:00,0.21,0.42
21918,SET 12 KIDS COLOUR  CHALK STICKS,General Merchandise,Set,2009-12-01 12:13:00,0.21,0.42
21919,Electronic Talking Breath-A-Loser,General Merchandise,Electronic,2009-12-14 17:16:00,2.53,5.06
21922,UNION STRIPE WITH FRINGE  HAMMOCK,General Merchandise,Union,2010-04-11 10:16:00,3.98,7.95
21923,RED/CREAM STRIPE FRINGE HAMMOCK,General Merchandise,Red/Cream,2009-12-03 14:39:00,3.98,7.95
21924,BLUE/CREAM STRIPE FRINGE HAMMOCK,General Merchandise,Blue/Cream,2009-12-02 13:20:00,3.98,7.95
21925,UNION STRIPE CUSHION COVER,Home & Decor,Union,2010-04-11 12:45:00,0.62,1.25
21926,RED/CREAM STRIPE CUSHION COVER,Home & Decor,Red/Cream,2010-04-11 14:28:00,0.62,1.25
21927,BLUE/CREAM STRIPE CUSHION COVER,Home & Decor,Blue/Cream,2010-04-11 14:28:00,0.62,1.25
21928,JUMBO BAG SCANDINAVIAN PAISLEY,Bags & Accessories,Jumbo,2009-12-01 10:06:00,0.98,1.95
21929,JUMBO BAG PINK VINTAGE PAISLEY,Bags & Accessories,Jumbo,2009-12-01 09:57:00,0.98,1.95
21930,JUMBO STORAGE BAG SKULLS,Bags & Accessories,Jumbo,2009-12-01 10:59:00,0.98,1.95
21931,JUMBO STORAGE BAG SUKI,Bags & Accessories,Jumbo,2009-12-01 11:34:00,0.98,1.95
21932,SCANDINAVIAN PAISLEY PICNIC BAG,Bags & Accessories,Scandinavian,2009-12-02 11:53:00,1.23,2.46
21933,PINK VINTAGE PAISLEY PICNIC BAG,Bags & Accessories,Pink,2009-12-02 11:53:00,1.23,2.46
21934,SKULL SHOULDER BAG,Bags & Accessories,Skull,2009-12-01 12:13:00,0.82,1.65
21935,SUKI  SHOULDER BAG,Bags & Accessories,Suki,2009-12-01 14:28:00,0.82,1.65
21936,RED RETROSPOT PICNIC BAG,Bags & Accessories,Red,2009-12-02 14:36:00,1.48,2.95
21937,STRAWBERRY   PICNIC BAG,Bags & Accessories,Strawberry,2009-12-02 13:20:00,1.48,2.95
21942,SKULLS DESIGN FLANNEL,General Merchandise,Skulls,2009-12-01 14:28:00,0.82,1.63
21943,CAKES AND RABBITS DESIGN FLANNEL,Kitchenware,Cakes,2009-12-07 18:02:00,0.42,0.85
21944,KITTENS DESIGN FLANNEL,General Merchandise,Kittens,2009-12-02 14:43:00,0.42,0.85
21945,STRAWBERRIES  DESIGN FLANNEL,General Merchandise,Strawberries,2009-12-01 14:28:00,0.82,1.63
21946,PARTY TIME DESIGN FLANNEL,General Merchandise,Party,2009-12-07 17:56:00,0.42,0.85
21947,SET OF 6 HEART CHOPSTICKS,General Merchandise,Set,2009-12-01 13:29:00,0.62,1.25
21948,SET OF 6 CAKE CHOPSTICKS,Kitchenware,Set,2009-12-01 11:45:00,1.23,2.46
21949,SET OF 6 STRAWBERRY CHOPSTICKS,General Merchandise,Set,2009-12-01 13:29:00,0.62,1.25
21950,SET OF 6 DOTS CHOPSTICKS,General Merchandise,Set,2009-12-03 14:39:00,1.28,2.57
21955,DOORMAT UNION JACK GUNS AND ROSES,General Merchandise,Doormat,2009-12-01 09:46:00,3.74,7.49
21967,PACK OF 12 SKULL TISSUES,General Merchandise,Pack,2009-12-01 12:20:00,0.14,0.29
21972,SET OF 36 DINOSAUR PAPER DOILIES,Stationery & Cards,Set,2009-12-02 13:57:00,0.8,1.45
21973,SET OF 36 MUSHROOM PAPER DOILIES,Stationery & Cards,Set,2009-12-02 13:06:00,0.8,1.45
21974,SET OF 36 PAISLEY FLOWER DOILIES,General Merchandise,Set,2009-12-02 14:36:00,0.72,1.45
21975,PACK OF 60 DINOSAUR CAKE CASES,Kitchenware,Pack,2009-12-01 13:43:00,0.28,0.55
21976,PACK OF 60 MUSHROOM CAKE CASES,Kitchenware,Pack,2009-12-01 11:50:00,0.28,0.55
21977,PACK OF 60 PINK PAISLEY CAKE CASES,Kitchenware,Pack,2009-12-01 10:46:00,0.28,0.55
21980,PACK OF 12 RED RETROSPOT TISSUES,General Merchandise,Pack,2009-12-01 11:58:00,0.14,0.29
21981,PACK OF 12 WOODLAND TISSUES,General Merchandise,Pack,2009-12-02 11:45:00,0.14,0.29
21982,PACK OF 12 SUKI TISSUES,General Merchandise,Pack,2009-12-07 18:02:00,0.14,0.29
21983,PACK OF 12 BLUE PAISLEY TISSUES,General Merchandise,Pack,2009-12-02 11:51:00,0.14,0.29
21984,PACK OF 12 PINK PAISLEY TISSUES,General Merchandise,Pack,2009-12-02 14:36:00,0.14,0.29
21985,PACK OF 12 HEARTS DESIGN TISSUES,General Merchandise,Pack,2009-12-01 11:58:00,0.14,0.29
21986,PACK OF 12 PINK POLKADOT TISSUES,General Merchandise,Pack,2009-12-01 13:29:00,0.14,0.29
21987,PACK OF 6 SKULL PAPER CUPS,Kitchenware,Pack,2009-12-01 09:08:00,0.32,0.65
21988,PACK OF 6 SKULL PAPER PLATES,Kitchenware,Pack,2009-12-06 13:07:00,0.42,0.85
21989,PACK OF 20 SKULL PAPER NAPKINS,Stationery & Cards,Pack,2009-12-01 09:08:00,0.47,0.85
21990,MODERN FLORAL STATIONERY SET,General Merchandise,Modern,2009-12-01 12:13:00,1.23,2.46
21991,BOHEMIAN COLLAGE STATIONERY SET,General Merchandise,Bohemian,2009-12-02 14:36:00,1.23,2.46
21992,VINTAGE PAISLEY STATIONERY SET,General Merchandise,Vintage,2009-12-02 11:53:00,1.23,2.46
21993,FLORAL FOLK STATIONERY SET,General Merchandise,Floral,2009-12-01 12:14:00,1.23,2.46
22016,Dotcomgiftshop Gift Voucher Â£100.00,General Merchandise,Dotcomgiftshop,2011-08-02 16:11:00,41.66,83.33
22021,BLUE FELT EASTER EGG BASKET,General Merchandise,Blue,2009-12-14 14:02:00,0.82,1.65
22023,EMPIRE BIRTHDAY CARD,Stationery & Cards,Empire,2009-12-01 17:28:00,0.23,0.42
22024,RAINY LADIES BIRTHDAY CARD,Stationery & Cards,Rainy,2009-12-01 09:46:00,0.23,0.42
22025,RING OF ROSES BIRTHDAY CARD,Stationery & Cards,Ring,2009-12-01 09:46:00,0.23,0.42
22026,BANQUET BIRTHDAY  CARD,Stationery & Cards,Banquet,2009-12-01 09:46:00,0.23,0.42
22027,TEA PARTY BIRTHDAY CARD,Stationery & Cards,Tea,2009-12-01 13:29:00,0.23,0.42
22028,PENNY FARTHING BIRTHDAY CARD,Stationery & Cards,Penny,2009-12-01 11:51:00,0.23,0.42
22029,SPACEBOY BIRTHDAY CARD,Stationery & Cards,Spaceboy,2009-12-01 09:46:00,0.23,0.42
22030,SWALLOWS GREETING CARD,Stationery & Cards,Swallows,2009-12-01 11:51:00,0.23,0.42
22031,BOTANICAL LAVENDER BIRTHDAY CARD,Stationery & Cards,Botanical,2009-12-01 09:46:00,0.23,0.42
22032,BOTANICAL LILY GREETING CARD,Stationery & Cards,Botanical,2009-12-03 12:10:00,0.23,0.42
22033,BOTANICAL ROSE GREETING CARD,Stationery & Cards,Botanical,2009-12-03 12:10:00,0.23,0.42
22034,ROBIN CHRISTMAS CARD,Seasonal & Christmas,Robin,2009-12-01 13:29:00,0.19,0.42
22035,VINTAGE CARAVAN GREETING CARD,Stationery & Cards,Vintage,2009-12-01 13:29:00,0.23,0.42
22036,DINOSAUR BIRTHDAY CARD,Stationery & Cards,Dinosaur,2009-12-01 11:51:00,0.23,0.42
22037,ROBOT BIRTHDAY CARD,Stationery & Cards,Robot,2009-12-01 11:51:00,0.23,0.42
22038,BOTANICAL LAVENDER GIFT WRAP,Stationery & Cards,Botanical,2009-12-22 12:05:00,0.23,0.42
22039,BOTANICAL LILY GIFT WRAP,Stationery & Cards,Botanical,2009-12-22 12:05:00,0.23,0.42
22040,BOTANICAL ROSE GIFT WRAP,Stationery & Cards,Botanical,2009-12-04 08:40:00,0.23,0.42
22041,"RECORD FRAME 7"" SINGLE SIZE",Home & Decor,Record,2009-12-01 07:45:00,1.27,2.55
22042,CHRISTMAS CARD SINGING ANGEL,Seasonal & Christmas,Christmas,2009-12-01 13:29:00,0.19,0.42
22043,CHRISTMAS CARD SCREEN PRINT,Seasonal & Christmas,Christmas,2009-12-06 13:07:00,0.19,0.42
22044,CHRISTMAS CARD STACK OF PRESENTS,Seasonal & Christmas,Christmas,2009-12-01 17:08:00,0.19,0.42
22045,SPACEBOY GIFT WRAP,Stationery & Cards,Spaceboy,2009-12-04 08:40:00,0.23,0.42
22046,TEA PARTY  WRAPPING PAPER,Stationery & Cards,Tea,2009-12-02 12:32:00,0.23,0.42
22047,EMPIRE GIFT WRAP,Stationery & Cards,Empire,2009-12-02 13:20:00,0.23,0.42
22048,BIRTHDAY BANQUET GIFT WRAP,Stationery & Cards,Birthday,2009-12-04 08:40:00,0.23,0.42
22049,WRAP CHRISTMAS SCREEN PRINT,Seasonal & Christmas,Wrap,2009-12-02 10:58:00,0.09,0.19
22050,PINK PAISLEY ROSE GIFT WRAP,Stationery & Cards,Pink,2009-12-04 08:40:00,0.23,0.42
22051,BLUE SCANDINAVIAN PAISLEY WRAP,General Merchandise,Blue,2009-12-01 14:40:00,0.21,0.42
22052,VINTAGE CARAVAN GIFT WRAP,Stationery & Cards,Vintage,2009-12-04 08:40:00,0.23,0.42
22053,EMPIRE DESIGN ROSETTE,General Merchandise,Empire,2009-12-03 12:28:00,0.62,1.25
22054,MINI CAKE STAND HANGING HEARTS,Kitchenware,Mini,2009-12-01 14:28:00,0.82,1.65
22055,MINI CAKE STAND  HANGING STRAWBERY,Kitchenware,Mini,2009-12-01 14:19:00,0.82,1.65
22056,CERAMIC PLATE LOVE HEART DESIGN,Kitchenware,Ceramic,2009-12-08 12:38:00,0.74,1.49
22057,CERAMIC PLATE STRAWBERRY DESIGN,Kitchenware,Ceramic,2009-12-03 14:39:00,0.74,1.49
22058,CERAMIC LOVE HEARTS DESIGN MUG,Kitchenware,Ceramic,2009-12-01 14:45:00,0.74,1.49
22059,CERAMIC STRAWBERRY DESIGN MUG,Kitchenware,Ceramic,2009-12-03 07:25:00,0.74,1.49
22060,LARGE CAKE STAND HANGING HEARTS,Kitchenware,Large,2009-12-04 09:43:00,4.97,9.95
22061,LARGE CAKE STAND  HANGING STRAWBERY,Kitchenware,Large,2009-12-02 13:57:00,4.97,9.95
22062,CERAMIC BOWL WITH LOVE HEART DESIGN,Kitchenware,Ceramic,2009-12-01 14:19:00,1.23,2.46
22063,CERAMIC BOWL WITH STRAWBERRY DESIGN,Kitchenware,Ceramic,2009-12-01 10:49:00,1.48,2.95
22064,PINK DOUGHNUT TRINKET POT,General Merchandise,Pink,2009-12-01 07:45:00,0.82,1.65
22065,CHRISTMAS PUDDING TRINKET POT,Seasonal & Christmas,Christmas,2009-12-01 09:28:00,0.65,1.45
22066,LOVE HEART TRINKET POT,General Merchandise,Love,2009-12-04 14:35:00,0.72,1.45
22067,CHOC TRUFFLE GOLD TRINKET POT,General Merchandise,Choc,2009-12-02 14:43:00,0.82,1.65
22068,BLACK PIRATE TREASURE CHEST,General Merchandise,Black,2009-12-01 12:13:00,0.82,1.65
22069,BROWN  PIRATE TREASURE CHEST,General Merchandise,Brown,2009-12-01 13:37:00,1.68,3.36
22070,SMALL RED RETROSPOT MUG IN BOX,Kitchenware,Small,2009-12-01 11:58:00,1.88,3.75
22071,SMALL WHITE RETROSPOT MUG IN BOX,Kitchenware,Small,2009-12-01 11:58:00,1.88,3.75
22072,RED RETROSPOT TEA CUP AND SAUCER,Kitchenware,Red,2009-12-01 11:50:00,1.88,3.75
22073,RED RETROSPOT STORAGE JAR,Kitchenware,Red,2009-12-01 11:50:00,1.88,3.75
22074,6 RIBBONS SHIMMERING PINKS,Stationery & Cards,6,2009-12-03 15:20:00,0.91,1.65
22075,6 RIBBONS ELEGANT CHRISTMAS,Seasonal & Christmas,6,2009-12-01 11:45:00,0.74,1.65
22076,6 RIBBONS EMPIRE,Stationery & Cards,6,2009-12-01 11:45:00,0.91,1.65
22077,6 RIBBONS RUSTIC CHARM,Stationery & Cards,6,2009-12-01 11:45:00,0.91,1.65
22078,RIBBON REEL LACE DESIGN,Stationery & Cards,Ribbon,2009-12-02 16:52:00,1.16,2.1
22079,RIBBON REEL HEARTS DESIGN,Stationery & Cards,Ribbon,2009-12-01 12:22:00,0.91,1.65
22080,RIBBON REEL SPOTS DESIGN,Stationery & Cards,Ribbon,2009-12-01 11:41:00,0.91,1.65
22081,RIBBON REEL FLORA + FAUNA,Stationery & Cards,Ribbon,2009-12-01 12:22:00,0.91,1.65
22082,RIBBON REEL STRIPES DESIGN,Stationery & Cards,Ribbon,2009-12-01 11:41:00,0.91,1.65
22083,PAPER CHAIN KIT RETROSPOT,Stationery & Cards,Paper,2009-12-01 10:06:00,1.62,2.95
22084,PAPER CHAIN KIT EMPIRE,Stationery & Cards,Paper,2009-12-02 13:23:00,1.62,2.95
22085,PAPER CHAIN KIT SKULLS,Stationery & Cards,Paper,2009-12-01 12:30:00,1.62,2.95
22086,PAPER CHAIN KIT 50'S CHRISTMAS,Seasonal & Christmas,Paper,2009-12-01 10:06:00,1.33,2.95
22087,PAPER BUNTING WHITE LACE,Stationery & Cards,Paper,2009-12-01 10:36:00,1.62,2.95
22088,PAPER BUNTING COLOURED LACE,Stationery & Cards,Paper,2009-12-01 13:31:00,1.62,2.95
22089,PAPER BUNTING VINTAGE PAISLEY,Stationery & Cards,Paper,2009-12-01 11:41:00,1.62,2.95
22090,PAPER BUNTING RETROSPOT,Stationery & Cards,Paper,2009-12-01 10:36:00,1.62,2.95
22091,EMPIRE TISSUE BOX,General Merchandise,Empire,2009-12-01 09:46:00,0.62,1.25
22092,BLUE PAISLEY TISSUE BOX,General Merchandise,Blue,2009-12-18 14:08:00,0.2,0.39
22093,MOTORING TISSUE BOX,General Merchandise,Motoring,2009-12-01 13:31:00,0.62,1.25
22094,RED RETROSPOT TISSUE BOX,General Merchandise,Red,2009-12-02 14:43:00,0.62,1.25
22095,LADS ONLY TISSUE BOX,General Merchandise,Lads,2009-12-02 09:47:00,0.62,1.25
22096,PINK PAISLEY SQUARE TISSUE BOX,General Merchandise,Pink,2009-12-02 11:53:00,0.2,0.39
22097,SWALLOW SQUARE TISSUE BOX,General Merchandise,Swallow,2009-12-02 13:26:00,0.62,1.25
22098,BOUDOIR SQUARE TISSUE BOX,General Merchandise,Boudoir,2009-12-03 16:12:00,0.62,1.25
22099,CARAVAN SQUARE TISSUE BOX,General Merchandise,Caravan,2009-12-02 14:43:00,0.62,1.25
22100,SKULLS SQUARE TISSUE BOX,General Merchandise,Skulls,2009-12-02 14:43:00,0.62,1.25
22101,MIRROR MOSAIC VOTIVE HOLDER,Home & Decor,Mirror,2009-12-01 18:07:00,1.23,2.46
22102,MIRROR MOSAIC T-LIGHT HOLDER,Home & Decor,Mirror,2009-12-01 12:22:00,0.82,1.65
22103,MIRROR MOSAIC T-LIGHT HOLDER ROUND,Home & Decor,Mirror,2009-12-01 11:45:00,0.82,1.65
22104,MIRROR MOSAIC CANDLE PLATE,Kitchenware,Mirror,2009-12-08 12:12:00,0.82,1.63
22105,MIRROR MOSAIC GOBLET CANDLE HOLDER,Home & Decor,Mirror,2009-12-07 11:46:00,2.1,4.21
22106,MIRROR MOSAIC HURRICANE LAMP,General Merchandise,Mirror,2010-01-15 12:38:00,2.53,5.06
22107,PIZZA PLATE IN BOX,Kitchenware,Pizza,2009-12-01 09:06:00,1.88,3.75
22108,PING! MICROWAVE PLATE,Kitchenware,Ping!,2009-12-01 14:28:00,1.68,3.36
22109,FULL ENGLISH BREAKFAST PLATE,Kitchenware,Full,2009-12-01 09:06:00,1.88,3.75
22110,BIRD HOUSE HOT WATER BOTTLE,General Merchandise,Bird,2009-12-01 12:22:00,1.27,2.55
22111,SCOTTIE DOG HOT WATER BOTTLE,General Merchandise,Scottie,2009-12-01 09:06:00,2.48,4.95
22112,CHOCOLATE HOT WATER BOTTLE,General Merchandise,Chocolate,2009-12-01 09:08:00,2.48,4.95
22113,GREY HEART HOT WATER BOTTLE,General Merchandise,Grey,2009-12-01 11:45:00,1.88,3.75
22114,HOT WATER BOTTLE TEA AND SYMPATHY,General Merchandise,Hot,2009-12-01 10:06:00,1.98,3.95
22115,METAL SIGN EMPIRE TEA,General Merchandise,Metal,2009-12-01 11:45:00,1.48,2.95
22116,METAL SIGN HIS DINNER IS SERVED,General Merchandise,Metal,2009-12-01 14:40:00,0.82,1.63
22117,METAL SIGN HER DINNER IS SERVED,General Merchandise,Metal,2009-12-01 14:28:00,1.48,2.95
22118,JOY WOODEN BLOCK LETTERS,General Merchandise,Joy,2009-12-01 12:02:00,2.48,4.95
22119,PEACE WOODEN BLOCK LETTERS,General Merchandise,Peace,2009-12-01 09:06:00,3.48,6.95
22120,WELCOME  WOODEN BLOCK LETTERS,General Merchandise,Welcome,2009-12-01 14:14:00,4.97,9.95
22121,NOEL WOODEN BLOCK LETTERS,General Merchandise,Noel,2009-12-01 11:41:00,2.98,5.95
22122,SET OF 2 FANCY FONT TEA TOWELS,General Merchandise,Set,2009-12-01 11:34:00,1.48,2.95
22123,PING MICROWAVE APRON,Bags & Accessories,Ping,2009-12-02 12:06:00,2.06,4.13
22124,SET OF 2 TEA TOWELS PING MICROWAVE,General Merchandise,Set,2009-12-07 13:59:00,1.25,2.51
22125,UNION JACK HOT WATER BOTTLE,General Merchandise,Union,2009-12-01 10:06:00,2.98,5.95
22127,PARTY CONES CARNIVAL ASSORTED,General Merchandise,Party,2009-12-01 11:45:00,0.62,1.25
22128,PARTY CONES CANDY ASSORTED,General Merchandise,Party,2009-12-01 09:57:00,0.62,1.25
22129,PARTY CONES CANDY TREE DECORATION,Home & Decor,Party,2009-12-02 13:33:00,0.42,0.85
22130,PARTY CONE CHRISTMAS DECORATION,Seasonal & Christmas,Party,2009-12-01 09:08:00,0.38,0.85
22131,FOOD CONTAINER SET 3 LOVE HEART,General Merchandise,Food,2009-12-01 12:32:00,0.98,1.95
22132,RED LOVE HEART SHAPE CUP,Kitchenware,Red,2009-12-01 12:32:00,0.42,0.85
22133,PINK LOVE HEART SHAPE CUP,Kitchenware,Pink,2009-12-01 14:28:00,0.42,0.85
22134,MINI LADLE LOVE HEART RED,General Merchandise,Mini,2009-12-01 12:32:00,0.42,0.83
22135,MINI LADLE LOVE HEART PINK,General Merchandise,Mini,2009-12-01 14:28:00,0.42,0.83
22136,LOVE HEART SOCK HANGER,General Merchandise,Love,2009-12-01 14:55:00,0.82,1.65
22137,BATHROOM SET LOVE HEART DESIGN,General Merchandise,Bathroom,2009-12-14 18:03:00,1.48,2.95
22138,BAKING SET 9 PIECE RETROSPOT,Kitchenware,Baking,2009-12-01 09:28:00,2.48,4.95
22139,RETROSPOT TEA SET CERAMIC 11 PC,General Merchandise,Retrospot,2009-12-01 09:28:00,2.48,4.95
22141,CHRISTMAS CRAFT TREE TOP ANGEL,Seasonal & Christmas,Christmas,2009-12-01 14:28:00,0.94,2.1
22142,CHRISTMAS CRAFT WHITE FAIRY,Seasonal & Christmas,Christmas,2009-12-01 09:06:00,0.65,1.45
22143,CHRISTMAS CRAFT HEART DECORATIONS,Seasonal & Christmas,Christmas,2009-12-01 09:08:00,0.94,2.1
22144,CHRISTMAS CRAFT LITTLE FRIENDS,Seasonal & Christmas,Christmas,2009-12-01 14:28:00,0.94,2.1
22145,CHRISTMAS CRAFT HEART STOCKING,Seasonal & Christmas,Christmas,2009-12-01 09:08:00,0.94,2.1
22146,EASTER CRAFT IVY WREATH WITH CHICK,General Merchandise,Easter,2009-12-04 16:12:00,0.98,1.95
22147,FELTCRAFT BUTTERFLY HEARTS,General Merchandise,Feltcraft,2009-12-01 12:13:00,0.72,1.45
22148,EASTER CRAFT 4 CHICKS,General Merchandise,Easter,2009-12-02 11:24:00,0.98,1.95
22149,FELTCRAFT 6 FLOWER FRIENDS,General Merchandise,Feltcraft,2009-12-01 14:28:00,1.05,2.1
22150,3 STRIPEY MICE FELTCRAFT,General Merchandise,3,2009-12-01 12:13:00,0.98,1.95
22151,PLACE SETTING WHITE HEART,General Merchandise,Place,2009-12-01 13:07:00,0.21,0.42
22152,PLACE SETTING WHITE STAR,General Merchandise,Place,2009-12-01 12:22:00,0.21,0.42
22153,ANGEL DECORATION STARS ON DRESS,Home & Decor,Angel,2009-12-01 12:57:00,0.21,0.42
22154,ANGEL DECORATION 3 BUTTONS,Home & Decor,Angel,2009-12-01 11:45:00,0.21,0.42
22155,STAR DECORATION RUSTIC,Home & Decor,Star,2009-12-01 11:45:00,0.21,0.42
22156,HEART DECORATION WITH PEARLS,Home & Decor,Heart,2009-12-01 13:07:00,0.42,0.85
22157,ANGEL DECORATION WITH LACE PADDED,Home & Decor,Angel,2009-12-02 12:38:00,0.42,0.85
22158,3 HEARTS HANGING DECORATION RUSTIC,Home & Decor,3,2009-12-03 17:46:00,1.48,2.95
22161,HEART DECORATION RUSTIC HANGING,Home & Decor,Heart,2009-12-07 18:02:00,0.4,0.79
22162,HEART GARLAND RUSTIC PADDED,General Merchandise,Heart,2009-12-01 13:29:00,1.48,2.95
22163,HEART STRING MEMO HOLDER HANGING,Home & Decor,Heart,2009-12-01 09:57:00,1.48,2.95
22164,STRING OF STARS CARD HOLDER,Home & Decor,String,2009-12-03 17:12:00,1.48,2.95
22165,"DIAMANTE HEART SHAPED WALL MIRROR,",General Merchandise,Diamante,2009-12-01 14:44:00,6.38,12.75
22166,WALL MIRROR RECTANGLE DIAMANTE PINK,General Merchandise,Wall,2009-12-01 14:44:00,7.9,15.79
22167,OVAL WALL MIRROR DIAMANTE,General Merchandise,Oval,2009-12-01 17:19:00,4.97,9.95
22168,ORGANISER WOOD ANTIQUE WHITE,General Merchandise,Organiser,2009-12-08 11:44:00,4.25,8.5
22169,FAMILY ALBUM WHITE PICTURE FRAME,Home & Decor,Family,2009-12-01 12:30:00,4.25,8.5
22170,PICTURE FRAME WOOD TRIPLE PORTRAIT,Home & Decor,Picture,2009-12-02 13:33:00,3.38,6.75
22171,3 HOOK PHOTO SHELF ANTIQUE WHITE,Home & Decor,3,2009-12-01 14:19:00,4.25,8.5
22172,METAL SHELF WITH RAIL,General Merchandise,Metal,2009-12-01 13:16:00,4.25,8.5
22173,METAL 4 HOOK HANGER FRENCH CHATEAU,Home & Decor,Metal,2009-12-01 14:28:00,1.48,2.95
22174,PHOTO CUBE,General Merchandise,Photo,2009-12-01 12:13:00,0.82,1.65
22175,PINK OWL SOFT TOY,Toys & Games,Pink,2009-12-02 11:55:00,1.48,2.95
22176,BLUE OWL SOFT TOY,Toys & Games,Blue,2009-12-02 11:55:00,1.48,2.95
22177,5 HOOK BLACKBOARD ORGANISER,Home & Decor,5,2009-12-01 14:28:00,4.97,9.95
22178,VICTORIAN GLASS HANGING T-LIGHT,Home & Decor,Victorian,2009-12-01 10:06:00,0.62,1.25
22179,SET 10 LIGHTS NIGHT OWL,Home & Decor,Set,2009-12-01 10:46:00,3.38,6.75
22180,RETROSPOT LAMP,General Merchandise,Retrospot,2009-12-01 09:57:00,4.97,9.95
22181,SNOWSTORM PHOTO FRAME FRIDGE MAGNET,Home & Decor,Snowstorm,2009-12-02 10:00:00,0.42,0.85
22182,CAKE STAND VICTORIAN FILIGREE SMALL,Kitchenware,Cake,2009-12-02 16:49:00,2.1,4.21
22183,CAKE STAND VICTORIAN FILIGREE MED,Kitchenware,Cake,2009-12-02 14:36:00,2.96,5.91
22184,CAKE STAND VICTORIAN FILIGREE LARGE,Kitchenware,Cake,2009-12-02 10:00:00,4.25,8.5
22185,SLATE TILE NATURAL HANGING,General Merchandise,Slate,2009-12-01 12:13:00,0.82,1.65
22186,RED STAR CARD HOLDER,Home & Decor,Red,2009-12-01 12:13:00,1.48,2.95
22187,GREEN CHRISTMAS TREE CARD HOLDER,Seasonal & Christmas,Green,2009-12-01 14:14:00,1.91,4.25
22188,BLACK HEART CARD HOLDER,Home & Decor,Black,2009-12-14 17:57:00,1.98,3.95
22189,CREAM HEART CARD HOLDER,Home & Decor,Cream,2009-12-01 12:13:00,1.98,3.95
22190,LOCAL CAFE MUG,Kitchenware,Local,2009-12-01 11:45:00,1.05,2.1
22191,IVORY DINER WALL CLOCK,Home & Decor,Ivory,2009-12-01 17:31:00,4.25,8.5
22192,BLUE DINER WALL CLOCK,Home & Decor,Blue,2009-12-01 17:31:00,4.25,8.5
22193,RED DINER WALL CLOCK,Home & Decor,Red,2009-12-01 14:56:00,4.25,8.5
22194,BLACK DINER WALL CLOCK,Home & Decor,Black,2009-12-01 09:06:00,4.25,8.5
22195,LARGE HEART MEASURING SPOONS,Kitchenware,Large,2009-12-01 07:46:00,0.82,1.65
22196,SMALL HEART MEASURING SPOONS,Kitchenware,Small,2009-12-01 12:30:00,0.42,0.85
22197,SMALL POPCORN HOLDER,Home & Decor,Small,2009-12-01 11:45:00,0.42,0.85
22198,LARGE POPCORN HOLDER,Home & Decor,Large,2009-12-01 14:28:00,0.82,1.65
22199,FRYING PAN RED RETROSPOT,General Merchandise,Frying,2009-12-01 10:06:00,2.12,4.25
22200,FRYING PAN PINK POLKADOT,General Merchandise,Frying,2009-12-01 14:56:00,2.12,4.25
22201,FRYING PAN BLUE POLKADOT,General Merchandise,Frying,2009-12-01 12:30:00,2.12,4.25
22202,MILK PAN PINK RETROSPOT,General Merchandise,Milk,2009-12-02 12:26:00,1.88,3.75
22203,MILK PAN RED RETROSPOT,General Merchandise,Milk,2009-12-01 12:02:00,1.88,3.75
22204,MILK PAN BLUE POLKADOT,General Merchandise,Milk,2009-12-03 12:31:00,1.88,3.75
22206,"MUG , DOTCOMGIFTSHOP.COM",Kitchenware,Mug,2010-06-07 14:22:00,0.42,0.85
22207,FRYING PAN UNION FLAG,General Merchandise,Frying,2009-12-01 12:14:00,2.12,4.25
22208,WOOD STAMP SET THANK YOU,General Merchandise,Wood,2009-12-01 14:28:00,0.82,1.65
22209,WOOD STAMP SET HAPPY BIRTHDAY,General Merchandise,Wood,2009-12-03 07:25:00,0.82,1.63
22210,WOOD STAMP SET BEST WISHES,General Merchandise,Wood,2009-12-02 14:21:00,0.72,1.45
22211,WOOD STAMP SET FLOWERS,General Merchandise,Wood,2009-12-01 14:14:00,0.82,1.63
22212,FOUR HOOK  WHITE LOVEBIRDS,Home & Decor,Four,2009-12-01 11:41:00,1.05,2.1
22214,CANDLE PLATE LACE WHITE,Kitchenware,Candle,2009-12-01 16:44:00,1.27,2.55
22215,CAKE STAND WHITE TWO TIER LACE,Kitchenware,Cake,2009-12-01 13:31:00,4.25,8.5
22216,T-LIGHT HOLDER WHITE LACE,Home & Decor,T-Light,2009-12-02 10:51:00,0.42,0.85
22217,T-LIGHT HOLDER HANGING LACE,Home & Decor,T-Light,2009-12-09 14:48:00,0.62,1.25
22218,CAKE STAND LACE WHITE,Kitchenware,Cake,2009-12-01 11:45:00,2.12,4.25
22219,LOVEBIRD HANGING DECORATION WHITE,Home & Decor,Lovebird,2009-12-01 09:57:00,0.42,0.85
22220,CAKE STAND LOVEBIRD 2 TIER WHITE,Kitchenware,Cake,2009-12-02 15:51:00,4.97,9.95
22221,CAKE STAND LOVEBIRD 2 TIER PINK,Kitchenware,Cake,2009-12-17 13:15:00,4.97,9.95
22222,CAKE PLATE LOVEBIRD WHITE,Kitchenware,Cake,2009-12-01 11:45:00,2.48,4.95
22223,CAKE PLATE LOVEBIRD PINK,Kitchenware,Cake,2009-12-04 09:27:00,2.48,4.95
22224,WHITE LOVEBIRD LANTERN,Home & Decor,White,2009-12-01 14:28:00,1.48,2.95
22227,HANGING HEART MIRROR DECORATION,Home & Decor,Hanging,2009-12-02 12:09:00,0.32,0.65
22228,BUNNY WOODEN PAINTED WITH BIRD,General Merchandise,Bunny,2009-12-03 10:20:00,0.42,0.85
22229,BUNNY WOODEN PAINTED WITH FLOWER,General Merchandise,Bunny,2009-12-04 16:12:00,0.42,0.85
22230,JIGSAW TREE WITH WATERING CAN,Garden,Jigsaw,2009-12-02 14:43:00,0.42,0.85
22231,JIGSAW TREE WITH BIRDHOUSE,General Merchandise,Jigsaw,2009-12-01 17:19:00,0.72,1.45
22232,JIGSAW TOADSTOOLS 3 PIECE,General Merchandise,Jigsaw,2009-12-01 10:46:00,0.82,1.65
22233,JIGSAW RABBIT AND BIRDHOUSE,General Merchandise,Jigsaw,2009-12-09 13:49:00,0.82,1.65
22236,CAKE STAND 3 TIER MAGIC GARDEN,Kitchenware,Cake,2009-12-10 10:17:00,6.38,12.75
22241,GARLAND WOODEN HAPPY EASTER,General Merchandise,Garland,2009-12-01 09:57:00,0.62,1.25
22242,"HOOK, 5 HANGER , MAGIC TOADSTOOL",Home & Decor,"Hook,",2009-12-10 18:36:00,0.82,1.65
22243,5 HOOK HANGER RED MAGIC TOADSTOOL,Home & Decor,5,2009-12-13 12:36:00,0.82,1.65
22244,3 HOOK HANGER MAGIC GARDEN,Home & Decor,3,2009-12-09 11:58:00,0.98,1.95
22245,"HOOK, 1 HANGER ,MAGIC GARDEN",Home & Decor,"Hook,",2009-12-09 11:58:00,0.42,0.85
22246,"GARLAND, MAGIC GARDEN 1.8M",Garden,"Garland,",2009-12-01 18:35:00,0.98,1.95
22247,BUNNY DECORATION MAGIC GARDEN,Home & Decor,Bunny,2009-12-13 13:39:00,0.42,0.85
22248,DECORATION  PINK CHICK MAGIC GARDEN,Home & Decor,Decoration,2009-12-02 14:43:00,0.42,0.85
22249,DECORATION WHITE CHICK MAGIC GARDEN,Home & Decor,Decoration,2009-12-13 13:39:00,0.42,0.85
22250,DECORATION  BUTTERFLY  MAGIC GARDEN,Home & Decor,Decoration,2009-12-13 13:39:00,0.42,0.85
22251,BIRDHOUSE DECORATION MAGIC GARDEN,Home & Decor,Birdhouse,2009-12-17 17:16:00,0.62,1.25
22252,BIRDCAGE DECORATION TEALIGHT HOLDER,Home & Decor,Birdcage,2009-12-10 17:27:00,0.62,1.25
22253,6 CROCHET STRAWBERRIES,General Merchandise,6,2009-12-01 09:57:00,0.62,1.25
22254,FELT TOADSTOOL LARGE,General Merchandise,Felt,2009-12-01 11:50:00,0.62,1.25
22255,FELT TOADSTOOL  SMALL,General Merchandise,Felt,2009-12-01 11:50:00,0.42,0.85
22256,FELT FARM ANIMAL CHICKEN,General Merchandise,Felt,2009-12-07 11:46:00,0.62,1.25
22257,FELT FARM ANIMAL SHEEP,General Merchandise,Felt,2010-01-21 09:30:00,0.62,1.25
22258,FELT FARM ANIMAL RABBIT,General Merchandise,Felt,2009-12-04 11:07:00,0.62,1.25
22259,FELT FARM ANIMAL HEN,General Merchandise,Felt,2010-01-24 15:14:00,0.62,1.25
22260,FELT EGG COSY BLUE RABBIT,General Merchandise,Felt,2009-12-02 14:43:00,0.82,1.63
22261,FELT EGG COSY WHITE RABBIT,General Merchandise,Felt,2009-12-01 14:28:00,0.42,0.85
22262,FELT EGG COSY CHICKEN,General Merchandise,Felt,2009-12-01 14:28:00,0.42,0.85
22263,FELT EGG COSY LADYBIRD,General Merchandise,Felt,2009-12-06 11:13:00,0.42,0.85
22264,FELT FARM ANIMAL WHITE BUNNY,General Merchandise,Felt,2009-12-14 18:37:00,0.42,0.85
22265,EASTER DECORATION NATURAL CHICK,Home & Decor,Easter,2009-12-02 15:04:00,0.32,0.65
22266,EASTER DECORATION HANGING BUNNY,Home & Decor,Easter,2009-12-17 08:55:00,0.32,0.65
22267,EASTER DECORATION EGG BUNNY,Home & Decor,Easter,2009-12-07 11:46:00,0.62,1.25
22268,EASTER DECORATION SITTING BUNNY,Home & Decor,Easter,2009-12-13 15:38:00,0.42,0.85
22269,EGG CUP NATURAL CHICKEN,Kitchenware,Egg,2009-12-02 14:43:00,0.62,1.25
22270,HAPPY EASTER HANGING DECORATION,Home & Decor,Happy,2009-12-03 10:20:00,1.88,3.75
22271,FELTCRAFT DOLL ROSIE,Toys & Games,Feltcraft,2009-12-01 09:08:00,1.48,2.95
22272,FELTCRAFT DOLL MARIA,Toys & Games,Feltcraft,2009-12-01 09:08:00,1.48,2.95
22273,FELTCRAFT DOLL MOLLY,Toys & Games,Feltcraft,2009-12-01 10:46:00,1.48,2.95
22274,FELTCRAFT DOLL EMILY,Toys & Games,Feltcraft,2009-12-01 09:08:00,1.48,2.95
22275,WEEKEND BAG VINTAGE ROSE PAISLEY,Bags & Accessories,Weekend,2009-12-01 11:17:00,4.25,8.5
22276,WASH BAG VINTAGE ROSE PAISLEY,Bags & Accessories,Wash,2009-12-01 11:37:00,1.27,2.55
22277,COSMETIC BAG VINTAGE ROSE PAISLEY,Bags & Accessories,Cosmetic,2009-12-01 13:07:00,1.05,2.1
22278,OVERNIGHT BAG VINTAGE ROSE PAISLEY,Bags & Accessories,Overnight,2009-12-02 11:31:00,2.48,4.95
22279,POCKET BAG BLUE PAISLEY RED SPOT,Bags & Accessories,Pocket,2009-12-02 11:53:00,0.62,1.25
22280,POCKET BAG PINK PAISELY BROWN SPOT,Bags & Accessories,Pocket,2009-12-01 12:47:00,0.62,1.25
22281,EASTER TREE YELLOW BIRDS,General Merchandise,Easter,2009-12-01 12:32:00,2.98,5.95
22282,12 EGG HOUSE PAINTED WOOD,General Merchandise,12,2009-12-01 11:41:00,6.38,12.75
22283,6 EGG HOUSE PAINTED WOOD,General Merchandise,6,2009-12-01 14:14:00,3.98,7.95
22284,HEN HOUSE DECORATION,Home & Decor,Hen,2009-12-03 10:20:00,0.82,1.65
22285,"DECORATION HEN ON NEST, HANGING",Home & Decor,Decoration,2009-12-06 13:10:00,0.82,1.65
22286,"DECORATION , WOBBLY RABBIT , METAL",Home & Decor,Decoration,2009-12-01 14:28:00,0.82,1.65
22287,"DECORATION , WOBBLY CHICKEN, METAL",Home & Decor,Decoration,2009-12-03 12:28:00,0.82,1.65
22288,HANGING METAL RABBIT DECORATION,Home & Decor,Hanging,2009-12-01 14:28:00,0.62,1.25
22289,"DECORATION , HANGING METAL CHICKEN",Home & Decor,Decoration,2009-12-01 14:28:00,0.62,1.25
22290,STANDING METAL RABBIT WITH EGG,General Merchandise,Standing,2009-12-09 13:16:00,1.05,2.1
22291,"SPRING DEC , HANGING CHICK CREAM",General Merchandise,Spring,2009-12-03 16:21:00,0.72,1.45
22292,HANGING CHICK  YELLOW DECORATION,Home & Decor,Hanging,2009-12-03 12:28:00,0.72,1.45
22293,HANGING CHICK GREEN DECORATION,Home & Decor,Hanging,2009-12-02 14:43:00,0.72,1.45
22294,HEART FILIGREE DOVE  SMALL,General Merchandise,Heart,2009-12-01 10:06:00,0.62,1.25
22295,HEART FILIGREE DOVE LARGE,General Merchandise,Heart,2009-12-01 09:06:00,0.82,1.65
22296,HEART IVORY TRELLIS LARGE,General Merchandise,Heart,2009-12-01 09:06:00,0.82,1.65
22297,HEART IVORY TRELLIS SMALL,General Merchandise,Heart,2009-12-01 13:29:00,0.62,1.25
22299,PIG KEYRING WITH LIGHT & SOUND,Home & Decor,Pig,2009-12-03 19:23:00,0.62,1.25
22300,COFFEE MUG DOG + BALL DESIGN,Kitchenware,Coffee,2009-12-01 10:59:00,1.27,2.55
22301,COFFEE MUG CAT + BIRD DESIGN,Kitchenware,Coffee,2009-12-01 10:59:00,1.27,2.55
22302,COFFEE MUG PEARS  DESIGN,Kitchenware,Coffee,2009-12-01 11:45:00,1.27,2.55
22303,COFFEE MUG APPLES DESIGN,Kitchenware,Coffee,2009-12-01 11:45:00,1.27,2.55
22304,COFFEE MUG BLUE PAISLEY DESIGN,Kitchenware,Coffee,2009-12-01 11:45:00,1.27,2.55
22305,COFFEE MUG PINK PAISLEY DESIGN,Kitchenware,Coffee,2009-12-01 11:45:00,1.27,2.55
22306,SILVER MUG BONE CHINA TREE OF LIFE,Kitchenware,Silver,2009-12-09 09:51:00,0.53,1.06
22307,GOLD MUG BONE CHINA TREE OF LIFE,Kitchenware,Gold,2009-12-07 18:02:00,0.82,1.65
22308,TEA COSY BLUE STRIPE,General Merchandise,Tea,2009-12-01 14:45:00,2.48,4.96
22309,TEA COSY RED  STRIPE,General Merchandise,Tea,2009-12-02 13:06:00,1.27,2.55
22310,IVORY KNITTED MUG COSY,Kitchenware,Ivory,2009-12-03 12:10:00,1.64,3.29
22311,OFFICE MUG WARMER BLACK+SILVER,Kitchenware,Office,2009-12-01 14:28:00,1.48,2.95
22312,OFFICE MUG WARMER POLKADOT,Kitchenware,Office,2009-12-01 14:28:00,1.48,2.95
22313,OFFICE MUG WARMER PINK,Kitchenware,Office,2009-12-02 12:06:00,1.48,2.95
22314,OFFICE MUG WARMER CHOC+BLUE,Kitchenware,Office,2009-12-02 14:36:00,2.48,4.95
22315,200 RED + WHITE BENDY STRAWS,General Merchandise,200,2009-12-01 11:45:00,0.62,1.25
22316,200 BENDY SKULL STRAWS,General Merchandise,200,2009-12-09 14:02:00,0.62,1.25
22317,FIVE CATS HANGING DECORATION,Home & Decor,Five,2009-12-04 14:35:00,1.48,2.95
22318,FIVE HEART HANGING DECORATION,Home & Decor,Five,2009-12-01 14:58:00,1.48,2.95
22319,HAIRCLIPS FORTIES FABRIC ASSORTED,General Merchandise,Hairclips,2009-12-01 11:34:00,0.32,0.65
22320,BIRDS MOBILE VINTAGE DESIGN,General Merchandise,Birds,2009-12-01 10:46:00,2.98,5.95
22321,BIRD DECORATION RED RETROSPOT,Home & Decor,Bird,2009-12-01 09:44:00,0.42,0.85
22322,BIRD DECORATION GREEN POLKADOT,Home & Decor,Bird,2009-12-02 10:00:00,0.42,0.85
22323,PINK POLKADOT KIDS BAG,Bags & Accessories,Pink,2009-12-03 14:39:00,0.98,1.95
22324,BLUE POLKADOT KIDS BAG,Bags & Accessories,Blue,2009-12-01 14:28:00,2.06,4.13
22325,MOBILE VINTAGE HEARTS,General Merchandise,Mobile,2009-12-01 13:29:00,2.48,4.95
22326,ROUND SNACK BOXES SET OF4 WOODLAND,General Merchandise,Round,2010-01-07 16:46:00,1.48,2.95
22327,ROUND SNACK BOXES SET OF 4 SKULLS,General Merchandise,Round,2010-01-10 12:13:00,1.48,2.95
22328,ROUND SNACK BOXES SET OF 4 FRUITS,General Merchandise,Round,2010-01-07 16:46:00,1.48,2.95
22329,ROUND CONTAINER SET OF 5 RETROSPOT,General Merchandise,Round,2010-01-10 11:08:00,0.82,1.65
22330,72 ROUND PINK DOILIES,General Merchandise,72,2009-12-01 12:13:00,0.72,1.45
22331,WOODLAND PARTY BAG + STICKER SET,Bags & Accessories,Woodland,2009-12-02 12:32:00,0.82,1.65
22332,SKULLS PARTY BAG + STICKER SET,Bags & Accessories,Skulls,2009-12-03 12:28:00,0.82,1.65
22333,RETROSPOT PARTY BAG + STICKER SET,Bags & Accessories,Retrospot,2009-12-01 09:28:00,0.82,1.65
22334,DINOSAUR PARTY BAG + STICKER SET,Bags & Accessories,Dinosaur,2009-12-03 15:15:00,0.82,1.65
22335,HEART DECORATION PAINTED ZINC,Home & Decor,Heart,2009-12-01 11:34:00,0.32,0.65
22336,DOVE DECORATION PAINTED ZINC,Home & Decor,Dove,2009-12-01 13:07:00,0.32,0.65
22337,ANGEL DECORATION PAINTED ZINC,Home & Decor,Angel,2009-12-01 13:07:00,0.32,0.65
22338,STAR DECORATION PAINTED ZINC,Home & Decor,Star,2009-12-01 13:07:00,0.32,0.63
22339,CHRISTMAS TREE PAINTED ZINC,Seasonal & Christmas,Christmas,2009-12-02 09:35:00,0.29,0.65
22340,NOEL GARLAND PAINTED ZINC,General Merchandise,Noel,2009-12-01 14:56:00,0.42,0.83
22341,LOVE GARLAND PAINTED ZINC,General Merchandise,Love,2009-12-02 13:51:00,0.82,1.65
22342,HOME GARLAND PAINTED ZINC,General Merchandise,Home,2009-12-02 13:51:00,0.82,1.65
22343,PARTY PIZZA DISH RED RETROSPOT,General Merchandise,Party,2009-12-02 11:48:00,0.42,0.85
22344,PARTY PIZZA DISH PINK POLKADOT,General Merchandise,Party,2009-12-02 11:48:00,0.42,0.85
22345,PARTY PIZZA DISH BLUE POLKADOT,General Merchandise,Party,2009-12-02 11:48:00,0.42,0.85
22346,PARTY PIZZA DISH GREEN POLKADOT,General Merchandise,Party,2009-12-02 11:48:00,0.42,0.85
22347,PIZZA SLICE DISH,General Merchandise,Pizza,2009-12-01 14:19:00,0.62,1.25
22348,TEA BAG PLATE RED RETROSPOT,Kitchenware,Tea,2009-12-01 12:30:00,0.42,0.85
22349,DOG BOWL CHASING BALL DESIGN,Kitchenware,Dog,2009-12-01 07:46:00,1.88,3.75
22350,ILLUSTRATED CAT BOWL,Kitchenware,Illustrated,2009-12-01 07:46:00,1.27,2.55
22351,DOTCOMGIFTSHOP TEA TOWEL,General Merchandise,Dotcomgiftshop,2010-08-26 12:35:00,1.64,3.29
22352,LUNCH BOX WITH CUTLERY RETROSPOT,General Merchandise,Lunch,2009-12-01 09:28:00,1.27,2.55
22353,LUNCH BOX WITH CUTLERY FAIRY CAKES,Kitchenware,Lunch,2009-12-01 07:46:00,1.27,2.55
22354,RETROSPOT PADDED SEAT CUSHION,Home & Decor,Retrospot,2009-12-02 12:06:00,1.88,3.75
22355,CHARLOTTE BAG SUKI DESIGN,Bags & Accessories,Charlotte,2009-12-01 12:13:00,0.42,0.85
22356,CHARLOTTE BAG PINK POLKADOT,Bags & Accessories,Charlotte,2009-12-01 10:06:00,0.42,0.85
22357,KINGS CHOICE BISCUIT TIN,Kitchenware,Kings,2010-01-07 11:31:00,2.12,4.25
22358,KINGS CHOICE TEA CADDY,General Merchandise,Kings,2010-01-06 13:56:00,1.48,2.95
22359,GLASS JAR KINGS CHOICE,Kitchenware,Glass,2010-03-16 08:23:00,1.48,2.95
22360,GLASS JAR ENGLISH CONFECTIONERY,Kitchenware,Glass,2009-12-13 13:39:00,1.48,2.95
22361,GLASS JAR DAISY FRESH COTTON WOOL,Kitchenware,Glass,2010-03-15 17:29:00,1.48,2.95
22362,GLASS JAR PEACOCK BATH SALTS,Kitchenware,Glass,2010-03-15 09:28:00,1.48,2.95
22363,GLASS JAR MARMALADE,Kitchenware,Glass,2010-03-15 13:06:00,1.48,2.95
22364,GLASS JAR DIGESTIVE BISCUITS,Kitchenware,Glass,2010-03-15 17:29:00,1.48,2.95
22365,DOORMAT RESPECTABLE HOUSE,General Merchandise,Doormat,2010-01-04 16:11:00,3.98,7.95
22366,DOORMAT AIRMAIL,General Merchandise,Doormat,2010-01-04 16:11:00,3.98,7.95
22367,CHILDRENS APRON SPACEBOY DESIGN,Bags & Accessories,Childrens,2010-01-10 11:08:00,0.98,1.95
22371,AIRLINE BAG VINTAGE TOKYO 78,Bags & Accessories,Airline,2010-02-12 15:38:00,2.12,4.25
22372,AIRLINE BAG VINTAGE WORLD CHAMPION,Bags & Accessories,Airline,2010-02-11 11:24:00,2.12,4.25
22374,AIRLINE BAG VINTAGE JET SET RED,Bags & Accessories,Airline,2010-02-14 11:57:00,2.12,4.25
22375,AIRLINE BAG VINTAGE JET SET BROWN,Bags & Accessories,Airline,2010-02-14 12:22:00,2.12,4.25
22376,AIRLINE BAG VINTAGE JET SET WHITE,Bags & Accessories,Airline,2010-02-14 12:22:00,2.12,4.25
22377,BOTTLE BAG RETROSPOT,Bags & Accessories,Bottle,2010-01-26 11:33:00,1.05,2.1
22378,WALL TIDY RETROSPOT,General Merchandise,Wall,2010-01-25 15:07:00,1.05,2.1
22379,RECYCLING BAG RETROSPOT,Bags & Accessories,Recycling,2010-01-25 13:46:00,1.05,2.1
22380,TOY TIDY SPACEBOY,Toys & Games,Toy,2010-01-22 16:28:00,1.05,2.1
22381,TOY TIDY PINK POLKADOT,Toys & Games,Toy,2010-01-24 13:46:00,1.05,2.1
22382,LUNCH BAG SPACEBOY DESIGN,Bags & Accessories,Lunch,2010-01-22 16:28:00,0.82,1.65
22383,LUNCH BAG SUKI  DESIGN,Bags & Accessories,Lunch,2010-01-22 16:28:00,0.82,1.65
22384,LUNCH BAG PINK POLKADOT,Bags & Accessories,Lunch,2010-01-25 11:18:00,0.82,1.65
22385,JUMBO BAG SPACEBOY DESIGN,Bags & Accessories,Jumbo,2010-01-29 13:46:00,0.98,1.95
22386,JUMBO BAG PINK POLKADOT,Bags & Accessories,Jumbo,2010-01-29 12:35:00,0.98,1.95
22389,PAPERWEIGHT SAVE THE PLANET,Stationery & Cards,Paperweight,2010-03-30 12:27:00,1.4,2.55
22390,PAPERWEIGHT CHILDHOOD MEMORIES,Stationery & Cards,Paperweight,2010-03-26 13:46:00,1.4,2.55
22391,PAPERWEIGHT HOME SWEET HOME,Stationery & Cards,Paperweight,2010-03-30 12:27:00,1.4,2.55
22393,PAPERWEIGHT VINTAGE COLLAGE,Stationery & Cards,Paperweight,2010-03-26 13:46:00,1.4,2.55
22394,PAPERWEIGHT KINGS CHOICE,Stationery & Cards,Paperweight,2010-04-06 11:21:00,1.4,2.55
22395,PAPERWEIGHT VINTAGE PAISLEY,Stationery & Cards,Paperweight,2010-04-13 11:04:00,1.4,2.55
22396,MAGNETS PACK OF 4 RETRO PHOTO,General Merchandise,Magnets,2010-03-26 13:46:00,0.42,0.85
22398,MAGNETS PACK OF 4 SWALLOWS,General Merchandise,Magnets,2010-03-26 14:32:00,0.62,1.25
22399,MAGNETS PACK OF 4 CHILDHOOD MEMORY,General Merchandise,Magnets,2010-03-26 13:46:00,0.62,1.25
22400,MAGNETS PACK OF 4 HOME SWEET HOME,General Merchandise,Magnets,2010-03-30 12:27:00,0.62,1.25
22402,MAGNETS PACK OF 4 VINTAGE COLLAGE,General Merchandise,Magnets,2010-03-26 13:46:00,0.62,1.25
22403,MAGNETS PACK OF 4 VINTAGE LABELS,General Merchandise,Magnets,2010-03-29 10:10:00,0.62,1.25
22405,MONEY BOX POCKET MONEY DESIGN,General Merchandise,Money,2010-03-26 13:46:00,0.62,1.25
22406,MONEY BOX KINGS CHOICE DESIGN,General Merchandise,Money,2010-03-26 13:46:00,0.62,1.25
22407,MONEY BOX FIRST ADE DESIGN,General Merchandise,Money,2010-03-26 13:46:00,0.62,1.25
22408,MONEY BOX CONFECTIONERY DESIGN,General Merchandise,Money,2010-03-26 13:46:00,0.62,1.25
22409,MONEY BOX BISCUITS DESIGN,General Merchandise,Money,2010-03-26 13:46:00,0.62,1.25
22410,MONEY BOX HOUSEKEEPING DESIGN,General Merchandise,Money,2010-03-26 13:46:00,0.62,1.25
22411,JUMBO SHOPPER VINTAGE RED PAISLEY,General Merchandise,Jumbo,2010-01-29 13:52:00,0.98,1.95
22412,METAL SIGN NEIGHBOURHOOD WITCH,General Merchandise,Metal,2010-01-29 14:37:00,1.05,2.1
22413,METAL SIGN TAKE IT OR LEAVE IT,General Merchandise,Metal,2010-01-29 13:52:00,1.48,2.95
22414,DOORMAT NEIGHBOURHOOD WITCH,General Merchandise,Doormat,2010-01-10 11:47:00,3.98,7.95
22415,WHITE TISSUE REAM,General Merchandise,White,2009-12-01 12:55:00,3.98,7.95
22416,SET OF 36 DOILIES SPACEBOY DESIGN,General Merchandise,Set,2010-02-03 08:50:00,0.72,1.45
22417,PACK OF 60 SPACEBOY CAKE CASES,Kitchenware,Pack,2010-01-31 15:47:00,0.28,0.55
22418,10 COLOUR SPACEBOY PEN,Stationery & Cards,10,2010-05-06 16:21:00,0.47,0.85
22419,LIPSTICK PEN RED,Stationery & Cards,Lipstick,2010-05-07 09:04:00,0.23,0.42
22420,LIPSTICK PEN BABY PINK,Stationery & Cards,Lipstick,2010-05-07 13:58:00,0.23,0.42
22421,LIPSTICK PEN FUSCHIA,Stationery & Cards,Lipstick,2010-05-06 14:01:00,0.23,0.42
22422,TOOTHPASTE TUBE PEN,Stationery & Cards,Toothpaste,2010-05-07 13:58:00,0.69,1.25
22423,REGENCY CAKESTAND 3 TIER,Kitchenware,Regency,2010-03-15 13:55:00,6.38,12.75
22424,ENAMEL BREAD BIN CREAM,General Merchandise,Enamel,2010-05-16 11:35:00,6.38,12.75
22425,ENAMEL COLANDER CREAM,General Merchandise,Enamel,2010-05-16 11:35:00,2.48,4.95
22426,ENAMEL WASH BOWL CREAM,Kitchenware,Enamel,2010-04-08 10:57:00,1.88,3.75
22427,ENAMEL FLOWER JUG CREAM,General Merchandise,Enamel,2010-05-14 15:14:00,2.98,5.95
22428,ENAMEL FIRE BUCKET CREAM,General Merchandise,Enamel,2010-04-08 10:57:00,3.48,6.95
22429,ENAMEL MEASURING JUG CREAM,General Merchandise,Enamel,2010-03-18 13:00:00,2.12,4.25
22430,ENAMEL WATERING CAN CREAM,Garden,Enamel,2010-05-14 15:37:00,2.48,4.95
22431,WATERING CAN BLUE ELEPHANT,Garden,Watering,2010-02-22 10:24:00,0.98,1.95
22432,WATERING CAN PINK BUNNY,Garden,Watering,2010-02-18 15:19:00,0.98,1.95
22433,WATERING CAN GREEN DINOSAUR,Garden,Watering,2010-02-18 18:33:00,0.98,1.95
22434,BALLOON PUMP WITH 10 BALLOONS,Toys & Games,Balloon,2010-04-07 13:34:00,0.98,1.95
22435,SET OF 9 HEART SHAPED BALLOONS,Toys & Games,Set,2010-04-08 11:16:00,0.62,1.25
22436,12 COLOURED PARTY BALLOONS,Toys & Games,12,2010-04-07 13:34:00,0.32,0.65
22437,SET OF 9 BLACK SKULL BALLOONS,Toys & Games,Set,2010-04-07 16:22:00,0.42,0.85
22438,BALLOON ART MAKE YOUR OWN FLOWERS,Toys & Games,Balloon,2010-04-11 13:01:00,0.98,1.95
22439,6 ROCKET BALLOONS,Toys & Games,6,2010-04-08 08:31:00,0.32,0.65
22440,BALLOON WATER BOMB PACK OF 35,Toys & Games,Balloon,2010-04-11 12:37:00,0.21,0.42
22441,GROW YOUR OWN BASIL IN ENAMEL MUG,Kitchenware,Grow,2010-03-23 11:13:00,1.05,2.1
22442,GROW YOUR OWN FLOWERS SET OF 3,General Merchandise,Grow,2010-03-23 12:41:00,3.98,7.95
22443,GROW YOUR OWN HERBS SET OF 3,General Merchandise,Grow,2010-03-23 12:18:00,3.98,7.95
22444,GROW YOUR OWN PLANT IN A CAN,General Merchandise,Grow,2010-03-23 11:41:00,0.62,1.25
22445,PENCIL CASE LIFE IS BEAUTIFUL,Stationery & Cards,Pencil,2010-03-17 15:24:00,1.62,2.95
22446,PIN CUSHION BABUSHKA PINK,Home & Decor,Pin,2010-03-18 14:09:00,1.25,2.51
22447,PIN CUSHION BABUSHKA BLUE,Home & Decor,Pin,2010-03-23 08:55:00,1.68,3.35
22448,PIN CUSHION BABUSHKA RED,Home & Decor,Pin,2010-03-18 16:28:00,1.68,3.35
22449,SILK PURSE BABUSHKA PINK,Bags & Accessories,Silk,2010-03-17 10:34:00,1.68,3.35
22450,SILK PURSE BABUSHKA BLUE,Bags & Accessories,Silk,2010-03-17 10:34:00,1.68,3.35
22451,SILK PURSE BABUSHKA RED,Bags & Accessories,Silk,2010-03-17 10:34:00,1.68,3.35
22452,MEASURING TAPE BABUSHKA PINK,General Merchandise,Measuring,2010-03-21 15:23:00,1.48,2.95
22453,MEASURING TAPE BABUSHKA BLUE,General Merchandise,Measuring,2010-03-21 14:16:00,1.48,2.95
22454,MEASURING TAPE BABUSHKA RED,General Merchandise,Measuring,2010-03-19 16:43:00,1.48,2.95
22456,NATURAL SLATE CHALKBOARD LARGE,General Merchandise,Natural,2010-03-04 10:29:00,2.48,4.95
22457,NATURAL SLATE HEART CHALKBOARD,General Merchandise,Natural,2010-03-04 10:29:00,1.48,2.95
22458,CAST IRON HOOK GARDEN FORK,Kitchenware,Cast,2010-03-04 11:44:00,1.27,2.55
22459,CAST IRON HOOK GARDEN TROWEL,Home & Decor,Cast,2010-03-04 11:44:00,1.27,2.55
22460,EMBOSSED GLASS TEALIGHT HOLDER,Home & Decor,Embossed,2010-03-08 12:40:00,0.62,1.25
22461,SAVOY ART DECO CLOCK,Home & Decor,Savoy,2010-03-07 10:58:00,6.38,12.75
22464,HANGING METAL HEART LANTERN,Home & Decor,Hanging,2010-03-04 14:50:00,0.82,1.65
22465,HANGING METAL STAR LANTERN,Home & Decor,Hanging,2010-03-04 14:45:00,0.82,1.65
22466,FAIRY TALE COTTAGE NIGHTLIGHT,Home & Decor,Fairy,2010-03-05 11:31:00,0.98,1.95
22467,GUMBALL COAT RACK,General Merchandise,Gumball,2010-03-04 14:45:00,1.27,2.55
22468,BABUSHKA LIGHTS STRING OF 10,Home & Decor,Babushka,2010-03-08 12:44:00,3.38,6.75
22469,HEART OF WICKER SMALL,General Merchandise,Heart,2010-04-22 12:12:00,0.82,1.65
22470,HEART OF WICKER LARGE,General Merchandise,Heart,2010-04-22 12:12:00,1.48,2.95
22471,TV DINNER TRAY AIR HOSTESS,General Merchandise,Tv,2010-03-11 10:26:00,2.48,4.95
22472,TV DINNER TRAY DOLLY GIRL,Toys & Games,Tv,2010-03-08 16:53:00,2.48,4.95
22473,TV DINNER TRAY VINTAGE PAISLEY,General Merchandise,Tv,2010-03-11 10:05:00,2.48,4.95
22474,SPACEBOY TV DINNER TRAY,General Merchandise,Spaceboy,2010-03-08 08:45:00,2.48,4.95
22475,SKULL DESIGN TV DINNER TRAY,General Merchandise,Skull,2010-03-05 14:30:00,2.48,4.95
22476,EMPIRE UNION JACK TV DINNER TRAY,General Merchandise,Empire,2010-03-07 12:35:00,2.48,4.95
22477,WATERING CAN GARDEN MARKER,Garden,Watering,2010-03-05 10:37:00,0.62,1.25
22478,BIRDHOUSE GARDEN MARKER,Garden,Birdhouse,2010-03-05 10:37:00,0.62,1.25
22479,DAISY GARDEN MARKER,Garden,Daisy,2010-03-05 16:02:00,0.62,1.25
22480,RED TEA TOWEL CLASSIC DESIGN,General Merchandise,Red,2010-03-05 11:16:00,0.62,1.25
22481,BLACK TEA TOWEL CLASSIC DESIGN,General Merchandise,Black,2010-03-07 14:31:00,0.62,1.25
22482,BLUE TEA TOWEL CLASSIC DESIGN,General Merchandise,Blue,2010-03-05 11:16:00,0.62,1.25
22483,RED GINGHAM TEDDY BEAR,General Merchandise,Red,2010-03-04 11:11:00,1.48,2.95
22485,SET OF 2 WOODEN MARKET CRATES,General Merchandise,Set,2010-03-05 11:31:00,6.38,12.75
22486,PLASMATRONIC LAMP,General Merchandise,Plasmatronic,2010-03-08 12:45:00,4.14,8.29
22487,WHITE WOOD GARDEN PLANT LADDER,Garden,White,2010-03-05 16:02:00,4.97,9.95
22488,NATURAL SLATE RECTANGLE CHALKBOARD,General Merchandise,Natural,2010-03-05 11:31:00,0.82,1.65
22489,PACK OF 12 TRADITIONAL CRAYONS,General Merchandise,Pack,2010-03-02 16:36:00,0.21,0.42
22491,PACK OF 12 COLOURED PENCILS,Stationery & Cards,Pack,2010-05-06 10:28:00,0.47,0.85
22492,MINI PAINT SET VINTAGE,General Merchandise,Mini,2010-05-06 11:50:00,0.32,0.65
22493,PAINT YOUR OWN CANVAS SET,General Merchandise,Paint,2010-05-07 09:04:00,0.82,1.65
22494,EMERGENCY FIRST AID TIN,Kitchenware,Emergency,2010-01-29 13:53:00,0.62,1.25
22495,SET OF 2 ROUND TINS CAMEMBERT,General Merchandise,Set,2010-01-29 13:46:00,1.48,2.95
22496,SET OF 2 ROUND TINS DUTCH CHEESE,General Merchandise,Set,2010-01-29 13:46:00,1.48,2.95
22497,SET OF 2 TINS VINTAGE BATHROOM,General Merchandise,Set,2010-01-31 12:27:00,2.12,4.25
22498,WOODEN REGATTA BUNTING,General Merchandise,Wooden,2010-02-03 13:09:00,2.98,5.95
22499,WOODEN UNION JACK BUNTING,General Merchandise,Wooden,2010-02-02 12:03:00,2.98,5.95
22500,SET OF 2 TINS JARDIN DE PROVENCE,Kitchenware,Set,2010-01-31 12:27:00,2.48,4.95
22501,PICNIC BASKET WICKER LARGE,General Merchandise,Picnic,2010-05-21 16:37:00,4.97,9.95
22502,PICNIC BASKET WICKER SMALL,General Merchandise,Picnic,2010-05-23 10:54:00,2.98,5.95
22503,CABIN BAG VINTAGE PAISLEY,Bags & Accessories,Cabin,2010-04-30 15:57:00,14.98,29.95
22504,CABIN BAG VINTAGE RETROSPOT,Bags & Accessories,Cabin,2010-05-04 15:45:00,14.98,29.95
22505,MEMO BOARD COTTAGE DESIGN,General Merchandise,Memo,2010-03-10 14:50:00,2.48,4.95
22507,MEMO BOARD RETROSPOT  DESIGN,General Merchandise,Memo,2010-03-11 17:05:00,2.48,4.95
22508,DOORSTOP RETROSPOT HEART,General Merchandise,Doorstop,2010-03-11 10:26:00,1.88,3.75
22509,SEWING BOX RETROSPOT DESIGN,General Merchandise,Sewing,2010-03-10 14:50:00,8.48,16.95
22510,GINGHAM BABUSHKA DOORSTOP,General Merchandise,Gingham,2010-03-12 11:19:00,1.88,3.75
22511,RETROSPOT BABUSHKA DOORSTOP,General Merchandise,Retrospot,2010-03-12 11:19:00,1.88,3.75
22512,DOORSTOP RACING CAR DESIGN,General Merchandise,Doorstop,2010-03-12 11:19:00,1.88,3.75
22513,DOORSTOP FOOTBALL DESIGN,General Merchandise,Doorstop,2010-03-14 12:05:00,1.88,3.75
22514,CHILDS GARDEN SPADE BLUE,Garden,Childs,2010-03-28 11:30:00,1.05,2.1
22515,CHILDS GARDEN SPADE PINK,Garden,Childs,2010-03-28 11:30:00,1.05,2.1
22516,CHILDS GARDEN RAKE BLUE,Garden,Childs,2010-03-28 11:30:00,1.05,2.1
22517,CHILDS GARDEN RAKE PINK,Garden,Childs,2010-03-26 14:16:00,1.05,2.1
22518,CHILDS GARDEN BRUSH BLUE,Garden,Childs,2010-03-25 14:12:00,1.05,2.1
22519,CHILDS GARDEN BRUSH PINK,Garden,Childs,2010-03-25 14:12:00,1.05,2.1
22520,CHILDS GARDEN TROWEL BLUE,Garden,Childs,2010-03-25 14:12:00,0.42,0.85
22521,CHILDS GARDEN TROWEL PINK,Garden,Childs,2010-03-25 14:12:00,0.42,0.85
22522,CHILDS GARDEN FORK BLUE,Kitchenware,Childs,2010-03-25 14:12:00,0.42,0.85
22523,CHILDS GARDEN FORK PINK,Kitchenware,Childs,2010-03-25 14:12:00,0.42,0.85
22524,CHILDRENS GARDEN GLOVES BLUE,Garden,Childrens,2010-03-25 14:12:00,0.62,1.25
22525,CHILDRENS GARDEN GLOVES PINK,Garden,Childrens,2010-03-25 14:12:00,0.62,1.25
22526,WHEELBARROW FOR CHILDREN,General Merchandise,Wheelbarrow,2010-03-26 13:05:00,6.38,12.75
22528,GARDENERS KNEELING PAD,Garden,Gardeners,2010-03-26 13:03:00,0.62,1.25
22529,MAGIC DRAWING SLATE GO TO THE FAIR,General Merchandise,Magic,2010-03-28 13:31:00,0.21,0.42
22530,MAGIC DRAWING SLATE DOLLY GIRL,Toys & Games,Magic,2010-03-28 13:10:00,0.21,0.42
22531,MAGIC DRAWING SLATE CIRCUS PARADE,General Merchandise,Magic,2010-03-31 11:58:00,0.21,0.42
22532,MAGIC DRAWING SLATE LEAP FROG,General Merchandise,Magic,2010-03-28 13:38:00,0.21,0.42
22533,MAGIC DRAWING SLATE BAKE A CAKE,Kitchenware,Magic,2010-03-28 13:31:00,0.21,0.42
22534,MAGIC DRAWING SLATE SPACEBOY,General Merchandise,Magic,2010-03-28 13:10:00,0.21,0.42
22535,MAGIC DRAWING SLATE BUNNIES,General Merchandise,Magic,2010-03-25 13:43:00,0.21,0.42
22536,MAGIC DRAWING SLATE PURDEY,General Merchandise,Magic,2010-03-28 13:31:00,0.21,0.42
22537,MAGIC DRAWING SLATE DINOSAUR,General Merchandise,Magic,2010-03-29 13:55:00,0.21,0.42
22538,MINI JIGSAW GO TO THE FAIR,General Merchandise,Mini,2010-03-28 13:38:00,0.21,0.42
22539,MINI JIGSAW DOLLY GIRL,Toys & Games,Mini,2010-03-26 11:21:00,0.21,0.42
22540,MINI JIGSAW CIRCUS PARADE,General Merchandise,Mini,2010-03-28 15:11:00,0.21,0.42
22541,MINI JIGSAW LEAP FROG,General Merchandise,Mini,2010-03-28 11:20:00,0.21,0.42
22543,MINI JIGSAW BAKE A CAKE,Kitchenware,Mini,2010-03-26 13:46:00,0.21,0.42
22544,MINI JIGSAW SPACEBOY,General Merchandise,Mini,2010-03-25 16:25:00,0.21,0.42
22545,MINI JIGSAW BUNNIES,General Merchandise,Mini,2010-03-26 13:46:00,0.21,0.42
22546,MINI JIGSAW PURDEY,General Merchandise,Mini,2010-03-26 13:46:00,0.21,0.42
22547,MINI JIGSAW DINOSAUR,General Merchandise,Mini,2010-03-26 14:45:00,0.21,0.42
22548,HEADS AND TAILS SPORTING FUN,General Merchandise,Heads,2010-03-25 14:22:00,0.62,1.25
22549,PICTURE DOMINOES,General Merchandise,Picture,2010-03-25 13:41:00,0.72,1.45
22550,HOLIDAY FUN LUDO,General Merchandise,Holiday,2010-03-25 13:41:00,1.88,3.75
22551,PLASTERS IN TIN SPACEBOY,Kitchenware,Plasters,2010-03-25 12:41:00,0.82,1.65
22553,PLASTERS IN TIN SKULLS,Kitchenware,Plasters,2010-03-25 13:16:00,0.82,1.65
22554,PLASTERS IN TIN WOODLAND ANIMALS,Kitchenware,Plasters,2010-03-25 12:43:00,0.82,1.65
22555,PLASTERS IN TIN STRONGMAN,Kitchenware,Plasters,2010-03-25 12:12:00,0.82,1.65
22556,PLASTERS IN TIN CIRCUS PARADE,Kitchenware,Plasters,2010-03-25 12:12:00,0.82,1.65
22557,PLASTERS IN TIN VINTAGE PAISLEY,Kitchenware,Plasters,2010-03-25 13:16:00,0.82,1.65
22558,CLOTHES PEGS RETROSPOT PACK 24,General Merchandise,Clothes,2010-04-14 13:39:00,0.74,1.49
22559,SEASIDE FLYING DISC,General Merchandise,Seaside,2010-03-25 14:22:00,0.62,1.25
22560,TRADITIONAL MODELLING CLAY,General Merchandise,Traditional,2010-03-25 12:41:00,0.62,1.25
22561,WOODEN SCHOOL COLOURING SET,General Merchandise,Wooden,2010-03-25 11:28:00,0.82,1.65
22562,MONSTERS STENCIL CRAFT,General Merchandise,Monsters,2010-03-24 13:15:00,0.62,1.25
22563,HAPPY STENCIL CRAFT,General Merchandise,Happy,2010-03-24 13:15:00,0.62,1.25
22564,ALPHABET STENCIL CRAFT,General Merchandise,Alphabet,2010-03-24 13:15:00,0.62,1.25
22565,FELTCRAFT HAIRBANDS PINK AND WHITE,General Merchandise,Feltcraft,2010-03-10 11:46:00,0.42,0.85
22566,FELTCRAFT HAIRBAND PINK AND PURPLE,General Merchandise,Feltcraft,2010-03-10 12:39:00,0.42,0.85
22567,20 DOLLY PEGS RETROSPOT,Toys & Games,20,2010-03-26 13:13:00,0.62,1.25
22568,FELTCRAFT CUSHION OWL,Home & Decor,Feltcraft,2010-03-10 09:30:00,1.88,3.75
22569,FELTCRAFT CUSHION BUTTERFLY,Home & Decor,Feltcraft,2010-03-10 09:30:00,1.88,3.75
22570,FELTCRAFT CUSHION RABBIT,Home & Decor,Feltcraft,2010-03-10 09:30:00,1.88,3.75
22571,ROCKING HORSE RED CHRISTMAS,Seasonal & Christmas,Rocking,2010-07-23 15:09:00,0.38,0.85
22572,ROCKING HORSE GREEN CHRISTMAS,Seasonal & Christmas,Rocking,2010-07-22 15:06:00,0.38,0.85
22573,STAR WOODEN CHRISTMAS DECORATION,Seasonal & Christmas,Star,2010-07-18 11:31:00,0.38,0.85
22574,HEART WOODEN CHRISTMAS DECORATION,Seasonal & Christmas,Heart,2010-07-18 11:31:00,0.38,0.85
22575,METAL MERRY CHRISTMAS WREATH,Seasonal & Christmas,Metal,2010-07-18 15:45:00,0.88,1.95
22576,SWALLOW WOODEN CHRISTMAS DECORATION,Seasonal & Christmas,Swallow,2010-07-18 11:31:00,0.38,0.85
22577,WOODEN HEART CHRISTMAS SCANDINAVIAN,Seasonal & Christmas,Wooden,2010-07-18 11:31:00,0.37,0.83
22578,WOODEN STAR CHRISTMAS SCANDINAVIAN,Seasonal & Christmas,Wooden,2010-07-18 11:31:00,0.37,0.83
22579,WOODEN TREE CHRISTMAS SCANDINAVIAN,Seasonal & Christmas,Wooden,2010-07-18 11:31:00,0.38,0.85
22580,ADVENT CALENDAR GINGHAM SACK,Seasonal & Christmas,Advent,2010-07-20 14:22:00,2.68,5.95
22581,WOOD STOCKING CHRISTMAS SCANDISPOT,Seasonal & Christmas,Wood,2010-07-18 11:31:00,0.38,0.85
22582,PACK OF 6 SWEETIE GIFT BOXES,General Merchandise,Pack,2010-03-10 12:51:00,1.27,2.55
22583,PACK OF 6 HANDBAG GIFT BOXES,Bags & Accessories,Pack,2010-03-10 12:51:00,1.27,2.55
22584,PACK OF 6 PANNETONE GIFT BOXES,General Merchandise,Pack,2010-03-10 12:51:00,1.27,2.55
22585,PACK OF 6 BIRDY GIFT TAGS,General Merchandise,Pack,2010-03-10 12:51:00,0.62,1.25
22586,FELTCRAFT HAIRBAND PINK AND BLUE,General Merchandise,Feltcraft,2010-03-10 09:30:00,0.42,0.85
22587,FELTCRAFT HAIRBAND RED AND BLUE,General Merchandise,Feltcraft,2010-03-10 10:01:00,0.42,0.85
22588,CARD HOLDER GINGHAM HEART,Home & Decor,Card,2010-07-16 15:26:00,1.27,2.55
22589,CARDHOLDER GINGHAM STAR,Home & Decor,Cardholder,2010-07-16 15:26:00,1.27,2.55
22591,CARDHOLDER GINGHAM CHRISTMAS TREE,Seasonal & Christmas,Cardholder,2010-07-16 15:26:00,1.15,2.55
22592,CARDHOLDER HOLLY WREATH METAL,Seasonal & Christmas,Cardholder,2010-07-27 09:05:00,1.69,3.75
22593,CHRISTMAS GINGHAM STAR,Seasonal & Christmas,Christmas,2010-07-16 15:26:00,0.38,0.85
22594,CHRISTMAS GINGHAM TREE,Seasonal & Christmas,Christmas,2010-07-18 11:31:00,0.38,0.85
22595,GINGHAM HEART DECORATION,Home & Decor,Gingham,2010-07-16 15:26:00,0.42,0.85
22596,CHRISTMAS STAR WISH LIST CHALKBOARD,Seasonal & Christmas,Christmas,2010-07-16 15:26:00,0.56,1.25
22597,MUSICAL ZINC HEART DECORATION,Home & Decor,Musical,2010-07-25 12:16:00,0.42,0.85
22598,CHRISTMAS MUSICAL ZINC TREE,Seasonal & Christmas,Christmas,2010-07-26 09:50:00,0.37,0.83
22599,CHRISTMAS MUSICAL ZINC STAR,Seasonal & Christmas,Christmas,2010-07-25 12:16:00,0.37,0.83
22600,CHRISTMAS RETROSPOT STAR WOOD,Seasonal & Christmas,Christmas,2010-07-16 15:26:00,0.38,0.85
22601,CHRISTMAS RETROSPOT ANGEL WOOD,Seasonal & Christmas,Christmas,2010-07-18 11:31:00,0.38,0.85
22602,CHRISTMAS RETROSPOT HEART WOOD,Seasonal & Christmas,Christmas,2010-07-16 15:26:00,0.38,0.85
22603,CHRISTMAS RETROSPOT TREE WOOD,Seasonal & Christmas,Christmas,2010-07-16 15:26:00,0.38,0.85
22604,SET OF 4 NAPKIN CHARMS CUTLERY,General Merchandise,Set,2010-07-23 12:02:00,1.27,2.55
22605,WOODEN CROQUET GARDEN SET,Garden,Wooden,2010-04-08 19:40:00,6.38,12.75
22606,WOODEN SKITTLES GARDEN SET,Garden,Wooden,2010-04-08 19:40:00,7.98,15.95
22607,WOODEN ROUNDERS GARDEN SET,Garden,Wooden,2010-04-08 19:40:00,4.25,8.5
22608,PENS ASSORTED FUNKY JEWELED,Stationery & Cards,Pens,2010-02-26 09:47:00,0.23,0.42
22609,PENS ASSORTED SPACEBALL,Stationery & Cards,Pens,2010-02-23 14:16:00,0.12,0.21
22610,PENS ASSORTED FUNNY FACE,Stationery & Cards,Pens,2010-02-25 09:16:00,0.12,0.21
22611,VINTAGE UNION JACK SHOPPING BAG,Bags & Accessories,Vintage,2010-03-28 11:30:00,2.48,4.95
22612,TEA COSY VINTAGE UNION JACK,General Merchandise,Tea,2010-03-28 11:30:00,1.88,3.75
22613,PACK OF 20 SPACEBOY NAPKINS,General Merchandise,Pack,2010-05-06 11:50:00,0.42,0.85
22614,PACK OF 12 SPACEBOY TISSUES,General Merchandise,Pack,2010-05-06 11:50:00,0.14,0.29
22615,PACK OF 12 CIRCUS PARADE TISSUES,General Merchandise,Pack,2010-05-06 11:50:00,0.14,0.29
22616,PACK OF 12 LONDON TISSUES,General Merchandise,Pack,2010-05-06 11:50:00,0.14,0.29
22617,BAKING SET SPACEBOY DESIGN,Kitchenware,Baking,2010-03-14 16:18:00,2.48,4.95
22618,COOKING SET RETROSPOT,General Merchandise,Cooking,2010-03-14 16:18:00,4.97,9.95
22619,SET OF 6 SOLDIER SKITTLES,General Merchandise,Set,2010-05-07 08:49:00,1.88,3.75
22620,4 TRADITIONAL SPINNING TOPS,General Merchandise,4,2010-05-09 16:10:00,0.72,1.45
22621,TRADITIONAL KNITTING NANCY,General Merchandise,Traditional,2010-05-06 18:01:00,0.82,1.65
22622,BOX OF VINTAGE ALPHABET BLOCKS,General Merchandise,Box,2010-05-07 10:44:00,4.97,9.95
22623,BOX OF VINTAGE JIGSAW BLOCKS,General Merchandise,Box,2010-05-06 20:01:00,2.48,4.95
22624,IVORY KITCHEN SCALES,Kitchenware,Ivory,2010-05-04 10:02:00,4.25,8.5
22625,RED KITCHEN SCALES,Kitchenware,Red,2010-05-04 12:18:00,4.25,8.5
22626,BLACK KITCHEN SCALES,Kitchenware,Black,2010-04-30 15:57:00,4.25,8.5
22627,MINT KITCHEN SCALES,Kitchenware,Mint,2010-05-04 10:02:00,4.25,8.5
22628,PICNIC BOXES SET OF 3 RETROSPOT,General Merchandise,Picnic,2010-07-01 11:59:00,2.48,4.95
22629,SPACEBOY LUNCH BOX,General Merchandise,Spaceboy,2010-07-01 11:59:00,0.98,1.95
22630,DOLLY GIRL LUNCH BOX,Toys & Games,Dolly,2010-07-01 16:48:00,0.98,1.95
22631,CIRCUS PARADE LUNCH BOX,General Merchandise,Circus,2010-03-14 12:18:00,0.98,1.95
22632,HAND WARMER RED RETROSPOT,General Merchandise,Hand,2010-09-20 15:33:00,1.05,2.1
22633,HAND WARMER UNION JACK,General Merchandise,Hand,2010-10-07 09:12:00,1.05,2.1
22634,CHILDS BREAKFAST SET SPACEBOY,General Merchandise,Childs,2010-05-20 09:27:00,4.97,9.95
22635,CHILDS BREAKFAST SET DOLLY GIRL,Toys & Games,Childs,2010-05-20 09:27:00,4.97,9.95
22636,CHILDS BREAKFAST SET CIRCUS PARADE,General Merchandise,Childs,2010-05-20 11:19:00,4.25,8.5
22637,PIGGY BANK RETROSPOT,General Merchandise,Piggy,2010-05-20 10:42:00,1.27,2.55
22638,SET OF 4 NAPKIN CHARMS CROWNS,General Merchandise,Set,2010-07-23 14:16:00,1.27,2.55
22639,SET OF 4 NAPKIN CHARMS HEARTS,General Merchandise,Set,2010-07-18 12:49:00,1.27,2.55
22640,SET OF 4 NAPKIN CHARMS 3 KEYS,General Merchandise,Set,2010-06-24 12:49:00,1.27,2.55
22641,SET OF 4 NAPKIN CHARMS INSTRUMENT,General Merchandise,Set,2010-07-21 14:38:00,1.27,2.55
22642,SET OF 4 NAPKIN CHARMS STARS,General Merchandise,Set,2010-07-18 12:49:00,1.27,2.55
22643,SET OF 4 NAPKIN CHARMS LEAVES,General Merchandise,Set,2010-07-18 12:49:00,1.27,2.55
22644,CERAMIC CHERRY CAKE MONEY BANK,Kitchenware,Ceramic,2010-05-14 15:41:00,0.72,1.45
22645,CERAMIC HEART FAIRY CAKE MONEY BANK,Kitchenware,Ceramic,2010-05-14 15:41:00,0.72,1.45
22646,CERAMIC STRAWBERRY CAKE MONEY BANK,Kitchenware,Ceramic,2010-05-14 15:41:00,0.72,1.45
22647,CERAMIC LOVE HEART MONEY BANK,General Merchandise,Ceramic,2010-05-14 15:41:00,0.72,1.45
22649,STRAWBERRY FAIRY CAKE TEAPOT,Kitchenware,Strawberry,2010-05-14 15:41:00,2.48,4.95
22650,CERAMIC PIRATE CHEST MONEY BANK,General Merchandise,Ceramic,2010-05-14 15:41:00,0.72,1.45
22651,GENTLEMAN SHIRT REPAIR KIT,General Merchandise,Gentleman,2010-07-20 15:28:00,0.42,0.85
22652,TRAVEL SEWING KIT,General Merchandise,Travel,2010-07-18 12:20:00,0.82,1.65
22653,BUTTON BOX,General Merchandise,Button,2010-07-19 10:31:00,0.98,1.95
22654,DELUXE SEWING KIT,General Merchandise,Deluxe,2010-07-19 11:59:00,2.98,5.95
22655,VINTAGE RED KITCHEN CABINET,Kitchenware,Vintage,2010-07-12 10:43:00,62.5,125.0
22656,VINTAGE BLUE KITCHEN CABINET,Kitchenware,Vintage,2010-07-12 10:43:00,147.5,295.0
22657,HEN & 2 CHICKS IN BASKET,General Merchandise,Hen,2010-01-31 16:02:00,0.42,0.85
22659,LUNCH BOX I LOVE LONDON,General Merchandise,Lunch,2010-03-14 12:18:00,0.98,1.95
22660,DOORMAT I LOVE LONDON,General Merchandise,Doormat,2010-06-28 13:53:00,3.98,7.95
22661,CHARLOTTE BAG DOLLY GIRL DESIGN,Bags & Accessories,Charlotte,2010-07-19 12:22:00,0.42,0.85
22662,LUNCH BAG DOLLY GIRL DESIGN,Bags & Accessories,Lunch,2010-07-19 12:22:00,0.82,1.65
22663,JUMBO BAG DOLLY GIRL DESIGN,Bags & Accessories,Jumbo,2010-07-19 12:22:00,1.04,2.08
22664,TOY TIDY DOLLY GIRL DESIGN,Toys & Games,Toy,2010-07-22 16:37:00,1.05,2.1
22665,RECIPE BOX BLUE SKETCHBOOK DESIGN,General Merchandise,Recipe,2010-07-11 12:00:00,1.48,2.95
22666,RECIPE BOX PANTRY YELLOW DESIGN,General Merchandise,Recipe,2010-07-09 17:17:00,1.48,2.95
22667,RECIPE BOX RETROSPOT,General Merchandise,Recipe,2010-07-09 17:17:00,1.48,2.95
22668,PINK BABY BUNTING,General Merchandise,Pink,2010-07-07 16:29:00,1.48,2.95
22669,RED BABY BUNTING,General Merchandise,Red,2010-07-06 14:46:00,1.48,2.95
22670,FRENCH WC SIGN BLUE METAL,General Merchandise,French,2010-08-17 11:21:00,0.62,1.25
22671,FRENCH LAUNDRY SIGN BLUE METAL,General Merchandise,French,2010-08-17 11:21:00,0.82,1.65
22672,FRENCH BATHROOM SIGN BLUE METAL,General Merchandise,French,2010-08-17 11:21:00,0.82,1.65
22673,FRENCH GARDEN SIGN BLUE METAL,Garden,French,2010-08-17 11:21:00,0.62,1.25
22674,FRENCH TOILET SIGN BLUE METAL,General Merchandise,French,2010-08-17 11:21:00,0.62,1.25
22675,FRENCH KITCHEN SIGN BLUE METAL,Kitchenware,French,2010-08-17 11:21:00,0.62,1.25
22676,FRENCH BLUE METAL DOOR SIGN 1,General Merchandise,French,2010-08-17 11:21:00,0.62,1.25
22677,FRENCH BLUE METAL DOOR SIGN 2,General Merchandise,French,2010-08-17 11:21:00,0.62,1.25
22678,FRENCH BLUE METAL DOOR SIGN 3,General Merchandise,French,2010-08-17 11:21:00,0.62,1.25
22679,FRENCH BLUE METAL DOOR SIGN 4,General Merchandise,French,2010-08-17 11:21:00,0.62,1.25
22680,FRENCH BLUE METAL DOOR SIGN 5,General Merchandise,French,2010-08-17 11:21:00,0.62,1.25
22681,FRENCH BLUE METAL DOOR SIGN 6,General Merchandise,French,2010-08-17 11:21:00,0.62,1.25
22682,FRENCH BLUE METAL DOOR SIGN 7,General Merchandise,French,2010-08-17 11:21:00,0.62,1.25
22683,FRENCH BLUE METAL DOOR SIGN 8,General Merchandise,French,2010-08-17 11:21:00,0.62,1.25
22684,FRENCH BLUE METAL DOOR SIGN 9,General Merchandise,French,2010-08-17 11:21:00,0.62,1.25
22685,FRENCH BLUE METAL DOOR SIGN 0,General Merchandise,French,2010-08-17 11:21:00,0.62,1.25
22686,FRENCH BLUE METAL DOOR SIGN No,General Merchandise,French,2010-08-17 11:21:00,0.62,1.25
22687,DOORMAT CHRISTMAS VILLAGE,Seasonal & Christmas,Doormat,2010-06-28 13:53:00,3.58,7.95
22688,DOORMAT PEACE ON EARTH BLUE,General Merchandise,Doormat,2010-06-28 13:53:00,3.98,7.95
22689,DOORMAT MERRY CHRISTMAS RED,Seasonal & Christmas,Doormat,2010-06-28 13:53:00,3.58,7.95
22690,DOORMAT HOME SWEET HOME BLUE,General Merchandise,Doormat,2010-06-28 13:53:00,3.98,7.95
22691,DOORMAT WELCOME SUNRISE,General Merchandise,Doormat,2010-06-28 13:53:00,3.98,7.95
22692,DOORMAT WELCOME TO OUR HOME,General Merchandise,Doormat,2010-06-28 13:53:00,3.98,7.95
22693,GROW A FLYTRAP OR SUNFLOWER IN TIN,Kitchenware,Grow,2010-08-05 15:01:00,0.62,1.25
22694,WICKER STAR,General Merchandise,Wicker,2010-07-29 11:23:00,1.05,2.1
22695,WICKER WREATH SMALL,General Merchandise,Wicker,2010-07-29 19:56:00,0.72,1.45
22696,WICKER WREATH LARGE,General Merchandise,Wicker,2010-07-29 19:56:00,0.98,1.95
22697,GREEN REGENCY TEACUP AND SAUCER,Kitchenware,Green,2010-08-11 15:46:00,1.48,2.95
22698,PINK REGENCY TEACUP AND SAUCER,Kitchenware,Pink,2010-08-11 15:46:00,1.48,2.95
22699,ROSES REGENCY TEACUP AND SAUCER,Kitchenware,Roses,2010-08-11 15:46:00,1.48,2.95
22700,BLACK AND WHITE DOG BOWL,Kitchenware,Black,2010-07-01 12:57:00,1.48,2.95
22701,PINK DOG BOWL,Kitchenware,Pink,2010-06-22 16:28:00,1.48,2.95
22702,BLACK AND WHITE CAT BOWL,Kitchenware,Black,2010-06-23 16:31:00,1.05,2.1
22703,PINK CAT BOWL,Kitchenware,Pink,2010-06-23 14:49:00,0.82,1.63
22704,WRAP RED APPLES,General Merchandise,Wrap,2010-05-27 16:54:00,0.21,0.42
22705,WRAP GREEN PEARS,General Merchandise,Wrap,2010-05-27 16:54:00,0.21,0.42
22706,WRAP COWBOYS,General Merchandise,Wrap,2010-06-02 11:11:00,0.21,0.42
22707,WRAP MONSTER FUN,General Merchandise,Wrap,2010-05-27 15:28:00,0.21,0.42
22708,WRAP DOLLY GIRL,Toys & Games,Wrap,2010-06-02 11:11:00,0.21,0.42
22709,WRAP WEDDING DAY,General Merchandise,Wrap,2010-06-02 11:11:00,0.21,0.42
22710,WRAP I LOVE LONDON,General Merchandise,Wrap,2010-05-27 09:17:00,0.21,0.42
22711,WRAP CIRCUS PARADE,General Merchandise,Wrap,2010-05-27 18:13:00,0.21,0.42
22712,CARD DOLLY GIRL,Stationery & Cards,Card,2010-05-28 13:23:00,0.23,0.42
22713,CARD I LOVE LONDON,Stationery & Cards,Card,2010-05-27 20:11:00,0.23,0.42
22714,CARD BIRTHDAY COWBOY,Stationery & Cards,Card,2010-05-28 16:36:00,0.23,0.42
22715,CARD WEDDING DAY,Stationery & Cards,Card,2010-06-01 15:01:00,0.23,0.42
22716,CARD CIRCUS PARADE,Stationery & Cards,Card,2010-06-01 13:49:00,0.23,0.42
22717,CARD DOG AND BALL,Stationery & Cards,Card,2010-06-02 11:11:00,0.23,0.42
22718,CARD CAT AND TREE,Stationery & Cards,Card,2010-06-01 13:49:00,0.23,0.42
22719,GUMBALL MONOCHROME COAT RACK,General Merchandise,Gumball,2010-04-25 12:43:00,1.23,2.46
22720,SET OF 3 CAKE TINS PANTRY DESIGN,Kitchenware,Set,2010-12-13 15:13:00,2.48,4.95
22721,SET OF 3 CAKE TINS SKETCHBOOK,Kitchenware,Set,2010-12-14 11:48:00,2.48,4.95
22722,SET OF 6 SPICE TINS PANTRY DESIGN,General Merchandise,Set,2010-11-11 13:24:00,1.98,3.95
22723,SET OF 6 HERB TINS SKETCHBOOK,General Merchandise,Set,2010-12-13 15:13:00,1.98,3.95
22725,ALARM CLOCK BAKELIKE CHOCOLATE,Home & Decor,Alarm,2010-09-24 13:04:00,1.88,3.75
22726,ALARM CLOCK BAKELIKE GREEN,Home & Decor,Alarm,2010-09-24 10:29:00,1.88,3.75
22727,ALARM CLOCK BAKELIKE RED,Home & Decor,Alarm,2010-09-24 10:29:00,1.88,3.75
22728,ALARM CLOCK BAKELIKE PINK,Home & Decor,Alarm,2010-09-24 13:04:00,1.88,3.75
22729,ALARM CLOCK BAKELIKE ORANGE,Home & Decor,Alarm,2010-09-24 10:29:00,1.88,3.75
22730,ALARM CLOCK BAKELIKE IVORY,Home & Decor,Alarm,2010-09-24 12:05:00,1.88,3.75
22731,3D CHRISTMAS STAMPS STICKERS,Seasonal & Christmas,3D,2010-09-16 13:12:00,0.56,1.25
22732,3D VINTAGE CHRISTMAS STICKERS,Seasonal & Christmas,3D,2010-09-15 15:08:00,0.56,1.25
22733,3D TRADITIONAL CHRISTMAS STICKERS,Seasonal & Christmas,3D,2010-09-17 13:38:00,0.56,1.25
22734,SET OF 6 RIBBONS VINTAGE CHRISTMAS,Seasonal & Christmas,Set,2010-09-16 11:40:00,1.3,2.89
22735,RIBBON REEL SOCKS AND MITTENS,Stationery & Cards,Ribbon,2010-09-16 12:20:00,0.91,1.65
22736,RIBBON REEL MAKING SNOWMEN,Stationery & Cards,Ribbon,2010-09-16 12:20:00,0.91,1.65
22737,RIBBON REEL CHRISTMAS PRESENT,Seasonal & Christmas,Ribbon,2010-09-16 12:20:00,0.74,1.65
22738,RIBBON REEL SNOWY VILLAGE,Stationery & Cards,Ribbon,2010-09-16 12:20:00,0.91,1.65
22739,RIBBON REEL CHRISTMAS SOCK BAUBLE,Seasonal & Christmas,Ribbon,2010-09-16 12:20:00,0.74,1.65
22740,POLKADOT PEN,Stationery & Cards,Polkadot,2010-09-30 13:57:00,0.47,0.85
22741,FUNKY DIVA PEN,Stationery & Cards,Funky,2010-09-30 14:46:00,0.47,0.85
22742,MAKE YOUR OWN PLAYTIME CARD KIT,Stationery & Cards,Make,2010-08-10 17:02:00,1.62,2.95
22743,MAKE YOUR OWN FLOWERPOWER CARD KIT,Stationery & Cards,Make,2010-08-10 12:40:00,1.62,2.95
22744,MAKE YOUR OWN MONSOON CARD KIT,Stationery & Cards,Make,2010-08-10 17:02:00,1.62,2.95
22745,POPPY'S PLAYHOUSE BEDROOM,General Merchandise,Poppy'S,2010-09-24 14:42:00,1.05,2.1
22746,POPPY'S PLAYHOUSE LIVINGROOM,General Merchandise,Poppy'S,2010-09-24 16:50:00,1.05,2.1
22747,POPPY'S PLAYHOUSE BATHROOM,General Merchandise,Poppy'S,2010-09-24 16:50:00,1.05,2.1
22748,POPPY'S PLAYHOUSE KITCHEN,Kitchenware,Poppy'S,2010-09-24 14:42:00,1.05,2.1
22749,FELTCRAFT PRINCESS CHARLOTTE DOLL,Toys & Games,Feltcraft,2010-09-08 10:54:00,1.88,3.75
22750,FELTCRAFT PRINCESS LOLA DOLL,Toys & Games,Feltcraft,2010-09-06 12:04:00,1.88,3.75
22751,FELTCRAFT PRINCESS OLIVIA DOLL,Toys & Games,Feltcraft,2010-09-05 10:54:00,1.88,3.75
22752,SET 7 BABUSHKA NESTING BOXES,General Merchandise,Set,2010-08-06 15:02:00,4.25,8.5
22753,SMALL YELLOW BABUSHKA NOTEBOOK,Stationery & Cards,Small,2010-08-08 10:55:00,0.47,0.85
22754,SMALL RED BABUSHKA NOTEBOOK,Stationery & Cards,Small,2010-08-08 10:55:00,0.47,0.85
22755,SMALL PURPLE BABUSHKA NOTEBOOK,Stationery & Cards,Small,2010-08-06 17:36:00,0.47,0.85
22756,LARGE YELLOW BABUSHKA NOTEBOOK,Stationery & Cards,Large,2010-08-08 15:53:00,0.69,1.25
22757,LARGE RED BABUSHKA NOTEBOOK,Stationery & Cards,Large,2010-08-08 15:53:00,0.69,1.25
22758,LARGE PURPLE BABUSHKA NOTEBOOK,Stationery & Cards,Large,2010-08-06 17:36:00,0.69,1.25
22759,SET OF 3 NOTEBOOKS IN PARCEL,Stationery & Cards,Set,2010-08-08 12:43:00,0.91,1.65
22760,"TRAY, BREAKFAST IN BED",General Merchandise,"Tray,",2010-10-10 14:17:00,6.38,12.75
22761,CHEST 7 DRAWER MA CAMPAGNE,General Merchandise,Chest,2010-10-13 10:05:00,12.48,24.95
22762,CUPBOARD 3 DRAWER MA CAMPAGNE,Kitchenware,Cupboard,2010-10-10 14:17:00,7.48,14.95
22763,KEY CABINET MA CAMPAGNE,General Merchandise,Key,2010-10-10 14:17:00,4.97,9.95
22764,"RUSTIC WOODEN CABINET, GLASS DOORS",General Merchandise,Rustic,2010-10-12 13:19:00,12.48,24.95
22765,NEWSPAPER STAND,Stationery & Cards,Newspaper,2010-10-10 14:17:00,8.22,14.95
22766,PHOTO FRAME CORNICE,Home & Decor,Photo,2010-10-10 12:45:00,1.48,2.95
22767,TRIPLE PHOTO FRAME CORNICE,Home & Decor,Triple,2010-10-10 12:45:00,4.97,9.95
22768,FAMILY PHOTO FRAME CORNICE,Home & Decor,Family,2010-10-10 12:45:00,4.97,9.95
22769,CHALKBOARD KITCHEN ORGANISER,Kitchenware,Chalkboard,2010-10-10 11:58:00,12.48,24.95
22770,MIRROR CORNICE,General Merchandise,Mirror,2010-10-12 13:39:00,7.48,14.95
22771,CLEAR DRAWER KNOB ACRYLIC EDWARDIAN,General Merchandise,Clear,2010-10-17 11:23:00,0.62,1.25
22772,PINK DRAWER KNOB ACRYLIC EDWARDIAN,General Merchandise,Pink,2010-10-17 11:23:00,0.62,1.25
22773,GREEN DRAWER KNOB ACRYLIC EDWARDIAN,General Merchandise,Green,2010-10-17 11:23:00,0.62,1.25
22774,RED DRAWER KNOB ACRYLIC EDWARDIAN,General Merchandise,Red,2010-10-17 11:23:00,0.62,1.25
22775,PURPLE DRAWERKNOB ACRYLIC EDWARDIAN,General Merchandise,Purple,2010-10-17 11:23:00,0.62,1.25
22776,SWEETHEART CAKESTAND 3 TIER,Kitchenware,Sweetheart,2010-10-17 11:20:00,4.97,9.95
22777,GLASS CLOCHE LARGE,General Merchandise,Glass,2010-10-22 10:59:00,4.25,8.5
22778,GLASS CLOCHE SMALL,General Merchandise,Glass,2010-10-18 08:13:00,1.98,3.95
22779,WOODEN OWLS LIGHT GARLAND,Home & Decor,Wooden,2010-10-24 11:14:00,2.12,4.25
22780,LIGHT GARLAND BUTTERFILES PINK,Home & Decor,Light,2010-10-22 11:07:00,2.12,4.25
22781,GUMBALL MAGAZINE RACK,General Merchandise,Gumball,2010-10-17 10:56:00,3.82,7.65
22782,SET 3 WICKER STORAGE BASKETS,General Merchandise,Set,2010-10-27 15:04:00,12.48,24.95
22783,SET 3 WICKER OVAL BASKETS W LIDS,General Merchandise,Set,2010-10-26 08:11:00,9.98,19.95
22784,LANTERN CREAM GAZEBO,Home & Decor,Lantern,2010-10-22 10:59:00,2.48,4.95
22785,SQUARECUSHION COVER PINK UNION FLAG,Home & Decor,Squarecushion,2010-10-17 10:42:00,3.38,6.75
22786,CUSHION COVER PINK UNION JACK,Home & Decor,Cushion,2010-10-17 13:07:00,2.98,5.95
22788,BROCANTE COAT RACK,General Merchandise,Brocante,2010-10-17 09:54:00,4.97,9.95
22789,T-LIGHT HOLDER SWEETHEART HANGING,Home & Decor,T-Light,2010-10-17 12:03:00,0.98,1.95
22790,"MIRROR, ARCHED GEORGIAN",General Merchandise,"Mirror,",2010-10-14 09:46:00,9.71,19.42
22791,T-LIGHT GLASS FLUTED ANTIQUE,Home & Decor,T-Light,2010-10-22 11:41:00,0.62,1.25
22792,FLUTED ANTIQUE CANDLE HOLDER,Home & Decor,Fluted,2010-10-22 13:11:00,0.42,0.85
22794,SWEETHEART WIRE MAGAZINE RACK,General Merchandise,Sweetheart,2010-10-17 16:06:00,3.98,7.95
22795,SWEETHEART RECIPE BOOK STAND,General Merchandise,Sweetheart,2010-10-17 10:42:00,3.38,6.75
22796,PHOTO FRAME 3 CLASSIC HANGING,Home & Decor,Photo,2010-10-10 11:32:00,4.97,9.95
22797,CHEST OF DRAWERS GINGHAM HEART,General Merchandise,Chest,2010-10-17 12:59:00,8.48,16.95
22798,ANTIQUE GLASS DRESSING TABLE POT,General Merchandise,Antique,2010-10-22 13:27:00,1.48,2.95
22799,SWEETHEART WIRE FRUIT BOWL,Kitchenware,Sweetheart,2010-10-18 09:36:00,4.25,8.5
22800,ANTIQUE TALL SWIRLGLASS TRINKET POT,General Merchandise,Antique,2010-10-22 13:27:00,1.88,3.75
22801,ANTIQUE GLASS PEDESTAL BOWL,Kitchenware,Antique,2010-10-22 13:11:00,1.88,3.75
22802,FAUX FUR CHOCOLATE THROW,General Merchandise,Faux,2010-10-28 14:15:00,9.98,19.95
22803,IVORY EMBROIDERED QUILT,General Merchandise,Ivory,2010-10-22 14:04:00,19.98,39.95
22804,CANDLEHOLDER PINK HANGING HEART,Home & Decor,Candleholder,2010-09-23 11:21:00,1.48,2.95
22805,BLUE DRAWER KNOB ACRYLIC EDWARDIAN,General Merchandise,Blue,2010-10-17 11:23:00,0.62,1.25
22806,SET OF 6 T-LIGHTS WEDDING CAKE,Kitchenware,Set,2010-09-20 14:08:00,1.48,2.95
22807,SET OF 6 T-LIGHTS TOADSTOOLS,Home & Decor,Set,2010-09-20 14:49:00,1.48,2.95
22808,SET OF 6 T-LIGHTS EASTER CHICKS,Home & Decor,Set,2010-09-20 14:49:00,1.48,2.95
22809,SET OF 6 T-LIGHTS SANTA,Seasonal & Christmas,Set,2010-09-20 12:21:00,1.33,2.95
22810,SET OF 6 T-LIGHTS SNOWMEN,Home & Decor,Set,2010-09-20 12:21:00,1.48,2.95
22811,SET OF 6 T-LIGHTS CACTI,Home & Decor,Set,2010-09-21 16:06:00,1.48,2.95
22812,PACK 3 BOXES CHRISTMAS PANNETONE,Seasonal & Christmas,Pack,2010-09-15 13:36:00,0.88,1.95
22813,PACK 3 BOXES BIRD PANNETONE,General Merchandise,Pack,2010-09-16 18:09:00,0.98,1.95
22814,CARD PARTY GAMES,Stationery & Cards,Card,2010-09-21 15:46:00,0.23,0.42
22815,CARD PSYCHEDELIC APPLES,Stationery & Cards,Card,2010-09-16 09:54:00,0.23,0.42
22816,CARD MOTORBIKE SANTA,Seasonal & Christmas,Card,2010-09-16 13:06:00,0.19,0.42
22817,CARD SUKI BIRTHDAY,Stationery & Cards,Card,2010-09-16 09:54:00,0.23,0.42
22818,CARD CHRISTMAS VILLAGE,Seasonal & Christmas,Card,2010-09-16 13:06:00,0.19,0.42
22819,"BIRTHDAY CARD, RETRO SPOT",Stationery & Cards,Birthday,2010-09-20 10:20:00,0.23,0.42
22820,GIFT BAG BIRTHDAY,Bags & Accessories,Gift,2010-09-15 16:28:00,0.32,0.65
22821,GIFT BAG PSYCHEDELIC APPLES,Bags & Accessories,Gift,2010-09-15 16:28:00,0.32,0.65
22822,CREAM WALL PLANTER HEART SHAPED,General Merchandise,Cream,2010-11-07 12:21:00,2.98,5.95
22823,CHEST NATURAL WOOD 20 DRAWERS,General Merchandise,Chest,2010-10-26 10:24:00,58.75,117.5
22824,3 TIER SWEETHEART GARDEN SHELF,Garden,3,2010-11-07 14:17:00,17.98,35.95
22825,DECORATIVE PLANT POT WITH FRIEZE,Garden,Decorative,2010-10-22 09:06:00,3.98,7.95
22826,LOVE SEAT ANTIQUE WHITE METAL,General Merchandise,Love,2010-12-10 15:45:00,42.5,85.0
22827,RUSTIC  SEVENTEEN DRAWER SIDEBOARD,General Merchandise,Rustic,2010-10-21 13:02:00,82.5,165.0
22828,REGENCY MIRROR WITH SHUTTERS,General Merchandise,Regency,2010-10-21 15:38:00,72.5,145.0
22829,SWEETHEART WIRE WALL TIDY,General Merchandise,Sweetheart,2010-11-10 12:54:00,4.97,9.95
22830,UTILTY CABINET WITH HOOKS,Home & Decor,Utilty,2010-10-22 12:26:00,13.48,26.95
22831,WHITE BROCANTE SOAP DISH,General Merchandise,White,2010-11-07 14:51:00,1.48,2.95
22832,BROCANTE SHELF WITH HOOKS,Home & Decor,Brocante,2010-11-09 15:45:00,5.38,10.75
22833,HALL CABINET WITH 3 DRAWERS,General Merchandise,Hall,2010-11-04 18:40:00,24.98,49.95
22834,HAND WARMER BABUSHKA DESIGN,General Merchandise,Hand,2010-09-12 14:34:00,1.05,2.1
22835,HOT WATER BOTTLE I AM SO POORLY,General Merchandise,Hot,2010-09-12 14:58:00,2.33,4.65
22837,HOT WATER BOTTLE BABUSHKA,General Merchandise,Hot,2010-10-06 16:17:00,2.33,4.65
22838,3 TIER CAKE TIN RED AND CREAM,Kitchenware,3,2010-10-14 12:49:00,7.48,14.95
22839,3 TIER CAKE TIN GREEN AND CREAM,Kitchenware,3,2010-10-14 14:11:00,7.48,14.95
22840,ROUND CAKE TIN VINTAGE RED,Kitchenware,Round,2010-10-13 16:17:00,3.98,7.95
22841,ROUND CAKE TIN VINTAGE GREEN,Kitchenware,Round,2010-10-13 16:17:00,3.98,7.95
22842,BISCUIT TIN VINTAGE RED,Kitchenware,Biscuit,2010-10-13 16:17:00,3.38,6.75
22843,BISCUIT TIN VINTAGE GREEN,Kitchenware,Biscuit,2010-10-15 08:41:00,3.38,6.75
22844,VINTAGE CREAM DOG FOOD CONTAINER,General Merchandise,Vintage,2010-10-17 13:40:00,4.25,8.5
22845,VINTAGE CREAM CAT FOOD CONTAINER,General Merchandise,Vintage,2010-10-15 15:38:00,3.18,6.35
22846,BREAD BIN DINER STYLE RED,General Merchandise,Bread,2010-10-14 13:38:00,8.48,16.95
22847,BREAD BIN DINER STYLE IVORY,General Merchandise,Bread,2010-10-14 09:44:00,8.48,16.95
22848,BREAD BIN DINER STYLE PINK,General Merchandise,Bread,2010-10-14 17:59:00,8.48,16.95
22849,BREAD BIN DINER STYLE MINT,General Merchandise,Bread,2010-10-14 09:44:00,8.48,16.95
22850,BREAD BIN DINER STYLE BLACK,General Merchandise,Bread,2010-10-17 12:34:00,7.98,15.95
22851,SET 20 NAPKINS FAIRY CAKES DESIGN,Kitchenware,Set,2010-08-19 19:03:00,0.42,0.85
22852,DOG BOWL VINTAGE CREAM,Kitchenware,Dog,2010-10-15 11:47:00,2.12,4.25
22853,CAT BOWL VINTAGE CREAM,Kitchenware,Cat,2010-10-15 11:47:00,1.62,3.25
22854,CREAM SWEETHEART EGG HOLDER,Home & Decor,Cream,2010-09-16 14:08:00,2.48,4.95
22855,FINE WICKER HEART,General Merchandise,Fine,2010-09-15 12:48:00,0.62,1.25
22856,ASSORTED EASTER DECORATIONS  BELLS,Home & Decor,Assorted,2010-10-17 11:58:00,0.62,1.25
22857,ASSORTED EASTER GIFT TAGS,General Merchandise,Assorted,2010-10-05 09:43:00,0.42,0.85
22858,EASTER TIN KEEPSAKE,Kitchenware,Easter,2010-11-08 09:20:00,0.82,1.65
22859,EASTER TIN BUNNY BOUQUET,Kitchenware,Easter,2010-10-05 09:43:00,0.82,1.65
22860,EASTER TIN CHICKS PINK DAISY,Kitchenware,Easter,2010-10-05 09:43:00,0.82,1.65
22861,EASTER TIN CHICKS IN GARDEN,Kitchenware,Easter,2010-12-12 11:44:00,0.82,1.65
22862,LOVE HEART NAPKIN BOX,General Merchandise,Love,2010-09-16 13:06:00,2.12,4.25
22863,SOAP DISH BROCANTE,General Merchandise,Soap,2010-09-23 09:11:00,1.48,2.95
22864,MUG AND COASTER SET RED CIRCLES,Kitchenware,Mug,2010-06-02 14:48:00,0.21,0.42
22865,HAND WARMER OWL DESIGN,General Merchandise,Hand,2010-09-10 13:59:00,1.05,2.1
22866,HAND WARMER SCOTTY DOG DESIGN,General Merchandise,Hand,2010-09-10 13:59:00,1.05,2.1
22867,HAND WARMER BIRD DESIGN,General Merchandise,Hand,2010-09-10 13:59:00,1.05,2.1
22868,NUMBER TILE COTTAGE GARDEN 0,Garden,Number,2010-10-18 09:36:00,0.98,1.95
22869,NUMBER TILE COTTAGE GARDEN 1,Garden,Number,2010-10-17 13:46:00,2.06,4.13
22870,NUMBER TILE COTTAGE GARDEN 2,Garden,Number,2010-10-18 09:36:00,2.06,4.13
22871,NUMBER TILE COTTAGE GARDEN 3,Garden,Number,2010-10-18 09:36:00,2.06,4.13
22872,NUMBER TILE COTTAGE GARDEN 4,Garden,Number,2010-10-18 09:36:00,2.06,4.13
22873,NUMBER TILE COTTAGE GARDEN 5,Garden,Number,2010-10-17 13:46:00,0.98,1.95
22874,NUMBER TILE COTTAGE GARDEN 6,Garden,Number,2010-10-18 09:36:00,0.98,1.95
22875,NUMBER TILE COTTAGE GARDEN 7,Garden,Number,2010-10-18 09:36:00,0.98,1.95
22876,NUMBER TILE COTTAGE GARDEN 8,Garden,Number,2010-10-18 09:36:00,0.98,1.95
22877,NUMBER TILE COTTAGE GARDEN 9,Garden,Number,2010-10-18 09:36:00,0.98,1.95
22878,NUMBER TILE COTTAGE GARDEN No,Garden,Number,2010-10-18 09:36:00,2.06,4.13
22879,NUMBER TILE VINTAGE FONT 0,General Merchandise,Number,2010-10-19 15:36:00,2.06,4.13
22880,NUMBER TILE VINTAGE FONT 1,General Merchandise,Number,2010-10-25 16:43:00,2.06,4.13
22881,NUMBER TILE VINTAGE FONT 2,General Merchandise,Number,2010-10-25 16:43:00,2.06,4.13
22882,NUMBER TILE VINTAGE FONT 3,General Merchandise,Number,2010-10-19 12:17:00,1.08,2.17
22883,NUMBER TILE VINTAGE FONT 4,General Merchandise,Number,2010-10-18 15:44:00,2.06,4.13
22884,NUMBER TILE VINTAGE FONT 5,General Merchandise,Number,2010-10-21 14:55:00,2.06,4.13
22885,NUMBER TILE VINTAGE FONT 6,General Merchandise,Number,2010-10-20 15:56:00,2.06,4.13
22886,NUMBER TILE VINTAGE FONT 7,General Merchandise,Number,2010-10-25 16:43:00,1.08,2.17
22887,NUMBER TILE VINTAGE FONT 8,General Merchandise,Number,2010-10-18 15:44:00,1.58,3.15
22888,NUMBER TILE VINTAGE FONT 9,General Merchandise,Number,2010-11-04 13:14:00,2.06,4.13
22889,NUMBER TILE VINTAGE FONT No,General Merchandise,Number,2010-10-25 16:43:00,2.06,4.13
22890,NOVELTY BISCUITS CAKE STAND 3 TIER,Kitchenware,Novelty,2010-10-14 17:13:00,4.97,9.95
22891,TEA FOR ONE POLKADOT,General Merchandise,Tea,2010-10-15 08:41:00,2.12,4.25
22892,SET OF SALT AND PEPPER TOADSTOOLS,General Merchandise,Set,2010-10-15 11:45:00,0.62,1.25
22893,MINI CAKE STAND T-LIGHT HOLDER,Kitchenware,Mini,2010-10-15 13:48:00,0.21,0.42
22894,TABLECLOTH RED APPLES DESIGN,General Merchandise,Tablecloth,2010-09-24 16:50:00,4.97,9.95
22895,SET OF 2 TEA TOWELS APPLE AND PEARS,General Merchandise,Set,2010-09-24 16:50:00,1.62,3.25
22896,PEG BAG APPLES DESIGN,Bags & Accessories,Peg,2010-09-26 14:01:00,1.27,2.55
22897,OVEN MITT APPLES DESIGN,General Merchandise,Oven,2010-09-26 16:06:00,0.72,1.45
22898,CHILDRENS APRON APPLES DESIGN,Bags & Accessories,Childrens,2010-09-26 12:51:00,0.98,1.95
22899,CHILDREN'S APRON DOLLY GIRL,Bags & Accessories,Children'S,2010-09-26 12:51:00,1.05,2.1
22900,SET 2 TEA TOWELS I LOVE LONDON,General Merchandise,Set,2010-09-24 16:06:00,1.62,3.25
22902,TOTE BAG I LOVE LONDON,Bags & Accessories,Tote,2010-09-26 14:42:00,1.05,2.1
22903,CALENDAR FAMILY FAVOURITES,General Merchandise,Calendar,2010-09-26 10:53:00,1.48,2.95
22904,CALENDAR PAPER CUT DESIGN,Stationery & Cards,Calendar,2010-09-19 14:51:00,1.62,2.95
22905,CALENDAR IN SEASON DESIGN,General Merchandise,Calendar,2010-09-19 14:51:00,1.48,2.95
22906,12 MESSAGE CARDS WITH ENVELOPES,Stationery & Cards,12,2010-09-19 13:05:00,0.91,1.65
22907,PACK OF 20 NAPKINS PANTRY DESIGN,General Merchandise,Pack,2010-09-16 13:06:00,0.42,0.85
22908,PACK OF 20 NAPKINS RED APPLES,General Merchandise,Pack,2010-09-20 13:44:00,0.42,0.85
22909,SET OF 20 VINTAGE CHRISTMAS NAPKINS,Seasonal & Christmas,Set,2010-09-16 16:15:00,0.38,0.85
22910,PAPER CHAIN KIT VINTAGE CHRISTMAS,Seasonal & Christmas,Paper,2010-09-19 10:20:00,1.33,2.95
22911,PAPER CHAIN KIT LONDON,Stationery & Cards,Paper,2010-09-19 13:05:00,1.62,2.95
22912,YELLOW COAT RACK PARIS FASHION,General Merchandise,Yellow,2010-11-19 10:58:00,2.48,4.95
22913,RED COAT RACK PARIS FASHION,General Merchandise,Red,2010-11-19 10:58:00,2.48,4.95
22914,BLUE COAT RACK PARIS FASHION,General Merchandise,Blue,2010-11-19 10:58:00,2.48,4.95
22915,ASSORTED BOTTLE TOP  MAGNETS,General Merchandise,Assorted,2010-11-19 13:09:00,0.21,0.42
22916,HERB MARKER THYME,General Merchandise,Herb,2010-11-21 16:11:00,0.32,0.65
22917,HERB MARKER ROSEMARY,General Merchandise,Herb,2010-11-21 11:03:00,0.32,0.65
22918,HERB MARKER PARSLEY,General Merchandise,Herb,2010-11-21 16:11:00,0.32,0.65
22919,HERB MARKER MINT,General Merchandise,Herb,2010-11-22 12:53:00,0.32,0.65
22920,HERB MARKER BASIL,General Merchandise,Herb,2010-11-21 16:11:00,0.32,0.65
22921,HERB MARKER CHIVES,General Merchandise,Herb,2010-11-21 16:11:00,0.32,0.65
22922,FRIDGE MAGNETS US DINER ASSORTED,General Merchandise,Fridge,2010-11-19 14:30:00,0.42,0.85
22923,FRIDGE MAGNETS LES ENFANTS ASSORTED,General Merchandise,Fridge,2010-11-19 10:51:00,0.42,0.85
22924,FRIDGE MAGNETS LA VIE EN ROSE,General Merchandise,Fridge,2010-11-19 14:30:00,0.42,0.85
22925,BLUE GIANT GARDEN THERMOMETER,Garden,Blue,2010-11-22 12:26:00,2.98,5.95
22926,IVORY GIANT GARDEN THERMOMETER,Garden,Ivory,2010-11-21 10:49:00,2.98,5.95
22927,GREEN GIANT GARDEN THERMOMETER,Garden,Green,2010-11-21 15:56:00,2.98,5.95
22928,YELLOW GIANT GARDEN THERMOMETER,Garden,Yellow,2010-11-22 14:39:00,2.98,5.95
22929,SCHOOL DESK AND CHAIR,General Merchandise,School,2010-11-24 10:35:00,32.5,65.0
22930,BAKING MOULD HEART MILK CHOCOLATE,Kitchenware,Baking,2010-12-08 10:40:00,1.27,2.55
22931,BAKING MOULD HEART WHITE CHOCOLATE,Kitchenware,Baking,2010-12-08 10:40:00,1.27,2.55
22932,BAKING MOULD TOFFEE CUP CHOCOLATE,Kitchenware,Baking,2010-12-08 10:40:00,1.27,2.55
22933,BAKING MOULD EASTER EGG MILK CHOC,Kitchenware,Baking,2010-12-09 12:20:00,1.48,2.95
22934,BAKING MOULD EASTER EGG WHITE CHOC,Kitchenware,Baking,2010-12-10 09:35:00,1.48,2.95
22935,BAKING MOULD ROSE MILK CHOCOLATE,Kitchenware,Baking,2010-12-08 10:46:00,1.62,3.25
22936,BAKING MOULD ROSE WHITE CHOCOLATE,Kitchenware,Baking,2010-12-08 10:46:00,1.62,3.25
22937,BAKING MOULD CHOCOLATE CUPCAKES,Kitchenware,Baking,2010-12-08 10:40:00,1.27,2.55
22938,CUPCAKE LACE PAPER SET 6,Kitchenware,Cupcake,2010-09-20 14:38:00,0.98,1.95
22939,APRON APPLE DELIGHT,Home & Decor,Apron,2010-09-26 16:06:00,2.48,4.95
22940,FELTCRAFT CHRISTMAS FAIRY,Seasonal & Christmas,Feltcraft,2010-09-06 12:04:00,1.91,4.25
22941,CHRISTMAS LIGHTS 10 REINDEER,Seasonal & Christmas,Christmas,2010-10-21 10:47:00,3.82,8.5
22942,CHRISTMAS LIGHTS 10 SANTAS,Seasonal & Christmas,Christmas,2010-10-21 10:04:00,3.82,8.5
22943,CHRISTMAS LIGHTS 10 VINTAGE BAUBLES,Seasonal & Christmas,Christmas,2010-10-21 10:47:00,2.23,4.95
22944,CHRISTMAS METAL POSTCARD WITH BELLS,Seasonal & Christmas,Christmas,2010-09-19 12:39:00,0.44,0.97
22945,CHRISTMAS METAL TAGS ASSORTED,Seasonal & Christmas,Christmas,2010-09-19 11:25:00,0.38,0.85
22946,WOODEN ADVENT CALENDAR CREAM,Seasonal & Christmas,Wooden,2010-09-16 12:27:00,7.63,16.95
22947,WOODEN ADVENT CALENDAR RED,Seasonal & Christmas,Wooden,2010-09-16 12:27:00,7.48,16.63
22948,METAL DECORATION NAUGHTY CHILDREN,Home & Decor,Metal,2010-09-16 09:54:00,0.42,0.85
22949,36 DOILIES DOLLY GIRL,Toys & Games,36,2010-09-19 12:15:00,0.72,1.45
22950,36 DOILIES VINTAGE CHRISTMAS,Seasonal & Christmas,36,2010-09-19 13:02:00,0.65,1.45
22951,60 CAKE CASES DOLLY GIRL DESIGN,Kitchenware,60,2010-09-19 12:15:00,0.28,0.55
22952,60 CAKE CASES VINTAGE CHRISTMAS,Seasonal & Christmas,60,2010-09-17 15:04:00,0.25,0.55
22953,BIRTHDAY PARTY CORDON BARRIER TAPE,General Merchandise,Birthday,2010-11-04 16:16:00,0.62,1.25
22954,HEN PARTY CORDON BARRIER TAPE,General Merchandise,Hen,2010-11-05 14:21:00,0.62,1.25
22955,36 FOIL STAR CAKE CASES,Kitchenware,36,2010-11-04 12:18:00,1.05,2.1
22956,36 FOIL HEART CAKE CASES,Kitchenware,36,2010-11-04 16:16:00,1.05,2.1
22957,SET 3 PAPER VINTAGE CHICK PAPER EGG,Stationery & Cards,Set,2011-01-14 14:11:00,1.62,2.95
22959,WRAP CHRISTMAS VILLAGE,Seasonal & Christmas,Wrap,2010-09-06 17:13:00,0.19,0.42
22960,JAM MAKING SET WITH JARS,Kitchenware,Jam,2010-11-28 12:38:00,2.12,4.25
22961,JAM MAKING SET PRINTED,General Merchandise,Jam,2010-07-23 12:29:00,0.72,1.45
22962,JAM JAR WITH PINK LID,Kitchenware,Jam,2010-11-28 11:04:00,0.42,0.85
22963,JAM JAR WITH GREEN LID,Kitchenware,Jam,2010-07-23 12:29:00,0.42,0.85
22964,3 PIECE SPACEBOY COOKIE CUTTER SET,General Merchandise,3,2010-11-21 13:46:00,1.05,2.1
22965,3 TRADITIONAl BISCUIT CUTTERS  SET,General Merchandise,3,2010-11-21 14:36:00,1.05,2.1
22966,GINGERBREAD MAN COOKIE CUTTER,General Merchandise,Gingerbread,2010-11-09 12:39:00,0.62,1.25
22967,SET 3 SONG BIRD PAPER EGGS ASSORTED,Stationery & Cards,Set,2011-01-14 14:11:00,1.62,2.95
22968,ROSE COTTAGE KEEPSAKE BOX,General Merchandise,Rose,2010-10-29 10:28:00,4.97,9.95
22969,HOMEMADE JAM SCENTED CANDLES,Home & Decor,Homemade,2010-11-21 11:28:00,0.72,1.45
22970,LONDON BUS COFFEE MUG,Kitchenware,London,2010-12-15 17:28:00,1.27,2.55
22971,QUEENS GUARD COFFEE MUG,Kitchenware,Queens,2010-12-16 10:52:00,1.27,2.55
22972,CHILDREN'S SPACEBOY MUG,Kitchenware,Children'S,2010-11-24 13:13:00,0.82,1.65
22973,CHILDREN'S CIRCUS PARADE MUG,Kitchenware,Children'S,2010-11-23 17:53:00,0.82,1.65
22974,CHILDRENS DOLLY GIRL MUG,Kitchenware,Childrens,2010-11-24 16:18:00,0.82,1.65
22975,SPACEBOY CHILDRENS EGG CUP,Kitchenware,Spaceboy,2010-11-24 14:29:00,0.62,1.25
22976,CIRCUS PARADE CHILDRENS EGG CUP,Kitchenware,Circus,2010-11-24 16:18:00,0.62,1.25
22977,DOLLY GIRL CHILDRENS EGG CUP,Kitchenware,Dolly,2010-11-24 16:18:00,0.62,1.25
22978,PANTRY ROLLING PIN,General Merchandise,Pantry,2011-02-17 13:28:00,1.88,3.75
22979,PANTRY WASHING UP BRUSH,General Merchandise,Pantry,2011-03-02 08:26:00,0.72,1.45
22980,PANTRY SCRUBBING BRUSH,General Merchandise,Pantry,2011-02-16 13:02:00,0.82,1.65
22981,PANTRY APPLE CORER,General Merchandise,Pantry,2011-03-03 15:02:00,0.72,1.45
22982,PANTRY PASTRY BRUSH,General Merchandise,Pantry,2011-03-02 12:18:00,0.62,1.25
22983,CARD BILLBOARD FONT,Stationery & Cards,Card,2010-09-14 17:50:00,0.23,0.42
22984,CARD GINGHAM ROSE,Stationery & Cards,Card,2010-09-12 14:34:00,0.23,0.42
22985,"WRAP, BILLBOARD FONTS DESIGN",General Merchandise,"Wrap,",2010-09-07 10:59:00,0.21,0.42
22986,GINGHAM ROSE WRAP,General Merchandise,Gingham,2010-09-07 10:59:00,0.21,0.42
22987,"WRAP , SUMMER ROSE DESIGN",General Merchandise,Wrap,2010-09-07 10:59:00,0.21,0.42
22988,SOLDIERS EGG CUP,Kitchenware,Soldiers,2010-11-23 12:57:00,0.62,1.25
22989,SET 2 PANTRY DESIGN TEA TOWELS,General Merchandise,Set,2011-02-03 17:01:00,1.62,3.25
22990,COTTON APRON PANTRY DESIGN,Bags & Accessories,Cotton,2011-02-06 14:33:00,2.48,4.95
22991,GIRAFFE WOODEN RULER,General Merchandise,Giraffe,2011-02-17 12:01:00,0.98,1.95
22992,REVOLVER WOODEN RULER,General Merchandise,Revolver,2011-02-17 12:01:00,0.98,1.95
22993,SET OF 4 PANTRY JELLY MOULDS,General Merchandise,Set,2011-02-16 15:13:00,0.62,1.25
22994,TRAVEL CARD WALLET RETROSPOT,Bags & Accessories,Travel,2011-02-16 16:56:00,0.21,0.42
22995,TRAVEL CARD WALLET SUKI,Bags & Accessories,Travel,2011-02-17 12:51:00,0.21,0.42
22996,TRAVEL CARD WALLET VINTAGE TICKET,Bags & Accessories,Travel,2011-02-17 12:51:00,0.21,0.42
22997,TRAVEL CARD WALLET UNION JACK,Bags & Accessories,Travel,2011-02-17 13:47:00,0.21,0.42
22998,TRAVEL CARD WALLET KEEP CALM,Bags & Accessories,Travel,2011-02-16 16:56:00,0.21,0.42
22999,TRAVEL CARD WALLET VINTAGE LEAF,Bags & Accessories,Travel,2011-02-17 12:51:00,0.21,0.42
23000,TRAVEL CARD WALLET TRANSPORT,Bags & Accessories,Travel,2011-02-16 16:56:00,0.21,0.42
23002,TRAVEL CARD WALLET SKULLS,Bags & Accessories,Travel,2011-02-16 16:56:00,0.21,0.42
23003,TRAVEL CARD WALLET VINTAGE ROSE,Bags & Accessories,Travel,2011-02-16 16:56:00,0.21,0.42
23004,TRAVEL CARD WALLET PANTRY,Bags & Accessories,Travel,2011-02-16 16:56:00,0.21,0.42
23005,TRAVEL CARD WALLET I LOVE LONDON,Bags & Accessories,Travel,2011-02-17 13:47:00,0.21,0.42
23006,TRAVEL CARD WALLET FLOWER MEADOW,Bags & Accessories,Travel,2011-02-16 16:56:00,0.21,0.42
23007,SPACEBOY BABY GIFT SET,General Merchandise,Spaceboy,2011-03-09 12:37:00,8.48,16.95
23008,DOLLY GIRL BABY GIFT SET,Toys & Games,Dolly,2011-03-09 15:20:00,8.48,16.95
23009,I LOVE LONDON BABY GIFT SET,General Merchandise,I,2011-03-09 15:17:00,8.48,16.95
23010,CIRCUS PARADE BABY GIFT SET,General Merchandise,Circus,2011-03-09 12:37:00,8.48,16.95
23012,GLASS APOTHECARY BOTTLE PERFUME,General Merchandise,Glass,2011-06-14 13:04:00,1.98,3.95
23013,GLASS APOTHECARY BOTTLE TONIC,General Merchandise,Glass,2011-06-14 14:49:00,1.98,3.95
23014,GLASS APOTHECARY BOTTLE ELIXIR,General Merchandise,Glass,2011-06-14 13:04:00,1.98,3.95
23015,CORDIAL GLASS JUG,General Merchandise,Cordial,2011-06-17 11:04:00,4.12,8.25
23016,GLASS TWIST BON BON JAR,Kitchenware,Glass,2011-06-16 16:57:00,3.92,7.85
23017,APOTHECARY MEASURING JAR,Kitchenware,Apothecary,2011-06-26 13:56:00,6.25,12.5
23018,LARGE APOTHECARY MEASURING JAR,Kitchenware,Large,2011-06-26 13:56:00,6.25,12.5
23019,SMALL APOTHECARY MEASURING JAR,Kitchenware,Small,2011-06-21 14:00:00,4.12,8.25
23020,GLASS  SONGBIRD STORAGE JAR,Kitchenware,Glass,2011-06-14 13:40:00,6.25,12.5
23021,GLASS BONNE JAM JAR,Kitchenware,Glass,2011-06-20 09:41:00,2.08,4.15
23022,SMALL BONNE JAM JAR  T-LIGHT HOLDER,Kitchenware,Small,2011-06-15 15:35:00,1.04,2.08
23023,RIDGED BONNE JAM JAR T-LIGHT HOLDER,Kitchenware,Ridged,2011-06-20 15:47:00,0.82,1.65
23024,LARGE BONNE JAM JAR  T-LIGHT HOLDER,Kitchenware,Large,2011-06-22 15:41:00,1.44,2.89
23025,DRAWER KNOB VINTAGE GLASS BALL,General Merchandise,Drawer,2011-06-27 08:50:00,1.04,2.08
23026,DRAWER KNOB VINTAGE GLASS STAR,General Merchandise,Drawer,2011-06-16 17:08:00,1.04,2.08
23027,DRAWER KNOB VINTAGE GLASS HEXAGON,General Merchandise,Drawer,2011-06-22 14:38:00,1.04,2.08
23028,DRAWER KNOB CRACKLE GLAZE BLUE,General Merchandise,Drawer,2011-06-14 13:51:00,0.82,1.65
23029,DRAWER KNOB CRACKLE GLAZE GREEN,General Merchandise,Drawer,2011-06-14 13:51:00,0.82,1.65
23031,DRAWER KNOB CRACKLE GLAZE PINK,General Merchandise,Drawer,2011-06-14 13:51:00,0.82,1.65
23032,DRAWER KNOB CRACKLE GLAZE IVORY,General Merchandise,Drawer,2011-06-14 13:51:00,0.82,1.65
23033,DRAWER KNOB CERAMIC RED,General Merchandise,Drawer,2011-06-14 13:51:00,0.72,1.45
23034,DRAWER KNOB CERAMIC BLACK,General Merchandise,Drawer,2011-06-14 13:51:00,0.72,1.45
23035,DRAWER KNOB CERAMIC IVORY,General Merchandise,Drawer,2011-06-14 13:15:00,0.72,1.45
23036,T-LIGHT HOLDER SILVER PETIT FOUR,Home & Decor,T-Light,2011-06-22 11:59:00,0.62,1.25
23037,CANDLE HOLDER SILVER MADELINE,Home & Decor,Candle,2011-06-24 12:44:00,0.82,1.65
23038,T-LIGHT HOLDER SILVER SAUCER,Home & Decor,T-Light,2011-07-11 14:46:00,0.82,1.63
23039,T-LIGHT HOLDER SILVER HEART HANDLE,Home & Decor,T-Light,2011-06-19 10:35:00,0.98,1.95
23040,PAPER LANTERN 9 POINT SNOW STAR,Home & Decor,Paper,2011-04-28 13:35:00,2.88,5.75
23041,PAPER LANTERN 9 POINT SNOW STAR,Home & Decor,Paper,2011-04-28 13:35:00,2.08,4.15
23042,PAPER LANTERN 7 POINT SNOW STAR,Home & Decor,Paper,2011-04-28 13:35:00,3.32,6.65
23043,PAPER LANTERN 9 POINT HOLLY STAR L,Seasonal & Christmas,Paper,2011-05-05 18:16:00,2.81,6.25
23044,PAPER LANTERN 9 POINT HOLLY STAR S,Seasonal & Christmas,Paper,2011-05-08 11:41:00,1.87,4.15
23045,PAPER LANTERN 5 POINT STAR MOON,Home & Decor,Paper,2011-05-05 18:16:00,2.08,4.15
23046,PAPER LANTERN 9 POINT DELUXE STAR,Home & Decor,Paper,2011-05-08 11:41:00,3.32,6.65
23047,PAPER LANTERN 5 POINT SEQUIN STAR,Home & Decor,Paper,2011-05-08 11:41:00,2.88,5.75
23048,SET OF 10 LANTERNS FAIRY LIGHT STAR,Home & Decor,Set,2011-04-28 13:35:00,2.08,4.15
23049,RECYCLED ACAPULCO MAT RED,General Merchandise,Recycled,2011-03-04 13:58:00,4.12,8.25
23050,RECYCLED ACAPULCO MAT GREEN,General Merchandise,Recycled,2011-03-04 13:58:00,4.12,8.25
23051,RECYCLED ACAPULCO MAT BLUE,General Merchandise,Recycled,2011-03-04 13:58:00,4.12,8.25
23052,RECYCLED ACAPULCO MAT TURQUOISE,General Merchandise,Recycled,2011-03-04 13:58:00,4.12,8.25
23053,RECYCLED ACAPULCO MAT PINK,General Merchandise,Recycled,2011-03-04 13:58:00,4.12,8.25
23054,RECYCLED ACAPULCO MAT LAVENDER,General Merchandise,Recycled,2011-03-04 13:58:00,4.12,8.25
23055,IVORY CHANDELIER T-LIGHT HOLDER,Home & Decor,Ivory,2011-04-19 14:56:00,3.12,6.25
23056,FLOWERS CHANDELIER T-LIGHT HOLDER,Home & Decor,Flowers,2011-04-19 14:56:00,3.12,6.25
23057,BEADED CHANDELIER T-LIGHT HOLDER,Home & Decor,Beaded,2011-04-18 11:10:00,2.48,4.95
23058,CHRISTMAS HANGING SNOWFLAKE,Seasonal & Christmas,Christmas,2011-09-14 09:27:00,0.36,0.79
23060,HEART BEADED TRELLIS DECORATION,Home & Decor,Heart,2011-04-18 10:41:00,1.04,2.08
23061,VINTAGE EMBOSSED HEART,General Merchandise,Vintage,2011-04-19 13:57:00,0.62,1.25
23064,CINDERELLA CHANDELIER,General Merchandise,Cinderella,2011-04-28 13:35:00,24.98,49.95
23065,LARGE DECO JEWELLERY STAND,General Merchandise,Large,2011-04-15 16:11:00,6.25,12.5
23066,SMALL DECO JEWELLERY STAND,General Merchandise,Small,2011-04-18 14:01:00,4.12,8.25
23067,HANGING ENGRAVED METAL HEART,General Merchandise,Hanging,2011-04-26 16:45:00,2.08,4.15
23068,ALUMINIUM STAMPED HEART,General Merchandise,Aluminium,2011-04-18 14:01:00,1.25,2.49
23069,EDWARDIAN PHOTO FRAME,Home & Decor,Edwardian,2011-04-26 15:04:00,3.12,6.25
23070,EDWARDIAN HEART PHOTO FRAME,Home & Decor,Edwardian,2011-05-04 14:11:00,2.08,4.15
23071,MARIE ANTOINETTE TRINKET BOX GOLD,General Merchandise,Marie,2011-04-20 11:11:00,6.25,12.5
23072,MARIE ANTOINETTE TRINKET BOX SILVER,General Merchandise,Marie,2011-05-08 11:37:00,6.25,12.5
23073,GEORGIAN TRINKET BOX,General Merchandise,Georgian,2011-04-19 08:17:00,6.25,12.5
23074,EMBOSSED HEART TRINKET BOX,General Merchandise,Embossed,2011-09-11 13:51:00,1.04,2.08
23075,PARLOUR CERAMIC WALL HOOK,Home & Decor,Parlour,2011-04-18 14:21:00,2.08,4.15
23076,ICE CREAM SUNDAE LIP GLOSS,General Merchandise,Ice,2011-03-24 09:44:00,0.62,1.25
23077,DOUGHNUT LIP GLOSS,General Merchandise,Doughnut,2011-03-24 08:44:00,0.62,1.25
23078,ICE CREAM PEN LIP GLOSS,Stationery & Cards,Ice,2011-03-24 10:40:00,0.69,1.25
23079,TOADSTOOL BEDSIDE LIGHT,Home & Decor,Toadstool,2011-05-11 13:20:00,4.47,8.95
23080,RED METAL BOX TOP SECRET,General Merchandise,Red,2011-05-11 10:18:00,4.12,8.25
23081,GREEN METAL BOX ARMY SUPPLIES,General Merchandise,Green,2011-05-10 13:33:00,4.12,8.25
23082,SET 6 PAPER TABLE LANTERN HEARTS,Home & Decor,Set,2011-05-11 11:57:00,1.88,3.75
23083,SET 6 PAPER TABLE LANTERN STARS,Home & Decor,Set,2011-05-15 11:17:00,1.88,3.75
23084,RABBIT NIGHT LIGHT,Home & Decor,Rabbit,2011-05-10 14:20:00,1.04,2.08
23085,ANTIQUE SILVER BAUBLE LAMP,General Merchandise,Antique,2011-05-16 12:25:00,5.2,10.4
23086,ZINC  STAR T-LIGHT HOLDER,Home & Decor,Zinc,2011-05-16 15:47:00,0.62,1.25
23087,ZINC  HEART T-LIGHT HOLDER,Home & Decor,Zinc,2011-05-13 12:13:00,0.62,1.25
23088,ZINC HEART FLOWER T-LIGHT HOLDER,Home & Decor,Zinc,2011-05-12 18:19:00,0.62,1.25
23089,GLASS BON BON JAR,Kitchenware,Glass,2011-05-12 15:17:00,0.98,1.95
23090,VINTAGE GLASS T-LIGHT HOLDER,Home & Decor,Vintage,2011-05-16 08:13:00,0.42,0.83
23091,ZINC HERB GARDEN CONTAINER,Garden,Zinc,2011-05-11 09:28:00,3.12,6.25
23092,LARGE ANTIQUE WHITE PHOTO FRAME,Home & Decor,Large,2011-05-16 10:43:00,3.95,7.9
23093,SMALL PARISIENNE HEART PHOTO FRAME,Home & Decor,Small,2011-05-11 12:32:00,1.25,2.49
23094,LE GRAND TRAY CHIC SET,General Merchandise,Le,2011-05-11 09:55:00,6.25,12.5
23096,PETIT TRAY CHIC,General Merchandise,Petit,2011-05-10 16:00:00,0.82,1.65
23099,FRENCH CARRIAGE LANTERN,Home & Decor,French,2011-05-16 14:30:00,3.32,6.65
23100,SILVER BELLS TABLE DECORATION,Home & Decor,Silver,2011-05-11 11:57:00,0.62,1.25
23101,SILVER STARS TABLE DECORATION,Home & Decor,Silver,2011-05-12 12:01:00,0.42,0.83
23102,SILVER HEARTS TABLE DECORATION,Home & Decor,Silver,2011-05-11 11:57:00,0.42,0.83
23103,JINGLE BELL HEART DECORATION,Home & Decor,Jingle,2011-05-11 12:44:00,0.82,1.65
23104,IVORY CAFE HANGING LAMP,General Merchandise,Ivory,2011-05-11 14:29:00,6.25,12.5
23106,ZINC HEARTS PLANT POT HOLDER,Home & Decor,Zinc,2011-05-13 10:44:00,1.44,2.89
23107,WHITE HEARTS WIRE PLANT POT HOLDER,Home & Decor,White,2011-05-12 15:21:00,1.44,2.89
23108,SET OF 10 LED DOLLY LIGHTS,Home & Decor,Set,2011-05-11 10:18:00,3.12,6.25
23109,PACK OF SIX LED TEA LIGHTS,Home & Decor,Pack,2011-05-11 12:43:00,1.44,2.89
23110,PARISIENNE KEY CABINET,General Merchandise,Parisienne,2011-05-11 10:32:00,2.88,5.75
23111,PARISIENNE SEWING BOX,General Merchandise,Parisienne,2011-05-11 13:20:00,6.25,12.5
23112,PARISIENNE CURIO CABINET,General Merchandise,Parisienne,2011-05-11 12:47:00,3.75,7.5
23113,PANTRY CHOPPING BOARD,General Merchandise,Pantry,2011-09-16 10:02:00,2.48,4.95
23114,VINTAGE LEAF CHOPPING BOARD,General Merchandise,Vintage,2011-09-30 13:54:00,2.48,4.95
23115,RED APPLES CHOPPING BOARD,General Merchandise,Red,2011-09-30 13:54:00,2.48,4.95
23116,VEGETABLE GARDEN CHOPPING BOARD,Garden,Vegetable,2011-09-30 15:04:00,2.48,4.95
23117,POPPY FIELDS CHOPPING BOARD,General Merchandise,Poppy,2011-09-30 13:54:00,2.48,4.95
23118,PARISIENNE JEWELLERY DRAWER,General Merchandise,Parisienne,2011-05-10 15:05:00,3.75,7.5
23119,PACK OF 6 LARGE FRUIT STRAWS,General Merchandise,Pack,2011-06-17 08:57:00,0.31,0.62
23120,PACK OF 6 SMALL FRUIT STRAWS,General Merchandise,Pack,2011-06-17 12:22:00,0.21,0.42
23121,PACK OF 6 COCKTAIL PARASOL STRAWS,General Merchandise,Pack,2011-06-17 12:22:00,0.21,0.42
23122,PARTY CHARMS 50 PIECES,General Merchandise,Party,2011-06-17 11:38:00,0.42,0.83
23123,COCKTAIL SWORDS 50 PIECES,General Merchandise,Cocktail,2011-06-17 11:38:00,0.42,0.83
23124,18PC WOODEN CUTLERY SET DISPOSABLE,General Merchandise,18Pc,2011-06-17 13:17:00,0.62,1.25
23125,6PC WOOD PLATE SET DISPOSABLE,Kitchenware,6Pc,2011-06-17 14:46:00,1.23,2.46
23126,FELTCRAFT GIRL AMELIE KIT,General Merchandise,Feltcraft,2011-03-02 16:26:00,2.48,4.95
23127,FELTCRAFT GIRL NICOLE KIT,General Merchandise,Feltcraft,2011-03-02 16:26:00,2.48,4.95
23128,FELTCRAFT BOY JEAN-PAUL KIT,General Merchandise,Feltcraft,2011-03-03 13:45:00,2.48,4.95
23129,HEART SHAPED HOLLY WREATH,Seasonal & Christmas,Heart,2011-05-18 15:39:00,1.87,4.15
23130,MISTLETOE HEART WREATH GREEN,General Merchandise,Mistletoe,2011-05-01 11:55:00,2.08,4.15
23131,MISTLETOE HEART WREATH CREAM,General Merchandise,Mistletoe,2011-04-26 16:45:00,2.08,4.15
23132,SMALL IVORY HEART WALL ORGANISER,General Merchandise,Small,2011-04-19 16:52:00,2.88,5.75
23133,LARGE IVORY HEART WALL ORGANISER,General Merchandise,Large,2011-04-20 13:18:00,4.12,8.25
23134,LARGE ZINC HEART WALL ORGANISER,General Merchandise,Large,2011-04-20 13:18:00,4.12,8.25
23135,SMALL ZINC HEART WALL ORGANISER,General Merchandise,Small,2011-04-19 16:52:00,2.88,5.75
23136,IVORY WIRE SWEETHEART LETTER TRAY,General Merchandise,Ivory,2011-04-21 10:19:00,1.88,3.75
23137,ZINC WIRE SWEETHEART LETTER TRAY,General Merchandise,Zinc,2011-04-21 16:53:00,1.88,3.75
23138,SINGLE WIRE HOOK IVORY HEART,Home & Decor,Single,2011-04-21 10:19:00,0.72,1.45
23139,SINGLE WIRE HOOK PINK HEART,Home & Decor,Single,2011-04-21 10:19:00,0.72,1.45
23140,TRIPLE WIRE HOOK IVORY HEART,Home & Decor,Triple,2011-04-19 16:52:00,2.08,4.15
23141,TRIPLE WIRE HOOK PINK HEART,Home & Decor,Triple,2011-04-19 16:52:00,2.08,4.15
23142,IVORY WIRE KITCHEN ORGANISER,Kitchenware,Ivory,2011-04-21 10:19:00,5.2,10.4
23143,ZINC WIRE KITCHEN ORGANISER,Kitchenware,Zinc,2011-05-04 13:17:00,5.2,10.4
23144,ZINC T-LIGHT HOLDER STARS SMALL,Home & Decor,Zinc,2011-04-21 09:36:00,0.42,0.83
23145,ZINC T-LIGHT HOLDER STAR LARGE,Home & Decor,Zinc,2011-04-21 10:52:00,0.48,0.95
23146,TRIPLE HOOK ANTIQUE IVORY ROSE,Home & Decor,Triple,2011-04-19 13:49:00,1.64,3.29
23147,SINGLE ANTIQUE ROSE HOOK IVORY,Home & Decor,Single,2011-04-21 08:43:00,0.72,1.45
23148,MINIATURE ANTIQUE ROSE HOOK IVORY,Home & Decor,Miniature,2011-04-21 08:43:00,0.42,0.83
23149,ANTIQUE IVORY WIRE BOWL SMALL,Kitchenware,Antique,2011-05-03 11:34:00,1.25,2.49
23150,IVORY SWEETHEART SOAP DISH,General Merchandise,Ivory,2011-04-21 10:19:00,1.25,2.49
23151,ZINC SWEETHEART SOAP DISH,General Merchandise,Zinc,2011-05-05 13:14:00,1.25,2.49
23152,IVORY SWEETHEART WIRE LETTER RACK,General Merchandise,Ivory,2011-04-20 11:19:00,1.88,3.75
23153,ZINC SWEETHEART WIRE LETTER RACK,General Merchandise,Zinc,2011-04-18 14:32:00,1.88,3.75
23154,SET OF 4 JAM JAR MAGNETS,Kitchenware,Set,2011-03-25 11:01:00,1.04,2.08
23155,KNICKERBOCKERGLORY MAGNET ASSORTED,General Merchandise,Knickerbockerglory,2011-03-25 11:01:00,0.42,0.83
23156,SET OF 5 MINI GROCERY MAGNETS,General Merchandise,Set,2011-03-25 11:01:00,1.04,2.08
23157,SET OF 6 NATIVITY MAGNETS,General Merchandise,Set,2011-03-31 13:40:00,1.04,2.08
23158,SET OF 5 LUCKY CAT MAGNETS,General Merchandise,Set,2011-03-25 14:50:00,1.04,2.08
23159,SET OF 5 PANCAKE DAY MAGNETS,Kitchenware,Set,2011-03-25 11:01:00,1.04,2.08
23160,REGENCY TEA SPOON,Kitchenware,Regency,2011-05-03 10:43:00,0.62,1.25
23161,REGENCY CAKE FORK,Kitchenware,Regency,2011-05-03 10:43:00,0.62,1.25
23162,REGENCY TEA STRAINER,General Merchandise,Regency,2011-04-27 14:48:00,1.88,3.75
23163,REGENCY SUGAR TONGS,General Merchandise,Regency,2011-04-27 12:49:00,1.25,2.49
23164,REGENCY CAKE SLICE,Kitchenware,Regency,2011-05-03 10:43:00,2.48,4.95
23165,LARGE CERAMIC TOP STORAGE JAR,Kitchenware,Large,2011-05-12 10:10:00,0.82,1.65
23166,MEDIUM CERAMIC TOP STORAGE JAR,Kitchenware,Medium,2011-01-18 10:01:00,0.62,1.25
23167,SMALL CERAMIC TOP STORAGE JAR,Kitchenware,Small,2011-05-11 14:14:00,0.42,0.83
23168,CLASSIC CAFE SUGAR DISPENSER,Stationery & Cards,Classic,2011-05-12 08:42:00,0.69,1.25
23169,CLASSIC GLASS COOKIE JAR,Kitchenware,Classic,2011-05-12 10:10:00,2.08,4.15
23170,REGENCY TEA PLATE ROSES,Kitchenware,Regency,2011-05-10 10:34:00,0.82,1.65
23171,REGENCY TEA PLATE GREEN,Kitchenware,Regency,2011-05-10 10:34:00,0.82,1.65
23172,REGENCY TEA PLATE PINK,Kitchenware,Regency,2011-05-10 10:34:00,0.82,1.65
23173,REGENCY TEAPOT ROSES,Kitchenware,Regency,2011-05-10 10:34:00,4.97,9.95
23174,REGENCY SUGAR BOWL GREEN,Kitchenware,Regency,2011-05-10 10:34:00,2.08,4.15
23175,REGENCY MILK JUG PINK,General Merchandise,Regency,2011-05-10 10:34:00,1.62,3.25
23176,ABC TREASURE BOOK BOX,General Merchandise,Abc,2011-03-02 12:10:00,1.12,2.25
23177,TREASURE ISLAND BOOK BOX,General Merchandise,Treasure,2011-03-02 12:10:00,1.12,2.25
23178,JAM CLOCK MAGNET,Home & Decor,Jam,2011-03-03 15:02:00,1.44,2.89
23179,CLOCK MAGNET MUM'S KITCHEN,Kitchenware,Clock,2011-03-03 15:02:00,1.44,2.89
23180,MUM'S KITCHEN CLOCK,Kitchenware,Mum'S,2011-03-04 09:46:00,2.48,4.95
23181,BULL DOG BOTTLE TOP WALL CLOCK,Home & Decor,Bull,2011-03-08 09:23:00,4.12,8.25
23182,TOILET SIGN OCCUPIED OR VACANT,Kitchenware,Toilet,2011-03-01 17:32:00,0.42,0.83
23183,MOTHER'S KITCHEN SPOON REST,Kitchenware,Mother'S,2011-03-03 15:02:00,1.88,3.75
23184,BULL DOG BOTTLE OPENER,Stationery & Cards,Bull,2011-03-06 10:05:00,2.72,4.95
23185,FRENCH STYLE STORAGE JAR JAM,Kitchenware,French,2011-03-04 14:42:00,0.14,0.29
23186,FRENCH STYLE STORAGE JAR CAFE,Kitchenware,French,2011-03-08 17:23:00,0.14,0.29
23187,FRENCH STYLE STORAGE JAR BONBONS,Kitchenware,French,2011-03-08 12:05:00,0.14,0.29
23188,VINTAGE  2 METER FOLDING RULER,General Merchandise,Vintage,2011-06-14 09:43:00,0.82,1.65
23189,SET OF 12 FORK CANDLES,Kitchenware,Set,2011-08-03 15:38:00,1.44,2.89
23190,BUNDLE OF 3 SCHOOL EXERCISE BOOKS,General Merchandise,Bundle,2011-05-09 16:35:00,0.82,1.65
23191,BUNDLE OF 3 RETRO NOTE BOOKS,General Merchandise,Bundle,2011-05-10 08:58:00,0.82,1.65
23192,BUNDLE OF 3 ALPHABET EXERCISE BOOKS,General Merchandise,Bundle,2011-05-10 09:58:00,0.82,1.65
23193,BUFFALO BILL TREASURE BOOK BOX,General Merchandise,Buffalo,2011-03-02 12:10:00,1.12,2.25
23194,GYMKHANA TREASURE BOOK BOX,General Merchandise,Gymkhana,2011-03-02 12:10:00,1.12,2.25
23196,VINTAGE LEAF MAGNETIC NOTEPAD,General Merchandise,Vintage,2011-06-23 11:51:00,0.72,1.45
23197,SKETCHBOOK MAGNETIC SHOPPING LIST,General Merchandise,Sketchbook,2011-06-23 11:51:00,0.72,1.45
23198,PANTRY MAGNETIC  SHOPPING LIST,General Merchandise,Pantry,2011-06-22 14:24:00,0.72,1.45
23199,JUMBO BAG APPLES,Bags & Accessories,Jumbo,2011-04-11 16:47:00,1.04,2.08
23200,JUMBO BAG PEARS,Bags & Accessories,Jumbo,2011-05-06 15:40:00,1.04,2.08
23201,JUMBO BAG ALPHABET,Bags & Accessories,Jumbo,2011-04-11 16:47:00,1.04,2.08
23202,JUMBO BAG VINTAGE LEAF,Bags & Accessories,Jumbo,2011-05-06 15:40:00,1.04,2.08
23203,JUMBO BAG VINTAGE DOILY,Bags & Accessories,Jumbo,2011-05-06 15:54:00,1.04,2.08
23204,CHARLOTTE BAG APPLES DESIGN,Bags & Accessories,Charlotte,2011-04-11 16:47:00,0.42,0.85
23205,CHARLOTTE BAG VINTAGE ALPHABET,Bags & Accessories,Charlotte,2011-04-11 16:47:00,0.42,0.85
23206,LUNCH BAG APPLE DESIGN,Bags & Accessories,Lunch,2011-04-11 16:47:00,0.82,1.65
23207,LUNCH BAG ALPHABET DESIGN,Bags & Accessories,Lunch,2011-04-11 16:47:00,0.82,1.65
23208,LUNCH BAG VINTAGE LEAF DESIGN,Bags & Accessories,Lunch,2011-04-12 09:49:00,0.82,1.65
23209,LUNCH BAG VINTAGE DOILY,Bags & Accessories,Lunch,2011-05-08 11:08:00,0.82,1.65
23210,WHITE ROCKING HORSE HAND PAINTED,General Merchandise,White,2011-06-02 09:04:00,0.62,1.25
23211,RED ROCKING HORSE HAND PAINTED,General Merchandise,Red,2011-06-02 09:37:00,0.62,1.25
23212,HEART WREATH DECORATION WITH BELL,Home & Decor,Heart,2011-06-02 09:04:00,0.62,1.25
23213,STAR WREATH DECORATION WITH BELL,Home & Decor,Star,2011-06-02 09:04:00,0.62,1.25
23214,JINGLE BELL HEART ANTIQUE GOLD,General Merchandise,Jingle,2011-06-01 12:19:00,1.04,2.08
23215,JINGLE BELL HEART ANTIQUE SILVER,General Merchandise,Jingle,2011-06-01 12:19:00,1.04,2.08
23216,LAUREL HEART ANTIQUE GOLD,General Merchandise,Laurel,2011-06-02 09:37:00,0.62,1.25
23217,LAUREL HEART ANTIQUE SILVER,General Merchandise,Laurel,2011-06-02 09:37:00,0.62,1.25
23218,LAUREL STAR ANTIQUE GOLD,General Merchandise,Laurel,2011-07-18 11:55:00,0.62,1.25
23219,LAUREL STAR ANTIQUE SILVER,General Merchandise,Laurel,2011-06-02 09:04:00,0.62,1.25
23220,REINDEER HEART DECORATION GOLD,Seasonal & Christmas,Reindeer,2011-06-09 13:09:00,0.37,0.83
23221,REINDEER HEART DECORATION SILVER,Seasonal & Christmas,Reindeer,2011-05-31 15:53:00,0.37,0.83
23222,CHRISTMAS TREE HANGING GOLD,Seasonal & Christmas,Christmas,2011-06-23 09:38:00,0.37,0.83
23223,CHRISTMAS TREE HANGING SILVER,Seasonal & Christmas,Christmas,2011-06-23 09:38:00,0.37,0.83
23224,CHERUB HEART DECORATION GOLD,Home & Decor,Cherub,2011-06-02 09:04:00,0.42,0.83
23225,CHERUB HEART DECORATION SILVER,Home & Decor,Cherub,2011-06-02 09:37:00,0.42,0.83
23226,FILIGREE HEART DAISY WHITE,General Merchandise,Filigree,2011-05-31 12:11:00,0.62,1.25
23227,FILIGREE HEART BUTTERFLY WHITE,General Merchandise,Filigree,2011-05-26 12:00:00,0.62,1.25
23228,FILIGREE HEART BIRD WHITE,General Merchandise,Filigree,2011-05-26 10:25:00,0.62,1.25
23229,VINTAGE DONKEY TAIL GAME,Toys & Games,Vintage,2011-06-14 12:09:00,1.88,3.75
23230,WRAP ALPHABET DESIGN,General Merchandise,Wrap,2011-01-13 11:48:00,0.21,0.42
23231,WRAP DOILEY DESIGN,General Merchandise,Wrap,2011-01-12 15:06:00,0.21,0.42
23232,WRAP VINTAGE LEAF DESIGN,General Merchandise,Wrap,2011-01-17 12:31:00,0.21,0.42
23233,WRAP POPPIES  DESIGN,General Merchandise,Wrap,2011-01-16 13:18:00,0.21,0.42
23234,BISCUIT TIN VINTAGE CHRISTMAS,Seasonal & Christmas,Biscuit,2011-06-14 12:24:00,1.3,2.89
23235,STORAGE TIN VINTAGE LEAF,Kitchenware,Storage,2011-06-08 12:44:00,1.44,2.89
23236,STORAGE TIN VINTAGE DOILY,Kitchenware,Storage,2011-06-08 12:44:00,1.44,2.89
23237,SET OF 4 KNICK KNACK TINS LEAF,General Merchandise,Set,2011-06-08 13:35:00,2.08,4.15
23238,SET OF 4 KNICK KNACK TINS LONDON,General Merchandise,Set,2011-06-07 14:03:00,2.08,4.15
23239,SET OF 4 KNICK KNACK TINS POPPIES,General Merchandise,Set,2011-06-08 12:44:00,2.08,4.15
23240,SET OF 4 KNICK KNACK TINS DOILY,General Merchandise,Set,2011-06-07 13:10:00,2.08,4.15
23241,TREASURE TIN GYMKHANA DESIGN,Kitchenware,Treasure,2011-06-08 12:49:00,1.04,2.08
23242,TREASURE TIN BUFFALO BILL,Kitchenware,Treasure,2011-06-08 12:49:00,1.04,2.08
23243,SET OF TEA COFFEE SUGAR TINS PANTRY,General Merchandise,Set,2011-06-08 08:12:00,2.48,4.95
23244,ROUND STORAGE TIN VINTAGE LEAF,Kitchenware,Round,2011-06-08 13:35:00,0.98,1.95
23245,SET OF 3 REGENCY CAKE TINS,Kitchenware,Set,2011-06-08 12:02:00,2.48,4.95
23247,BISCUIT TIN 50'S CHRISTMAS,Seasonal & Christmas,Biscuit,2011-06-08 13:09:00,1.3,2.89
23249,VINTAGE RED ENAMEL TRIM PLATE,Kitchenware,Vintage,2011-06-14 10:00:00,0.82,1.65
23250,VINTAGE RED TRIM ENAMEL BOWL,Kitchenware,Vintage,2011-06-14 10:00:00,0.62,1.25
23251,VINTAGE RED ENAMEL TRIM MUG,Kitchenware,Vintage,2011-06-14 10:00:00,0.62,1.25
23252,VINTAGE RED ENAMEL TRIM JUG,General Merchandise,Vintage,2011-06-12 12:00:00,1.88,3.75
23253,16 PIECE CUTLERY SET PANTRY DESIGN,General Merchandise,16,2011-04-18 13:13:00,7.98,15.95
23254,CHILDRENS CUTLERY DOLLY GIRL,Toys & Games,Childrens,2011-04-07 11:30:00,2.08,4.15
23255,CHILDRENS CUTLERY CIRCUS PARADE,General Merchandise,Childrens,2011-04-10 12:53:00,2.08,4.15
23256,CHILDRENS CUTLERY SPACEBOY,General Merchandise,Childrens,2011-04-07 11:30:00,2.08,4.15
23263,SET OF 3 WOODEN HEART DECORATIONS,Home & Decor,Set,2011-06-02 14:15:00,0.62,1.25
23264,SET OF 3 WOODEN SLEIGH DECORATIONS,Home & Decor,Set,2011-06-09 15:34:00,0.62,1.25
23265,SET OF 3 WOODEN TREE DECORATIONS,Home & Decor,Set,2011-06-09 15:34:00,0.62,1.25
23266,SET OF 3 WOODEN STOCKING DECORATION,Home & Decor,Set,2011-06-09 15:34:00,0.62,1.25
23267,SET OF 4 SANTA PLACE SETTINGS,Seasonal & Christmas,Set,2011-06-23 13:51:00,0.56,1.25
23268,SET OF 2 CERAMIC CHRISTMAS REINDEER,Seasonal & Christmas,Set,2011-06-12 11:47:00,0.65,1.45
23269,SET OF 2 CERAMIC CHRISTMAS TREES,Seasonal & Christmas,Set,2011-06-12 11:47:00,0.65,1.45
23270,SET OF 2 CERAMIC PAINTED HEARTS,General Merchandise,Set,2011-06-02 19:50:00,0.72,1.45
23271,CHRISTMAS TABLE SILVER CANDLE SPIKE,Seasonal & Christmas,Christmas,2011-06-13 15:44:00,0.37,0.83
23272,TREE T-LIGHT HOLDER WILLIE WINKIE,Home & Decor,Tree,2011-06-22 11:30:00,0.82,1.65
23273,HEART T-LIGHT HOLDER WILLIE WINKIE,Home & Decor,Heart,2011-06-05 14:06:00,0.82,1.65
23274,STAR T-LIGHT HOLDER WILLIE WINKIE,Home & Decor,Star,2011-06-05 14:06:00,0.82,1.65
23275,SET OF 3 HANGING OWLS OLLIE BEAK,General Merchandise,Set,2011-06-02 12:37:00,0.62,1.25
23280,FOLDING BUTTERFLY MIRROR HOT PINK,General Merchandise,Folding,2011-05-09 16:35:00,0.42,0.83
23281,FOLDING BUTTERFLY MIRROR RED,General Merchandise,Folding,2011-05-10 14:20:00,0.42,0.83
23282,FOLDING BUTTERFLY MIRROR IVORY,General Merchandise,Folding,2011-05-09 16:35:00,0.42,0.83
23283,DOORMAT VINTAGE LEAF,General Merchandise,Doormat,2011-04-27 13:06:00,3.98,7.95
23284,DOORMAT KEEP CALM AND COME IN,General Merchandise,Doormat,2011-04-27 12:57:00,3.98,7.95
23285,PINK VINTAGE SPOT BEAKER,General Merchandise,Pink,2011-06-12 13:17:00,0.42,0.85
23286,BLUE VINTAGE SPOT BEAKER,General Merchandise,Blue,2011-06-12 13:12:00,0.42,0.85
23287,RED VINTAGE SPOT BEAKER,General Merchandise,Red,2011-06-13 16:33:00,0.42,0.85
23288,GREEN VINTAGE SPOT BEAKER,General Merchandise,Green,2011-06-12 13:17:00,0.42,0.85
23289,DOLLY GIRL CHILDRENS BOWL,Kitchenware,Dolly,2011-06-13 16:33:00,0.62,1.25
23290,SPACEBOY CHILDRENS BOWL,Kitchenware,Spaceboy,2011-06-13 16:33:00,0.62,1.25
23291,DOLLY GIRL CHILDRENS CUP,Kitchenware,Dolly,2011-06-13 16:33:00,0.62,1.25
23292,SPACEBOY CHILDRENS CUP,Kitchenware,Spaceboy,2011-06-13 16:33:00,0.62,1.25
23293,SET OF 12 FAIRY CAKE BAKING CASES,Kitchenware,Set,2011-07-12 15:56:00,0.42,0.83
23294,SET OF 6 SNACK LOAF BAKING CASES,Kitchenware,Set,2011-07-12 15:56:00,0.42,0.83
23295,SET OF 12 MINI LOAF BAKING CASES,Kitchenware,Set,2011-07-12 15:56:00,0.42,0.83
23296,SET OF 6 TEA TIME BAKING CASES,Kitchenware,Set,2011-07-12 15:56:00,0.62,1.25
23297,SET 40 HEART SHAPE PETIT FOUR CASES,General Merchandise,Set,2011-07-12 15:56:00,0.82,1.65
23298,SPOTTY BUNTING,General Merchandise,Spotty,2011-05-04 13:57:00,2.48,4.95
23299,FOOD COVER WITH BEADS SET 2,General Merchandise,Food,2011-05-04 13:57:00,1.88,3.75
23300,GARDENERS KNEELING PAD CUP OF TEA,Kitchenware,Gardeners,2011-05-15 11:43:00,0.82,1.65
23301,GARDENERS KNEELING PAD KEEP CALM,Garden,Gardeners,2011-05-15 11:43:00,0.82,1.65
23302,KNEELING MAT HOUSEWORK  DESIGN,General Merchandise,Kneeling,2011-05-15 15:31:00,0.82,1.65
23303,SET 4 PICNIC CUTLERY FONDANT,General Merchandise,Set,2011-10-26 13:22:00,0.98,1.95
23304,SET 4 PICNIC CUTLERY CHERRY,General Merchandise,Set,2011-10-30 11:25:00,0.98,1.95
23305,SET 4 PICNIC CUTLERY BLUEBERRY,General Merchandise,Set,2011-10-23 15:27:00,0.98,1.95
23306,SET OF 36 DOILIES PANTRY DESIGN,General Merchandise,Set,2011-06-05 11:29:00,0.72,1.45
23307,SET OF 60 PANTRY DESIGN CAKE CASES,Kitchenware,Set,2011-06-03 12:07:00,0.28,0.55
23308,SET OF 60 VINTAGE LEAF CAKE CASES,Kitchenware,Set,2011-06-05 14:06:00,0.28,0.55
23309,SET OF 60 I LOVE LONDON CAKE CASES,Kitchenware,Set,2011-06-02 15:13:00,0.28,0.55
23310,BUBBLEGUM RING ASSORTED,General Merchandise,Bubblegum,2011-06-09 11:49:00,0.21,0.42
23311,VINTAGE CHRISTMAS STOCKING,Seasonal & Christmas,Vintage,2011-07-14 13:28:00,1.15,2.55
23312,VINTAGE CHRISTMAS GIFT SACK,Seasonal & Christmas,Vintage,2011-07-17 13:25:00,1.87,4.15
23313,VINTAGE CHRISTMAS BUNTING,Seasonal & Christmas,Vintage,2011-07-12 15:15:00,2.23,4.95
23314,VINTAGE CHRISTMAS TABLECLOTH,Seasonal & Christmas,Vintage,2011-07-15 10:44:00,5.62,12.5
23315,IVORY REFECTORY CLOCK,Home & Decor,Ivory,2011-06-23 18:44:00,4.97,9.95
23316,RED REFECTORY CLOCK,Home & Decor,Red,2011-06-23 18:44:00,4.97,9.95
23317,BLUE REFECTORY CLOCK,Home & Decor,Blue,2011-06-26 13:46:00,4.97,9.95
23318,BOX OF 6 MINI VINTAGE CRACKERS,General Merchandise,Box,2011-07-04 10:17:00,1.25,2.49
23319,BOX OF 6 MINI 50'S CRACKERS,General Merchandise,Box,2011-07-07 12:38:00,1.25,2.49
23320,GIANT 50'S CHRISTMAS CRACKER,Seasonal & Christmas,Giant,2011-07-05 12:47:00,1.3,2.89
23321,SMALL WHITE HEART OF WICKER,General Merchandise,Small,2011-06-09 12:21:00,0.82,1.65
23322,LARGE WHITE HEART OF WICKER,General Merchandise,Large,2011-06-12 12:01:00,1.48,2.95
23323,WHITE WICKER STAR,General Merchandise,White,2011-06-23 18:33:00,1.05,2.1
23324,RUSTIC STRAWBERRY JAM POT LARGE,General Merchandise,Rustic,2011-08-05 15:45:00,1.04,2.08
23325,RUSTIC STRAWBERRY JAM POT SMALL,General Merchandise,Rustic,2011-08-11 16:30:00,0.82,1.65
23326,HANGING MINI COLOURED BOTTLES,General Merchandise,Hanging,2011-08-11 12:53:00,0.32,0.63
23327,HANGING CLEAR MINI BOTTLE,General Merchandise,Hanging,2011-08-10 16:01:00,0.32,0.63
23328,SET 6 SCHOOL MILK BOTTLES IN CRATE,General Merchandise,Set,2011-08-08 15:42:00,1.88,3.75
23329,DECORATIVE WICKER HEART LARGE,General Merchandise,Decorative,2011-08-07 15:43:00,0.82,1.65
23330,DECORATIVE WICKER HEART MEDIUM,General Merchandise,Decorative,2011-08-08 13:53:00,0.62,1.25
23331,DECORATIVE WICKER HEART SMALL,General Merchandise,Decorative,2011-08-10 16:01:00,0.32,0.63
23332,IVORY WICKER HEART LARGE,General Merchandise,Ivory,2011-08-07 15:43:00,0.82,1.65
23333,IVORY WICKER HEART MEDIUM,General Merchandise,Ivory,2011-08-08 14:37:00,0.62,1.25
23334,IVORY WICKER HEART SMALL,General Merchandise,Ivory,2011-08-08 14:37:00,0.32,0.63
23335,EGG FRYING PAN IVORY,General Merchandise,Egg,2011-06-13 16:33:00,1.04,2.08
23336,EGG FRYING PAN PINK,General Merchandise,Egg,2011-06-13 16:33:00,1.04,2.08
23337,EGG FRYING PAN MINT,General Merchandise,Egg,2011-06-13 16:33:00,1.04,2.08
23338,EGG FRYING PAN RED,General Merchandise,Egg,2011-06-12 13:17:00,1.04,2.08
23339,EGG FRYING PAN BLUE,General Merchandise,Egg,2011-06-13 16:33:00,1.04,2.08
23340,VINTAGE CHRISTMAS CAKE FRILL,Seasonal & Christmas,Vintage,2011-07-31 15:31:00,0.74,1.65
23341,PINK DINER WALL CLOCK,Home & Decor,Pink,2011-06-24 09:22:00,4.25,8.5
23342,MINT DINER WALL CLOCK,Home & Decor,Mint,2011-06-24 09:22:00,4.25,8.5
23343,JUMBO BAG VINTAGE CHRISTMAS,Seasonal & Christmas,Jumbo,2011-06-13 11:33:00,0.94,2.08
23344,JUMBO BAG 50'S CHRISTMAS,Seasonal & Christmas,Jumbo,2011-06-15 13:25:00,0.94,2.08
23345,DOLLY GIRL BEAKER,Toys & Games,Dolly,2011-07-24 16:13:00,0.62,1.25
23346,SPACEBOY BEAKER,General Merchandise,Spaceboy,2011-07-24 16:13:00,0.62,1.25
23347,I LOVE LONDON BEAKER,General Merchandise,I,2011-07-24 16:15:00,0.62,1.25
23348,CHILDRENS TOY COOKING UTENSIL SET,Toys & Games,Childrens,2011-04-18 13:49:00,1.04,2.08
23349,ROLL WRAP VINTAGE CHRISTMAS,Seasonal & Christmas,Roll,2011-08-04 15:23:00,0.56,1.25
23350,ROLL WRAP VINTAGE SPOT,General Merchandise,Roll,2011-08-04 15:23:00,0.62,1.25
23351,ROLL WRAP 50'S CHRISTMAS,Seasonal & Christmas,Roll,2011-08-04 16:17:00,0.56,1.25
23352,ROLL WRAP 50'S RED CHRISTMAS,Seasonal & Christmas,Roll,2011-08-04 16:17:00,0.56,1.25
23353,6 GIFT TAGS VINTAGE CHRISTMAS,Seasonal & Christmas,6,2011-08-02 14:04:00,0.37,0.83
23354,6 GIFT TAGS 50'S CHRISTMAS,Seasonal & Christmas,6,2011-08-02 14:04:00,0.37,0.83
23355,HOT WATER BOTTLE KEEP CALM,General Merchandise,Hot,2011-08-22 13:32:00,2.48,4.95
23356,LOVE HOT WATER BOTTLE,General Merchandise,Love,2011-08-22 12:52:00,2.98,5.95
23357,HOT WATER BOTTLE SEX BOMB,General Merchandise,Hot,2011-08-21 15:17:00,2.48,4.95
23358,HOT STUFF HOT WATER BOTTLE,General Merchandise,Hot,2011-08-21 15:17:00,1.88,3.75
23359,SET OF 12 T-LIGHTS VINTAGE DOILY,Home & Decor,Set,2011-08-02 12:27:00,0.98,1.95
23360,SET 8 CANDLES VINTAGE DOILY,Home & Decor,Set,2011-08-02 11:33:00,0.98,1.95
23365,SET 12 COLOUR PENCILS LOVE LONDON,Stationery & Cards,Set,2011-09-22 12:13:00,0.36,0.65
23366,SET 12 COLOURING PENCILS DOILY,Stationery & Cards,Set,2011-09-22 11:46:00,0.36,0.65
23367,SET 12 COLOUR PENCILS SPACEBOY,Stationery & Cards,Set,2011-09-22 11:46:00,0.36,0.65
23368,SET 12 COLOUR PENCILS DOLLY GIRL,Stationery & Cards,Set,2011-09-22 12:45:00,0.36,0.65
23369,SET 36 COLOUR PENCILS LOVE LONDON,Stationery & Cards,Set,2011-09-22 12:13:00,0.69,1.25
23370,SET 36 COLOURING PENCILS DOILY,Stationery & Cards,Set,2011-09-22 12:02:00,0.69,1.25
23371,SET 36 COLOUR PENCILS SPACEBOY,Stationery & Cards,Set,2011-09-22 12:02:00,0.69,1.25
23372,SET 36 COLOUR PENCILS DOLLY GIRL,Stationery & Cards,Set,2011-09-22 13:51:00,0.69,1.25
23373,VINTAGE CHRISTMAS PAPER GIFT BAG,Seasonal & Christmas,Vintage,2011-08-02 14:04:00,0.37,0.82
23374,RED SPOT PAPER GIFT BAG,Bags & Accessories,Red,2011-08-02 14:23:00,0.41,0.82
23375,50'S CHRISTMAS PAPER GIFT BAG,Seasonal & Christmas,50'S,2011-08-22 10:39:00,0.37,0.82
23376,PACK OF 12 VINTAGE CHRISTMAS TISSUE,Seasonal & Christmas,Pack,2011-09-01 11:30:00,0.18,0.39
23377,PACK OF 12 DOLLY GIRL TISSUES,Toys & Games,Pack,2011-09-04 12:41:00,0.2,0.39
23378,PACK OF 12 50'S CHRISTMAS TISSUES,Seasonal & Christmas,Pack,2011-09-01 11:30:00,0.18,0.39
23379,PACK OF 12 RED APPLE TISSUES,General Merchandise,Pack,2011-09-05 12:00:00,0.2,0.39
23380,PACK OF 12 VINTAGE DOILY TISSUES,General Merchandise,Pack,2011-09-05 12:00:00,0.2,0.39
23381,PACK OF 12 VINTAGE LEAF TISSUES,General Merchandise,Pack,2011-09-05 12:00:00,0.2,0.39
23382,BOX OF 6 CHRISTMAS CAKE DECORATIONS,Seasonal & Christmas,Box,2011-10-13 13:42:00,1.69,3.75
23388,WOODLAND MINI BACKPACK,General Merchandise,Woodland,2011-09-11 15:47:00,2.08,4.15
23389,SPACEBOY MINI BACKPACK,General Merchandise,Spaceboy,2011-09-11 13:39:00,2.08,4.15
23390,DOLLY GIRL MINI BACKPACK,Toys & Games,Dolly,2011-09-11 13:39:00,2.08,4.15
23391,I LOVE LONDON MINI BACKPACK,General Merchandise,I,2011-09-11 11:29:00,2.08,4.15
23392,SPACEBOY ROCKET LOLLY MAKERS,General Merchandise,Spaceboy,2011-09-06 10:42:00,1.04,2.08
23393,HOME SWEET HOME CUSHION COVER,Home & Decor,Home,2011-09-04 12:07:00,1.88,3.75
23394,POSTE FRANCE CUSHION COVER,Home & Decor,Poste,2011-09-04 12:07:00,1.88,3.75
23395,BELLE JARDINIERE CUSHION COVER,Kitchenware,Belle,2011-09-04 12:07:00,1.88,3.75
23396,LE JARDIN BOTANIQUE CUSHION COVER,Kitchenware,Le,2011-09-04 12:07:00,1.88,3.75
23397,FOOT STOOL HOME SWEET HOME,General Merchandise,Foot,2011-09-04 12:24:00,4.97,9.95
23398,HANGING HEART BONHEUR,General Merchandise,Hanging,2011-09-04 14:08:00,0.42,0.85
23399,HOME SWEET HOME HANGING HEART,General Merchandise,Home,2011-09-04 12:54:00,0.42,0.85
23400,SHELF WITH 4 HOOKS HOME SWEET HOME,Home & Decor,Shelf,2011-09-06 11:55:00,3.12,6.25
23401,RUSTIC MIRROR WITH LACE HEART,General Merchandise,Rustic,2011-09-07 16:27:00,3.12,6.25
23402,HOME SWEET HOME 3 PEG HANGER,General Merchandise,Home,2011-09-05 12:00:00,1.88,3.75
23403,LETTER HOLDER HOME SWEET HOME,Home & Decor,Letter,2011-09-05 12:00:00,1.88,3.75
23404,HOME SWEET HOME BLACKBOARD,General Merchandise,Home,2011-09-05 10:15:00,2.48,4.95
23405,HOME SWEET HOME 2 DRAWER CABINET,General Merchandise,Home,2011-09-05 11:18:00,2.48,4.95
23406,HOME SWEET HOME KEY HOLDER,Home & Decor,Home,2011-09-05 10:15:00,3.12,6.25
23407,SET OF 2 TRAYS HOME SWEET HOME,General Merchandise,Set,2011-09-04 12:07:00,4.97,9.95
23408,PHOTO FRAME LINEN AND LACE SMALL,Home & Decor,Photo,2011-09-07 16:27:00,1.04,2.08
23409,PHOTO FRAME LINEN AND LACE LARGE,Home & Decor,Photo,2011-09-07 16:00:00,1.88,3.75
23410,CURIO CABINET LINEN AND LACE,General Merchandise,Curio,2011-09-08 10:35:00,4.08,8.15
23411,TRELLIS COAT RACK,General Merchandise,Trellis,2011-09-04 14:08:00,2.48,4.95
23412,HEART MIRROR ANTIQUE WHITE,General Merchandise,Heart,2011-09-06 09:53:00,3.75,7.5
23413,VINTAGE COFFEE GRINDER BOX,General Merchandise,Vintage,2011-09-07 16:00:00,2.48,4.95
23414,ZINC BOX SIGN HOME,General Merchandise,Zinc,2011-09-04 16:09:00,4.97,9.95
23415,HOME SWEET HOME HOOK,Home & Decor,Home,2011-09-07 15:52:00,0.82,1.65
23416,CHAMBRE HOOK,Home & Decor,Chambre,2011-09-12 13:43:00,0.82,1.65
23417,BATHROOM HOOK,Home & Decor,Bathroom,2011-09-07 15:52:00,0.82,1.65
23418,LAVENDER TOILETTE BOTTLE,General Merchandise,Lavender,2011-09-11 10:53:00,1.04,2.08
23419,HOME SWEET HOME BOTTLE,General Merchandise,Home,2011-09-11 10:53:00,1.04,2.08
23420,PANTRY HOOK TEA STRAINER,Home & Decor,Pantry,2011-09-15 12:46:00,1.04,2.08
23421,PANTRY HOOK SPATULA,Home & Decor,Pantry,2011-09-08 13:38:00,1.04,2.08
23422,PANTRY HOOK BALLOON WHISK,Home & Decor,Pantry,2011-09-07 16:48:00,1.04,2.08
23423,PANTRY 3 HOOK ROLLING PIN HANGER,Home & Decor,Pantry,2011-09-08 13:38:00,1.88,3.75
23424,GINGHAM RECIPE BOOK BOX,General Merchandise,Gingham,2011-09-04 16:09:00,2.48,4.95
23425,STORAGE TIN HOME SWEET HOME,Kitchenware,Storage,2011-09-04 16:09:00,1.25,2.49
23426,METAL SIGN DROP YOUR PANTS,General Merchandise,Metal,2011-09-05 16:22:00,1.44,2.89
23427,STOOL HOME SWEET HOME,General Merchandise,Stool,2011-09-04 12:07:00,6.25,12.5
23428,IVORY RETRO KITCHEN WALL CLOCK,Kitchenware,Ivory,2011-11-17 10:01:00,4.08,8.15
23429,RED RETRO KITCHEN WALL CLOCK,Kitchenware,Red,2011-11-21 10:35:00,4.08,8.15
23430,BLUE RETRO KITCHEN WALL CLOCK,Kitchenware,Blue,2011-11-20 15:35:00,4.08,8.15
23431,NATURAL HANGING QUILTED HEARTS,General Merchandise,Natural,2011-08-26 09:55:00,0.42,0.83
23432,PRETTY HANGING QUILTED HEARTS,General Merchandise,Pretty,2011-08-31 10:06:00,0.42,0.83
23433,HANGING QUILTED PATCHWORK APPLES,General Merchandise,Hanging,2011-08-26 12:49:00,0.42,0.83
23434,3 RAFFIA RIBBONS 50'S CHRISTMAS,Seasonal & Christmas,3,2011-09-11 10:58:00,0.36,0.79
23435,3 RAFFIA RIBBONS VINTAGE CHRISTMAS,Seasonal & Christmas,3,2011-09-09 16:13:00,0.37,0.83
23436,VINTAGE CHRISTMAS GIFT BAG LARGE,Seasonal & Christmas,Vintage,2011-08-02 14:04:00,0.56,1.25
23437,50'S CHRISTMAS GIFT BAG LARGE,Seasonal & Christmas,50'S,2011-08-22 15:05:00,0.56,1.25
23438,RED SPOT GIFT BAG LARGE,Bags & Accessories,Red,2011-08-03 12:20:00,0.62,1.25
23439,HAND WARMER RED LOVE HEART,General Merchandise,Hand,2011-08-24 14:23:00,1.05,2.1
23440,PAINT YOUR OWN EGGS IN CRATE,General Merchandise,Paint,2011-11-24 15:01:00,1.04,2.08
23441,HAND PAINTED HANGING EASTER EGG,General Merchandise,Hand,2011-11-23 10:39:00,0.21,0.42
23442,12 HANGING EGGS HAND PAINTED,General Merchandise,12,2011-11-15 17:14:00,1.04,2.08
23444,Next Day Carriage,General Merchandise,Next,2011-05-26 16:11:00,7.5,15.0
23445,ICE CREAM BUBBLES,General Merchandise,Ice,2011-08-24 11:31:00,0.42,0.83
23446,BLUE BUNNY EASTER EGG BASKET,General Merchandise,Blue,2011-10-10 13:55:00,0.82,1.65
23447,PINK BUNNY EASTER EGG BASKET,General Merchandise,Pink,2011-10-10 13:55:00,0.82,1.65
23448,CREAM BUNNY EASTER EGG BASKET,General Merchandise,Cream,2011-10-10 13:55:00,0.82,1.65
23449,SET OF 6 EASTER RAINBOW CHICKS,General Merchandise,Set,2011-11-15 17:14:00,0.62,1.25
23451,SQUARE MINI PORTRAIT FRAME,Home & Decor,Square,2011-10-14 14:04:00,0.98,1.95
23452,HEART MINI PORTRAIT FRAME,Home & Decor,Heart,2011-10-14 13:35:00,0.98,1.95
23453,OVAL  MINI PORTRAIT FRAME,Home & Decor,Oval,2011-10-14 12:33:00,0.98,1.95
23454,THREE MINI HANGING FRAMES,Home & Decor,Three,2011-10-21 13:13:00,2.08,4.15
23455,SMALL PARLOUR PICTURE FRAME,Home & Decor,Small,2011-10-16 15:44:00,1.44,2.89
23456,MEDIUM PARLOUR PICTURE FRAME,Home & Decor,Medium,2011-10-16 12:25:00,2.08,4.15
23457,LARGE PARLOUR PICTURE FRAME,Home & Decor,Large,2011-10-16 15:44:00,2.48,4.95
23458,DOLLY CABINET 3 DRAWERS,Toys & Games,Dolly,2011-10-17 15:18:00,7.48,14.95
23459,DOLLY CABINET 2 DRAWERS,Toys & Games,Dolly,2011-10-16 12:19:00,6.25,12.5
23460,SWEETHEART WALL TIDY,General Merchandise,Sweetheart,2011-10-20 12:57:00,4.97,9.95
23461,SWEETHEART BIRD HOUSE,General Merchandise,Sweetheart,2011-09-29 15:57:00,2.08,4.15
23462,ROCOCO WALL MIRROR WHITE,General Merchandise,Rococo,2011-10-20 13:06:00,9.98,19.95
23463,VINTAGE ZINC WATERING CAN,Garden,Vintage,2011-10-16 12:28:00,4.97,9.95
23464,VINTAGE ZINC WATERING CAN SMALL,Garden,Vintage,2011-10-16 12:28:00,2.48,4.95
23465,TUSCAN VILLA BIRD FEEDER,General Merchandise,Tuscan,2011-10-04 16:39:00,4.12,8.25
23466,TUSCAN VILLA DOVECOTE BIRD FEEDER,General Merchandise,Tuscan,2011-09-30 08:18:00,4.12,8.25
23467,VINTAGE ZINC PLANTER,General Merchandise,Vintage,2011-10-17 10:10:00,1.64,3.29
23468,TUSCAN VILLA BIRD TABLE,General Merchandise,Tuscan,2011-10-06 17:28:00,4.12,8.25
23469,CARD HOLDER LOVE BIRD SMALL,Home & Decor,Card,2011-09-30 09:39:00,2.08,4.15
23470,CARD HOLDER LOVE BIRD LARGE,Home & Decor,Card,2011-10-02 13:26:00,3.12,6.25
23471,SIX DRAWER OFFICE TIDY,General Merchandise,Six,2011-09-30 15:02:00,4.97,9.95
23472,NINE DRAWER OFFICE TIDY,General Merchandise,Nine,2011-10-02 12:11:00,7.48,14.95
23473,WOODLAND SMALL RED FELT HEART,General Merchandise,Woodland,2011-10-20 12:24:00,0.42,0.83
23474,WOODLAND SMALL BLUE FELT HEART,General Merchandise,Woodland,2011-10-24 13:37:00,0.42,0.83
23475,WOODLAND SMALL PINK FELT HEART,General Merchandise,Woodland,2011-10-27 16:23:00,0.42,0.83
23476,WOODLAND LARGE RED FELT HEART,General Merchandise,Woodland,2011-10-20 12:07:00,0.62,1.25
23477,WOODLAND LARGE BLUE FELT HEART,General Merchandise,Woodland,2011-10-20 12:07:00,0.62,1.25
23478,WOODLAND LARGE PINK FELT HEART,General Merchandise,Woodland,2011-10-20 12:07:00,0.62,1.25
23479,WIRE EGG BASKET,General Merchandise,Wire,2011-10-17 12:41:00,3.92,7.85
23480,MINI LIGHTS WOODLAND MUSHROOMS,Home & Decor,Mini,2011-10-19 15:09:00,1.88,3.75
23481,PEARLISED IVORY HEART SMALL,General Merchandise,Pearlised,2011-10-17 15:06:00,0.62,1.25
23482,PEARLISED IVORY HEART LARGE,General Merchandise,Pearlised,2011-10-14 14:04:00,0.82,1.65
23483,HANGING  BUTTERFLY T-LIGHT HOLDER,Home & Decor,Hanging,2011-10-03 12:47:00,0.62,1.25
23484,HEART TRELLIS TRIPLE T-LIGHT HOLDER,Home & Decor,Heart,2011-09-30 10:18:00,1.44,2.89
23485,BOTANICAL GARDENS WALL CLOCK,Home & Decor,Botanical,2011-10-20 14:51:00,12.5,25.0
23486,ANTIQUE HEART SHELF UNIT,General Merchandise,Antique,2011-10-20 12:21:00,8.32,16.65
23487,SWEET HEART CAKE CARRIER,Kitchenware,Sweet,2011-10-14 11:15:00,4.97,9.95
23489,VINTAGE BELLS GARLAND,General Merchandise,Vintage,2011-10-20 10:10:00,1.44,2.89
23490,T-LIGHT HOLDER HANGING LOVE BIRD,Home & Decor,T-Light,2011-10-14 12:33:00,1.88,3.75
23491,VINTAGE JINGLE BELLS HEART,General Merchandise,Vintage,2011-10-20 10:10:00,4.12,8.25
23492,VINTAGE JINGLE BELLS WREATH,General Merchandise,Vintage,2011-10-20 10:10:00,4.12,8.25
23493,VINTAGE DOILY TRAVEL SEWING KIT,General Merchandise,Vintage,2011-09-22 12:13:00,0.98,1.95
23494,VINTAGE DOILY DELUXE SEWING KIT,General Merchandise,Vintage,2011-09-25 12:31:00,2.98,5.95
23495,SET OF 3 PANTRY WOODEN SPOONS,Kitchenware,Set,2011-10-30 11:55:00,0.62,1.25
23496,PANTRY KITCHEN THERMOMETER,Kitchenware,Pantry,2011-10-30 11:55:00,0.62,1.25
23497,CLASSIC CHROME BICYCLE BELL,General Merchandise,Classic,2011-10-28 13:04:00,0.72,1.45
23498,CLASSIC BICYCLE CLIPS,General Merchandise,Classic,2011-11-25 10:58:00,0.72,1.45
23499,SET 12 VINTAGE DOILY CHALK,General Merchandise,Set,2011-10-20 13:54:00,0.21,0.42
23500,KEY RING BASEBALL BOOT ASSORTED,General Merchandise,Key,2011-10-04 13:58:00,0.62,1.25
23501,KEY RING BASEBALL BOOT UNION JACK,General Merchandise,Key,2011-10-05 10:11:00,0.62,1.25
23502,PLAYING CARDS VINTAGE DOILY,Stationery & Cards,Playing,2011-09-22 12:02:00,0.69,1.25
23503,PLAYING CARDS KEEP CALM & CARRY ON,Stationery & Cards,Playing,2011-09-22 09:52:00,0.69,1.25
23504,PLAYING CARDS JUBILEE UNION JACK,Stationery & Cards,Playing,2011-09-22 11:46:00,0.69,1.25
23505,PLAYING CARDS I LOVE LONDON,Stationery & Cards,Playing,2011-09-22 12:55:00,0.69,1.25
23506,MINI PLAYING CARDS SPACEBOY,Stationery & Cards,Mini,2011-09-22 12:02:00,0.23,0.42
23507,MINI PLAYING CARDS BUFFALO BILL,Stationery & Cards,Mini,2011-09-22 14:11:00,0.23,0.42
23508,MINI PLAYING CARDS DOLLY GIRL,Stationery & Cards,Mini,2011-09-22 14:11:00,0.23,0.42
23509,MINI PLAYING CARDS FUN FAIR,Stationery & Cards,Mini,2011-09-22 14:11:00,0.23,0.42
23510,MINI PLAYING CARDS GYMKHANA,Stationery & Cards,Mini,2011-09-22 14:11:00,0.23,0.42
23511,EMBROIDERED RIBBON REEL EMILY,Stationery & Cards,Embroidered,2011-09-22 12:23:00,1.14,2.08
23512,EMBROIDERED RIBBON REEL ROSIE,Stationery & Cards,Embroidered,2011-09-22 14:10:00,1.14,2.08
23513,EMBROIDERED RIBBON REEL SUSIE,Stationery & Cards,Embroidered,2011-09-22 14:18:00,1.14,2.08
23514,EMBROIDERED RIBBON REEL SALLY,Stationery & Cards,Embroidered,2011-09-22 14:10:00,1.14,2.08
23515,EMBROIDERED RIBBON REEL DAISY,Stationery & Cards,Embroidered,2011-09-22 14:10:00,1.14,2.08
23516,EMBROIDERED RIBBON REEL SOPHIE,Stationery & Cards,Embroidered,2011-09-25 12:22:00,2.06,3.75
23517,EMBROIDERED RIBBON REEL REBECCA,Stationery & Cards,Embroidered,2011-09-22 12:23:00,1.59,2.89
23518,EMBROIDERED RIBBON REEL RACHEL,Stationery & Cards,Embroidered,2011-09-22 14:10:00,1.59,2.89
23519,EMBROIDERED RIBBON REEL CLAIRE,Stationery & Cards,Embroidered,2011-09-25 12:22:00,2.06,3.75
23520,EMBROIDERED RIBBON REEL RUBY,Stationery & Cards,Embroidered,2011-09-22 12:23:00,2.06,3.75
23521,WALL ART CAT AND BIRD,General Merchandise,Wall,2011-10-03 11:37:00,2.17,4.34
23522,WALL ART DOG AND BALL,General Merchandise,Wall,2011-10-03 11:01:00,1.44,2.89
23523,WALL ART TREASURE AHOY,General Merchandise,Wall,2011-10-03 11:37:00,1.88,3.75
23524,WALL ART HORSE & PONY,General Merchandise,Wall,2011-10-02 13:46:00,1.88,3.75
23525,WALL ART BUFFALO BILL,General Merchandise,Wall,2011-10-02 15:50:00,1.88,3.75
23526,WALL ART DOG LICENCE,General Merchandise,Wall,2011-10-03 11:01:00,2.98,5.95
23527,WALL ART ANIMALS AND NATURE,General Merchandise,Wall,2011-10-03 12:17:00,1.88,3.75
23528,WALL ART SPACEBOY,General Merchandise,Wall,2011-10-03 11:01:00,1.88,3.75
23529,WALL ART DOLLY GIRL,Toys & Games,Wall,2011-10-03 12:48:00,1.88,3.75
23530,WALL ART ONLY ONE PERSON,General Merchandise,Wall,2011-10-03 11:37:00,2.48,4.95
23531,WALL ART BIG LOVE,General Merchandise,Wall,2011-10-03 11:37:00,3.48,6.95
23532,WALL ART WORK REST AND PLAY,General Merchandise,Wall,2011-10-02 15:50:00,2.48,4.95
23533,WALL ART GARDEN HAVEN,Garden,Wall,2011-10-03 11:01:00,2.98,5.95
23534,WALL ART STOP FOR TEA,General Merchandise,Wall,2011-10-02 14:37:00,2.98,5.95
23535,WALL ART BICYCLE SAFETY,General Merchandise,Wall,2011-10-02 14:37:00,2.98,5.95
23536,WALL ART VILLAGE SHOW,General Merchandise,Wall,2011-10-03 13:49:00,2.98,5.95
23537,WALL ART I LOVE LONDON,General Merchandise,Wall,2011-10-03 14:52:00,2.48,4.95
23538,WALL ART VINTAGE HEART,General Merchandise,Wall,2011-10-03 11:37:00,2.48,4.95
23539,WALL ART LOVES' SECRET,General Merchandise,Wall,2011-10-02 15:50:00,2.98,5.95
23540,WALL ART THE MAGIC FOREST,General Merchandise,Wall,2011-10-03 14:34:00,3.48,6.95
23541,WALL ART CLASSIC PUDDINGS,General Merchandise,Wall,2011-10-02 14:37:00,4.12,8.25
23542,WALL ART 70'S ALPHABET,General Merchandise,Wall,2011-10-03 11:01:00,4.12,8.25
23543,WALL ART KEEP CALM,General Merchandise,Wall,2011-10-03 11:26:00,4.12,8.25
23544,WALL ART MID CENTURY MODERN,General Merchandise,Wall,2011-10-03 13:49:00,4.12,8.25
23545,WRAP RED VINTAGE DOILY,General Merchandise,Wrap,2011-07-20 13:30:00,0.21,0.42
23546,WRAP PAISLEY PARK,General Merchandise,Wrap,2011-07-19 11:57:00,0.21,0.42
23547,WRAP FLOWER SHOP,General Merchandise,Wrap,2011-07-20 14:39:00,0.21,0.42
23548,WRAP MAGIC FOREST,General Merchandise,Wrap,2011-07-20 14:39:00,0.21,0.42
23549,WRAP BIRD GARDEN,Garden,Wrap,2011-07-19 11:57:00,0.21,0.42
23550,WRAP ALPHABET POSTER,General Merchandise,Wrap,2011-07-18 11:42:00,0.21,0.42
23551,PACK OF 12 PAISLEY PARK TISSUES,General Merchandise,Pack,2011-09-01 15:56:00,0.2,0.39
23552,BICYCLE PUNCTURE REPAIR KIT,General Merchandise,Bicycle,2011-11-25 10:58:00,1.04,2.08
23553,LANDMARK FRAME CAMDEN TOWN,Home & Decor,Landmark,2011-10-20 10:04:00,6.25,12.5
23554,LANDMARK FRAME OXFORD STREET,Home & Decor,Landmark,2011-10-19 12:28:00,6.25,12.5
23555,LANDMARK FRAME NOTTING HILL,Home & Decor,Landmark,2011-10-19 14:12:00,6.25,12.5
23556,LANDMARK FRAME COVENT GARDEN,Home & Decor,Landmark,2011-10-19 12:28:00,6.25,12.5
23557,LANDMARK FRAME BAKER STREET,Home & Decor,Landmark,2011-10-19 13:23:00,6.25,12.5
23558,LANDMARK FRAME LONDON BRIDGE,Home & Decor,Landmark,2011-10-19 12:28:00,6.25,12.5
23559,WOODLAND BUNNIES LOLLY MAKERS,General Merchandise,Woodland,2011-09-08 13:07:00,1.04,2.08
23560,SET OF 6 RIBBONS COUNTRY STYLE,Stationery & Cards,Set,2011-11-27 11:57:00,1.59,2.89
23561,SET OF 6 RIBBONS PARTY,Stationery & Cards,Set,2011-11-27 13:29:00,1.59,2.89
23562,SET OF 6 RIBBONS PERFECTLY PRETTY,Stationery & Cards,Set,2011-11-27 12:29:00,1.59,2.89
23564,EGG CUP MILKMAID INGRID,Kitchenware,Egg,2011-10-13 13:50:00,0.62,1.25
23565,EGG CUP MILKMAID HELGA,Kitchenware,Egg,2011-10-16 12:19:00,0.62,1.25
23566,EGG CUP MILKMAID HEIDI,Kitchenware,Egg,2011-10-17 10:10:00,0.62,1.25
23567,EGG CUP HENRIETTA HEN PINK,Kitchenware,Egg,2011-10-14 09:35:00,0.62,1.25
23568,EGG CUP HENRIETTA HEN CREAM,Kitchenware,Egg,2011-10-16 16:13:00,0.62,1.25
23569,TRADTIONAL ALPHABET STAMP SET,General Merchandise,Tradtional,2011-10-21 15:36:00,2.48,4.95
23570,TRADITIONAL PICK UP STICKS GAME,Toys & Games,Traditional,2011-10-21 13:13:00,0.62,1.25
23571,TRADITIONAL NAUGHTS & CROSSES,General Merchandise,Traditional,2011-10-21 14:23:00,0.82,1.65
23574,PACKING CHARGE,General Merchandise,Packing,2011-07-06 13:04:00,3.75,7.5
23575,SNACK TRAY PAISLEY PARK,General Merchandise,Snack,2011-11-27 11:57:00,0.98,1.95
23576,SNACK TRAY RED VINTAGE DOILY,General Merchandise,Snack,2011-11-27 12:13:00,0.98,1.95
23578,SNACK TRAY RED GINGHAM,General Merchandise,Snack,2011-11-27 11:18:00,0.98,1.95
23579,SNACK TRAY I LOVE LONDON,General Merchandise,Snack,2011-10-18 13:11:00,0.98,1.95
23580,SNACK TRAY HAPPY FOREST,General Merchandise,Snack,2011-11-27 11:57:00,0.98,1.95
23581,JUMBO BAG PAISLEY PARK,Bags & Accessories,Jumbo,2011-10-25 10:31:00,1.04,2.08
23582,VINTAGE DOILY JUMBO BAG RED,Bags & Accessories,Vintage,2011-10-25 09:07:00,1.04,2.08
23583,LUNCH BAG PAISLEY PARK,Bags & Accessories,Lunch,2011-10-25 09:31:00,0.82,1.65
23597,PAPER BUNTING PAISLEY PARK,Stationery & Cards,Paper,2011-11-10 16:27:00,1.62,2.95
23598,PAPER BUNTING VINTAGE PARTY,Stationery & Cards,Paper,2011-11-10 16:20:00,1.62,2.95
23601,SET 10 CARDS SNOWY SNOWDROPS  17100,Stationery & Cards,Set,2011-09-23 17:04:00,1.37,2.49
23602,SET 10 CARDS 3 WISE MEN 17107,Stationery & Cards,Set,2011-11-11 13:06:00,1.6,2.91
23603,SET 10 CARD KRAFT REINDEER 17084,Seasonal & Christmas,Set,2011-10-14 17:17:00,1.12,2.49
23604,SET 10 MINI SANTA & SNOWMAN  17087,Seasonal & Christmas,Set,2011-10-03 16:14:00,0.75,1.66
23605,SET 10 CARDS 12 DAYS OF XMAS 17059,Seasonal & Christmas,Set,2011-10-05 15:56:00,1.31,2.91
23607,SET 10 CARDS HATS & STOCKINGS 17081,Stationery & Cards,Set,2011-09-13 16:05:00,0.91,1.66
23608,SET 10 CARDS RUDOLPHS NOSE 17097,Stationery & Cards,Set,2011-11-03 15:56:00,1.6,2.91
23609,SET 10 CARDS SNOWY ROBIN 17099,Stationery & Cards,Set,2011-11-28 15:31:00,1.6,2.91
23610,SET 10 CARDS CHRISTMAS ROBIN 17095,Seasonal & Christmas,Set,2011-09-23 17:02:00,0.94,2.08
23611,SET 10 CARDS RED RIDING HOOD 17214,Stationery & Cards,Set,2011-09-12 15:40:00,1.37,2.49
23612,SET 10 MINICARDS CUTE SNOWMAN 17071,Seasonal & Christmas,Set,2011-10-06 16:08:00,0.75,1.66
23613,SET 10 XMAS CARDS & BADGES 17070,Seasonal & Christmas,Set,2011-09-07 16:48:00,1.12,2.49
23614,SET 10 CARDS 12 DAYS WRAP  17058,Stationery & Cards,Set,2011-09-07 12:02:00,1.83,3.33
23615,SET 10 CARDS PRINTED GRAPHIC 17219,Stationery & Cards,Set,2011-10-27 17:15:00,1.37,2.49
23616,SET 10 CARDS JINGLE BELLS 17217,Stationery & Cards,Set,2011-11-09 16:14:00,1.37,2.49
23617,SET 10 CARDS SWIRLY XMAS TREE 17104,Seasonal & Christmas,Set,2011-11-29 16:47:00,1.31,2.91
23619,SET 10 CARDS POINSETTIA 17093,Stationery & Cards,Set,2011-10-05 15:56:00,1.37,2.49
23620,SET 10 CARDS PERFECT POST 17090,Stationery & Cards,Set,2011-09-02 16:39:00,1.37,2.49
23621,SET 10 CARDS DAVID'S MADONNA 17074,Stationery & Cards,Set,2011-11-11 09:05:00,1.37,2.49
23623,SET 10 CARD CHRISTMAS WELCOME 17112,Seasonal & Christmas,Set,2011-09-02 16:39:00,1.31,2.91
23624,SET 10 CARD PERFECT NATIVITY 17089,Stationery & Cards,Set,2011-09-22 16:28:00,1.37,2.49
23625,SET 6 CARDS SPARKLY REINDEER 17262,Seasonal & Christmas,Set,2011-09-15 16:32:00,2.25,4.99
23626,SET 10 CARDS DINKY TREE 17076,Stationery & Cards,Set,2011-10-03 16:14:00,1.37,2.49
23627,SET 10 CARDS XMAS GRAPHIC  17218,Seasonal & Christmas,Set,2011-11-11 09:05:00,1.12,2.49
23628,SET 10 CARDS TRIANGLE ICONS  17220,Stationery & Cards,Set,2011-10-31 14:41:00,1.6,2.91
23629,SET 10 CARDS DRESSING UP 17077,Stationery & Cards,Set,2011-09-21 15:43:00,1.37,2.49
23630,SET 10 CARDS HANGING BAUBLES 17080,Stationery & Cards,Set,2011-09-22 09:38:00,1.51,2.74
23632,SET 10 CARDS CHEERFUL ROBIN 17065,Stationery & Cards,Set,2011-09-23 17:04:00,1.14,2.08
23633,SET 10 CARDS WORLD CHILDREN 17067,Stationery & Cards,Set,2011-10-31 14:41:00,1.37,2.49
23634,SET 10 CARDS XMAS CHOIR 17068,Seasonal & Christmas,Set,2011-09-02 16:39:00,1.31,2.91
23635,SET 10 CARDS CHRISTMAS HOLLY  17259,Seasonal & Christmas,Set,2011-10-05 15:56:00,1.87,4.16
23636,SET 10 CARDS WISHING TREE 17116,Stationery & Cards,Set,2011-10-24 17:03:00,1.6,2.91
23637,SET 10 CARDS OUT OF ORDER 17216,Stationery & Cards,Set,2011-09-07 12:02:00,1.37,2.49
23638,SET 10 CARDS ROBIN WATERPUMP  17096,Stationery & Cards,Set,2011-09-27 18:41:00,1.6,2.91
23639,SET 10 CARDS MAGICAL TREE 17086,Stationery & Cards,Set,2011-09-15 16:32:00,1.83,3.33
23640,SET 10 CARDS SCOTTIE DOG 17211,Stationery & Cards,Set,2011-09-07 16:15:00,1.37,2.49
23643,SET 10 CARDS CHRISTMAS BAUBLE 16954,Seasonal & Christmas,Set,2011-10-31 14:41:00,1.5,3.33
23644,SET 10 CARDS CHRISTMAS TREE 16955,Seasonal & Christmas,Set,2011-09-30 17:22:00,1.5,3.33
23645,SET 10 CHRISTMAS CARDS HOHOHO 16956,Seasonal & Christmas,Set,2011-10-27 17:15:00,1.12,2.49
23646,SET 10 CARDS JINGLE BELLS 16957,Stationery & Cards,Set,2011-09-07 16:48:00,1.37,2.49
23649,SET 10 CARDS DECK THE HALLS 16960,Stationery & Cards,Set,2011-11-15 17:00:00,1.37,2.49
23650,SET 10 CARDS FILIGREE BAUBLE 16961,Stationery & Cards,Set,2011-09-27 18:41:00,1.37,2.49
23652,SET 10 CARD CHRISTMAS STAMPS 16963,Seasonal & Christmas,Set,2011-11-17 15:17:00,1.31,2.91
23654,SET 10 CARD SNOWMAN 16965,Seasonal & Christmas,Set,2011-10-27 17:15:00,1.12,2.49
23660,HENRIETTA HEN MUG,Kitchenware,Henrietta,2011-10-13 13:43:00,0.82,1.65
23661,MILK MAIDS MUG,Kitchenware,Milk,2011-10-13 13:43:00,0.82,1.65
23664,FLOWER SHOP DESIGN MUG,Kitchenware,Flower,2011-11-11 15:28:00,0.82,1.65
23681,LUNCH BAG RED VINTAGE DOILY,Bags & Accessories,Lunch,2011-11-06 12:36:00,0.82,1.65
23691,WRAP KEEP CALM BIRTHDAY,General Merchandise,Wrap,2011-11-02 11:52:00,0.21,0.42
23692,WRAP A PRETTY THANK YOU,General Merchandise,Wrap,2011-11-09 11:17:00,0.21,0.42
23694,PAISLEY PARK CARD,Stationery & Cards,Paisley,2011-11-14 13:42:00,0.23,0.42
23695,DOILY THANK YOU CARD,Stationery & Cards,Doily,2011-11-09 14:11:00,0.23,0.42
23697,A PRETTY THANK YOU CARD,Stationery & Cards,A,2011-11-09 14:11:00,0.23,0.42
23702,High Resolution Image,General Merchandise,High,2011-10-19 10:33:00,1.5,3.0
23843,"PAPER CRAFT , LITTLE BIRDIE",Stationery & Cards,Paper,2011-12-09 09:15:00,1.14,2.08
30086C,ASSORTED FRUIT STRAWS,General Merchandise,Assorted,2009-12-01 14:28:00,0.85,1.7
35001B,HAND OPEN SHAPE BLACK,Stationery & Cards,Hand,2009-12-17 13:35:00,1.92,3.49
35001G,HAND OPEN SHAPE GOLD,Stationery & Cards,Hand,2009-12-01 13:41:00,2.34,4.25
35001P,HAND OPEN SHAPE PINK,Stationery & Cards,Hand,2009-12-14 15:06:00,1.92,3.49
35001W,HAND OPEN SHAPE DECO.WHITE,Stationery & Cards,Hand,2009-12-01 13:50:00,1.92,3.49
35004B,SET OF 3 BLACK FLYING DUCKS,General Merchandise,Set,2009-12-01 09:06:00,2.9,5.79
35004C,SET OF 3 COLOURED  FLYING DUCKS,General Merchandise,Set,2009-12-01 14:47:00,2.72,5.45
35004G,SET OF 3 GOLD FLYING DUCKS,General Merchandise,Set,2009-12-01 14:43:00,3.18,6.35
35004P,SET OF 3 PINK FLYING DUCKS,General Merchandise,Set,2009-12-01 12:32:00,2.84,5.68
35004S,SET OF 3 SILVER FLYING DUCKS,General Merchandise,Set,2009-12-01 14:28:00,3.18,6.35
35015,JACOBS LADDER SMALL,General Merchandise,Jacobs,2009-12-02 16:18:00,0.03,0.06
35051B,PINK BEADED CONE CHRISTMAS,Seasonal & Christmas,Pink,2009-12-01 12:57:00,0.19,0.42
35071,ASSORTED SANTA CHRISTMAS DECORATION,Seasonal & Christmas,Assorted,2009-12-01 11:41:00,0.38,0.85
35085E,IVORY ROSE LAMPSHADE,General Merchandise,Ivory,2009-12-01 16:17:00,0.62,1.25
35095A,BLUE VICTORIAN FABRIC OVAL BOX,General Merchandise,Blue,2009-12-01 16:34:00,0.42,0.83
35095B,RED VICTORIAN FABRIC OVAL BOX,General Merchandise,Red,2009-12-01 16:34:00,0.21,0.42
35096A,BLUE VICTORIAN FABRIC HEART BOX,General Merchandise,Blue,2009-12-02 10:09:00,0.42,0.84
35096B,RED VICTORIAN FABRIC HEART BOX,General Merchandise,Red,2009-12-02 14:43:00,0.21,0.42
35160,BUDDHA INCENSE HOLDER ASSORTED,Home & Decor,Buddha,2009-12-01 12:56:00,0.42,0.85
35233,PASTA ENAMEL/BRASS CONTAINER,General Merchandise,Pasta,2009-12-08 15:00:00,1.88,3.75
35240,ENAMEL BLUE RIM OVAL TRAY SET/2,General Merchandise,Enamel,2010-05-27 19:53:00,4.24,8.49
35241,ENAMEL BLUE RIM BISCUIT BIN,General Merchandise,Enamel,2009-12-02 15:04:00,2.48,4.95
35265,COLOURFUL FLOWER FRUIT BOWL,Kitchenware,Colourful,2010-05-25 16:48:00,0.98,1.95
35271S,GOLD PRINT PAPER BAG,Bags & Accessories,Gold,2009-12-05 13:29:00,0.1,0.19
35400,WOODEN BOX ADVENT CALENDAR,Seasonal & Christmas,Wooden,2009-12-01 09:08:00,4.03,8.95
35443,RASTA IN BATH W SPLIFF ASHTRAY,General Merchandise,Rasta,2009-12-06 12:42:00,0.42,0.85
35471A,SET OF 3 BIRD L.BLUE FEATHER,General Merchandise,Set,2009-12-01 14:28:00,0.62,1.25
35471D,SET OF 3 BIRD LIGHT PINK FEATHER,Home & Decor,Set,2009-12-01 14:28:00,0.62,1.25
35537,CANDLE RING W/CLEAR BEADS,Home & Decor,Candle,2009-12-06 15:01:00,0.21,0.42
35591T,TURQUOISE CHRISTMAS TREE,Seasonal & Christmas,Turquoise,2010-09-05 14:01:00,0.56,1.25
35594,WOODEN CHRISTMAS TREE 3 HANGING,Seasonal & Christmas,Wooden,2009-12-01 14:28:00,0.19,0.42
35596,WOOD XMAS TREE 9 FIG SHELVES,Seasonal & Christmas,Wood,2010-10-12 11:39:00,0.38,0.85
35597A,DUSTY PINK CHRISTMAS TREE 30CM,Seasonal & Christmas,Dusty,2010-09-06 11:28:00,0.56,1.25
35597B,BLACKCHRISTMAS TREE 30CM,Seasonal & Christmas,Blackchristmas,2009-12-13 15:54:00,0.56,1.25
35597D,PINK/WHITE CHRISTMAS TREE 30CM,Seasonal & Christmas,Pink/White,2009-12-04 13:31:00,0.29,0.65
35598A,DUSTY PINK CHRISTMAS TREE 60CM,Seasonal & Christmas,Dusty,2009-12-07 12:26:00,1.33,2.95
35598B,BLACK CHRISTMAS TREE 60CM,Seasonal & Christmas,Black,2009-12-01 14:28:00,1.33,2.95
35598C,WHITE CHRISTMAS TREE 60CM,Seasonal & Christmas,White,2009-12-18 16:36:00,1.33,2.95
35598D,PINK/WHITE CHRISTMAS TREE 60CM,Seasonal & Christmas,Pink/White,2009-12-02 14:43:00,0.56,1.25
35599B,BLACK CHRISTMAS TREE 120CM,Seasonal & Christmas,Black,2009-12-02 12:06:00,2.66,5.91
35599D,PINK AND WHITE CHRISTMAS TREE 120CM,Seasonal & Christmas,Pink,2009-12-01 14:28:00,2.66,5.91
35600D,PINK AND WHITE CHRISTMAS TREE 180CM,Seasonal & Christmas,Pink,2009-12-01 14:28:00,1.33,2.95
35603B,S/16 BLACK SHINY/MAT BAUBLES,General Merchandise,S/16,2009-12-17 19:33:00,0.21,0.42
35603C,SET/16 WHITE SHINY & MATT BAUBLES,General Merchandise,Set/16,2009-12-02 15:15:00,0.21,0.42
35607A,PINK FLUFFY CHRISTMAS DECORATION,Seasonal & Christmas,Pink,2009-12-11 12:31:00,0.09,0.19
35607B,BLACK FEATHER CHRISTMAS DECORATION,Seasonal & Christmas,Black,2009-12-11 11:52:00,0.09,0.19
35609A,PINK FEATHER CHRISTMAS DECORATION,Seasonal & Christmas,Pink,2009-12-02 14:36:00,0.09,0.19
35610A,PINK CHRISTMAS FLOCK DROPLET,Seasonal & Christmas,Pink,2009-12-07 17:56:00,0.56,1.25
35610B,BLACK CHRISTMAS FLOCK DROPLET,Seasonal & Christmas,Black,2009-12-02 13:10:00,0.56,1.25
35610C,WHITE CHRISTMAS FLOCK DROPLET,Seasonal & Christmas,White,2009-12-10 09:49:00,0.56,1.25
35611B,BLACK ASSORTED DROPLET DECORATION,Home & Decor,Black,2009-12-03 14:39:00,0.19,0.38
35633B,BLUE TINSEL GARLAND,General Merchandise,Blue,2009-12-04 15:40:00,0.1,0.19
35637A,IVORY STRING CURTAIN WITH POLE,General Merchandise,Ivory,2009-12-13 15:16:00,2.98,5.95
35637C,PINK STRING CURTAIN WITH POLE,General Merchandise,Pink,2010-01-14 08:30:00,2.98,5.95
35638A,PINK AND BLACK STRING CURTAIN,General Merchandise,Pink,2010-01-25 14:01:00,1.98,3.95
35638B,PINK/BLUE STRING CURTAIN,General Merchandise,Pink/Blue,2009-12-09 09:42:00,2.98,5.95
35644,PAIR PINK/BLACK COATHANGERS,General Merchandise,Pair,2010-02-03 13:52:00,0.98,1.95
35645,VINTAGE BEAD PINK JEWEL BOX,General Merchandise,Vintage,2009-12-09 14:48:00,2.12,4.25
35646,VINTAGE BEAD PINK EVENING BAG,Bags & Accessories,Vintage,2009-12-02 10:02:00,1.23,2.46
35647,VINTAGE BEAD PINK SHADE,General Merchandise,Vintage,2009-12-08 15:49:00,0.62,1.25
35648,VINTAGE BEAD PINK PURSE,Bags & Accessories,Vintage,2009-12-02 10:02:00,0.82,1.63
35649,VINTAGE BEAD COSMETIC BAG,Bags & Accessories,Vintage,2009-12-02 10:02:00,1.23,2.46
35650,VINTAGE BEAD PINK JEWEL STAND,General Merchandise,Vintage,2010-06-03 12:38:00,2.48,4.95
35651,VINTAGE BEAD PINK SCARF,General Merchandise,Vintage,2009-12-02 10:02:00,0.82,1.65
35652,VINTAGE BEAD CHAISE LONG JEWEL BOX,General Merchandise,Vintage,2009-12-16 12:29:00,1.81,3.62
35653,VINTAGE BEAD NOTEBOOK,Stationery & Cards,Vintage,2009-12-02 14:43:00,1.62,2.95
35654,VINTAGE BEAD FILLED PINK CUSHION,Home & Decor,Vintage,2010-01-05 12:06:00,2.48,4.95
35751C,PURPLE CURRENT CANDLE RING,Home & Decor,Purple,2009-12-01 11:41:00,0.24,0.47
35751D,PINK CURRENT CANDLE RING,Home & Decor,Pink,2009-12-02 16:18:00,0.1,0.19
35793,S/3 PUPPIES CHRISTMAS DECORATIONS,Seasonal & Christmas,S/3,2009-12-01 14:56:00,1.33,2.95
35809A,ENAMEL PINK TEA CONTAINER,General Merchandise,Enamel,2009-12-03 12:10:00,1.05,2.1
35809B,ENAMEL BLUE RIM TEA CONTAINER,General Merchandise,Enamel,2009-12-02 13:57:00,1.05,2.1
35810A,ENAMEL PINK COFFEE CONTAINER,General Merchandise,Enamel,2009-12-03 12:10:00,1.05,2.1
35810B,ENAMEL BLUE RIM COFFEE CONTAINER,General Merchandise,Enamel,2009-12-02 13:57:00,1.05,2.1
35811A,ENAMEL PINK SUGAR CONTAINER,General Merchandise,Enamel,2009-12-03 12:10:00,1.05,2.1
35815B,"ACRYLIC JEWEL SNOWFLAKE,BLUE",General Merchandise,Acrylic,2009-12-07 18:02:00,0.19,0.38
35815P,"ACRYLIC JEWEL SNOWFLAKE, PINK",General Merchandise,Acrylic,2010-10-18 16:52:00,0.19,0.38
35816B,"ACRYLIC JEWEL ANGEL,BLUE",General Merchandise,Acrylic,2009-12-16 11:57:00,0.62,1.25
35816P,"ACRYLIC JEWEL ANGEL,PINK",General Merchandise,Acrylic,2010-02-18 13:29:00,0.62,1.25
35817B,"ACRYLIC JEWEL SNOWFLAKE,BLUE",General Merchandise,Acrylic,2009-12-03 13:25:00,1.27,2.55
35817P,"ACRYLIC JEWEL SNOWFLAKE,PINK",General Merchandise,Acrylic,2010-05-14 12:00:00,0.19,0.38
35818B,"ACRYLIC JEWEL ICICLE, BLUE",General Merchandise,Acrylic,2010-04-13 14:27:00,0.19,0.38
35818C,"ACRYLIC JEWEL ICICLE, CLEAR",General Merchandise,Acrylic,2009-12-14 17:16:00,1.72,3.43
35818P,"ACRYLIC JEWEL ICICLE, PINK",General Merchandise,Acrylic,2010-05-14 12:00:00,0.19,0.38
35819B,"ACRYLIC HANGING JEWEL,BLUE",General Merchandise,Acrylic,2009-12-14 18:03:00,0.19,0.38
35819P,"ACRYLIC HANGING JEWEL,PINK",General Merchandise,Acrylic,2011-09-16 13:13:00,0.19,0.38
35821B,"JEWELLED DECORATION,BLUE",Home & Decor,Jewelled,2009-12-10 08:29:00,0.19,0.38
35821P,"JEWELLED DECORATION,PINK",Home & Decor,Jewelled,2009-12-02 15:51:00,1.48,2.95
35822B,"ACRYLIC BEAD CHAIN, BLUE",General Merchandise,Acrylic,2010-01-27 12:39:00,0.19,0.38
35822P,"ACRYLIC BEAD CHAIN, PINK",General Merchandise,Acrylic,2010-01-27 12:39:00,0.19,0.38
35823P,"ACRYLIC BEAD GARLAND,PINK",General Merchandise,Acrylic,2010-02-21 12:42:00,1.48,2.95
35824B,"HANGING FLOWERS+MIRROR,BLUE",General Merchandise,Hanging,2009-12-10 08:29:00,0.19,0.38
35824C,"HANGING FLOWERS+MIRROR,CLEAR",General Merchandise,Hanging,2009-12-03 13:25:00,0.47,0.94
35824P,"HANGING FLOWERS+MIRROR,PINK",General Merchandise,Hanging,2010-03-22 14:34:00,0.19,0.38
35832,WOOLLY HAT SOCK GLOVE ADVENT STRING,Seasonal & Christmas,Woolly,2009-12-01 14:43:00,1.33,2.95
35833G,4 GOLD FLOCK CHRISTMAS BALLS,Seasonal & Christmas,4,2009-12-06 14:03:00,0.56,1.25
35833P,4 PINK FLOCK CHRISTMAS BALLS,Seasonal & Christmas,4,2009-12-06 14:03:00,0.56,1.25
35837,SET OF SIX SILVER+RED FLOCK BAUBLES,General Merchandise,Set,2009-12-10 12:44:00,0.42,0.85
35838A,S/6 MULTICOLOUR ORNAMENETAL CANDLE,Home & Decor,S/6,2009-12-07 13:48:00,0.42,0.85
35838B,S/6 SILVER ORNAMENETAL CANDLE,Home & Decor,S/6,2009-12-09 14:30:00,0.42,0.85
35840,FLAT GLASS  BAUBLE WHITE FLOCK,General Merchandise,Flat,2009-12-04 09:43:00,1.27,2.55
35909A,RABBIT EASTER DECORATION,Home & Decor,Rabbit,2010-02-23 12:55:00,1.48,2.95
35909B,PINK FLOWERS RABBIT EASTER,General Merchandise,Pink,2009-12-06 13:53:00,1.48,2.95
35910A,MULTICOLOUR EASTER RABBIT,General Merchandise,Multicolour,2009-12-13 13:27:00,0.98,1.95
35910B,PINK FLOWERS RABBIT EASTER,General Merchandise,Pink,2010-01-07 12:22:00,0.98,1.95
35911A,MULTICOLOUR RABBIT EGG WARMER,General Merchandise,Multicolour,2009-12-02 15:41:00,0.42,0.85
35911B,PINK/FLOWER RABBIT EGG WARMER,General Merchandise,Pink/Flower,2009-12-11 16:11:00,1.05,2.1
35912B,WHITE/PINK CHICK DECORATION,Home & Decor,White/Pink,2010-01-07 12:22:00,0.62,1.25
35913B,WHITE/PINK CHICK EASTER DECORATION,Home & Decor,White/Pink,2010-01-07 12:22:00,0.42,0.85
35914,PINK CHICK EGG WARMER + EGG CUP,Kitchenware,Pink,2009-12-02 13:06:00,0.42,0.85
35915A,CREAM KNITTED HEN,General Merchandise,Cream,2009-12-18 10:59:00,0.64,1.27
35915B,BLUE KNITTED HEN,General Merchandise,Blue,2009-12-18 10:59:00,0.42,0.83
35915C,PEACH KNITTED HEN,General Merchandise,Peach,2009-12-03 14:39:00,0.42,0.83
35916A,YELLOW FELT HANGING HEART W FLOWER,General Merchandise,Yellow,2009-12-07 17:56:00,0.37,0.74
35916B,BLUE FELT HANGING HEART WITH FLOWER,General Merchandise,Blue,2009-12-01 09:57:00,0.32,0.63
35916C,PINK FELT HANGING HEART W FLOWER,General Merchandise,Pink,2009-12-01 09:57:00,0.82,1.63
35918B,BLUE FLORIBUNDA EGG WARMER,General Merchandise,Blue,2009-12-02 13:06:00,0.62,1.25
35920,FOUR RABBIT EASTER DECORATIONS,Home & Decor,Four,2010-01-27 16:41:00,0.62,1.25
35921,EASTER BUNNY HANGING GARLAND,General Merchandise,Easter,2010-01-22 09:48:00,0.62,1.25
35922,EASTER BUNNY WREATH,General Merchandise,Easter,2009-12-22 09:52:00,2.48,4.95
35923,CANDY HEART HANGING DECORATION,Home & Decor,Candy,2009-12-08 12:33:00,0.62,1.25
35924,HANGING FAIRY CAKE DECORATION,Kitchenware,Hanging,2009-12-01 13:31:00,1.05,2.1
35930,PINK HEART CHRISTMAS DECORATION,Seasonal & Christmas,Pink,2009-12-16 17:45:00,0.17,0.38
35931,PINK STAR CHRISTMAS DECORATION,Seasonal & Christmas,Pink,2009-12-01 12:56:00,0.17,0.38
35932,PINK CHRISTMAS TREE DECORATION,Seasonal & Christmas,Pink,2009-12-04 16:45:00,0.17,0.38
35933,PINK STOCKING CHRISTMAS DECORATION,Seasonal & Christmas,Pink,2009-12-01 12:56:00,0.17,0.38
35936,CERISE+GOLD CHRISTMAS TREE DEC,Seasonal & Christmas,Cerise+Gold,2009-12-11 13:52:00,0.17,0.38
35937,CERISE+GOLD CHRISTMAS STOCKING DEC,Seasonal & Christmas,Cerise+Gold,2009-12-15 17:25:00,0.17,0.38
35945,GOLD CHRISTMAS STOCKING DECORATION,Seasonal & Christmas,Gold,2009-12-18 17:24:00,0.88,1.95
35950,FOLKART HEART CHRISTMAS DECORATIONS,Seasonal & Christmas,Folkart,2010-03-03 14:42:00,0.56,1.25
35951,FOLKART BAUBLE CHRISTMAS DECORATION,Seasonal & Christmas,Folkart,2009-12-01 09:57:00,0.37,0.82
35953,FOLKART STAR CHRISTMAS DECORATIONS,Seasonal & Christmas,Folkart,2009-12-03 12:40:00,0.27,0.61
35954,SMALL FOLKART STAR CHRISTMAS DEC,Seasonal & Christmas,Small,2009-12-01 12:22:00,0.19,0.42
35955,SMALL FOLKART CHRISTMAS TREE DEC,Seasonal & Christmas,Small,2009-12-01 12:22:00,0.19,0.42
35957,SMALLFOLKART BAUBLE CHRISTMAS DEC,Seasonal & Christmas,Smallfolkart,2009-12-01 12:22:00,0.75,1.66
35958,FOLKART ZINC STAR CHRISTMAS DEC,Seasonal & Christmas,Folkart,2009-12-03 15:49:00,0.38,0.85
35961,FOLKART ZINC HEART CHRISTMAS DEC,Seasonal & Christmas,Folkart,2009-12-01 14:28:00,0.38,0.85
35962,12 ASS ZINC CHRISTMAS DECORATIONS,Seasonal & Christmas,12,2009-12-01 13:07:00,0.94,2.1
35963,FOLKART ZINC CLIP ON ANGEL WINGS,General Merchandise,Folkart,2009-12-16 12:09:00,0.19,0.38
35964,FOLKART CLIP ON STARS,General Merchandise,Folkart,2009-12-04 09:43:00,0.42,0.83
35965,FOLKART HEART NAPKIN RINGS,General Merchandise,Folkart,2009-12-01 14:49:00,1.56,3.12
35966,FOLKART CHRISTMAS TREE T-LIGHT HOLD,Seasonal & Christmas,Folkart,2009-12-02 14:43:00,0.17,0.38
35967,FOLK ART METAL STAR T-LIGHT HOLDER,Home & Decor,Folk,2009-12-02 14:43:00,0.19,0.38
35968,FOLK ART METAL HEART T-LIGHT HOLDER,Home & Decor,Folk,2009-12-02 14:43:00,0.19,0.38
35969,FOLKART CROWN TABLE DECORATIONS,Home & Decor,Folkart,2009-12-02 14:43:00,0.82,1.65
35970,ZINC FOLKART SLEIGH BELLS,General Merchandise,Zinc,2010-03-19 13:41:00,0.84,1.69
35971,ROSE FOLKART HEART DECORATIONS,Home & Decor,Rose,2009-12-01 12:47:00,0.62,1.25
35972,DAISY FOLKART HEART DECORATION,Home & Decor,Daisy,2009-12-04 09:43:00,0.62,1.25
35973,GERANIUM FOLKART HEART DECORATION,Home & Decor,Geranium,2009-12-09 14:25:00,0.62,1.25
35974,S/6 CHRISTMAS TREE PLACE SETTING,Seasonal & Christmas,S/6,2009-12-16 17:45:00,1.69,3.75
35976B,WHITE SCANDINAVIAN HEART CHRISTMAS,Seasonal & Christmas,White,2009-12-06 14:54:00,0.56,1.25
35979,SIX STRING SCANDINAVIAN HEART DECS,General Merchandise,Six,2009-12-01 13:07:00,1.48,2.95
35980B,RED TOP SCANDINAVIAN HEART,General Merchandise,Red,2009-12-18 13:46:00,0.19,0.38
35980C,REDWHITE STRIPE SCANDINAVIAN HEART,General Merchandise,Redwhite,2009-12-14 15:51:00,0.19,0.38
35981C,WHITE SNOW SCANDINAVIAN STOCKING,General Merchandise,White,2009-12-02 12:43:00,0.19,0.38
35991,SET/6 BLACK SNOWFLAKE T-LIGHTS,Home & Decor,Set/6,2009-12-01 12:13:00,0.21,0.42
35995,SET/6 BLACK GLITTER REINDEER CANDLE,Seasonal & Christmas,Set/6,2009-12-01 12:13:00,0.19,0.42
35999,S/6 SCANDINAVIAN HEART T-LIGHT,Home & Decor,S/6,2009-12-13 11:16:00,1.27,2.55
37112,YELLOW BIRDS FELT DES FOODCOVER,General Merchandise,Yellow,2009-12-04 11:59:00,1.88,3.75
37326,FAIRY DESIGN MUGS,Kitchenware,Fairy,2010-01-11 14:39:00,1.15,2.3
37327,ASSTD MULTICOLOUR CIRCLES MUG,Kitchenware,Asstd,2009-12-02 15:51:00,0.21,0.42
37330,SPOTS MUG,Kitchenware,Spots,2010-01-11 09:38:00,0.98,1.95
37333,"RETRO ""TEA FOR ONE""",General Merchandise,Retro,2009-12-03 13:03:00,2.48,4.95
37340,MULTICOLOUR SPRING FLOWER MUG,Kitchenware,Multicolour,2009-12-01 14:44:00,0.42,0.85
37342,POLKADOT COFFEE CUP & SAUCER PINK,Kitchenware,Polkadot,2009-12-07 17:56:00,1.23,2.46
37343,SPOTS DESIGN MUG W PINK INSIDE,Kitchenware,Spots,2009-12-01 17:19:00,0.82,1.65
37345,ASSTD HEARTS DESIGN MUGS,Kitchenware,Asstd,2009-12-03 12:31:00,0.98,1.95
37348,SET OF 4 PASTEL STACKING MUGS,Kitchenware,Set,2009-12-02 11:53:00,1.27,2.55
37351,ORANGE FLOWER MUG,Kitchenware,Orange,2009-12-22 15:06:00,0.62,1.25
37352,BIRD IN TREE MUG,Kitchenware,Bird,2009-12-17 11:43:00,0.62,1.25
37370,RETRO COFFEE MUGS ASSORTED,Kitchenware,Retro,2009-12-01 09:08:00,0.62,1.25
37379A,PINK CHERRY BLOSSOM CUP & SAUCER,Kitchenware,Pink,2009-12-02 14:36:00,5.51,11.02
37379B,BLUE CHERRY BLOSSOM CUP & SAUCER,Kitchenware,Blue,2010-03-04 09:32:00,0.62,1.25
37399,"ASS RETROSPOOF MUGS,SPORTS",Kitchenware,Ass,2009-12-13 15:55:00,0.62,1.25
37408,ASSORTED DESIGN GEISHA GIRL MUGS,Kitchenware,Assorted,2009-12-04 11:07:00,0.62,1.25
37409,ASSORTED DESIGN FLOWER MUGS,Kitchenware,Assorted,2010-01-14 13:03:00,0.42,0.85
37410,BLACK AND WHITE PAISLEY FLOWER MUG,Kitchenware,Black,2009-12-01 12:19:00,0.62,1.25
37413,ICON MUG REVOLUTIONARY,Kitchenware,Icon,2011-02-07 11:42:00,0.2,0.39
37422,WHITE WITH BLACK CATS BOWL,Kitchenware,White,2009-12-01 14:28:00,0.83,1.66
37423,WHITE WITH BLACK CATS PLATE,Kitchenware,White,2009-12-02 14:36:00,0.83,1.66
37424,WHITE WITH BLACK CATS MUG,Kitchenware,White,2009-12-01 11:45:00,0.83,1.66
37432,MUG PINK AND PURPLE ARABIC DESIGN,Kitchenware,Mug,2009-12-08 13:59:00,0.32,0.65
37438,FUNKY FLOWER COFFEE POT,General Merchandise,Funky,2009-12-13 13:31:00,1.88,3.75
37441,ASSORTED WHITE EMBOSSED CHINA MUGS,Kitchenware,Assorted,2009-12-03 15:15:00,1.05,2.1
37444A,YELLOW BREAKFAST CUP AND SAUCER,Kitchenware,Yellow,2009-12-01 13:29:00,1.48,2.95
37444B,BLUE BREAKFAST CUP AND SAUCER,Kitchenware,Blue,2009-12-01 13:29:00,1.48,2.95
37444C,PINK BREAKFAST CUP AND SAUCER,Kitchenware,Pink,2009-12-01 13:29:00,2.96,5.91
37446,MINI CAKE STAND WITH HANGING CAKES,Kitchenware,Mini,2009-12-01 11:21:00,0.72,1.45
37447,CERAMIC CAKE DESIGN SPOTTED PLATE,Kitchenware,Ceramic,2009-12-01 14:19:00,0.74,1.49
37448,CERAMIC CAKE DESIGN SPOTTED MUG,Kitchenware,Ceramic,2009-12-01 14:19:00,0.74,1.49
37449,CERAMIC CAKE STAND + HANGING CAKES,Kitchenware,Ceramic,2009-12-01 11:21:00,4.97,9.95
37450,CERAMIC CAKE BOWL + HANGING CAKES,Kitchenware,Ceramic,2009-12-01 10:49:00,1.48,2.95
37451,CERAMIC CAKE TEAPOT WITH CHERRY,Kitchenware,Ceramic,2010-02-07 12:16:00,2.48,4.95
37461,FUNKY MONKEY MUG,Kitchenware,Funky,2009-12-01 12:18:00,0.62,1.25
37462B,"PET MUG, BUDGIE",Kitchenware,Pet,2009-12-01 14:28:00,0.42,0.84
37462E,"PET MUG, GOLDFISH",Kitchenware,Pet,2010-01-10 14:02:00,0.42,0.83
37464,ROBOT MUG IN DISPLAY BOX,Kitchenware,Robot,2009-12-01 14:28:00,0.62,1.25
37467,PIG MUG IN TWO COLOUR DESIGNS,Kitchenware,Pig,2009-12-02 14:43:00,2.08,4.17
37468,HARDMAN MUG 3 ASSORTED,Kitchenware,Hardman,2009-12-18 17:15:00,0.2,0.39
37471,MULTICOLOUR DOTS PLATE,Kitchenware,Multicolour,2009-12-22 09:52:00,1.87,3.74
37474,SET/4 2 TONE EGG SHAPE MIXING BOWLS,Kitchenware,Set/4,2009-12-02 11:53:00,4.97,9.95
37475,SET/4 COLOURFUL MIXING BOWLS,Kitchenware,Set/4,2009-12-14 11:48:00,4.97,9.95
37476,CONDIMENT TRAY 4 BOWLS AND 4 SPOONS,Kitchenware,Condiment,2009-12-02 12:06:00,4.97,9.95
37477B,"FLOWER FAIRY MUG+COASTER,LAVENDER",Kitchenware,Flower,2009-12-02 15:41:00,1.88,3.75
37477C,"FLOWER FAIRY MUG+COASTER,ROSE",Kitchenware,Flower,2010-11-23 11:13:00,1.88,3.75
37479B,CUBIC MUG FLOCK BLUE ON BROWN,Kitchenware,Cubic,2010-01-11 09:35:00,0.41,0.82
37479P,CUBIC MUG FLOCK PINK ON BROWN,Kitchenware,Cubic,2010-06-11 15:03:00,0.2,0.39
37481,CUBIC MUG TEATIME CAKES,Kitchenware,Cubic,2010-06-06 11:20:00,1.27,2.55
37482B,CUBIC MUG BLUE POLKA DOT,Kitchenware,Cubic,2009-12-05 15:00:00,1.27,2.55
37482P,CUBIC MUG PINK POLKADOT,Kitchenware,Cubic,2009-12-01 14:56:00,1.27,2.55
37483,ENGLISH ROSE MUG IN GIFT BOX,Kitchenware,English,2010-05-16 11:24:00,1.27,2.55
37484,ENGLISH ROSE TEA FOR ONE GIFT BOX,General Merchandise,English,2009-12-08 13:59:00,3.38,6.75
37485,ENGLISH ROSE TEA SET IN GIFT BOX,General Merchandise,English,2009-12-01 11:21:00,2.33,4.65
37487B,YELLOW/ORANGE FLOWER DESIGN PLATE,Kitchenware,Yellow/Orange,2011-04-11 11:51:00,0.14,0.29
37488A,YELLOW PINK FLOWER DESIGN BIG BOWL,Kitchenware,Yellow,2010-02-23 11:14:00,0.2,0.39
37489A,YELLOW/PINK FLOWER DESIGN BIG MUG,Kitchenware,Yellow/Pink,2009-12-13 11:49:00,0.2,0.39
37489B,BLUE/YELLOW FLOWER DESIGN BIG MUG,Kitchenware,Blue/Yellow,2010-02-12 12:34:00,0.2,0.39
37489C,GREEN/BLUE FLOWER DESIGN BIG MUG,Kitchenware,Green/Blue,2009-12-01 14:28:00,0.58,1.17
37489D,PINK/GREEN FLOWER DESIGN BIG MUG,Kitchenware,Pink/Green,2010-01-14 13:03:00,0.2,0.39
37491A,YELLOW/PINK CERAMIC CANDLE HOLDER,Home & Decor,Yellow/Pink,2009-12-15 18:33:00,1.64,3.29
37491B,BLUE/YELLOW CERAMIC CANDLE HOLDER,Home & Decor,Blue/Yellow,2010-01-11 09:38:00,0.82,1.65
37491C,GREEN/BLUE CERAMIC CANDLE HOLDER,Home & Decor,Green/Blue,2009-12-11 15:40:00,0.82,1.65
37491D,PURPLE/BLUE CERAMIC CANDLE HOLDER,Home & Decor,Purple/Blue,2010-01-27 17:56:00,1.68,3.36
37492A,YELLOW RED FLOWER PIGGY BANK,General Merchandise,Yellow,2009-12-01 11:45:00,2.33,4.65
37492B,BLUE YELLOW FLOWER PIGGY BANK,General Merchandise,Blue,2009-12-02 14:36:00,2.33,4.65
37492C,GREEN BLUE FLOWER PIGGY BANK,General Merchandise,Green,2009-12-01 11:45:00,2.33,4.65
37492D,PURPLE GREEN FLOWER PIGGY BANK,General Merchandise,Purple,2009-12-04 14:37:00,2.33,4.65
37494A,FAIRY CAKE CERAMIC BUTTER DISH,Kitchenware,Fairy,2009-12-02 12:54:00,2.96,5.91
37495,FAIRY CAKE BIRTHDAY CANDLE SET,Kitchenware,Fairy,2009-12-04 09:43:00,1.88,3.75
37500,TEA TIME TEAPOT IN GIFT BOX,Kitchenware,Tea,2009-12-01 12:33:00,4.97,9.95
37501,TEA TIME TEA SET IN GIFT BOX,General Merchandise,Tea,2009-12-02 12:06:00,3.48,6.95
37502,TEA TIME MUG IN GIFT BOX,Kitchenware,Tea,2009-12-01 14:19:00,1.48,2.95
37503,TEA TIME CAKE STAND IN GIFT BOX,Kitchenware,Tea,2009-12-01 12:30:00,5.38,10.75
37506,NEW ENGLAND MILK JUG W GIFT BOX,General Merchandise,New,2009-12-02 13:33:00,2.98,5.95
37508,NEW ENGLAND CERAMIC CAKE SERVER,Kitchenware,New,2009-12-01 14:28:00,1.27,2.55
37509,NEW ENGLAND MUG W GIFT BOX,Kitchenware,New,2010-03-22 14:30:00,1.27,2.55
40001,WHITE BAMBOO RIBS LAMPSHADE,General Merchandise,White,2009-12-06 13:40:00,0.42,0.85
40002,WHITE BAMBOO RIBS LAMPSHADE,General Merchandise,White,2009-12-18 11:18:00,0.42,0.85
40003,WHITE BAMBOO RIBS LAMPSHADE,General Merchandise,White,2009-12-18 17:06:00,0.62,1.25
40005B,BLUE ORGANDY ROUND LAMPSHADE W BEA,General Merchandise,Blue,2010-03-25 15:17:00,0.42,0.85
40016,CHINESE DRAGON PAPER LANTERNS,Home & Decor,Chinese,2009-12-01 17:45:00,0.21,0.42
40018E,TEA TIME PAPER LANTERNS,Home & Decor,Tea,2009-12-01 13:31:00,0.98,1.95
40018F,CHERRY DESIGN PAPERLANTERNS,Home & Decor,Cherry,2009-12-01 13:31:00,0.98,1.95
40046A,RED DAISY PAPER LAMPSHADE,Stationery & Cards,Red,2009-12-02 16:24:00,0.69,1.25
40046C,PINK BUTTERFLY PAPER LAMPSHADE,Stationery & Cards,Pink,2009-12-06 11:58:00,0.69,1.25
44089A,PINK GAUZE BUTTERFLY LAMPSHADE,General Merchandise,Pink,2010-02-04 12:08:00,0.21,0.42
44089C,LILAC GAUZE BUTTERFLY LAMPSHADE,General Merchandise,Lilac,2010-02-04 12:08:00,0.21,0.42
44091A,BLUE CRUSOE CHECK LAMPSHADE,General Merchandise,Blue,2010-03-26 14:16:00,0.21,0.42
44091C,MULTICOLOUR CRUSOE CHECK LAMPSHADE,General Merchandise,Multicolour,2009-12-17 19:54:00,0.21,0.42
44092B,BLUE WHITE PLASTIC RINGS LAMPSHADE,General Merchandise,Blue,2010-07-18 13:22:00,0.42,0.85
44092C,PURPLE/COPPER HANGING LAMPSHADE,General Merchandise,Purple/Copper,2009-12-18 12:04:00,0.42,0.85
44217M,MULTICOLOUR FEATHERS CURTAIN,General Merchandise,Multicolour,2010-02-15 13:20:00,1.98,3.95
44228,CANNABIS LEAF BEAD CURTAIN,General Merchandise,Cannabis,2010-11-18 16:27:00,0.42,0.85
44230,SQUARE MIRROR CURTAIN,General Merchandise,Square,2009-12-01 11:21:00,3.98,7.95
44234,ASSORTED CIRCULAR MOBILE,General Merchandise,Assorted,2009-12-14 15:17:00,0.1,0.21
44235,ASS COL CIRCLE MOBILE,General Merchandise,Ass,2010-01-13 15:24:00,0.21,0.42
44236,PINK/PURPLE CIRCLE CURTAIN,General Merchandise,Pink/Purple,2010-01-24 11:03:00,2.33,4.65
44241C,BLUE BUTTERFLY ON SPRING,General Merchandise,Blue,2010-01-25 15:36:00,0.42,0.85
44242A,LILAC FEATHERS CURTAIN,General Merchandise,Lilac,2010-03-25 13:05:00,0.51,1.02
44242B,PINK FEATHERS CURTAIN,General Merchandise,Pink,2009-12-06 12:07:00,0.62,1.25
44265,M/COLOUR POM-POM CURTAIN,General Merchandise,M/Colour,2009-12-08 13:59:00,2.12,4.25
45008C,DECORATIVE NET CANOPY CREAM,General Merchandise,Decorative,2009-12-03 18:13:00,4.47,8.95
45013,FOLDING SHOE TIDY,General Merchandise,Folding,2010-05-12 12:20:00,1.48,2.95
45014,FOLDING SHIRT TIDY,General Merchandise,Folding,2010-07-15 13:32:00,2.33,4.65
45016,DECORATIVE NET CANOPY LEOPARD,General Merchandise,Decorative,2009-12-14 18:37:00,3.81,7.62
46000M,POLYESTER FILLER PAD 45x45cm,General Merchandise,Polyester,2009-12-01 14:59:00,0.78,1.55
46000P,POLYESTER FILLER PAD 65CMx65CM,General Merchandise,Polyester,2009-12-01 14:59:00,2.12,4.25
46000R,POLYESTER FILLER PAD 45x30cm,General Merchandise,Polyester,2010-01-26 14:18:00,0.72,1.45
46000S,POLYESTER FILLER PAD 40x40cm,General Merchandise,Polyester,2009-12-01 11:50:00,0.72,1.45
46000U,POLYESTER FILLER PAD 30CMx30CM,General Merchandise,Polyester,2009-12-03 13:25:00,0.62,1.25
46037A,PINK CANVAS DES CUSHION COVER,Home & Decor,Pink,2010-05-25 17:31:00,0.62,1.25
46115B,GREEN POP ART MAO CUSHION COVER,Home & Decor,Green,2010-05-11 15:03:00,0.1,0.19
46118,FUNKY MONKEY CUSHION COVER,Home & Decor,Funky,2009-12-03 14:39:00,1.64,3.29
46126A,ELVIS WALLHANGING / CURTAIN,General Merchandise,Elvis,2009-12-03 20:03:00,0.62,1.25
46137D,GREEN CHENILLE SHAGGY RUG,General Merchandise,Green,2010-01-29 14:44:00,1.48,2.95
46138B,BLUE CHENILLE SHAGGY CUSHION COVER,Home & Decor,Blue,2009-12-07 17:56:00,0.98,1.95
46138D,GREEN CHENILLE SHAGGY C/COVER,General Merchandise,Green,2010-03-25 11:32:00,0.98,1.95
46307,ROSES BLUE BASE CUSHION COVER,Home & Decor,Roses,2009-12-21 17:14:00,2.96,5.91
46775A,BUBBLE GUM CHUNKY KNITTED THROW,General Merchandise,Bubble,2009-12-02 14:36:00,5.51,11.02
46775B,BERRIES CHUNKY KNITTED THROW,General Merchandise,Berries,2009-12-02 15:01:00,8.48,16.95
46775D,SUNSET COLOUR CHUNKY KNITTED THROW,General Merchandise,Sunset,2009-12-13 13:31:00,5.51,11.02
46775E,CANDY POP CHUNKY KNITTED THROW,General Merchandise,Candy,2009-12-11 16:11:00,5.51,11.02
46776A,WOVEN BUBBLE GUM CUSHION COVER,Home & Decor,Woven,2009-12-04 09:43:00,2.06,4.13
46776B,WOVEN BERRIES CUSHION COVER,Home & Decor,Woven,2009-12-03 19:23:00,2.1,4.21
46776C,WOVEN FROST CUSHION COVER,Home & Decor,Woven,2009-12-10 09:49:00,2.06,4.13
46776D,WOVEN SUNSET CUSHION COVER,Home & Decor,Woven,2009-12-04 15:30:00,2.1,4.21
46776E,WOVEN CANDY CUSHION COVER,Home & Decor,Woven,2010-01-04 13:03:00,2.1,4.21
46776F,WOVEN ROSE GARDEN CUSHION COVER,Home & Decor,Woven,2009-12-03 13:32:00,2.06,4.13
47013A,WINE BOTTLE DRESSING LT.BLUE,General Merchandise,Wine,2009-12-16 14:59:00,0.14,0.29
47013C,WINE BOTTLE DRESSING DARK BLUE,General Merchandise,Wine,2009-12-04 15:16:00,0.14,0.29
47016,LIGHT DECORATION BATTERY OPERATED,Home & Decor,Light,2009-12-07 12:42:00,1.05,2.1
47021G,SET/6 BEAD COASTERS GAUZE BAG GOLD,Bags & Accessories,Set/6,2009-12-01 13:29:00,0.62,1.25
47310M,SMALL POP BOX FUNKY MONKEY,General Merchandise,Small,2009-12-09 09:51:00,0.82,1.63
47341A,FUSCHIA TABLE RUN FLOWER,General Merchandise,Fuschia,2010-09-13 12:41:00,0.62,1.25
47341B,BLUE TABLE RUN FLOWER,General Merchandise,Blue,2009-12-09 14:48:00,0.62,1.25
47343A,FUSCHIA FLOWER PURSE WITH BEADS,Bags & Accessories,Fuschia,2009-12-17 15:44:00,0.74,1.49
47344B,BLUE FLOWER DES PURSE,Bags & Accessories,Blue,2009-12-17 15:44:00,0.62,1.25
47347B,BLUE FLOWER T-LIGHT HOLDER,Home & Decor,Blue,2009-12-07 13:35:00,0.62,1.25
47348A,FUSCHIA VOILE POINTY SHOE DEC,General Merchandise,Fuschia,2010-04-11 10:35:00,0.2,0.39
47351B,BLUE  VOILE LAMPSHADE,General Merchandise,Blue,2009-12-06 11:58:00,1.48,2.95
47367B,PAIR PADDED HANGERS PINK CHECK,General Merchandise,Pair,2009-12-14 18:37:00,1.68,3.36
47369A,PINK GREEN EMBROIDERY COSMETIC BAG,Bags & Accessories,Pink,2010-03-08 08:33:00,1.48,2.95
47369B,BLUE GREEN EMBROIDERY COSMETIC BAG,Bags & Accessories,Blue,2009-12-13 13:17:00,1.48,2.95
47420,ASSORTED COLOUR SUCTION CUP HOOK,Kitchenware,Assorted,2009-12-02 13:33:00,0.1,0.19
47421,ASSORTED COLOUR LIZARD SUCTION HOOK,Home & Decor,Assorted,2010-02-07 14:58:00,0.21,0.42
47422,ASSORTED MONKEY SUCTION CUP HOOK,Kitchenware,Assorted,2010-02-07 14:58:00,0.21,0.42
47469,ASSORTED SHAPES PHOTO CLIP SILVER,General Merchandise,Assorted,2010-01-19 13:09:00,0.32,0.65
47471,RAINBOW PEGS PHOTO CLIP STRING,General Merchandise,Rainbow,2009-12-01 14:28:00,0.32,0.65
47480,HANGING PHOTO CLIP ROPE LADDER,General Merchandise,Hanging,2009-12-07 15:55:00,0.82,1.65
47481,50CM METAL STRING WITH  7 CLIPS,General Merchandise,50Cm,2009-12-03 14:39:00,0.42,0.85
47502,POLKADOT CUTLERY 24 PCS IN TRAY,General Merchandise,Polkadot,2009-12-09 09:42:00,6.38,12.75
47503A,ASS FLORAL PRINT MULTI SCREWDRIVER,General Merchandise,Ass,2009-12-02 14:43:00,0.21,0.42
47503E,ASS FLORAL PRINT SCISSORS,General Merchandise,Ass,2009-12-08 13:59:00,0.62,1.25
47503F,ASS FLORAL PRINT TORCH,General Merchandise,Ass,2009-12-02 11:33:00,0.82,1.65
47503G,ASS FLORAL PRINT TAPE MEASURE,General Merchandise,Ass,2009-12-02 13:39:00,0.62,1.25
47503H,ASS FLORAL PRINT SPIRIT LEVEL,General Merchandise,Ass,2009-12-08 13:59:00,0.98,1.95
47503J,SET/3 FLORAL GARDEN TOOLS IN BAG,Bags & Accessories,Set/3,2009-12-01 16:19:00,3.98,7.95
47503K,ASSORTED FLORAL SECATEURS,General Merchandise,Assorted,2009-12-01 16:19:00,0.98,1.95
47504E,ENGLISH ROSE SCISSORS,General Merchandise,English,2009-12-01 14:40:00,0.62,1.25
47504F,ENGLISH ROSE TORCH,General Merchandise,English,2009-12-01 12:13:00,0.82,1.65
47504G,ENGLISH ROSE TAPE MEASURE,General Merchandise,English,2009-12-01 14:40:00,0.62,1.25
47504H,ENGLISH ROSE SPIRIT LEVEL,General Merchandise,English,2009-12-03 14:39:00,0.8,1.6
47504J,ENGLISH ROSE SET/3 GARDEN TOOLS,Garden,English,2009-12-03 14:39:00,7.41,14.82
47504K,ENGLISH ROSE GARDEN SECATEURS,Garden,English,2009-12-01 12:13:00,0.98,1.95
47505,MINATURE COLOURED GARDENING SET,Garden,Minature,2009-12-01 11:45:00,2.48,4.95
47518F,ICON PLACEMAT POP ART ELVIS,General Merchandise,Icon,2009-12-01 14:45:00,0.06,0.12
47552A,DOTS IRONING BOARD COVER,General Merchandise,Dots,2009-12-10 16:21:00,0.98,1.95
47554,S/3 COLOURS FLOCK TEA TOWELS,General Merchandise,S/3,2009-12-06 15:51:00,1.27,2.55
47556,SET/2 SPOTTY + ROSE TEA TOWELS,General Merchandise,Set/2,2009-12-02 14:09:00,1.27,2.55
47556B,TEA TIME TEA TOWELS,General Merchandise,Tea,2009-12-01 16:30:00,1.48,2.95
47559B,TEA TIME OVEN GLOVE,General Merchandise,Tea,2009-12-08 11:22:00,0.62,1.25
47562,ENGLISH ROSE IRONING BOARD COVER,General Merchandise,English,2009-12-03 16:12:00,1.88,3.75
47563A,RETRO LONGBOARD IRONING BOARD COVER,General Merchandise,Retro,2009-12-02 15:41:00,1.64,3.29
47563B,WAVELINE SURF IRONING BOARD COVER,General Merchandise,Waveline,2010-02-14 13:39:00,1.88,3.75
47566,PARTY BUNTING,General Merchandise,Party,2009-12-01 13:07:00,2.48,4.95
47566B,TEA TIME PARTY BUNTING,General Merchandise,Tea,2009-12-01 11:17:00,2.48,4.95
47567B,TEA TIME KITCHEN APRON,Kitchenware,Tea,2009-12-10 16:21:00,2.98,5.95
47568,ENGLISH ROSE DESIGN PEG BAG,Bags & Accessories,English,2009-12-01 12:30:00,1.05,2.1
47569,ENGLISH ROSE DESIGN SHOPPING BAG,Bags & Accessories,English,2009-12-02 16:02:00,1.27,2.55
47570,ENGLISH ROSE TABLE CLOTH,General Merchandise,English,2009-12-02 14:06:00,5.32,10.65
47570B,TEA TIME TABLE CLOTH,General Merchandise,Tea,2009-12-01 15:26:00,5.32,10.65
47574A,ENGLISH ROSE SCENTED HANGING FLOWER,General Merchandise,English,2009-12-09 09:51:00,1.23,2.46
47574B,ENGLISH ROSE SCENTED HANGING HEART,General Merchandise,English,2010-01-06 13:56:00,2.12,4.25
47578A,ENGLISH ROSE SMALL SCENTED FLOWER,General Merchandise,English,2009-12-02 15:04:00,0.42,0.85
47579,TEA TIME BREAKFAST BASKET,General Merchandise,Tea,2009-12-02 12:46:00,1.05,2.1
47580,TEA TIME DES TEA COSY,General Merchandise,Tea,2009-12-02 12:06:00,1.27,2.55
47581B,FAIRY CAKE WICKER PICNIC BASKET,Kitchenware,Fairy,2009-12-08 15:49:00,6.38,12.75
47583A,SET OF 3 WICKER BASKET ROSE,General Merchandise,Set,2010-01-11 13:51:00,12.48,24.95
47583B,SET OF 3 WICKER BASKET TEA AND CAKE,Kitchenware,Set,2009-12-16 10:45:00,12.48,24.95
47585A,PINK FAIRY CAKE CUSHION COVER,Kitchenware,Pink,2009-12-07 17:56:00,1.88,3.75
47586A,PINK FAIRY CAKE CUSHION COVER,Kitchenware,Pink,2009-12-14 18:37:00,1.27,2.55
47587A,PINK FAIRY CAKE COASTER,Kitchenware,Pink,2009-12-01 14:28:00,0.83,1.66
47589,CONGRATULATIONS BUNTING,General Merchandise,Congratulations,2009-12-15 08:01:00,2.72,5.45
47590A,BLUE HAPPY BIRTHDAY BUNTING,General Merchandise,Blue,2009-12-02 13:06:00,2.72,5.45
47590B,PINK HAPPY BIRTHDAY BUNTING,General Merchandise,Pink,2009-12-07 11:35:00,2.72,5.45
47591A,CAROUSEL DES CHILD'S APRON,Bags & Accessories,Carousel,2009-12-01 11:34:00,0.82,1.65
47591B,SCOTTIES CHILDRENS APRON,Bags & Accessories,Scotties,2009-12-01 12:30:00,0.82,1.65
47591C,BLUE FAIRY CAKE CHILD'S APRON,Kitchenware,Blue,2009-12-01 13:37:00,0.98,1.95
47591D,PINK FAIRY CAKE CHILDRENS APRON,Kitchenware,Pink,2009-12-01 11:21:00,0.98,1.95
47592A,CAROUSEL DES CHILD'S OVERALL,General Merchandise,Carousel,2009-12-02 13:32:00,0.83,1.66
47592B,SCOTTIES DESIGN CHILD'S OVERALL,General Merchandise,Scotties,2009-12-03 14:28:00,1.05,2.1
47593A,CAROUSEL DESIGN BABY BIB,General Merchandise,Carousel,2009-12-07 13:59:00,0.42,0.85
47593B,SCOTTIE DOGS BABY BIB,General Merchandise,Scottie,2009-12-02 13:32:00,0.42,0.83
47594A,CAROUSEL DESIGN WASHBAG,Bags & Accessories,Carousel,2009-12-14 17:57:00,0.98,1.95
47594B,SCOTTIES DESIGN WASHBAG,Bags & Accessories,Scotties,2009-12-03 14:39:00,0.98,1.95
47597,NEW ENGLAND TEATOWELS,General Merchandise,New,2009-12-10 12:21:00,0.83,1.66
47598,NEW ENGLAND EGG WARMER,General Merchandise,New,2009-12-01 14:28:00,0.28,0.55
47599A,PINK PARTY BAGS,Bags & Accessories,Pink,2009-12-04 10:57:00,1.05,2.1
47599B,BLUE PARTY BAGS,Bags & Accessories,Blue,2010-01-11 09:53:00,1.05,2.1
48103,DOOR MAT KISS MY.......,General Merchandise,Door,2009-12-18 12:33:00,3.74,7.49
48111,DOORMAT 3 SMILEY CATS,General Merchandise,Doormat,2009-12-01 11:45:00,3.74,7.49
48116,DOORMAT MULTICOLOUR STRIPE,General Merchandise,Doormat,2009-12-01 14:14:00,3.74,7.49
48129,DOORMAT TOPIARY,General Merchandise,Doormat,2009-12-01 11:51:00,3.98,7.95
48138,DOORMAT UNION FLAG,General Merchandise,Doormat,2009-12-15 11:56:00,3.74,7.49
48173A,DOOR MAT BLUE FLOCK,General Merchandise,Door,2010-01-26 16:26:00,3.38,6.75
48173C,DOORMAT BLACK FLOCK,General Merchandise,Doormat,2009-12-01 09:06:00,3.98,7.95
48175,DOOR MAT CAMOUFLAGE,General Merchandise,Door,2009-12-14 17:16:00,2.51,5.02
48179,DOOR MAT SWEET HOME,General Merchandise,Door,2009-12-01 12:13:00,3.38,6.75
48184,DOORMAT ENGLISH ROSE,General Merchandise,Doormat,2009-12-01 12:14:00,3.98,7.95
48185,DOORMAT FAIRY CAKE,Kitchenware,Doormat,2009-12-01 10:52:00,3.98,7.95
48187,DOORMAT NEW ENGLAND,General Merchandise,Doormat,2009-12-01 11:41:00,3.74,7.49
48188,DOORMAT WELCOME PUPPIES,General Merchandise,Doormat,2009-12-01 12:14:00,3.98,7.95
48189,DOOR MAT FRIENDSHIP,General Merchandise,Door,2009-12-01 14:14:00,3.74,7.49
48194,DOORMAT HEARTS,General Merchandise,Doormat,2009-12-01 11:45:00,3.98,7.95
48195,DOOR MAT GREEN PAISLEY,General Merchandise,Door,2009-12-01 11:41:00,3.74,7.49
48197,DOOR MAT BIRD ON THE WIRE,General Merchandise,Door,2009-12-01 13:29:00,3.74,7.49
51008,AFGHAN SLIPPER SOCK PAIR,General Merchandise,Afghan,2009-12-02 08:58:00,1.72,3.45
51012C,"FEATHER DUSTER, COAL BLACK",General Merchandise,Feather,2009-12-01 12:13:00,0.62,1.25
51012L,"FEATHER DUSTER, LIGHT PINK",Home & Decor,Feather,2009-12-03 17:29:00,0.62,1.25
51014A,"FEATHER PEN,HOT PINK",Stationery & Cards,Feather,2009-12-01 14:28:00,0.46,0.83
51014C,"FEATHER PEN,COAL BLACK",Stationery & Cards,Feather,2009-12-01 14:28:00,0.46,0.83
51014L,"FEATHER PEN,LIGHT PINK",Home & Decor,Feather,2009-12-04 08:40:00,0.42,0.83
51020A,SUMMER FUN DESIGN SHOWER CAP,General Merchandise,Summer,2009-12-16 17:34:00,0.62,1.25
51020B,STRIPY DESIGN SHOWER CAP,General Merchandise,Stripy,2009-12-04 14:24:00,0.62,1.25
62018,SOMBRERO,General Merchandise,Sombrero,2009-12-02 15:51:00,0.98,1.95
62043B,BLUE CHECK BAG W HANDLE 34X20CM,Bags & Accessories,Blue,2010-04-30 15:39:00,0.62,1.24
62074B,ELEPHANT CLIP W SUCTION CUP,Kitchenware,Elephant,2009-12-13 11:05:00,0.21,0.42
62086A,PINK RETRO BIG FLOWER BAG,Bags & Accessories,Pink,2010-03-01 12:21:00,0.98,1.95
62094B,TURQ ICE CREAM BUM BAG,Bags & Accessories,Turq,2010-01-19 09:05:00,2.53,5.06
62095B,TURQOISE ICE CREAM SUNHAT,General Merchandise,Turqoise,2010-02-01 09:52:00,0.84,1.69
62096A,PINK/YELLOW FLOWERS HANDBAG,Bags & Accessories,Pink/Yellow,2010-01-07 12:37:00,0.98,1.95
62096B,PURPLE/TURQ FLOWERS HANDBAG,Bags & Accessories,Purple/Turq,2009-12-07 18:02:00,0.98,1.95
62097A,PINK STRIPES SHOULDER BAG,Bags & Accessories,Pink,2009-12-11 16:48:00,1.48,2.95
62097B,BLUE STRIPES SHOULDER BAG,Bags & Accessories,Blue,2010-06-16 13:52:00,0.42,0.83
70006,LOVE HEART POCKET WARMER,General Merchandise,Love,2009-12-01 12:13:00,0.82,1.65
70007,HI TEC ALPINE HAND WARMER,General Merchandise,Hi,2009-12-01 12:13:00,0.82,1.65
71028B,SILVER BLUE EGG T-LIGHT HOLDER,Home & Decor,Silver,2009-12-01 13:47:00,0.82,1.65
71038,WHITE HANGING BEADS CANDLE HOLDER,Home & Decor,White,2009-12-02 14:21:00,2.72,5.45
71050,SMALL SINGLE FLAME CANDLE HOLDER,Home & Decor,Small,2010-06-08 14:10:00,0.18,0.35
71053,WHITE METAL LANTERN,Home & Decor,White,2009-12-01 14:43:00,1.88,3.75
71101A,ANGEL ON KNEES METAL POLE 100CM H,General Merchandise,Angel,2009-12-13 13:39:00,0.42,0.85
71101E,STANDING FAIRY POLE SUPPORT,General Merchandise,Standing,2009-12-13 13:39:00,0.42,0.85
71143,SILVER BOOK MARK WITH BEADS,General Merchandise,Silver,2009-12-01 14:28:00,1.25,2.51
71215,METAL BASE FOR CANDLES,Home & Decor,Metal,2009-12-09 10:41:00,0.21,0.42
71270,PHOTO CLIP LINE,General Merchandise,Photo,2009-12-18 11:18:00,0.62,1.25
71279,PINK GLASS CANDLEHOLDER,Home & Decor,Pink,2009-12-01 13:31:00,1.48,2.95
71403,"PINK/WHITE ""KEEP CLEAN"" BULLET BIN",General Merchandise,Pink/White,2009-12-04 09:43:00,2.9,5.79
71406C,BLACK ORANGE SQUEEZER,General Merchandise,Black,2009-12-03 14:39:00,0.21,0.42
71434B,"BLACK RND BULLET""KEEP CLEAN"" BIN",General Merchandise,Black,2010-01-26 13:15:00,1.27,2.55
71459,HANGING JAM JAR T-LIGHT HOLDER,Kitchenware,Hanging,2009-12-02 10:00:00,0.42,0.85
71477,COLOUR GLASS. STAR T-LIGHT HOLDER,Home & Decor,Colour,2009-12-01 11:21:00,1.62,3.25
71495A,CD WALL TIDY BLUE OFFICE,General Merchandise,Cd,2010-02-09 16:18:00,0.42,0.83
71495B,CD WALL TIDY RED FLOWERS,General Merchandise,Cd,2010-01-28 12:42:00,0.21,0.42
71496A,A4 WALL TIDY BLUE OFFICE,General Merchandise,A4,2010-03-01 10:14:00,0.73,1.46
71496B,A4 WALL TIDY RED FLOWERS,General Merchandise,A4,2010-04-20 14:33:00,0.3,0.59
71510,SQUARE METAL CANDLEHOLDER BASE,Home & Decor,Square,2009-12-17 16:38:00,0.42,0.85
72008,FROSTED BOX 9 WHITE T-LIGHT CANDLES,Home & Decor,Frosted,2009-12-01 11:58:00,0.21,0.42
72023F,RED ORGANIC CANDLE IN GLASS,Home & Decor,Red,2009-12-01 14:35:00,0.62,1.25
72024U,LILAC VOTIVE CANDLE,Home & Decor,Lilac,2009-12-02 13:06:00,0.1,0.21
72038P,PRICE'S CANDLE PEACH,Home & Decor,Price'S,2009-12-02 16:18:00,0.1,0.21
72045D,ROSES ON BLUE TEACUP CANDLE,Kitchenware,Roses,2009-12-03 15:56:00,1.48,2.95
72051S,BAG OF SILVER STONES,Bags & Accessories,Bag,2009-12-01 14:28:00,0.42,0.84
72083A,STRAWBERY SWIRL FLARE CANDLE,Home & Decor,Strawbery,2010-02-24 11:51:00,1.05,2.1
72084B,CHOCOLATE ICE CREAM CANDLE,Home & Decor,Chocolate,2010-03-26 15:32:00,0.98,1.95
72122,COFFEE SCENT PILLAR CANDLE,Home & Decor,Coffee,2009-12-04 15:30:00,0.48,0.95
72127,COLUMBIAN CANDLE ROUND,Home & Decor,Columbian,2009-12-01 13:19:00,0.62,1.25
72128,COLUMBIAN CANDLE ROUND,Home & Decor,Columbian,2009-12-07 12:42:00,0.42,0.85
72129,COLUMBIAN CANDLE ROUND,Home & Decor,Columbian,2009-12-18 16:04:00,0.32,0.65
72130,COLUMBIAN CANDLE ROUND,Home & Decor,Columbian,2009-12-13 11:49:00,0.32,0.65
72131,COLUMBIAN CANDLE RECTANGLE,Home & Decor,Columbian,2009-12-10 17:09:00,0.98,1.95
72132,COLUMBIAN CUBE CANDLE,Home & Decor,Columbian,2009-12-21 12:20:00,0.98,1.95
72133,COLUMBIAN CANDLE RECTANGLE,Home & Decor,Columbian,2009-12-13 11:49:00,0.62,1.25
72134,COLUMBIAN  CUBE CANDLE,Home & Decor,Columbian,2009-12-13 11:49:00,0.42,0.85
72140E,BEST DAD CANDLE LETTERS,Home & Decor,Best,2009-12-07 18:02:00,0.42,0.85
72140F,HAPPY ANNIVERSARY CANDLE LETTERS,Home & Decor,Happy,2009-12-01 13:47:00,0.21,0.42
72225C,LAVENDER SCENT CAKE CANDLE,Kitchenware,Lavender,2009-12-17 19:33:00,0.14,0.29
72225D,VANILLA SCENT CAKE CANDLE,Kitchenware,Vanilla,2009-12-17 19:33:00,0.14,0.29
72232,FENG SHUI PILLAR CANDLE,Home & Decor,Feng,2009-12-06 12:34:00,0.1,0.19
72267,PREMIUM CHURCH CANDLE,Home & Decor,Premium,2009-12-01 12:22:00,1.05,2.1
72349B,SET/6 PURPLE BUTTERFLY T-LIGHTS,Home & Decor,Set/6,2009-12-01 14:19:00,1.05,2.1
72351A,SET/6 TURQUOISE BUTTERFLY T-LIGHTS,Home & Decor,Set/6,2009-12-02 15:10:00,1.05,2.1
72351B,SET/6 PINK  BUTTERFLY T-LIGHTS,Home & Decor,Set/6,2009-12-03 10:17:00,1.05,2.1
72369A,PINK CLEAR GLASS CANDLE PLATE,Kitchenware,Pink,2009-12-03 10:17:00,0.62,1.25
72484,ROSES IN WHITE HEART CANDLE,Home & Decor,Roses,2009-12-02 12:47:00,0.62,1.25
72487,ROSES WHITE ROUND CANDLE,Home & Decor,Roses,2009-12-01 13:47:00,0.74,1.49
72529W,WHITE ADVENT CANDLE,Seasonal & Christmas,White,2009-12-01 14:43:00,0.95,2.12
72586,SET OF 6 HALLOWEEN GHOST T-LIGHTS,Home & Decor,Set,2009-12-04 15:30:00,0.21,0.42
72598,SET/12 TAPER CANDLES,Home & Decor,Set/12,2009-12-01 14:28:00,0.42,0.85
72606A,BROWN ANTIQUE CUBE CANDLE,Home & Decor,Brown,2010-01-11 13:24:00,0.21,0.42
72708,SCULPTED ROUND IVORY CANDLE,Home & Decor,Sculpted,2009-12-10 14:19:00,0.1,0.21
72709,IVORY SCULPTED RND CANDLE,Home & Decor,Ivory,2010-04-19 14:08:00,0.42,0.85
72715,SPHERICAL IVORY CANDLE,Home & Decor,Spherical,2010-02-16 15:35:00,0.21,0.42
72724,SET/6 CHRISTMAS ICICLE T-LIGHTS,Seasonal & Christmas,Set/6,2009-12-01 11:45:00,0.56,1.25
72728,ROSE SCENT CANDLES IN GLASS,Home & Decor,Rose,2009-12-10 18:27:00,0.42,0.85
72739B,WHITE CHOCOLATE SCENT CANDLE,Home & Decor,White,2009-12-01 11:41:00,1.25,2.51
72739C,DARK CHOCOLATE SCENTCANDLE,Home & Decor,Dark,2009-12-02 14:36:00,0.62,1.25
72740A,LARGE STRAWBERRY CHOCOLATE CANDLE,Home & Decor,Large,2009-12-02 14:36:00,2.58,5.17
72740B,LARGE WHITE CHOCOLATE CANDLE,Home & Decor,Large,2010-01-11 14:39:00,2.53,5.06
72741,GRAND CHOCOLATECANDLE,Home & Decor,Grand,2009-12-01 11:41:00,0.72,1.45
72750A,"F.FAIRY S/3 CANDLE/GLASS,LILY/VALLY",Home & Decor,F.Fairy,2009-12-02 16:18:00,0.98,1.95
72750B,FLOWER FAIRY SET 3 CANDLES LAVENDER,Home & Decor,Flower,2009-12-14 15:51:00,0.98,1.95
72750C,"F.FAIRY S/3 CANDLE/GLASS, ROSE",Home & Decor,F.Fairy,2009-12-01 13:50:00,0.98,1.95
72750D,F.FAIRY S/3 CANDLE/GLASS,Home & Decor,F.Fairy,2009-12-07 13:48:00,0.98,1.95
72751A,"F.FAIRY S/3 SML CANDLE,LILY/VALLEY",Home & Decor,F.Fairy,2009-12-04 16:52:00,2.98,5.95
72751B,"F.FAIRY S/3 SML CANDLE, LAVENDER",Home & Decor,F.Fairy,2009-12-04 16:52:00,2.98,5.95
72751C,"F.FAIRY S/3 SML CANDLE, ROSE",Home & Decor,F.Fairy,2010-02-07 12:16:00,2.98,5.95
72752A,"F.FAIRY,CANDLE IN GLASS,LILY/VALLEY",Home & Decor,"F.Fairy,Candle",2009-12-04 16:52:00,2.12,4.25
72752B,"F.FAIRY,CANDLE IN GLASS,LAVENDER",Home & Decor,"F.Fairy,Candle",2009-12-04 16:52:00,2.12,4.25
72753A,S/3 FLWR FAIRY LILLY CANDLES,Home & Decor,S/3,2009-12-01 13:50:00,1.05,2.1
72753B,S/3 FLWR FAIRY LAVENDER CANDLES,Home & Decor,S/3,2009-12-04 15:27:00,1.05,2.1
72753C,S/3 FLWR FAIRY ROSE CANDLES,Home & Decor,S/3,2009-12-06 15:41:00,1.05,2.1
72753D,S/3 FLWR FAIRY SUMMER CANDLES,Home & Decor,S/3,2009-12-06 15:41:00,1.05,2.1
72754A,FLOWER FAIRY POTPOURRI CUSHION LILY,Home & Decor,Flower,2009-12-04 15:26:00,0.32,0.65
72754B,F FAIRY POTPOURRI CUSHIONS LAVENDER,Home & Decor,F,2009-12-01 11:51:00,0.58,1.17
72754D,F FAIRY POTPOURRI CUSHIONS SUMMER,Home & Decor,F,2009-12-02 13:26:00,0.84,1.69
72755C,FLOWER FAIRY OIL BURNER SET ROSE,General Merchandise,Flower,2009-12-22 12:01:00,0.62,1.25
72755D,FLOWER FAIRY OIL BURNER SET SUMMER,General Merchandise,Flower,2009-12-04 09:49:00,0.62,1.25
72756,FAIRY CAKE CANDLES,Kitchenware,Fairy,2009-12-01 10:49:00,0.74,1.49
72760B,VINTAGE CREAM 3 BASKET CAKE STAND,Kitchenware,Vintage,2009-12-01 10:52:00,4.97,9.95
72771B,BURG FLOCK GOLD CUP/CANDLE,Kitchenware,Burg,2009-12-10 09:49:00,0.21,0.42
72771C,BLACK FLOCK GOLD CANDLE,Home & Decor,Black,2009-12-07 17:56:00,0.21,0.42
72772,SET/4 SCENTED CANDLES IN RAMEKINS,Home & Decor,Set/4,2009-12-13 13:24:00,0.62,1.25
72779,SET/6 BLACK ROSE T-LIGHT CANDLES,Home & Decor,Set/6,2009-12-02 13:06:00,0.84,1.69
72780,BLACK SILOUETTE CANDLE PLATE,Kitchenware,Black,2009-12-06 12:42:00,0.42,0.85
72781,BLACK SILOUETTE CANDLE PLATE,Kitchenware,Black,2009-12-17 14:38:00,1.05,2.1
72783,BLACK SIL'T SQU CANDLE PLATE,Kitchenware,Black,2009-12-01 11:21:00,1.05,2.1
72785A,S/4 CONTEMPORY PINK ROSEBUD CANDLES,Home & Decor,S/4,2009-12-11 14:20:00,1.05,2.1
72785B,S/4 CONTEMPORY RED ROSEBUD CANDLES,Home & Decor,S/4,2009-12-11 14:20:00,1.05,2.1
72789,BASKET/8 SCENTED LOVE TOKEN CANDLES,Home & Decor,Basket/8,2009-12-10 14:19:00,1.88,3.75
72793,BLACK BOX MIRROR LANTERN,Home & Decor,Black,2009-12-13 14:38:00,2.98,5.95
72796A,S/3 ENGLISH LAVENDER SQU CANDLE,Home & Decor,S/3,2009-12-02 11:52:00,0.82,1.65
72796B,S/3 FRENCH VANILLA SQU CANDLE,Home & Decor,S/3,2009-12-02 11:52:00,0.82,1.65
72796C,S/3 ROSE GARDEN SCENT SQU CANDLE,Home & Decor,S/3,2010-01-17 13:55:00,0.82,1.65
72798C,SET/4 GARDEN ROSE DINNER CANDLE,Home & Decor,Set/4,2009-12-01 13:31:00,0.82,1.65
72799A,BLACK PILLAR CANDLE SILVER FLOCK,Home & Decor,Black,2009-12-03 13:03:00,1.48,2.95
72799B,PURPLE PILLAR CANDLE BLACK FLOCK,Home & Decor,Purple,2009-12-01 13:47:00,1.48,2.95
72799C,PINK PILLAR CANDLE SILVER FLOCK,Home & Decor,Pink,2009-12-01 13:41:00,1.48,2.95
72799D,BLUE PILLAR CANDLE SILVER FLOCK,Home & Decor,Blue,2009-12-01 13:29:00,1.48,2.95
72799E,IVORY PILLAR CANDLE SILVER FLOCK,Home & Decor,Ivory,2009-12-01 13:41:00,1.48,2.95
72799F,IVORY PILLAR CANDLE GOLD FLOCK,Home & Decor,Ivory,2009-12-01 13:41:00,1.48,2.95
72800A,S/4 BLACK DINNER CANDLE SILVER FLOC,Home & Decor,S/4,2009-12-01 14:28:00,1.27,2.55
72800B,4 PURPLE FLOCK DINNER CANDLES,Home & Decor,4,2009-12-04 13:41:00,1.27,2.55
72800C,4 PINK DINNER CANDLE SILVER FLOCK,Home & Decor,4,2009-12-07 15:26:00,1.27,2.55
72800D,4 BLUE DINNER CANDLES SILVER FLOCK,Home & Decor,4,2009-12-04 13:41:00,1.27,2.55
72800E,4 IVORY DINNER CANDLES SILVER FLOCK,Home & Decor,4,2009-12-01 12:14:00,1.27,2.55
72800F,4 IVORY DINNER CANDLES GOLD FLOCK,Home & Decor,4,2009-12-01 12:14:00,1.27,2.55
72801C,4 ROSE PINK DINNER CANDLES,Home & Decor,4,2009-12-11 15:40:00,0.62,1.25
72801D,4 SKY BLUE DINNER CANDLES,Home & Decor,4,2009-12-04 13:23:00,1.23,2.46
72801E,S/4 FESTIVE GREEN DINNER CANDLES,Home & Decor,S/4,2009-12-01 11:57:00,0.62,1.25
72801F,S/4 FESTIVE RED DINNER CANDLES,Home & Decor,S/4,2009-12-01 12:14:00,0.62,1.25
72801G,4 BURGUNDY WINE DINNER CANDLES,Home & Decor,4,2009-12-01 12:14:00,0.62,1.25
72802A,ROSE SCENT CANDLE IN JEWELLED BOX,Home & Decor,Rose,2009-12-02 09:47:00,2.12,4.25
72802B,OCEAN SCENT CANDLE IN JEWELLED BOX,Home & Decor,Ocean,2009-12-01 11:51:00,2.12,4.25
72802C,VANILLA SCENT CANDLE JEWELLED BOX,Home & Decor,Vanilla,2009-12-01 14:28:00,2.12,4.25
72803A,ROSE SCENT CANDLE JEWELLED DRAWER,Home & Decor,Rose,2009-12-02 12:06:00,2.12,4.25
72803B,OCEAN SCENT CANDLE JEWELLED DRAWER,Home & Decor,Ocean,2009-12-03 14:28:00,2.12,4.25
72805,VANILLA CANDLE IN EMBOSSED ZINC POT,Home & Decor,Vanilla,2009-12-06 12:26:00,0.84,1.69
72807A,SET/3 ROSE CANDLE IN JEWELLED BOX,Home & Decor,Set/3,2009-12-01 14:28:00,2.12,4.25
72807B,SET/3 OCEAN SCENT CANDLE JEWEL BOX,Home & Decor,Set/3,2009-12-01 14:28:00,2.12,4.25
72807C,SET/3 VANILLA SCENTED CANDLE IN BOX,Home & Decor,Set/3,2009-12-01 14:28:00,2.12,4.25
72811,SMALL ZINC/GLASS CANDLEHOLDER,Home & Decor,Small,2009-12-02 11:55:00,0.74,1.49
72812,LARGE ZINC GLASS CANDLEHOLDER,Home & Decor,Large,2009-12-11 16:48:00,2.06,4.13
72814,SET OF 3 CHRISTMAS BRIAR CANDLES,Seasonal & Christmas,Set,2009-12-01 15:36:00,1.69,3.75
72815,3 WICK CHRISTMAS BRIAR CANDLE,Seasonal & Christmas,3,2009-12-01 14:35:00,1.69,3.75
72816,SET/3 CHRISTMAS DECOUPAGE CANDLES,Seasonal & Christmas,Set/3,2009-12-01 12:57:00,0.56,1.25
72817,SET OF 2 CHRISTMAS DECOUPAGE CANDLE,Seasonal & Christmas,Set,2009-12-02 11:53:00,0.56,1.25
72818,CHRISTMAS DECOUPAGE CANDLE,Seasonal & Christmas,Christmas,2009-12-02 13:51:00,0.38,0.85
72819,CUPID DESIGN SCENTED CANDLES,Kitchenware,Cupid,2009-12-04 09:43:00,1.27,2.55
72821,CUPID SCENTED CANDLE IN GLASS,Kitchenware,Cupid,2010-01-31 14:25:00,0.82,1.65
75011,BLUE DAISY MOBILE,General Merchandise,Blue,2009-12-11 15:40:00,0.4,0.79
75013B,"STRING OF 8 BUTTERFLIES,PINK",General Merchandise,String,2009-12-01 12:14:00,0.82,1.65
75049L,LARGE CIRCULAR MIRROR MOBILE,General Merchandise,Large,2009-12-02 11:24:00,0.62,1.25
75131,METAL TUBE CHIME ON BAMBOO,General Merchandise,Metal,2009-12-11 11:17:00,0.84,1.69
75149N,STRING CRYSTALS NATURAL,General Merchandise,String,2009-12-04 14:33:00,0.62,1.25
75172,PAINTED SEA SHELL METAL WINDCHIME,General Merchandise,Painted,2010-06-23 14:34:00,0.4,0.79
75178,ASSTD COL BUTTERFLY/CRYSTAL W/CHIME,General Merchandise,Asstd,2010-02-18 13:29:00,0.62,1.25
77079,DOLPHIN WINDMILL,General Merchandise,Dolphin,2010-03-03 13:57:00,1.06,2.12
77081,FLOWER WINDMILL,General Merchandise,Flower,2009-12-01 14:28:00,0.62,1.25
77101A,UNION FLAG WINDSOCK,General Merchandise,Union,2009-12-06 12:28:00,0.62,1.25
78026,SEAGRASS S/3 SQU LAUNDRY BOX,General Merchandise,Seagrass,2010-01-17 16:05:00,9.99,19.98
78027,SEAGRASS S/2 CORNER LAUNDRY,General Merchandise,Seagrass,2010-01-31 14:01:00,7.98,15.95
78033,FLAG OF ST GEORGE CHAIR,General Merchandise,Flag,2010-01-27 16:34:00,2.98,5.95
78034B,BLUE NETTING STORAGE HANGER,General Merchandise,Blue,2010-06-16 15:27:00,0.98,1.95
78056,CAMOUFLAGE BACKPACK ON WHEELS,General Merchandise,Camouflage,2009-12-02 13:20:00,4.97,9.95
78124,MAGAZINE RACK GEBRA ASSORTED,General Merchandise,Magazine,2009-12-03 14:39:00,0.62,1.25
79000,MOROCCAN TEA GLASS,General Merchandise,Moroccan,2009-12-01 12:32:00,0.42,0.85
79026B,"S/4 ICON COASTER,ELVIS LIVES",General Merchandise,S/4,2009-12-01 14:28:00,0.62,1.25
79029,GLASS HONEYPOT WASP CATCHER,General Merchandise,Glass,2009-12-01 11:57:00,0.98,1.95
79030A,"TUMBLER, ENGLISH ROSE",General Merchandise,"Tumbler,",2009-12-01 14:28:00,0.82,1.65
79030D,TUMBLER BAROQUE,General Merchandise,Tumbler,2009-12-08 12:05:00,0.48,0.97
79030G,"TUMBLER, NEW ENGLAND",General Merchandise,"Tumbler,",2009-12-02 15:04:00,0.82,1.65
79051A,SMOKEY GREY COLOUR D.O.F. GLASS,General Merchandise,Smokey,2009-12-02 14:43:00,0.14,0.29
79062D,"RETRO TIN ASHTRAY,REVOLUTIONARY",Kitchenware,Retro,2011-02-17 14:36:00,0.14,0.29
79063C,"RETRO PILL BOX KEY CHAIN,THE KING",General Merchandise,Retro,2011-03-09 12:35:00,0.1,0.19
79063D,"RETRO PILL BOX , REVOLUTIONARY",General Merchandise,Retro,2011-02-09 13:41:00,0.1,0.19
79065A,TEATIME ROUND CAKE TINS,Kitchenware,Teatime,2009-12-02 12:06:00,4.97,9.95
79066K,RETRO MOD TRAY,General Merchandise,Retro,2009-12-07 17:56:00,0.42,0.85
79067,CORONA MEXICAN TRAY,General Merchandise,Corona,2009-12-01 12:02:00,1.88,3.75
79070B,ENGLISH ROSE SQUARE CAKE TINS,Kitchenware,English,2009-12-01 14:45:00,5.63,11.26
79071B,ENGLISH ROSE METAL WASTE BIN,General Merchandise,English,2010-02-01 13:25:00,1.48,2.95
79072,TEATIME CAKE TIN WITH HANDLE,Kitchenware,Teatime,2009-12-01 14:43:00,4.97,9.95
79140,ASS WINDPROOF MARIJUANA LIGHTERS,Home & Decor,Ass,2010-02-01 15:23:00,0.21,0.42
79144B,PAINTED LIGHTBULB STAR+ MOON,Home & Decor,Painted,2009-12-04 12:37:00,0.42,0.83
79144C,PAINTED LIGHTBULB RAINBOW DESIGN,Home & Decor,Painted,2009-12-14 17:57:00,0.42,0.83
79149B,SILICON STAR BULB  BLUE,General Merchandise,Silicon,2009-12-04 17:31:00,0.21,0.42
79151B,"SILICON CUBE 25W, BLUE",General Merchandise,Silicon,2010-12-05 12:42:00,0.21,0.42
79157B,UBO-LIGHT TRIOBASE BLUE,Home & Decor,Ubo-Light,2010-02-07 15:07:00,0.42,0.85
79157V,UBO-LIGHT TRIOBASE PURPLE,Home & Decor,Ubo-Light,2011-10-09 15:24:00,0.42,0.85
79160,HEART SHAPE WIRELESS DOORBELL,General Merchandise,Heart,2009-12-01 14:28:00,1.05,2.1
79161A,ST GEORGE SET OF 10 PARTY LIGHTS,Home & Decor,St,2010-03-10 14:49:00,1.48,2.95
79163,BLACK CHAMPAGNE GLASS,General Merchandise,Black,2009-12-02 13:06:00,0.72,1.45
79164,BLACK WINE GLASS,General Merchandise,Black,2009-12-01 14:28:00,0.82,1.65
79172D,PURPLE TINT ACRYLIC FLOWER VASE,Home & Decor,Purple,2010-03-08 13:38:00,0.42,0.85
79190A,RETRO PLASTIC 70'S TRAY,General Merchandise,Retro,2009-12-03 14:02:00,0.21,0.42
79190B,RETRO PLASTIC POLKA TRAY,General Merchandise,Retro,2009-12-02 11:52:00,0.21,0.42
79190D,RETRO PLASTIC DAISY TRAY,General Merchandise,Retro,2009-12-03 14:02:00,0.21,0.42
79191B,RETRO PLASTIC POLKA TRAY,General Merchandise,Retro,2009-12-04 09:43:00,0.42,0.85
79191C,RETRO PLASTIC ELEPHANT TRAY,General Merchandise,Retro,2009-12-02 11:52:00,0.42,0.85
79191D,RETRO PLASTIC DAISY TRAY,General Merchandise,Retro,2009-12-02 14:43:00,0.42,0.85
79192A,RETRO PLASTIC 70'S TRAY,General Merchandise,Retro,2009-12-02 12:32:00,0.62,1.25
79301,FEATHER HEART LIGHTS,Home & Decor,Feather,2010-01-21 11:11:00,1.48,2.95
79302M,"ART LIGHTS,FUNK MONKEY",Home & Decor,Art,2009-12-01 14:19:00,1.48,2.95
79303A,WHITE ROHMBIC BLOCK TABLE LAMP,General Merchandise,White,2010-01-26 10:13:00,1.48,2.95
79303B,BLUE STAR BLOCK TABLE LAMP,General Merchandise,Blue,2009-12-02 14:43:00,2.96,5.91
79303D,LILAC FLOWER BLOCK TABLE LAMP,General Merchandise,Lilac,2009-12-01 14:28:00,2.96,5.91
79308B,MOSAIC CANDLE DISH BLUE PURPLE,Home & Decor,Mosaic,2010-06-02 14:48:00,0.42,0.85
79315W,FLYING SAUCER TABLE LIGHT IN WHITE,Home & Decor,Flying,2009-12-03 14:39:00,1.48,2.95
79320,FLAMINGO LIGHTS,Home & Decor,Flamingo,2009-12-02 12:06:00,2.48,4.95
79321,CHILLI LIGHTS,Home & Decor,Chilli,2009-12-01 14:56:00,2.48,4.95
79323B,BLACK CHERRY LIGHTS,Home & Decor,Black,2009-12-01 18:03:00,3.38,6.75
79323G,GOLD  CHERRY LIGHTS,Home & Decor,Gold,2009-12-01 18:03:00,3.38,6.75
79323GR,GREEN CHERRY LIGHTS,Home & Decor,Green,2009-12-01 18:03:00,3.38,6.75
79323LP,LIGHT PINK CHERRY LIGHTS,Home & Decor,Light,2009-12-01 11:45:00,3.38,6.75
79323P,PINK CHERRY LIGHTS,Home & Decor,Pink,2009-12-01 07:45:00,3.38,6.75
79323S,SILVER CHERRY LIGHTS,Home & Decor,Silver,2009-12-01 10:46:00,3.38,6.75
79323W,WHITE CHERRY LIGHTS,Home & Decor,White,2009-12-01 07:45:00,3.38,6.75
79328,BLUE FLOCK GLASS CANDLEHOLDER,Home & Decor,Blue,2009-12-01 17:08:00,0.19,0.38
79329,PINK FLOCK GLASS CANDLEHOLDER,Home & Decor,Pink,2009-12-02 12:19:00,0.82,1.65
79331,PINK FLOCK GLASS CANDLEHOLDER,Home & Decor,Pink,2010-02-10 13:32:00,0.82,1.65
79336,LIGHT PINK FLOCK GLASS CANDLEHOLDER,Home & Decor,Light,2009-12-02 12:32:00,0.82,1.65
79337,BLUE FLOCK GLASS CANDLEHOLDER,Home & Decor,Blue,2010-01-04 13:25:00,0.19,0.38
79338,DARK PINK FLOCK GLASS CANDLEHOLDER,Home & Decor,Dark,2009-12-03 16:09:00,0.82,1.65
79341,WILLOW BRANCH LIGHTS.,Home & Decor,Willow,2009-12-01 11:45:00,3.38,6.75
79342B,BROWN FLOWER LIGHTS,Home & Decor,Brown,2009-12-01 11:45:00,3.38,6.75
79403,FROSTED WHITE BASE,General Merchandise,Frosted,2009-12-18 17:06:00,0.42,0.85
79406,FROSTED WHITE BASE,General Merchandise,Frosted,2009-12-04 09:49:00,0.11,0.22
79413,GLASS WINE GLASS DECORATIONS,Home & Decor,Glass,2009-12-04 14:19:00,0.62,1.25
79532,MOSAIC GLASS BALL CANDLEHOLDER,Home & Decor,Mosaic,2010-06-07 15:31:00,0.62,1.25
79534,MULTICOLOUR GLASS PLATE,Kitchenware,Multicolour,2009-12-02 09:35:00,0.28,0.55
81950B,FLOWER BLUE CLOCK W/SUCKER,Home & Decor,Flower,2009-12-03 17:57:00,0.42,0.85
81950V,FLOWER PURPLE CLOCK W/SUCKER,Home & Decor,Flower,2009-12-03 17:57:00,0.42,0.85
81952B,ROUND BLUE CLOCK W/SUCKER,Home & Decor,Round,2010-01-11 14:39:00,0.37,0.74
81952V,ROUND PURPLE CLOCK WITH SUCKER,Home & Decor,Round,2009-12-02 14:36:00,0.1,0.19
81953B,ROUND BLUE CLOCK WITH SUCKER,Home & Decor,Round,2010-05-09 11:29:00,0.1,0.19
81953P,ROUND ARTICULATED PINK CLOCK W/SUCK,Home & Decor,Round,2010-02-24 12:19:00,0.26,0.52
81985A,"ICON ALARM CLOCK,FUSCHIA  PIN UP",Home & Decor,Icon,2009-12-07 13:59:00,1.27,2.55
82001S,VINYL RECORD FRAME SILVER,Home & Decor,Vinyl,2009-12-01 09:50:00,1.88,3.75
82011A,"BATHROOM SCALES, TROPICAL BEACH",General Merchandise,Bathroom,2010-02-03 08:50:00,1.88,3.75
82011B,BATHROOM SCALES RUBBER DUCKS,General Merchandise,Bathroom,2009-12-02 15:41:00,1.88,3.75
82011C,BATHROOM SCALES FOOTPRINTS IN SAND,General Merchandise,Bathroom,2009-12-07 18:02:00,1.88,3.75
82011E,"BATHROOM SCALES, FAG BREAK",General Merchandise,Bathroom,2010-02-11 10:01:00,1.88,3.75
82069,BEECH WOOD P/FRAME,Home & Decor,Beech,2009-12-16 16:04:00,2.96,5.91
82072,WHITE WOOD SINGLE P/FRAME,Home & Decor,White,2010-02-07 15:16:00,0.62,1.25
82076,BEECH WOOD PHOTO FRAME,Home & Decor,Beech,2009-12-01 14:28:00,1.68,3.36
82081,PINK HEARTS PHOTO ALBUM,General Merchandise,Pink,2009-12-01 14:40:00,3.81,7.62
82093,HEART SHAPE BUTTON FRAME,Home & Decor,Heart,2009-12-01 14:28:00,1.72,3.43
82095,HEART BUTTONS JEWELLERY BOX,General Merchandise,Heart,2009-12-09 14:48:00,2.48,4.96
82482,WOODEN PICTURE FRAME WHITE FINISH,Home & Decor,Wooden,2009-12-01 12:47:00,1.27,2.55
82483,WOOD 2 DRAWER CABINET WHITE FINISH,General Merchandise,Wood,2009-12-01 10:49:00,2.98,5.95
82484,WOOD BLACK BOARD ANT WHITE FINISH,General Merchandise,Wood,2010-04-11 10:30:00,3.38,6.75
82486,WOOD S/3 CABINET ANT WHITE FINISH,General Merchandise,Wood,2009-12-01 10:49:00,3.98,7.95
82494L,WOODEN FRAME ANTIQUE WHITE,Home & Decor,Wooden,2009-12-01 10:49:00,1.48,2.95
82545A,COGNAC AUX OEUFS METAL 1 HOOK,Home & Decor,Cognac,2010-01-14 14:18:00,0.62,1.25
82551,LAUNDRY 15C METAL SIGN,General Merchandise,Laundry,2009-12-01 11:21:00,0.72,1.45
82552,WASHROOM METAL SIGN,General Merchandise,Washroom,2009-12-02 12:06:00,0.72,1.45
82553,POP'S GREASY SPOON METAL SIGN,Kitchenware,Pop'S,2009-12-01 14:28:00,1.68,3.36
82567,"AIRLINE LOUNGE,METAL SIGN",General Merchandise,Airline,2009-12-01 11:21:00,1.05,2.1
82578,KITCHEN METAL SIGN,Kitchenware,Kitchen,2009-12-01 14:28:00,0.28,0.55
82580,BATHROOM METAL SIGN,General Merchandise,Bathroom,2009-12-01 09:50:00,0.28,0.55
82581,TOILET METAL SIGN,General Merchandise,Toilet,2009-12-01 16:34:00,0.28,0.55
82582,AREA PATROLLED METAL SIGN,General Merchandise,Area,2009-12-01 09:06:00,1.05,2.1
82583,HOT BATHS METAL SIGN,General Merchandise,Hot,2009-12-01 14:28:00,1.05,2.1
82585,SWEET VALENCIA CANDLE+CUP,Kitchenware,Sweet,2009-12-02 14:43:00,0.62,1.25
82587,TEXRIO TOMATOES CANDLE+CUP,Kitchenware,Texrio,2009-12-06 12:14:00,0.62,1.25
82597,BOMBS AWAY METAL SIGN,General Merchandise,Bombs,2009-12-01 17:31:00,1.05,2.1
82599,FANNY'S REST STOPMETAL SIGN,General Merchandise,Fanny'S,2009-12-02 14:36:00,1.05,2.1
82600,NO SINGING METAL SIGN,General Merchandise,No,2009-12-01 11:41:00,1.05,2.1
82605,OLD DOC RUSSEL METAL SIGN,General Merchandise,Old,2009-12-02 14:43:00,1.05,2.1
82607A,GLASS BONBON JAR PARFUME AUX FLEURE,Kitchenware,Glass,2009-12-03 10:03:00,0.62,1.25
82607C,GLASS BONBON JAR. SUPERFINES,Kitchenware,Glass,2009-12-01 14:28:00,1.25,2.51
82607E,GLASS BONBON JAR. D'AMANDES,Kitchenware,Glass,2009-12-03 10:03:00,0.62,1.25
82613A,"METAL SIGN,CUPCAKE SINGLE HOOK",Kitchenware,Metal,2009-12-02 14:43:00,0.62,1.25
82613B,"METAL SIGN,CUPCAKE SINGLE HOOK",Kitchenware,Metal,2009-12-01 14:28:00,0.62,1.25
82613C,"METAL SIGN,CUPCAKE SINGLE HOOK",Kitchenware,Metal,2009-12-02 14:36:00,1.23,2.46
82613D,METAL SIGN CUPCAKE SINGLE HOOK,Kitchenware,Metal,2009-12-01 11:21:00,0.62,1.25
82615,PINK MARSHMALLOW SCARF KNITTING KIT,General Merchandise,Pink,2009-12-02 09:47:00,1.48,2.95
82616A,BUBBLE GUM SCARF KNITTING KIT,General Merchandise,Bubble,2009-12-02 12:26:00,1.48,2.95
82616B,FRAPPUCINO SCARF KNITTING KIT,General Merchandise,Frappucino,2009-12-01 11:37:00,1.23,2.46
82616C,MIDNIGHT GLAMOUR SCARF KNITTING KIT,General Merchandise,Midnight,2009-12-02 12:06:00,1.23,2.46
84006,MAGIC TREE -PAPER FLOWERS,Stationery & Cards,Magic,2009-12-01 14:28:00,0.47,0.85
84007,MAGIC GARDEN MOUNT FUJI,Garden,Magic,2009-12-01 11:45:00,1.27,2.55
84012,MAGIC SHEEP WOOL GROWING FROM PAPER,Stationery & Cards,Magic,2009-12-01 11:45:00,0.9,1.63
84016,FLAG OF ST GEORGE CAR FLAG,General Merchandise,Flag,2009-12-07 18:02:00,0.21,0.42
84029C,BROWN FURRY HOT WATER BOTTLE,General Merchandise,Brown,2009-12-01 12:57:00,1.88,3.75
84029D,LEOPARD PRINT HOT WATER BOTTLE,General Merchandise,Leopard,2009-12-07 15:26:00,1.88,3.75
84029E,RED WOOLLY HOTTIE WHITE HEART.,General Merchandise,Red,2009-12-01 09:44:00,1.88,3.75
84029G,KNITTED UNION FLAG HOT WATER BOTTLE,General Merchandise,Knitted,2009-12-01 11:45:00,1.88,3.75
84030B,KNITTED POM POM HOT WATER BOTTLE,General Merchandise,Knitted,2010-01-25 15:38:00,1.88,3.75
84030C,KNITTED RAINBOW HOT WATER BOTTLE,General Merchandise,Knitted,2009-12-01 14:28:00,3.81,7.62
84030E,ENGLISH ROSE HOT WATER BOTTLE,General Merchandise,English,2009-12-03 18:08:00,2.12,4.25
84031A,CHARLIE+LOLA RED HOT WATER BOTTLE,General Merchandise,Charlie+Lola,2009-12-01 09:24:00,2.1,4.21
84031B,CHARLIE LOLA BLUE HOT WATER BOTTLE,General Merchandise,Charlie,2009-12-01 09:24:00,2.1,4.21
84032A,CHARLIE+LOLA PINK HOT WATER BOTTLE,General Merchandise,Charlie+Lola,2009-12-01 09:24:00,1.48,2.95
84032B,CHARLIE + LOLA RED HOT WATER BOTTLE,General Merchandise,Charlie,2009-12-01 09:24:00,1.48,2.95
84033,FLAG OF ST GEORGE,General Merchandise,Flag,2010-01-15 12:22:00,0.82,1.65
84050,PINK HEART SHAPE EGG FRYING PAN,General Merchandise,Pink,2009-12-01 12:30:00,0.82,1.65
84051,ASS COLOUR GLOWING TIARAS,General Merchandise,Ass,2009-12-06 15:32:00,0.42,0.85
84077,WORLD WAR 2 GLIDERS ASSTD DESIGNS,General Merchandise,World,2009-12-01 12:57:00,0.14,0.29
84078A,SET/4 WHITE RETRO STORAGE CUBES,General Merchandise,Set/4,2009-12-02 11:26:00,19.98,39.95
84081,WHITE CERAMIC PARTY SET (5PCS),General Merchandise,White,2009-12-02 14:36:00,2.12,4.25
84086B,YELLOW/BLUE RETRO RADIO,General Merchandise,Yellow/Blue,2010-05-16 16:05:00,1.48,2.95
84086C,PINK/PURPLE RETRO RADIO,General Merchandise,Pink/Purple,2009-12-09 09:42:00,1.48,2.95
84192,ASSORTED COLOUR METAL CAT,General Merchandise,Assorted,2010-02-08 14:00:00,0.62,1.25
84199,GLOW IN DARK DOLPHINS,General Merchandise,Glow,2009-12-01 16:17:00,0.1,0.21
84201B,HAPPY BIRTHDAY CARD STRIPEY TEDDY,Stationery & Cards,Happy,2009-12-06 13:29:00,0.1,0.19
84201C,HAPPY BIRTHDAY CARD TEDDY/CAKE,Kitchenware,Happy,2010-08-23 11:58:00,0.1,0.19
84205C,HAPPY BIRTHDAY GINGER CAT CARD,Stationery & Cards,Happy,2010-03-03 11:51:00,0.1,0.19
84206A,3 BLACK CATS W HEARTS BLANK CARD,Stationery & Cards,3,2009-12-06 13:29:00,0.1,0.19
84206B,CAT W SUNGLASSES BLANK CARD,Stationery & Cards,Cat,2010-08-24 16:14:00,0.1,0.19
84206C,CHAMPAGNE TRAY BLANK CARD,Stationery & Cards,Champagne,2009-12-06 13:29:00,0.1,0.19
84212,"ASSORTED FLOWER COLOUR ""LEIS""",General Merchandise,Assorted,2009-12-06 11:58:00,0.32,0.65
84218,BOX/12 CHICK & EGG IN BASKET,General Merchandise,Box/12,2010-01-31 15:40:00,0.98,1.95
84219,BOX/12 MOTHER & CHICK IN BASKET/BOW,General Merchandise,Box/12,2010-01-31 11:01:00,1.27,2.55
84226,HEN HOUSE W FAMILY IN BARN & NEST,General Merchandise,Hen,2010-02-28 13:55:00,0.42,0.85
84227,HEN HOUSE W CHICK IN NEST,General Merchandise,Hen,2010-02-18 12:34:00,0.21,0.42
84228,HEN HOUSE W CHICK STANDING,General Merchandise,Hen,2009-12-07 17:56:00,0.31,0.62
84231,EASTER BUNNY WITH BASKET ON BACK,General Merchandise,Easter,2010-01-24 14:57:00,0.32,0.65
84247C,PACK/12 BLUE REINDEER CARD,Seasonal & Christmas,Pack/12,2009-12-01 13:29:00,1.33,2.95
84247E,PACK/12 XMAS FUN CARD,Seasonal & Christmas,Pack/12,2010-06-30 15:35:00,1.33,2.95
84247G,"DECOUPAGE,GREETING CARD,",Stationery & Cards,"Decoupage,Greeting",2009-12-03 15:56:00,0.23,0.42
84247H,PACK/12 DECOUPAGE CARD,Stationery & Cards,Pack/12,2009-12-22 12:05:00,1.62,2.95
84247J,PACK/12 RUSSIAN DOLL CARDS,Stationery & Cards,Pack/12,2009-12-02 15:04:00,0.47,0.86
84247K,"FOLK ART GREETING CARD,pack/12",Stationery & Cards,Folk,2009-12-02 14:06:00,1.62,2.95
84247L,FAWN AND MUSHROOM GREETING CARD,Stationery & Cards,Fawn,2009-12-03 14:39:00,0.23,0.42
84247N,PACK/12 BLUE FOLKART CARDS,Stationery & Cards,Pack/12,2010-01-11 14:39:00,1.62,2.95
84249A,"GREETING CARD,SQUARE, DOUGHNUTS",Stationery & Cards,Greeting,2010-02-04 16:16:00,0.23,0.42
84249D,FAIRY CAKE GREETINGS CARD,Kitchenware,Fairy,2009-12-02 12:26:00,0.21,0.42
84250M,"GREETING CARD, BLACKPOOL ROCK",Stationery & Cards,Greeting,2009-12-03 14:39:00,0.47,0.85
84251B,"GREETING CARD, STICKY GORDON",Stationery & Cards,Greeting,2010-03-08 12:08:00,0.23,0.42
84251C,"GREETING CARD, TWO SISTERS.",Stationery & Cards,Greeting,2009-12-14 13:19:00,0.23,0.42
84251F,"GREETING CARD, RITA",Stationery & Cards,Greeting,2009-12-01 12:20:00,0.1,0.19
84251G,"GREETING CARD, OVERCROWDED POOL.",Stationery & Cards,Greeting,2009-12-01 14:28:00,0.23,0.42
84251J,"GREETING CARD, THE BLACK CAT",Stationery & Cards,Greeting,2009-12-01 09:46:00,0.46,0.84
84255A,PINK GLASS COCKTAIL LAMP,General Merchandise,Pink,2009-12-13 15:54:00,1.05,2.1
84255B,ORANGE COCKTAIL GLASS LAMP,General Merchandise,Orange,2009-12-03 13:32:00,1.05,2.1
84270,ASSTD DESIGN BUBBLE GUM RING,General Merchandise,Asstd,2009-12-01 11:58:00,0.1,0.21
84279B,CHERRY BLOSSOM DECORATIVE FLASK,General Merchandise,Cherry,2009-12-01 14:28:00,1.88,3.75
84279P,CHERRY BLOSSOM  DECORATIVE FLASK,General Merchandise,Cherry,2009-12-06 10:38:00,1.88,3.75
84288B,SET/2 BLUE  NOODLE BASKETS,General Merchandise,Set/2,2009-12-01 13:31:00,0.98,1.95
84292,ROSE PINK METAL FOLDING CHAIR,General Merchandise,Rose,2009-12-03 14:39:00,3.98,7.95
84292B,BLUE COL METAL FOLDING CHAIR,General Merchandise,Blue,2010-01-04 14:00:00,3.98,7.95
84306,S/3 PINK SQUARE PLANTERS ROSES,General Merchandise,S/3,2009-12-03 14:39:00,5.48,10.95
84311,CAMOFLAGE CUSHION COVER,Home & Decor,Camoflage,2010-02-09 16:18:00,0.82,1.65
84313A,PINK TV TRAY TABLE,General Merchandise,Pink,2009-12-15 15:21:00,2.12,4.25
84313B,BLUE TV TRAY TABLE,General Merchandise,Blue,2009-12-01 14:28:00,2.12,4.25
84313C,ORANGE TV TRAY TABLE,General Merchandise,Orange,2010-01-11 09:34:00,2.12,4.25
84327A,PINK JUMPER LARRY THE LAMB,General Merchandise,Pink,2009-12-01 10:59:00,1.05,2.1
84340,LARGE FIBRE OPTIC CHRISTMAS TREE,Seasonal & Christmas,Large,2009-12-01 13:29:00,1.15,2.55
84341B,SMALL PINK MAGIC CHRISTMAS TREE,Seasonal & Christmas,Small,2009-12-01 14:14:00,0.38,0.85
84347,ROTATING SILVER ANGELS T-LIGHT HLDR,Home & Decor,Rotating,2009-12-01 11:58:00,1.27,2.55
84352,SILVER CHRISTMAS TREE BAUBLE STAND,Seasonal & Christmas,Silver,2009-12-01 12:02:00,7.63,16.95
84356,POMPOM CURTAIN,General Merchandise,Pompom,2009-12-04 08:36:00,3.48,6.95
84358,FLOOR LAMP SHADE WOOD BASE,General Merchandise,Floor,2009-12-01 18:03:00,4.97,9.95
84360,TABLE LAMP WHITE SHADE WOOD BASE,General Merchandise,Table,2009-12-01 13:47:00,2.98,5.95
84366,VENDETTA CANVAS PICTURE,General Merchandise,Vendetta,2010-02-02 11:40:00,1.88,3.75
84367,LA STREGA CANVAS PICTURE,General Merchandise,La,2009-12-09 09:34:00,0.82,1.65
84371,BIG PINK POODLE,General Merchandise,Big,2009-12-02 10:00:00,9.98,19.95
84375,SET OF 20 KIDS COOKIE CUTTERS,General Merchandise,Set,2009-12-01 12:13:00,1.05,2.1
84378,SET OF 3 HEART COOKIE CUTTERS,General Merchandise,Set,2009-12-01 14:28:00,0.62,1.25
84380,SET OF 3 BUTTERFLY COOKIE CUTTERS,General Merchandise,Set,2009-12-01 14:28:00,0.62,1.25
84387A,BIRD ON BRANCH CANVAS SCREEN,General Merchandise,Bird,2011-07-21 11:55:00,0.98,1.95
84388,WISE MAN STAR SHAPE EGG PAN,General Merchandise,Wise,2009-12-01 12:13:00,0.82,1.65
84396,6 HOOK JEWELLERY STAND BLACK DRESS,Home & Decor,6,2009-12-01 13:50:00,4.24,8.47
84402B,PURPLE DRESS JEWELLERY STAND,General Merchandise,Purple,2010-11-17 12:57:00,0.4,0.79
84402D,PINK DRESS JEWELLERY STAND,General Merchandise,Pink,2009-12-01 11:51:00,0.42,0.85
84405A,S/3 PINK COL METAL BASKET W HANDLE,General Merchandise,S/3,2009-12-02 12:09:00,6.38,12.75
84406B,CREAM CUPID HEARTS COAT HANGER,Kitchenware,Cream,2009-12-01 16:34:00,1.62,3.25
84414B,FUSCHIA/GREEN STRIPE WOOLLY BLANKET,General Merchandise,Fuschia/Green,2009-12-10 15:45:00,2.98,5.95
84415A,PINK FLOCK SUEDE CUSHION COVER,Home & Decor,Pink,2009-12-08 11:52:00,1.88,3.75
84415B,BLUE FLOCK CUSHION COVER,Home & Decor,Blue,2009-12-03 12:44:00,1.88,3.75
84422,PINK/BLUE DISC/MIRROR STRING,General Merchandise,Pink/Blue,2009-12-20 12:10:00,0.42,0.85
84424A,FOUR PICTURE WHITE GLASS FRAME,Home & Decor,Four,2010-06-09 11:28:00,1.88,3.75
84425A,WHITE GLASS TV TRIPLE FRAME,Home & Decor,White,2009-12-04 12:07:00,2.12,4.25
84427B,BLACK GLASS TV DOUBLE P/FRAME 15X10,Home & Decor,Black,2009-12-04 14:37:00,2.12,4.25
84429A,MEDIUM PINK BUDDHA HEAD,General Merchandise,Medium,2009-12-02 14:43:00,1.48,2.95
84437A,S/6 PINK EASTER DECS IN BOX,General Merchandise,S/6,2010-01-11 09:37:00,0.42,0.85
84447,6 RABBIT CHAIN EASTER,General Merchandise,6,2010-01-27 16:41:00,0.83,1.66
84450A,PINK RABBIT SITTING EASTER,General Merchandise,Pink,2009-12-16 13:49:00,0.21,0.42
84450B,PINK/YELLOW RABBIT SAT EASTER,General Merchandise,Pink/Yellow,2009-12-10 09:49:00,0.4,0.81
84452,METAL RABBIT LADDER EASTER,General Merchandise,Metal,2009-12-04 16:12:00,0.42,0.85
84454,WOBBLING METAL CHICKEN EASTER,General Merchandise,Wobbling,2009-12-07 11:46:00,0.42,0.85
84455,SET OF 3 RABBIT CARROTS EASTER,General Merchandise,Set,2010-01-11 09:35:00,0.42,0.85
84456,SET OF 3 RABBIT EGG EASTER,General Merchandise,Set,2009-12-04 16:12:00,0.42,0.85
84457,SET/3 RABBITS FLOWER SKIPPPING ROPE,General Merchandise,Set/3,2010-01-24 14:57:00,0.42,0.85
84458,S/3 RABBIT FLOWER/EGG/CARROT ROPE,General Merchandise,S/3,2010-01-18 11:31:00,0.42,0.85
84459A,PINK METAL CHICKEN HEART,General Merchandise,Pink,2009-12-01 14:28:00,0.74,1.49
84459B,YELLOW METAL CHICKEN HEART,General Merchandise,Yellow,2009-12-07 11:46:00,0.74,1.49
84461,12 PINK HEN+CHICKS IN BASKET,General Merchandise,12,2010-01-31 11:01:00,1.27,2.55
84462,3 PINK HEN+CHICKS IN BASKET,General Merchandise,3,2010-02-02 10:47:00,0.62,1.25
84464,S/60 PINK FLUFFY CHICKS IN BOX,General Merchandise,S/60,2010-01-08 15:19:00,1.27,2.55
84465,15 PINK FLUFFY CHICKS IN BOX,General Merchandise,15,2010-02-03 17:04:00,1.48,2.95
84466,TOP SECRET PEN SET,Stationery & Cards,Top,2009-12-01 12:57:00,0.69,1.25
84467,ENGLISH ROSE DESIGN QUILTED THROW,General Merchandise,English,2009-12-06 12:10:00,12.74,25.49
84469,ROSE DES PADDED FLOOR CUSHION,Home & Decor,Rose,2009-12-04 12:59:00,1.48,2.95
84472,PINK AND LILAC QUILTED THROW,General Merchandise,Pink,2009-12-01 13:07:00,22.98,45.95
84482,BUTTONS DESIGN JEWELLERY BOX,General Merchandise,Buttons,2009-12-06 13:08:00,1.88,3.75
84493,BLUE/PINK NEST STRIPE BOX,General Merchandise,Blue/Pink,2010-06-13 14:40:00,1.27,2.55
84497,BUTTONS AND STRIPES NOTEBOOK,Stationery & Cards,Buttons,2009-12-02 13:26:00,2.06,3.75
84499,BLACK FLOWER CANDLE PLATE,Kitchenware,Black,2009-12-16 17:58:00,0.42,0.85
84507B,STRIPES DESIGN MONKEY DOLL,Toys & Games,Stripes,2009-12-01 09:08:00,1.27,2.55
84507C,BLUE CIRCLES DESIGN MONKEY DOLL,Toys & Games,Blue,2009-12-01 14:19:00,1.27,2.55
84508A,CAMOUFLAGE DESIGN TEDDY,General Merchandise,Camouflage,2009-12-01 14:19:00,1.27,2.55
84508B,STRIPES DESIGN TEDDY,General Merchandise,Stripes,2009-12-04 16:52:00,1.27,2.55
84508C,BLUE CIRCLES DESIGN TEDDY,General Merchandise,Blue,2009-12-04 16:52:00,1.27,2.55
84509A,SET OF 4 ENGLISH ROSE PLACEMATS,General Merchandise,Set,2009-12-01 13:29:00,1.88,3.75
84509B,SET OF 4 FAIRY CAKE PLACEMATS,Kitchenware,Set,2009-12-02 09:21:00,1.88,3.75
84509C,SET OF 4 POLKADOT PLACEMATS,General Merchandise,Set,2009-12-01 14:56:00,1.88,3.75
84509E,SET OF 4 CAROUSEL PLACEMATS,General Merchandise,Set,2010-01-11 09:37:00,1.68,3.36
84509F,SET OF 4 NEW ENGLAND PLACEMATS,General Merchandise,Set,2009-12-04 15:16:00,1.88,3.75
84509G,SET OF 4 FAIRY CAKE PLACEMATS,Kitchenware,Set,2009-12-03 12:31:00,1.88,3.75
84510A,SET OF 4 ENGLISH ROSE COASTERS,General Merchandise,Set,2009-12-01 13:29:00,0.62,1.25
84510B,SET OF 4 FAIRY CAKES COASTERS,Kitchenware,Set,2009-12-01 14:28:00,0.62,1.25
84510C,SET OF 4 POLKADOT COASTERS,General Merchandise,Set,2009-12-02 12:39:00,1.23,2.46
84510E,SET OF 4 GREEN CAROUSEL COASTERS,General Merchandise,Set,2010-01-11 09:37:00,1.23,2.46
84510F,SET OF 4 NEW ENGLAND COASTERS,General Merchandise,Set,2009-12-02 12:44:00,0.62,1.25
84519A,TOMATO CHARLIE+LOLA COASTER SET,General Merchandise,Tomato,2009-12-01 09:24:00,1.48,2.95
84519B,CARROT CHARLIE+LOLA COASTER SET,General Merchandise,Carrot,2009-12-01 09:24:00,1.48,2.95
84520B,PACK 20 ENGLISH ROSE PAPER NAPKINS,Stationery & Cards,Pack,2009-12-01 11:51:00,0.47,0.85
84520D,PACK OF 20 FAIRY CAKE PAPER NAPKINS,Kitchenware,Pack,2009-12-02 12:06:00,0.42,0.85
84522,PINK PARTY SUNGLASSES,General Merchandise,Pink,2009-12-07 13:35:00,0.98,1.95
84526,GIANT BLACK SUNGLASSES,General Merchandise,Giant,2009-12-02 11:53:00,0.98,1.95
84527,FLAMES SUNGLASSES PINK LENSES,General Merchandise,Flames,2010-03-30 12:36:00,0.98,1.95
84529A,PINK KNITTED KIDS RUCKSACK,General Merchandise,Pink,2009-12-16 10:39:00,3.38,6.75
84529B,BLUE KNITTED KID'S RUCKSACK,General Merchandise,Blue,2010-02-14 15:30:00,2.1,4.21
84529C,YELLOW KNITTED KIDS RUCKSACK,General Merchandise,Yellow,2009-12-16 10:39:00,2.1,4.21
84531A,PINK KNITTED EGG COSY,General Merchandise,Pink,2009-12-07 18:02:00,0.42,0.83
84531B,BLUE KNITTED EGG COSY,General Merchandise,Blue,2009-12-07 18:02:00,0.3,0.61
84532B,FAIRY CAKES RECTANGLUAR BOXES,Kitchenware,Fairy,2009-12-02 11:53:00,2.98,5.95
84533B,FAIRY CAKES ROUND NESTING BOXES,Kitchenware,Fairy,2009-12-01 16:34:00,2.98,5.95
84534B,FAIRY CAKE NOTEBOOK A5 SIZE,Kitchenware,Fairy,2009-12-01 14:19:00,0.42,0.85
84535A,ENGLISH ROSE NOTEBOOK A6 SIZE,Stationery & Cards,English,2009-12-01 14:28:00,0.36,0.65
84535B,FAIRY CAKES NOTEBOOK A6 SIZE,Kitchenware,Fairy,2009-12-01 14:19:00,0.32,0.65
84536A,ENGLISH ROSE NOTEBOOK A7 SIZE,Stationery & Cards,English,2009-12-01 14:28:00,0.23,0.42
84536B,FAIRY CAKES NOTEBOOK A7 SIZE,Kitchenware,Fairy,2009-12-01 14:19:00,0.21,0.42
84537B,FAIRY CAKES GIFT BAG,Kitchenware,Fairy,2009-12-03 12:10:00,0.21,0.42
84539,KNITTED RABBIT DOLL,Toys & Games,Knitted,2009-12-07 15:28:00,0.82,1.65
84546,CROCHET POODLE KEYRING,General Merchandise,Crochet,2010-03-01 12:21:00,0.82,1.65
84548,CROCHET BEAR RED/BLUE  KEYRING,General Merchandise,Crochet,2009-12-03 14:28:00,0.82,1.65
84549,CROCHET WHITE RABBIT KEYRING,General Merchandise,Crochet,2009-12-08 17:44:00,0.82,1.65
84550,CROCHET LILAC/RED BEAR KEYRING,General Merchandise,Crochet,2009-12-11 15:37:00,0.82,1.65
84551,CROCHET DOG KEYRING,General Merchandise,Crochet,2009-12-08 17:44:00,0.82,1.65
84555A,YELLOW VW BEETLE CERAMIC MONEY BOX,General Merchandise,Yellow,2010-02-02 15:49:00,1.48,2.95
84558A,3D DOG PICTURE PLAYING CARDS,Stationery & Cards,3D,2009-12-01 14:28:00,1.62,2.95
84559A,3D SHEET OF DOG STICKERS,Stationery & Cards,3D,2009-12-01 12:57:00,0.47,0.85
84559B,3D SHEET OF CAT STICKERS,Stationery & Cards,3D,2009-12-01 16:17:00,0.47,0.85
84559D,3D SHEET OF SEA WORLD STICKERS,Stationery & Cards,3D,2009-12-01 16:17:00,0.47,0.85
84562A,PINK/WHITE RIBBED MELAMINE JUG,General Merchandise,Pink/White,2009-12-03 18:13:00,3.98,7.95
84562B,BLUE/WHITE RIBBED MELAMINE JUG,General Merchandise,Blue/White,2009-12-02 11:24:00,3.98,7.95
84563A,PINK & WHITE BREAKFAST TRAY,General Merchandise,Pink,2009-12-07 17:56:00,2.98,5.95
84563B,BLUE & WHITE BREAKFAST TRAY,General Merchandise,Blue,2009-12-20 13:28:00,2.1,4.21
84564,6 SEGMENT COLOURED SNACK BOWL,Kitchenware,6,2009-12-08 13:38:00,3.98,7.95
84567,FROSTED GLASS WITH SILVER SURROUND,General Merchandise,Frosted,2010-01-20 14:09:00,0.82,1.65
84568,GIRLS ALPHABET IRON ON PATCHES,General Merchandise,Girls,2009-12-01 10:46:00,0.21,0.42
84569A,PACK 3 IRON ON DOG PATCHES,General Merchandise,Pack,2009-12-02 14:43:00,0.62,1.25
84569B,PACK 3 FIRE ENGINE/CAR PATCHES,General Merchandise,Pack,2009-12-04 15:27:00,0.62,1.25
84569C,PACK 4 FLOWER/BUTTERFLY PATCHES,General Merchandise,Pack,2009-12-02 14:43:00,0.62,1.25
84569D,PACK 6 HEART/ICE-CREAM PATCHES,General Merchandise,Pack,2009-12-03 07:25:00,0.62,1.25
84570B,WHITE SATIN DRESS JEWEL STAND,Kitchenware,White,2009-12-15 11:49:00,2.48,4.95
84572,6 HOOK JEWEL STAND LILAC DRESS,Home & Decor,6,2009-12-02 15:51:00,4.24,8.49
84575A,PINK DOG CANNISTER,General Merchandise,Pink,2010-02-21 15:47:00,2.98,5.95
84575B,BROWN DOG CANNISTER W BONE,General Merchandise,Brown,2009-12-09 15:20:00,2.98,5.95
84576,BLUE CAT BISCUIT BARREL PINK HEART,General Merchandise,Blue,2009-12-06 13:05:00,2.06,4.13
84578,ELEPHANT TOY WITH BLUE T-SHIRT,Toys & Games,Elephant,2009-12-01 12:56:00,1.88,3.75
84580,MOUSE TOY WITH PINK T-SHIRT,Toys & Games,Mouse,2009-12-01 13:07:00,1.88,3.75
84581,DOG TOY WITH PINK CROCHET SKIRT,Toys & Games,Dog,2009-12-03 16:09:00,1.88,3.75
84582,PINK CROCHET CAT WITH SCARF,General Merchandise,Pink,2009-12-01 10:59:00,2.12,4.25
84584,PINK GINGHAM CAT WITH SCARF,General Merchandise,Pink,2009-12-03 14:39:00,1.27,2.55
84586L,"PINK ROSES/GINGHAM PATCH RABBIT 8""",General Merchandise,Pink,2009-12-06 11:13:00,1.48,2.95
84592,CROCHET ROSE PURSE WITH SUEDE BACK,Bags & Accessories,Crochet,2009-12-06 11:13:00,1.48,2.95
84593,CROCHET ROSE DES CLOTHES HANGER,General Merchandise,Crochet,2009-12-06 11:13:00,1.48,2.95
84595B,LARGE TRIFLE DESIGN L BLUE BOWL,Kitchenware,Large,2009-12-15 15:21:00,1.88,3.75
84595E,LARGE TORTILLA DESIGN RED BOWL,Kitchenware,Large,2009-12-03 17:29:00,1.64,3.29
84596B,SMALL DOLLY MIX DESIGN ORANGE BOWL,Kitchenware,Small,2009-12-01 14:19:00,0.42,0.83
84596E,SMALL LICORICE DES PINK BOWL,Kitchenware,Small,2009-12-01 14:19:00,0.62,1.25
84596F,SMALL MARSHMALLOWS PINK BOWL,Kitchenware,Small,2009-12-01 09:06:00,0.42,0.83
84596G,SMALL CHOCOLATES PINK BOWL,Kitchenware,Small,2009-12-01 14:19:00,0.42,0.83
84596I,WRAP SWEETS LIGHT PINK SMALL BOWL,Kitchenware,Wrap,2010-02-19 18:04:00,0.62,1.25
84596J,MIXED NUTS LIGHT GREEN BOWL,Kitchenware,Mixed,2009-12-09 09:42:00,0.62,1.25
84596K,JELLY BABIES YELLOW SMALL BOWL,Kitchenware,Jelly,2009-12-01 14:19:00,0.62,1.25
84596L,BISCUITS SMALL BOWL LIGHT BLUE,Kitchenware,Biscuits,2009-12-01 09:06:00,0.42,0.83
84597B,RETRO BROWN BALL ASHTRAY,General Merchandise,Retro,2009-12-09 09:34:00,0.62,1.25
84597C,RETRO PINK BALL ASHTRAY,General Merchandise,Retro,2009-12-02 12:06:00,0.62,1.25
84598,BOYS ALPHABET IRON ON PATCHES,General Merchandise,Boys,2009-12-01 10:46:00,0.21,0.42
84599,CANDY STRIPE ROSE FLOOR CUSHION,Home & Decor,Candy,2010-01-14 11:59:00,6.02,12.04
84600,NEW BAROQUE JEWELLERY BOX,General Merchandise,New,2009-12-02 12:39:00,3.98,7.95
84601A,NEW BAROQUE IVORY CUSHION COVER,Home & Decor,New,2009-12-01 13:47:00,1.48,2.95
84608,ORNATE EDWARDIAN CANDLE HOLDER,Home & Decor,Ornate,2009-12-04 15:27:00,3.98,7.95
84609,TALL ROCOCO CANDLE HOLDER,Home & Decor,Tall,2009-12-16 11:57:00,4.25,8.5
84611B,BLACK NEW BAROQUE FLOCK BOX,General Merchandise,Black,2010-01-07 13:07:00,2.98,5.95
84612B,SET/4 BLACK  BAROQUE FLOCK COASTER,General Merchandise,Set/4,2010-01-08 15:19:00,1.27,2.55
84613A,PINK NEW BAROQUE FLOCK CANDLESTICK,Home & Decor,Pink,2010-02-23 09:54:00,2.33,4.65
84613C,BLUE NEW BAROQUE FLOCK CANDLESTICK,Home & Decor,Blue,2010-03-15 16:13:00,2.33,4.65
84614A,PINK BAROQUE FLOCK CANDLE HOLDER,Home & Decor,Pink,2010-02-18 10:26:00,2.98,5.95
84614C,BLUE BAROQUE FLOCK CANDLE HOLDER,Home & Decor,Blue,2010-01-05 13:58:00,2.98,5.95
84615,PINK ROUND BUTTERFLY MIRROR,General Merchandise,Pink,2009-12-08 12:38:00,0.98,1.95
84616,SILVER ROCCOCO CHANDELIER,General Merchandise,Silver,2009-12-16 13:16:00,14.98,29.95
84617,NEW BAROQUE BLACK BOXES,General Merchandise,New,2009-12-07 15:42:00,6.38,12.75
84619,BLUE GINGHAM ROSE QUILT,General Merchandise,Blue,2009-12-02 12:06:00,22.98,45.95
84620,BLUE GINGHAM ROSE CUSHION COVER,Home & Decor,Blue,2009-12-02 13:39:00,2.98,5.95
84621,BLUE GINGHAM ROSE FLOOR CUSHION,Home & Decor,Blue,2009-12-14 12:58:00,3.98,7.95
84622,PINK GINGHAM ROSE CUSHION COVER,Home & Decor,Pink,2009-12-01 13:07:00,2.98,5.95
84623,PINK GINGHAM ROSE FLOOR CUSHION,Home & Decor,Pink,2009-12-02 12:06:00,3.98,7.95
84625A,PINK NEW BAROQUECANDLESTICK CANDLE,Home & Decor,Pink,2009-12-03 20:03:00,1.48,2.95
84625B,BLCK NEW BAROQUE CANDLESTICK CANDLE,Home & Decor,Blck,2009-12-04 12:37:00,1.48,2.95
84625C,BLUE NEW BAROQUE CANDLESTICK CANDLE,Home & Decor,Blue,2009-12-02 13:26:00,1.48,2.95
84625D,WHITE NEWBAROQUE CANDLESTICK CANDLE,Home & Decor,White,2009-12-03 20:03:00,1.48,2.95
84626,CANDY STRIPE ROSE QUILT,General Merchandise,Candy,2009-12-09 12:18:00,22.98,45.95
84627,CANDY STRIPE ROSE C/COVER,General Merchandise,Candy,2009-12-03 12:10:00,2.98,5.95
84629,WHITE 3 FRAME BIRDS AND TREE,Home & Decor,White,2010-02-22 13:19:00,2.48,4.95
84630,FLOWERS AND BIRDS WALL PLAQUE,General Merchandise,Flowers,2010-01-21 11:25:00,3.98,7.95
84631,FRUIT TREE AND BIRDS WALL PLAQUE,General Merchandise,Fruit,2009-12-16 12:11:00,3.98,7.95
84632,DECORATIVE HANGING SHELVING UNIT,General Merchandise,Decorative,2010-03-11 12:17:00,29.98,59.95
84637,KITCHEN FLOWER POTS WALL PLAQUE,Kitchenware,Kitchen,2009-12-14 18:37:00,2.48,4.96
84638,SMALL KITCHEN FLOWER POTS PLAQUE,Kitchenware,Small,2009-12-03 14:39:00,3.48,6.95
84648,NEW BAROQUE WALL MIRROR,General Merchandise,New,2009-12-01 13:07:00,6.38,12.75
84653,GREEN ROSE QUILT,General Merchandise,Green,2010-01-11 09:35:00,22.98,45.95
84656,WHITE ROSE C/COVER,General Merchandise,White,2009-12-01 13:07:00,2.98,5.95
84657,GREEN ROSE CUSHION COVER,Home & Decor,Green,2009-12-18 12:33:00,1.58,3.15
84658,WHITE STITCHED CUSHION COVER,Home & Decor,White,2009-12-01 14:59:00,3.48,6.95
84659A,WHITE TRAVEL ALARM CLOCK,Home & Decor,White,2009-12-03 14:39:00,1.25,2.51
84660A,WHITE STITCHED WALL CLOCK,Home & Decor,White,2009-12-18 17:15:00,0.62,1.25
84660B,BLACK STITCHED WALL CLOCK,Home & Decor,Black,2009-12-01 11:51:00,1.88,3.75
84660C,PINK STITCHED WALL CLOCK,Home & Decor,Pink,2009-12-02 12:06:00,1.88,3.75
84661A,WHITE SQUARE TABLE CLOCK,Home & Decor,White,2009-12-07 12:42:00,1.27,2.55
84661B,BLACK SQUARE TABLE CLOCK,Home & Decor,Black,2009-12-16 17:58:00,1.27,2.55
84661C,PINK SQUARE TABLE CLOCK,Home & Decor,Pink,2009-12-04 09:43:00,1.27,2.55
84663A,GRASS HOPPER WOODEN WALL CLOCK,Home & Decor,Grass,2009-12-07 14:58:00,2.96,5.91
84664,CHERRY BLOSSOM BATHROOM CABINET,General Merchandise,Cherry,2009-12-09 09:34:00,2.48,4.95
84665,SQUARE CHERRY BLOSSOM CABINET,General Merchandise,Square,2009-12-09 09:34:00,2.98,5.95
84666,SQUARE CHERRY BLOSSOM CABINET,General Merchandise,Square,2009-12-09 09:34:00,1.98,3.95
84670,JAPANESE CROCHETED ANIMAL,General Merchandise,Japanese,2009-12-01 12:32:00,0.21,0.42
84671B,CROCHET BEAR WITH BLUE STRIPES,General Merchandise,Crochet,2009-12-01 12:13:00,1.27,2.55
84673A,PINK FLY SWAT,General Merchandise,Pink,2009-12-02 14:43:00,0.32,0.65
84673B,BLUE FLY SWAT,General Merchandise,Blue,2009-12-01 14:28:00,0.32,0.65
84674,FLYING PIG WATERING CAN,Garden,Flying,2009-12-08 15:49:00,1.48,2.95
84675,FROG KING WATERING CAN,Garden,Frog,2009-12-03 14:39:00,1.48,2.95
84676,BATH DUCK WATERING CAN,Garden,Bath,2009-12-03 14:28:00,1.48,2.95
84678,CLASSICAL ROSE SMALL VASE,Home & Decor,Classical,2009-12-08 13:59:00,1.27,2.55
84679,CLASSICAL ROSE TABLE LAMP,General Merchandise,Classical,2010-03-02 12:24:00,2.98,5.95
84680,CLASSICAL ROSE URN,General Merchandise,Classical,2009-12-03 17:46:00,3.98,7.95
84682,CLASSICAL ROSE DISH,General Merchandise,Classical,2009-12-08 12:38:00,1.48,2.95
84683,CLASSICAL ROSE CANDLESTAND,Home & Decor,Classical,2009-12-02 14:43:00,0.62,1.25
84684,BEACH HUT PHOTO FRAME,Home & Decor,Beach,2009-12-01 13:29:00,1.27,2.55
84685,BEACH HUT KEY CABINET,General Merchandise,Beach,2009-12-02 14:43:00,3.81,7.62
84686,BEACH HUT MIRROR,General Merchandise,Beach,2009-12-01 14:28:00,3.18,6.36
84687,BEACH HUT SHELF W 3 DRAWERS,General Merchandise,Beach,2009-12-03 12:31:00,2.98,5.95
84688,BEACH HUT DESIGN BLACKBOARD,General Merchandise,Beach,2009-12-02 13:57:00,2.12,4.25
84689,S/2 BEACH HUT TREASURE CHESTS,General Merchandise,S/2,2009-12-18 12:33:00,2.98,5.95
84690,S/2 BEACH HUT STOOLS,General Merchandise,S/2,2009-12-02 15:10:00,3.98,7.95
84691,PACK 20 DOLLY PEGS,Toys & Games,Pack,2009-12-01 09:28:00,0.42,0.85
84692,BOX OF 24 COCKTAIL PARASOLS,General Merchandise,Box,2009-12-02 10:52:00,0.21,0.42
84705A,ENGLISH ROSE PHOTO FRAME,Home & Decor,English,2009-12-02 15:04:00,2.33,4.65
84705B,FAIRY CAKES PHOTO FRAME,Kitchenware,Fairy,2009-12-01 14:55:00,1.72,3.43
84705C,PINK FLOCK PHOTO FRAME,Home & Decor,Pink,2009-12-04 15:26:00,2.22,4.43
84705D,CHERRY BLOSSOM PHOTO FRAME,Home & Decor,Cherry,2009-12-02 15:04:00,2.1,4.21
84705F,RED PEONY PHOTO FRAME,Home & Decor,Red,2009-12-02 15:04:00,2.33,4.65
84706A,ENGLISH ROSE TABLE CLOCK,Home & Decor,English,2009-12-17 09:09:00,4.47,8.95
84706B,FAIRY CAKES TABLE CLOCK,Kitchenware,Fairy,2009-12-03 15:09:00,4.47,8.95
84706C,PINK FLOCK TABLE CLOCK,Home & Decor,Pink,2009-12-01 13:20:00,0.98,1.95
84706D,CHERRY BLOSSOM TABLE CLOCK,Home & Decor,Cherry,2009-12-18 17:15:00,0.98,1.95
84706F,RED PEONY TABLE CLOCK,Home & Decor,Red,2009-12-01 12:32:00,1.48,2.95
84707A,SILVER JEWELLED MIRROR TRINKET TRAY,General Merchandise,Silver,2009-12-07 15:42:00,4.97,9.95
84707B,PINK JEWELLED MIRROR TRINKET TRAY,General Merchandise,Pink,2009-12-08 15:00:00,4.24,8.47
84708B,PINK JEWELLED PHOTO FRAME,Home & Decor,Pink,2009-12-02 13:00:00,2.48,4.95
84709A,SILVER OVAL JEWELLED MIRROR,General Merchandise,Silver,2010-05-28 12:21:00,2.98,5.95
84709B,PINK OVAL JEWELLED MIRROR,General Merchandise,Pink,2009-12-01 16:34:00,2.98,5.95
84711A,SILVER OVAL SHAPE TRINKET BOX,General Merchandise,Silver,2009-12-13 12:04:00,4.97,9.95
84711B,PINK OVAL SHAPE TRINKET BOX,General Merchandise,Pink,2009-12-02 14:36:00,4.65,9.3
84712B,PINK JEWELLED PHOTO FRAME,Home & Decor,Pink,2009-12-02 14:43:00,3.98,7.95
84715,SET OF 6 ICE CREAM SKITTLES,General Merchandise,Set,2009-12-07 17:56:00,1.48,2.95
84720,DOT MATRIX CANVAS ART PICTURE,General Merchandise,Dot,2010-03-03 11:53:00,1.98,3.95
84721,MANHATTAN CANVAS ART PICTURE,General Merchandise,Manhattan,2009-12-03 15:50:00,4.18,8.35
84723,CHERRY BLOSSOM CANVAS ART PICTURE,General Merchandise,Cherry,2010-02-05 15:24:00,3.98,7.95
84725,FREESTYLE CANVAS ART PICTURE,General Merchandise,Freestyle,2009-12-03 15:50:00,0.82,1.65
84726,LILLIES CANVAS PICTURE,General Merchandise,Lillies,2010-03-03 11:53:00,0.82,1.65
84731,3 BIRDS CANVAS SCREEN,General Merchandise,3,2010-04-27 12:46:00,0.82,1.65
84732B,CUTE BIRD CEATURE SCREEN,General Merchandise,Cute,2009-12-17 10:20:00,0.82,1.65
84732D,CUTE RABBIT CEATURE SCREEN,General Merchandise,Cute,2009-12-17 10:20:00,0.82,1.65
84741C,CITRUS GARLAND FELT FLOWERS,General Merchandise,Citrus,2009-12-06 16:17:00,0.98,1.95
84743C,ORANGE FELT VASE + FLOWERS,Home & Decor,Orange,2010-03-12 16:18:00,0.62,1.25
84744,S/6 SEW ON CROCHET FLOWERS,General Merchandise,S/6,2009-12-07 15:15:00,0.62,1.25
84745A,PINK HANGING GINGHAM EASTER HEN,General Merchandise,Pink,2009-12-03 12:28:00,0.21,0.42
84745B,BLUE HANGING GINGHAM EASTER HEN,General Merchandise,Blue,2009-12-03 12:28:00,0.21,0.42
84746,PINK EASTER HENS+FLOWER,General Merchandise,Pink,2009-12-07 13:35:00,1.55,3.1
84748,FOLK FELT HANGING MULTICOL GARLAND,General Merchandise,Folk,2009-12-18 10:59:00,1.25,2.51
84750A,PINK SMALL GLASS CAKE STAND,Kitchenware,Pink,2009-12-01 14:28:00,0.98,1.95
84750B,BLACK SMALL GLASS CAKE STAND,Kitchenware,Black,2009-12-02 15:41:00,0.98,1.95
84751B,BLACK MEDIUM GLASS CAKE STAND,Kitchenware,Black,2010-02-23 13:55:00,1.88,3.75
84753A,PINK EAU DE COLOGNE BOTTLE,General Merchandise,Pink,2009-12-04 15:30:00,0.42,0.85
84754,S/15 SILVER GLASS BAUBLES IN BAG,Bags & Accessories,S/15,2009-12-01 13:29:00,0.62,1.25
84755,COLOUR GLASS T-LIGHT HOLDER HANGING,Home & Decor,Colour,2009-12-01 13:47:00,0.32,0.65
84757,ENCHANTED GARDEN WROUGHT IRON TABLE,Garden,Enchanted,2010-05-16 15:33:00,7.48,14.95
84760L,LARGE HANGING GLASS+ZINC LANTERN,Home & Decor,Large,2010-05-04 13:59:00,0.8,1.6
84760S,SMALL HANGING GLASS+ZINC LANTERN,Home & Decor,Small,2009-12-09 09:42:00,0.72,1.45
84761,IVORY HANGING BIRD PLANTER,General Merchandise,Ivory,2009-12-03 16:54:00,1.27,2.55
84762A,WHITE PICNIC BARBECUE BUCKET,General Merchandise,White,2009-12-04 09:43:00,5.38,10.75
84762B,PINK PICNIC BARBECUE BUCKET,General Merchandise,Pink,2009-12-04 09:43:00,4.24,8.47
84762C,GREEN PICNIC BARBECUE BUCKET,General Merchandise,Green,2009-12-07 18:02:00,4.24,8.47
84763,ZINC FINISH 15CM PLANTER POTS,General Merchandise,Zinc,2009-12-03 12:10:00,0.62,1.25
84765,SILVER ROCOCO CANDELABRA,General Merchandise,Silver,2009-12-02 15:41:00,6.38,12.75
84766,SILVER ROCOCO CANDLE STICK,Home & Decor,Silver,2010-01-14 14:10:00,2.98,5.95
84767,ZINC POLICE BOX LANTERN,Home & Decor,Zinc,2009-12-01 14:55:00,2.98,5.95
84770,ROUND GEORGIAN SILVER MIRROR,General Merchandise,Round,2010-02-28 13:55:00,1.48,2.95
84773,RED ROSE AND LACE C/COVER,General Merchandise,Red,2009-12-01 13:47:00,1.48,2.95
84782A,PINK 3 TIER GLASS PLATE STAND,Kitchenware,Pink,2009-12-01 12:30:00,6.38,12.75
84782B,BLACK 3 TIER GLASS PLATE STAND,Kitchenware,Black,2009-12-15 12:00:00,6.38,12.75
84782C,GREEN 3 TIER GLASS PLATE STAND,Kitchenware,Green,2009-12-01 12:30:00,6.38,12.75
84789,ENCHANTED BIRD PLANT CAGE,General Merchandise,Enchanted,2009-12-06 15:01:00,1.88,3.75
84791,GINGHAM HEART DECORATION,Home & Decor,Gingham,2009-12-01 11:34:00,1.48,2.95
84792,ENCHANTED BIRD COATHANGER 5 HOOK,Home & Decor,Enchanted,2009-12-01 16:34:00,2.33,4.65
84795A,PASTEL STRIPE HAMMOCK,General Merchandise,Pastel,2009-12-06 13:53:00,3.98,7.95
84795B,SUNSET CHECK HAMMOCK,General Merchandise,Sunset,2009-12-06 14:03:00,3.98,7.95
84795C,OCEAN STRIPE HAMMOCK,General Merchandise,Ocean,2009-12-02 10:00:00,3.98,7.95
84795D,SEASIDE STRIPE HAMMOCK,General Merchandise,Seaside,2009-12-04 11:54:00,3.98,7.95
84795E,RIO PINK STRIPE HAMMOCK,General Merchandise,Rio,2009-12-02 13:20:00,3.98,7.95
84796A,PINK HAWAIIAN PICNIC HAMPER FOR 2,General Merchandise,Pink,2009-12-07 17:56:00,4.24,8.47
84796B,BLUE SAVANNAH PICNIC HAMPER FOR 2,General Merchandise,Blue,2009-12-01 14:50:00,4.14,8.29
84797A,PINK HAWAIIAN PICNIC HAMPER FOR 4,General Merchandise,Pink,2009-12-01 14:45:00,5.51,11.02
84797B,BLUE SAVANNAH PICNIC HAMPER FOR 4,General Merchandise,Blue,2009-12-01 14:43:00,5.51,11.02
84798A,PINK FOXGLOVE ARTIIFCIAL FLOWER,General Merchandise,Pink,2010-01-05 14:12:00,1.27,2.55
84798B,PURPLE FOXGLOVE ARTIIFCIAL FLOWER,General Merchandise,Purple,2010-01-07 12:34:00,1.27,2.55
84798C,WHITE FOXGLOVE ARTIIFCIAL FLOWER,General Merchandise,White,2010-01-05 14:12:00,1.27,2.55
84799,SPRIG LAVENDER ARTIFICIAL FLOWER,General Merchandise,Sprig,2010-01-21 14:01:00,0.62,1.25
84800L,LARGE WHITE/PINK ROSE ART FLOWER,General Merchandise,Large,2010-01-19 13:09:00,1.06,2.12
84800M,MEDIUM WHITE/PINK ROSE ART FLOWER,General Merchandise,Medium,2010-01-28 17:13:00,0.84,1.69
84800S,SMALL WHITE/PINK ROSE ART FLOWER,General Merchandise,Small,2010-02-19 12:34:00,0.62,1.25
84801A,PINK HYDRANGEA ART FLOWER,General Merchandise,Pink,2010-01-05 14:12:00,1.05,2.1
84801B,WHITE HYDRANGEA ART FLOWER,General Merchandise,White,2009-12-17 17:46:00,1.05,2.1
84802A,WHITE ANEMONE ARTIFICIAL FLOWER,General Merchandise,White,2009-12-11 11:26:00,0.84,1.69
84802B,PURPLE ANEMONE ARTIFICIAL FLOWER,General Merchandise,Purple,2009-12-02 12:06:00,0.84,1.69
84803A,PINK ALLIUM  ARTIFICIAL FLOWER,General Merchandise,Pink,2010-01-07 11:52:00,0.84,1.69
84803B,WHITE ALLIUM  ARTIFICIAL FLOWER,General Merchandise,White,2010-02-04 16:16:00,0.84,1.69
84804A,CREAM DELPHINIUM ARTIFICIAL FLOWER,General Merchandise,Cream,2010-01-19 13:09:00,1.48,2.95
84804B,BLUE DELPHINIUM ARTIFICIAL FLOWER,General Merchandise,Blue,2010-01-05 13:58:00,1.48,2.95
84805A,CREAM CLIMBING HYDRANGA ART FLOWER,General Merchandise,Cream,2010-03-02 10:49:00,1.88,3.75
84805B,BLUE CLIMBING HYDRANGA ART FLOWER,General Merchandise,Blue,2010-01-07 12:34:00,1.48,2.95
84806A,PINK CANDYSTUFT ARTIFICIAL FLOWER,General Merchandise,Pink,2010-01-24 15:54:00,0.72,1.45
84806B,WHITE CANDYSTUFT ARTIFICIAL FLOWER,General Merchandise,White,2010-03-14 11:55:00,0.72,1.45
84807,RED POPPY ARTIFICIAL FLOWER,General Merchandise,Red,2010-01-07 11:52:00,0.84,1.69
84809A,WHITE CHRYSANTHEMUMS ART FLOWER,General Merchandise,White,2010-01-27 12:19:00,1.05,2.1
84809B,PINK CHRYSANTHEMUMS ART FLOWER,General Merchandise,Pink,2010-01-27 12:19:00,1.05,2.1
84813,SET OF 4 DIAMOND NAPKIN RINGS,General Merchandise,Set,2009-12-01 13:29:00,6.38,12.75
84814A,HEXAGONAL CRYSTAL PERFUME BOTTLE,General Merchandise,Hexagonal,2010-03-26 16:17:00,0.98,1.95
84814B,RHOMBUS CRYSTAL PERFUME BOTTLE,General Merchandise,Rhombus,2009-12-01 17:08:00,0.98,1.95
84815,SET OF 3 DANISH ROSE PLANTERS,General Merchandise,Set,2009-12-10 16:39:00,2.12,4.25
84816,DANISH ROSE BEDSIDE CABINET,General Merchandise,Danish,2009-12-21 17:14:00,19.98,39.95
84817,DANISH ROSE DECORATIVE PLATE,Kitchenware,Danish,2010-02-08 13:56:00,1.05,2.1
84818,DANISH ROSE PHOTO FRAME,Home & Decor,Danish,2009-12-02 14:21:00,1.25,2.51
84819,DANISH ROSE ROUND SEWING BOX,General Merchandise,Danish,2009-12-06 13:40:00,2.12,4.25
84820,DANISH ROSE TRINKET TRAYS,General Merchandise,Danish,2010-01-19 17:49:00,2.98,5.95
84821,DANISH ROSE DELUXE COASTER,General Merchandise,Danish,2009-12-22 09:41:00,0.42,0.85
84823,DANISH ROSE FOLDING CHAIR,General Merchandise,Danish,2010-04-26 14:12:00,3.98,7.95
84824,DANISH ROSE UMBRELLA STAND,Bags & Accessories,Danish,2009-12-14 15:06:00,7.98,15.95
84826,ASSTD DESIGN 3D PAPER STICKERS,Stationery & Cards,Asstd,2009-12-06 13:07:00,0.47,0.85
84827,ASS DES PHONE SPONGE CRAFT STICKER,Stationery & Cards,Ass,2009-12-08 13:56:00,0.36,0.65
84828,JUNGLE POPSICLES ICE LOLLY HOLDERS,Home & Decor,Jungle,2009-12-02 12:43:00,0.62,1.25
84830,LARGE ENGLISH ARBORETUM,General Merchandise,Large,2009-12-05 11:19:00,8.48,16.95
84832,ZINC WILLIE WINKIE  CANDLE STICK,Home & Decor,Zinc,2009-12-01 11:50:00,0.42,0.85
84836,ZINC METAL HEART DECORATION,Home & Decor,Zinc,2009-12-01 11:41:00,0.62,1.25
84837,WHITE SWEETHEARTS CABINET 4 DRAWERS,General Merchandise,White,2009-12-01 12:47:00,6.38,12.75
84838,ANT WHITE HIGH RISE BIRD BOX,General Merchandise,Ant,2009-12-18 11:32:00,4.25,8.5
84839,SWEETHEART KEY CABINET,General Merchandise,Sweetheart,2009-12-01 13:19:00,3.38,6.75
84840,SWEETHEART CARRY-ALL BASKET,General Merchandise,Sweetheart,2010-05-02 15:48:00,4.25,8.5
84842,HELLO SAILOR BATHROOM SET,General Merchandise,Hello,2009-12-07 17:56:00,1.88,3.75
84843,WHITE SOAP RACK WITH 2 BOTTLES,General Merchandise,White,2009-12-07 17:56:00,2.98,5.95
84845A,HOLLYHOCK SQUARE HANDY TIN,Seasonal & Christmas,Hollyhock,2009-12-06 13:10:00,0.56,1.25
84845C,CARNATION SQUARE HANDY TIN,Kitchenware,Carnation,2009-12-06 13:10:00,0.62,1.25
84845D,GERANIUM SQUARE HANDY TIN,Kitchenware,Geranium,2009-12-06 13:10:00,0.62,1.25
84846A,SCENTED CANDLE IN DIGITALIS TIN,Kitchenware,Scented,2009-12-04 09:49:00,1.05,2.1
84847,FLORAL BATHROOM SET,General Merchandise,Floral,2009-12-14 18:37:00,1.88,3.75
84849A,HELLO SAILOR BLUE SOAP HOLDER,Home & Decor,Hello,2009-12-08 14:56:00,0.84,1.69
84849B,FAIRY SOAP SOAP HOLDER,Home & Decor,Fairy,2009-12-01 11:21:00,0.84,1.69
84849D,HOT BATHS SOAP HOLDER,Home & Decor,Hot,2010-01-14 16:16:00,0.84,1.69
84854,GIRLY PINK TOOL SET,General Merchandise,Girly,2009-12-01 13:41:00,2.48,4.95
84855,BLOKEY SILVER TOOL SET,General Merchandise,Blokey,2009-12-01 13:41:00,2.48,4.95
84856L,LARGE TAHITI BEACH BAG,Bags & Accessories,Large,2009-12-17 17:54:00,2.98,5.95
84856S,SMALL TAHITI BEACH BAG,Bags & Accessories,Small,2009-12-14 17:57:00,2.33,4.65
84857A,SILVER MONTE CARLO HANDBAG,Bags & Accessories,Silver,2010-02-03 12:21:00,4.25,8.5
84857B,BLUE MONTE CARLO HANDBAG,Bags & Accessories,Blue,2011-07-21 16:10:00,0.98,1.95
84857C,PINK MONTE CARLO HANDBAG,Bags & Accessories,Pink,2010-06-16 08:54:00,0.98,1.95
84858A,NATURAL RIVIERA HANDBAG,Bags & Accessories,Natural,2009-12-04 09:43:00,2.98,5.95
84858B,BLUE RIVIERA HANDBAG,Bags & Accessories,Blue,2010-04-28 10:50:00,0.62,1.25
84858C,PINK RIVIERA HANDBAG,Bags & Accessories,Pink,2009-12-18 17:24:00,2.98,5.95
84859A,SILVER DISCO HANDBAG,Bags & Accessories,Silver,2009-12-11 11:10:00,0.98,1.95
84859B,BLUE DISCO HANDBAG,Bags & Accessories,Blue,2010-02-03 13:52:00,0.98,1.95
84859C,PINK DISCO HANDBAG,Bags & Accessories,Pink,2009-12-11 11:10:00,0.98,1.95
84864A,PINK PAISLEY PHOTO ALBUM,General Merchandise,Pink,2010-02-08 16:06:00,3.38,6.75
84865,NEW BAROQUE BLACK PHOTO ALBUM,General Merchandise,New,2009-12-22 09:41:00,4.25,8.5
84867A,PINK BABY GIRLS PHOTO ALBUM,General Merchandise,Pink,2010-01-07 19:34:00,3.48,6.95
84867B,BLUE BABY BOY'S PHOTO ALBUM,General Merchandise,Blue,2010-01-25 15:42:00,6.78,13.57
84868A,PINK BABY GIRL'S MEMORY BOX,General Merchandise,Pink,2010-01-26 13:04:00,3.48,6.95
84868B,BLUE BABY BOY'S MEMORY BOX,General Merchandise,Blue,2010-01-26 13:04:00,3.48,6.95
84869,CANDY BUTTON PHOTO ALBUM,General Merchandise,Candy,2009-12-09 11:58:00,2.98,5.95
84870B,BLUE GEISHA GIRL,General Merchandise,Blue,2009-12-07 11:35:00,1.88,3.75
84870C,GREEN GEISHA GIRL,General Merchandise,Green,2009-12-14 17:57:00,1.88,3.75
84872A,TEATIME FUNKY FLOWER BACKPACK FOR 2,General Merchandise,Teatime,2009-12-01 14:44:00,5.51,11.02
84873A,FUNKY FLOWER PICNIC BAG FOR 4,Bags & Accessories,Funky,2009-12-01 14:44:00,5.51,11.02
84874B,BLUE TRAVEL FIRST AID KIT,General Merchandise,Blue,2009-12-02 13:26:00,0.82,1.65
84875A,PINK SQUARE COMPACT MIRROR,General Merchandise,Pink,2009-12-02 15:51:00,1.88,3.75
84875B,GREEN SQUARE COMPACT MIRROR,General Merchandise,Green,2010-04-18 12:07:00,0.62,1.25
84875D,BLUE SQUARE COMPACT MIRROR,General Merchandise,Blue,2009-12-03 13:25:00,0.62,1.25
84876B,GREEN HEART COMPACT MIRROR,General Merchandise,Green,2009-12-10 19:35:00,0.62,1.25
84876C,SILVER HEART COMPACT MIRROR,General Merchandise,Silver,2009-12-13 11:16:00,1.88,3.75
84876D,BLUE HEART COMPACT MIRROR,General Merchandise,Blue,2009-12-16 17:01:00,1.88,3.75
84877A,PINK ROUND COMPACT MIRROR,General Merchandise,Pink,2009-12-17 17:54:00,1.88,3.75
84877B,GREEN ROUND COMPACT MIRROR,General Merchandise,Green,2009-12-01 14:28:00,1.64,3.29
84877D,BLUE ROUND COMPACT MIRROR,General Merchandise,Blue,2009-12-09 09:42:00,1.68,3.36
84879,ASSORTED COLOUR BIRD ORNAMENT,General Merchandise,Assorted,2009-12-01 09:06:00,0.84,1.69
84880,WHITE WIRE EGG HOLDER,Home & Decor,White,2009-12-03 18:13:00,2.98,5.95
84881,BLUE WIRE SPIRAL CANDLE HOLDER,Home & Decor,Blue,2010-01-28 09:09:00,3.18,6.35
84882,GREEN WIRE STANDING CANDLE HOLDER,Home & Decor,Green,2009-12-03 12:28:00,1.88,3.75
84884A,ANT WHITE WIRE HEART SPIRAL,General Merchandise,Ant,2009-12-01 11:37:00,1.98,3.95
84886,BLUE METAL WALL SHELF,General Merchandise,Blue,2010-01-28 13:27:00,4.97,9.95
84891B,GREEN WIRE GOBLET CANDLEHOLDER,Home & Decor,Green,2010-05-30 13:02:00,3.98,7.95
84893,ANT WHITE IRON BASKET,General Merchandise,Ant,2009-12-06 12:26:00,2.98,5.95
84898F,YELLOW FLOWERS FELT HANDBAG KIT,Bags & Accessories,Yellow,2009-12-01 12:14:00,1.05,2.1
84899E,YELLOW + BROWN BEAR FELT PURSE KIT,Bags & Accessories,Yellow,2009-12-01 09:46:00,0.62,1.25
84899F,YELLOW PURPLE DAISY FELT PURSE KIT,Bags & Accessories,Yellow,2009-12-01 12:14:00,1.25,2.51
84901,BLACK FACE LAMB WITH PANTS,General Merchandise,Black,2009-12-01 12:56:00,1.88,3.75
84902,PINK KNITTED COW STUFFED TOY,Toys & Games,Pink,2009-12-01 14:28:00,1.88,3.75
84905,PINK BUTTERFLY CUSHION COVER,Home & Decor,Pink,2009-12-16 15:48:00,2.53,5.06
84906,PINK B'FLY C/COVER W BOBBLES,General Merchandise,Pink,2009-12-03 16:21:00,2.98,5.95
84907,PINK YELLOW PATCH CUSHION COVER,Home & Decor,Pink,2009-12-02 14:43:00,2.9,5.79
84908A,PINK 5 PATCH FLOWER CUSHION COVER,Home & Decor,Pink,2010-02-07 11:57:00,2.96,5.91
84908B,BLUE 5 PATCH FLOWER CUSHION COVER,Home & Decor,Blue,2010-03-02 13:25:00,2.96,5.91
84909A,PINK PAISLEY QUILT,General Merchandise,Pink,2009-12-09 13:25:00,6.38,12.75
84910A,PINK PAISLEY CUSHION COVER,Home & Decor,Pink,2009-12-01 13:07:00,2.98,5.95
84912A,PINK ROSE WASHBAG,Bags & Accessories,Pink,2009-12-03 13:42:00,1.68,3.36
84912B,GREEN ROSE WASHBAG,Bags & Accessories,Green,2009-12-01 11:37:00,1.68,3.36
84913A,SOFT PINK ROSE TOWEL,General Merchandise,Soft,2009-12-09 09:42:00,1.68,3.36
84913B,MINT GREEN ROSE TOWEL,General Merchandise,Mint,2009-12-02 14:43:00,1.68,3.36
84914A,PINK ROSE PICNIC RUG,General Merchandise,Pink,2010-05-05 13:22:00,12.98,25.95
84915,HAND TOWEL PINK FLOWER AND DAISY,General Merchandise,Hand,2010-03-30 11:14:00,2.1,4.21
84916,HAND TOWEL PALE BLUE W FLOWERS,General Merchandise,Hand,2009-12-04 13:23:00,2.1,4.21
84917,WHITE HAND TOWEL WITH BUTTERFLY,General Merchandise,White,2010-01-07 19:34:00,2.1,4.21
84918,CREAM CUSHION COVER WITH FLOWERS,Home & Decor,Cream,2009-12-06 11:58:00,2.96,5.91
84919,BLUE CUSHION COVER WITH FLOWER,Home & Decor,Blue,2009-12-09 13:25:00,3.48,6.95
84920,PINK FLOWER FABRIC PONY,General Merchandise,Pink,2009-12-01 18:13:00,1.88,3.75
84921,CREAM AND PINK FLOWERS PONY,General Merchandise,Cream,2009-12-13 13:31:00,1.88,3.75
84922,PINK BUTTERFLY WASHBAG,Bags & Accessories,Pink,2009-12-03 13:42:00,2.12,4.25
84923,PINK BUTTERFLY HANDBAG W BOBBLES,Bags & Accessories,Pink,2010-02-04 14:19:00,2.06,4.13
84924A,WAKE UP COCKEREL CALENDAR SIGN,General Merchandise,Wake,2009-12-04 13:22:00,1.88,3.75
84924D,LA PALMIERA METAL SIGN CALENDAR,General Merchandise,La,2009-12-04 13:22:00,1.88,3.75
84924F,PSYCHEDELIC METAL SIGN CALENDAR,General Merchandise,Psychedelic,2009-12-22 14:31:00,1.14,2.27
84925A,WAKE UP COCKEREL WALL THERMOMETER,General Merchandise,Wake,2009-12-02 11:33:00,1.27,2.55
84925C,FAIRY CAKES  WALL THERMOMETER,Kitchenware,Fairy,2009-12-02 12:06:00,1.27,2.55
84925D,LA PALMIERA WALL THERMOMETER,General Merchandise,La,2009-12-07 12:42:00,1.27,2.55
84925E,FLOWERS WALL THERMOMETER,General Merchandise,Flowers,2009-12-02 11:33:00,1.27,2.55
84925F,PSYCHEDELIC WALL THERMOMETER,General Merchandise,Psychedelic,2010-01-12 15:57:00,1.27,2.55
84926A,WAKE UP COCKEREL TILE COASTER,General Merchandise,Wake,2010-03-03 12:34:00,0.62,1.25
84926B,SCOTTS ROSES TILE COASTER,General Merchandise,Scotts,2009-12-02 11:18:00,0.62,1.25
84926C,FAIRY CAKES TILE COASTER,Kitchenware,Fairy,2009-12-01 14:28:00,0.62,1.25
84926D,LA PALMIERA TILE COASTER,General Merchandise,La,2009-12-04 13:41:00,0.42,0.84
84926E,FLOWERS TILE COASTER,General Merchandise,Flowers,2009-12-04 13:41:00,0.14,0.29
84926F,PSYCHEDELIC TILE COASTER,General Merchandise,Psychedelic,2009-12-04 09:43:00,0.62,1.25
84927A,WAKE UP COCKEREL TILE HOOK,Home & Decor,Wake,2010-02-03 17:04:00,1.05,2.1
84927D,LA PALMIERA TILE HOOK,Home & Decor,La,2010-04-18 15:53:00,1.05,2.1
84927E,FLOWERS TILE HOOK,Home & Decor,Flowers,2010-02-02 09:39:00,1.05,2.1
84927F,PSYCHEDELIC TILE HOOK,Home & Decor,Psychedelic,2009-12-16 14:59:00,0.62,1.25
84929,ASSTD FRUIT+FLOWERS FRIDGE MAGNETS,General Merchandise,Asstd,2009-12-01 13:19:00,0.1,0.19
84931A,PINK SCOTTIE DOG W FLOWER PATTERN,General Merchandise,Pink,2009-12-01 14:28:00,1.27,2.55
84931B,BLUE SCOTTIE DOG W FLOWER PATTERN,General Merchandise,Blue,2009-12-14 17:57:00,1.27,2.55
84932A,SMALL GREEN PEONY FOLDING STOOL,General Merchandise,Small,2009-12-04 10:00:00,0.98,1.95
84932B,SMALL PINK PEONY FOLDING STOOL,General Merchandise,Small,2009-12-04 10:00:00,0.98,1.95
84932C,SMALL ORIENTAL BLUE FOLDING STOOL,General Merchandise,Small,2009-12-04 10:00:00,0.98,1.95
84932D,SMALL ORIENTAL RED FOLDING STOOL,General Merchandise,Small,2009-12-04 10:00:00,0.98,1.95
84933A,LARGE GREEN PEONY FOLDING STOOL,General Merchandise,Large,2009-12-01 12:30:00,1.05,2.1
84933B,LARGE PINK PEONY FOLDING STOOL,General Merchandise,Large,2009-12-01 12:30:00,1.05,2.1
84933C,LARGE BLUE ORIENTAL FOLDING STOOL,General Merchandise,Large,2009-12-04 10:00:00,1.05,2.1
84934,ASSTD DESIGN POP ART SLIM PEN,Stationery & Cards,Asstd,2009-12-01 14:40:00,0.47,0.85
84937,KASHMIR FOLKART TUMBLERS,General Merchandise,Kashmir,2009-12-01 14:28:00,1.05,2.1
84942,KASHMIR FOLKART HEART DISHES,General Merchandise,Kashmir,2009-12-16 17:34:00,0.84,1.69
84944,SET OF 6 KASHMIR FOLKART BAUBLES,General Merchandise,Set,2009-12-01 14:28:00,2.12,4.25
84945,MULTI COLOUR SILVER T-LIGHT HOLDER,Home & Decor,Multi,2009-12-04 09:27:00,0.42,0.85
84946,ANTIQUE SILVER TEA GLASS ETCHED,General Merchandise,Antique,2009-12-01 10:36:00,0.62,1.25
84947,ANTIQUE SILVER TEA GLASS ENGRAVED,General Merchandise,Antique,2009-12-02 09:57:00,0.62,1.25
84948,SILVER HANGING T-LIGHT HOLDER DOME,Home & Decor,Silver,2009-12-01 11:50:00,0.82,1.65
84949,SILVER HANGING T-LIGHT HOLDER,Home & Decor,Silver,2009-12-01 11:37:00,0.82,1.65
84950,ASSORTED COLOUR T-LIGHT HOLDER,Home & Decor,Assorted,2009-12-01 13:47:00,0.36,0.72
84951A,SET OF 4 PISTACHIO LOVEBIRD COASTER,General Merchandise,Set,2009-12-01 11:34:00,0.83,1.66
84951B,SET OF 4 BLACK LOVEBIRD COASTERS,General Merchandise,Set,2009-12-01 14:56:00,0.83,1.66
84952A,CLEAR LOVE BIRD T-LIGHT HOLDER,Home & Decor,Clear,2009-12-06 14:10:00,1.25,2.51
84952B,BLACK LOVE BIRD T-LIGHT HOLDER,Home & Decor,Black,2009-12-01 12:13:00,1.25,2.51
84952C,MIRROR LOVE BIRD T-LIGHT HOLDER,Home & Decor,Mirror,2009-12-02 12:38:00,1.88,3.75
84962,SET/3 COLOUR PAINTED KASHMIRI STOOL,General Merchandise,Set/3,2010-02-22 13:40:00,29.98,59.95
84963A,PINK PAINTED KASHMIRI CHAIR,General Merchandise,Pink,2010-02-02 16:07:00,24.98,49.95
84963B,BLUE PAINTED KASHMIRI CHAIR,General Merchandise,Blue,2010-05-19 13:32:00,24.98,49.95
84964A,PINK PAINTED KASHMIRI TABLE,General Merchandise,Pink,2010-02-22 14:54:00,22.5,45.0
84964B,BLUE PAINTED KASHMIRI TABLE,General Merchandise,Blue,2010-02-22 14:54:00,22.5,45.0
84965A,PINK KASHMIRI COFFEE TABLE,General Merchandise,Pink,2010-02-22 14:54:00,15.0,30.0
84965B,BLUE KASHMIRI COFFEE TABLE,General Merchandise,Blue,2010-02-22 14:54:00,22.5,45.0
84966A,PINK KASHMIRI BOXED MIRROR,General Merchandise,Pink,2010-01-19 12:18:00,10.0,20.0
84966B,BLUE KASHMIRI BOXED MIRROR,General Merchandise,Blue,2010-01-19 12:18:00,8.0,16.0
84966C,GREEN KASHMIRI BOXED MIRROR,General Merchandise,Green,2010-09-03 17:23:00,6.0,12.0
84967A,PINK KASHMIRI OCCASIONAL TABLE,General Merchandise,Pink,2010-02-02 16:07:00,39.98,79.95
84967B,BLUE KASHMIRI OCCASIONAL TABLE,General Merchandise,Blue,2010-01-06 10:20:00,39.98,79.95
84967C,GREEN KASHMIRI OCCASIONAL TABLE,General Merchandise,Green,2010-05-19 13:32:00,39.98,79.95
84968A,SET OF 16 VINTAGE ROSE CUTLERY,General Merchandise,Set,2009-12-03 14:39:00,6.38,12.75
84968B,S/16 VINTAGE IVORY CUTLERY,General Merchandise,S/16,2009-12-01 12:33:00,6.38,12.75
84968C,SET OF 16 VINTAGE PISTACHIO CUTLERY,General Merchandise,Set,2009-12-01 12:33:00,6.38,12.75
84968D,SET OF 16 VINTAGE RED CUTLERY,General Merchandise,Set,2009-12-08 13:46:00,6.38,12.75
84968E,SET OF 16 VINTAGE BLACK CUTLERY,General Merchandise,Set,2009-12-02 12:06:00,6.38,12.75
84968F,SET OF 16 VINTAGE SKY BLUE CUTLERY,General Merchandise,Set,2009-12-01 12:33:00,6.38,12.75
84969,BOX OF 6 ASSORTED COLOUR TEASPOONS,Kitchenware,Box,2009-12-02 13:06:00,2.12,4.25
84970L,SINGLE HEART ZINC T-LIGHT HOLDER,Home & Decor,Single,2009-12-01 13:47:00,0.48,0.95
84970S,HANGING HEART ZINC T-LIGHT HOLDER,Home & Decor,Hanging,2009-12-01 09:08:00,0.42,0.85
84971L,LARGE HEART FLOWERS HOOK,Home & Decor,Large,2009-12-01 11:37:00,0.62,1.25
84971S,SMALL HEART FLOWERS HOOK,Home & Decor,Small,2009-12-02 14:36:00,0.42,0.85
84972L,GIANT PINK HEART MEMO HOLDER,Home & Decor,Giant,2009-12-09 13:22:00,1.98,3.95
84974,S/2 ZINC HEART DESIGN PLANTERS,General Merchandise,S/2,2010-01-06 13:56:00,4.97,9.95
84975,HEART SHAPED MIRROR,General Merchandise,Heart,2009-12-01 13:29:00,0.84,1.69
84976,RECTANGULAR SHAPED MIRROR,General Merchandise,Rectangular,2009-12-09 09:51:00,0.84,1.69
84977,WIRE FLOWER T-LIGHT HOLDER,Home & Decor,Wire,2009-12-01 12:22:00,0.62,1.25
84978,HANGING HEART JAR T-LIGHT HOLDER,Kitchenware,Hanging,2009-12-04 15:40:00,0.62,1.25
84984A,GREEN PEONY CUSHION COVER,Home & Decor,Green,2010-01-08 16:29:00,2.33,4.65
84984B,RED PEONY CUSHION COVER,Home & Decor,Red,2010-01-08 16:29:00,2.33,4.65
84984C,ORIENTAL BLUE C/COVER,General Merchandise,Oriental,2009-12-09 13:25:00,2.33,4.65
84984D,ORIENTAL RED C/COVER,General Merchandise,Oriental,2009-12-01 13:47:00,2.33,4.65
84985A,SET OF 72 GREEN PAPER DOILIES,Stationery & Cards,Set,2009-12-01 13:29:00,0.8,1.45
84985B,SET OF 72 BLACK PAPER DOILIES,Stationery & Cards,Set,2009-12-01 13:29:00,0.8,1.45
84986B,SET OF 36 SILVER PAPER DOILIES,Stationery & Cards,Set,2009-12-01 14:40:00,0.8,1.45
84987,SET OF 36 TEATIME PAPER DOILIES,Stationery & Cards,Set,2009-12-01 16:34:00,0.8,1.45
84988,SET OF 72 PINK HEART PAPER DOILIES,Stationery & Cards,Set,2009-12-01 09:57:00,0.8,1.45
84989A,75 GREEN FAIRY CAKE CASES,Kitchenware,75,2009-12-02 11:34:00,0.28,0.55
84989B,75 BLACK FAIRY CAKE CASES,Kitchenware,75,2009-12-03 13:03:00,0.28,0.55
84990,60 GOLD AND SILVER FAIRY CAKE CASES,Kitchenware,60,2009-12-01 11:58:00,0.28,0.55
84991,60 TEATIME FAIRY CAKE CASES,Kitchenware,60,2009-12-01 10:46:00,0.28,0.55
84992,72 SWEETHEART FAIRY CAKE CASES,Kitchenware,72,2009-12-01 13:19:00,0.28,0.55
84993A,75 GREEN PETIT FOUR CASES,General Merchandise,75,2009-12-03 18:13:00,0.21,0.42
84993B,75 BLACK PETIT FOUR CASES,General Merchandise,75,2009-12-03 11:34:00,0.21,0.42
84997A,GREEN 3 PIECE MINI DOTS CUTLERY SET,General Merchandise,Green,2009-12-01 11:21:00,1.88,3.75
84997B,RED 3 PIECE MINI DOTS CUTLERY SET,General Merchandise,Red,2009-12-01 11:34:00,1.88,3.75
84997C,BLUE 3 PIECE MINI DOTS CUTLERY SET,General Merchandise,Blue,2009-12-01 10:59:00,1.88,3.75
84997D,PINK 3 PIECE MINI DOTS CUTLERY SET,General Merchandise,Pink,2009-12-01 10:59:00,1.88,3.75
85006,SET 4 NURSERY DES ROUND BOXES,General Merchandise,Set,2009-12-01 14:40:00,1.48,2.95
85007,SET OF 3 VINTAGE TEA TIME BOXES,General Merchandise,Set,2009-12-02 16:59:00,2.33,4.65
85008,SET OF 3 CONEY ISLAND OVAL BOXES,General Merchandise,Set,2009-12-01 16:34:00,2.48,4.95
85014A,BLACK/BLUE POLKADOT UMBRELLA,Bags & Accessories,Black/Blue,2009-12-01 09:28:00,2.98,5.95
85014B,RED RETROSPOT UMBRELLA,Bags & Accessories,Red,2009-12-01 09:28:00,2.98,5.95
85014C,BLUE/BROWN DOTS RUFFLED UMBRELLA,Bags & Accessories,Blue/Brown,2009-12-01 11:37:00,2.98,5.95
85014D,PINK/BROWN DOTS RUFFLED UMBRELLA,Bags & Accessories,Pink/Brown,2009-12-01 11:37:00,2.98,5.95
85015,SET OF 12  VINTAGE POSTCARD SET,Stationery & Cards,Set,2009-12-01 14:28:00,1.38,2.51
85016,SET OF 6 VINTAGE NOTELETS KIT,General Merchandise,Set,2009-12-01 14:28:00,1.25,2.51
85017A,ENVELOPE 50 ROMANTIC IMAGES,Stationery & Cards,Envelope,2009-12-01 14:28:00,0.46,0.83
85017B,ENVELOPE 50 BLOSSOM IMAGES,Stationery & Cards,Envelope,2009-12-02 14:43:00,0.46,0.83
85017C,ENVELOPE 50 CURIOUS IMAGES,Stationery & Cards,Envelope,2009-12-01 14:28:00,0.46,0.83
85018A,S/6 PAPER BOXES ROMANTIC IMAGES,Stationery & Cards,S/6,2009-12-16 12:06:00,2.34,4.25
85018B,S/6 PAPER BOXES BLOSSOM IMAGES,Stationery & Cards,S/6,2009-12-16 12:06:00,2.34,4.25
85018C,S/6 PAPER BOXES CURIOUS IMAGES,Stationery & Cards,S/6,2009-12-09 13:50:00,2.34,4.25
85018D,YULETIDE IMAGES S/6 PAPER BOXES,Stationery & Cards,Yuletide,2009-12-02 13:00:00,1.4,2.55
85019A,ROMANTIC IMAGES NOTEBOOK SET,Stationery & Cards,Romantic,2010-01-05 15:55:00,0.69,1.25
85019B,BLOSSOM  IMAGES NOTEBOOK SET,Stationery & Cards,Blossom,2010-03-18 20:02:00,0.69,1.25
85019C,CURIOUS  IMAGES NOTEBOOK SET,Stationery & Cards,Curious,2009-12-04 13:23:00,2.34,4.25
85020,ROUND PINK HEART MIRROR,General Merchandise,Round,2009-12-04 09:43:00,1.05,2.1
85023A,CRYSTAL LARGE JEWELLED PHOTO FRAME,Home & Decor,Crystal,2009-12-04 15:16:00,1.27,2.55
85023B,EAU DE NILE JEWELLED PHOTOFRAME,Home & Decor,Eau,2009-12-03 13:49:00,1.27,2.55
85023C,PINK LARGE JEWELED PHOTOFRAME,Home & Decor,Pink,2010-01-18 14:23:00,1.27,2.55
85024A,CRYSTAL SMALL JEWELLED PHOTOFRAME,Home & Decor,Crystal,2009-12-04 15:16:00,0.82,1.65
85024B,EAU DE NILE JEWELLED PHOTOFRAME,Home & Decor,Eau,2010-01-19 17:32:00,0.82,1.65
85024C,PINK SMALL JEWELLED PHOTOFRAME,Home & Decor,Pink,2009-12-04 15:16:00,0.82,1.65
85025B,EAU DE NILE HEART SHAPE PHOTO FRAME,Home & Decor,Eau,2009-12-07 11:39:00,0.82,1.65
85025C,PINK HEART SHAPE PHOTO FRAME,Home & Decor,Pink,2009-12-02 15:41:00,0.82,1.65
85026B,EAU DE NILE JEWELLED T-LIGHT HOLDER,Home & Decor,Eau,2009-12-01 14:28:00,0.42,0.85
85027L,FRENCH CHATEAU LARGE PLATTER,General Merchandise,French,2010-01-17 14:53:00,0.98,1.95
85028L,FRENCH CHATEAU LARGE FRUIT BOWL,Kitchenware,French,2009-12-01 13:29:00,3.98,7.95
85028S,FRENCH CHATEAU SMALL FRUITBOWL,Kitchenware,French,2009-12-01 13:29:00,1.12,2.25
85030,FRENCH CHATEAU OVAL PLATTER,General Merchandise,French,2009-12-15 13:48:00,3.98,7.95
85031A,ROMANTIC IMAGES SCRAP BOOK SET,General Merchandise,Romantic,2009-12-01 14:28:00,1.68,3.36
85031B,BLOSSOM IMAGES SCRAP BOOK SET,General Merchandise,Blossom,2009-12-01 14:28:00,1.68,3.36
85031C,CURIOUS IMAGES SCRAP BOOK SET,General Merchandise,Curious,2009-12-01 14:28:00,1.68,3.36
85032A,ROMANTIC IMAGES GIFT WRAP SET,Stationery & Cards,Romantic,2009-12-02 13:00:00,0.36,0.65
85032B,BLOSSOM IMAGES GIFT WRAP SET,Stationery & Cards,Blossom,2010-01-22 14:17:00,0.36,0.65
85032C,CURIOUS IMAGES GIFT WRAP SET,Stationery & Cards,Curious,2009-12-04 14:29:00,0.9,1.63
85032D,YULETIDE IMAGES GIFT WRAP SET,Stationery & Cards,Yuletide,2009-12-02 13:06:00,0.9,1.63
85033G,SET/6 GOLD REINDEER T-LIGHT CANDLES,Seasonal & Christmas,Set/6,2009-12-01 14:28:00,0.88,1.95
85033S,SET/6 SILVER REINDEER T-LIGHTS,Seasonal & Christmas,Set/6,2009-12-01 12:13:00,0.29,0.65
85034A,3 GARDENIA MORRIS BOXED CANDLES,Home & Decor,3,2009-12-01 17:08:00,2.12,4.25
85034B,3 WHITE CHOC MORRIS BOXED CANDLES,Home & Decor,3,2009-12-01 14:28:00,1.64,3.29
85034C,3 ROSE MORRIS BOXED CANDLES,Home & Decor,3,2009-12-04 09:43:00,0.62,1.25
85035A,GARDENIA 3 WICK MORRIS BOXED CANDLE,Home & Decor,Gardenia,2009-12-02 11:52:00,2.12,4.25
85035B,CHOCOLATE 3 WICK MORRIS BOX CANDLE,Home & Decor,Chocolate,2009-12-06 12:14:00,2.12,4.25
85035C,ROSE 3 WICK MORRIS BOX CANDLE,Home & Decor,Rose,2009-12-02 11:52:00,2.12,4.25
85036A,GARDENIA 1 WICK MORRIS BOXED CANDLE,Home & Decor,Gardenia,2009-12-03 18:08:00,2.12,4.25
85036B,CHOCOLATE 1 WICK MORRIS BOX CANDLE,Home & Decor,Chocolate,2009-12-01 17:08:00,2.12,4.25
85036C,ROSE 1 WICK MORRIS BOXED CANDLE,Home & Decor,Rose,2009-12-01 13:29:00,2.12,4.25
85038,6 CHOCOLATE LOVE HEART T-LIGHTS,Home & Decor,6,2009-12-01 12:57:00,1.05,2.1
85039A,SET/4 RED MINI ROSE CANDLE IN BOWL,Kitchenware,Set/4,2009-12-01 14:28:00,0.82,1.65
85039B,S/4 IVORY MINI ROSE CANDLE IN BOWL,Kitchenware,S/4,2009-12-02 11:34:00,0.82,1.65
85039C,S/4 BLACK MINI ROSE CANDLE IN BOWL,Kitchenware,S/4,2009-12-03 14:39:00,0.82,1.65
85040A,S/4 PINK FLOWER CANDLES IN BOWL,Kitchenware,S/4,2009-12-01 14:50:00,0.82,1.65
85040B,SET/4 BLUE FLOWER CANDLES IN BOWL,Kitchenware,Set/4,2009-12-01 12:18:00,0.82,1.65
85041,SET/4 PINK ORCHID CANDLES IN BOWL,Kitchenware,Set/4,2009-12-01 12:18:00,0.82,1.65
85042,ANTIQUE LILY FAIRY LIGHTS,Home & Decor,Antique,2009-12-01 10:52:00,2.48,4.95
85043,RED HEART CANDY POP LIGHTS,Home & Decor,Red,2010-01-04 15:29:00,2.48,4.95
85044,RED REINDEER STRING OF 20 LIGHTS,Seasonal & Christmas,Red,2009-12-01 11:45:00,2.23,4.95
85045,GREEN CHRISTMAS TREE STRING 20LIGHT,Seasonal & Christmas,Green,2009-12-01 11:45:00,2.23,4.95
85047,WHITE BEADED GARLAND STRING 20LIGHT,Home & Decor,White,2009-12-01 13:07:00,3.18,6.35
85048,15CM CHRISTMAS GLASS BALL 20 LIGHTS,Seasonal & Christmas,15Cm,2009-12-01 07:45:00,3.58,7.95
85049A,TRADITIONAL CHRISTMAS RIBBONS,Seasonal & Christmas,Traditional,2009-12-01 11:45:00,0.56,1.25
85049B,LUSH GREENS RIBBONS,Stationery & Cards,Lush,2009-12-01 12:33:00,0.69,1.25
85049C,ROMANTIC PINKS RIBBONS,Stationery & Cards,Romantic,2009-12-01 11:58:00,0.69,1.25
85049D,BRIGHT BLUES RIBBONS,Stationery & Cards,Bright,2009-12-01 11:58:00,0.69,1.25
85049E,SCANDINAVIAN REDS RIBBONS,Stationery & Cards,Scandinavian,2009-12-01 11:45:00,0.69,1.25
85049F,BABY BOOM RIBBONS,Stationery & Cards,Baby,2009-12-02 11:34:00,0.69,1.25
85049G,CHOCOLATE BOX RIBBONS,Stationery & Cards,Chocolate,2009-12-01 12:33:00,0.69,1.25
85049H,URBAN BLACK RIBBONS,Stationery & Cards,Urban,2009-12-01 12:36:00,0.69,1.25
85050,FRENCH ENAMEL SOAP DISH WITH LID,General Merchandise,French,2010-05-11 12:18:00,1.05,2.1
85053,FRENCH ENAMEL CANDLEHOLDER,Home & Decor,French,2009-12-01 12:02:00,1.05,2.1
85054,FRENCH ENAMEL POT W LID,General Merchandise,French,2009-12-01 13:29:00,1.48,2.95
85055,FRENCH ENAMEL UTENSIL HOLDER,Home & Decor,French,2009-12-01 13:29:00,1.88,3.75
85059,FRENCH ENAMEL WATER BASIN,General Merchandise,French,2009-12-01 13:29:00,1.88,3.75
85060,WOOD FAN WITH FLOWER DESIGN,General Merchandise,Wood,2009-12-04 09:43:00,0.62,1.25
85061W,WHITE JEWELLED HEART DECORATION,Home & Decor,White,2009-12-01 12:30:00,0.42,0.85
85062,PEARL CRYSTAL PUMPKIN T-LIGHT HLDR,Home & Decor,Pearl,2009-12-10 14:46:00,0.82,1.65
85063,CREAM SWEETHEART MAGAZINE RACK,General Merchandise,Cream,2009-12-01 11:51:00,8.48,16.95
85064,CREAM SWEETHEART LETTER RACK,General Merchandise,Cream,2009-12-01 13:19:00,2.72,5.45
85065,CREAM SWEETHEART TRAYS,General Merchandise,Cream,2009-12-02 10:52:00,6.38,12.75
85066,CREAM SWEETHEART MINI CHEST,General Merchandise,Cream,2009-12-01 10:06:00,6.38,12.75
85067,CREAM SWEETHEART WALL CABINET,General Merchandise,Cream,2009-12-01 13:16:00,9.48,18.95
85068,CREAM SWEETHEART SHELF + HOOKS,Home & Decor,Cream,2009-12-01 14:19:00,3.98,7.95
85069,CREAM SWEETHEART DOUBLE SHELF,General Merchandise,Cream,2009-12-11 12:28:00,8.48,16.95
85070,ANT WHITE SWEETHEART TABLE W 3 DRAW,General Merchandise,Ant,2010-05-16 15:33:00,62.5,125.0
85071A,BLUE CHARLIE+LOLA PERSONAL DOORSIGN,General Merchandise,Blue,2009-12-01 10:49:00,0.2,0.39
85071B,RED CHARLIE+LOLA PERSONAL DOORSIGN,General Merchandise,Red,2009-12-01 10:49:00,0.2,0.39
85071C,"CHARLIE+LOLA""EXTREMELY BUSY"" SIGN",General Merchandise,"Charlie+Lola""Extremely",2009-12-06 16:17:00,0.42,0.83
85071D,CHARLIE+LOLA MY ROOM DOOR SIGN,General Merchandise,Charlie+Lola,2009-12-01 13:29:00,0.2,0.39
85072,OCCASIONS GIFT CARD ASSORTMENT,Stationery & Cards,Occasions,2009-12-10 15:45:00,0.3,0.55
85077,KISSING REINDEER TABLE RUNNER,Seasonal & Christmas,Kissing,2009-12-22 09:48:00,2.68,5.95
85078,SCANDINAVIAN 3 HEARTS NAPKIN RING,General Merchandise,Scandinavian,2009-12-03 12:28:00,0.32,0.65
85079,EMBROIDERED REINDEER DECORATION,Seasonal & Christmas,Embroidered,2009-12-03 16:54:00,0.38,0.85
85080,PADDED RED HEART DECORATION,Home & Decor,Padded,2009-12-02 15:15:00,0.21,0.42
85081,PADDED HOLLY CHRISTMAS DECORATION,Seasonal & Christmas,Padded,2009-12-09 14:48:00,0.19,0.42
85083,KISS REINDEER SCANDINAVIAN STOCKING,Seasonal & Christmas,Kiss,2009-12-03 13:02:00,1.15,2.55
85084,HOLLY TOP CHRISTMAS STOCKING,Seasonal & Christmas,Holly,2009-12-08 13:43:00,0.38,0.85
85086A,CANDY SPOT HEART DECORATION,Home & Decor,Candy,2009-12-01 14:28:00,0.42,0.85
85087,CANDY SPOT CUSHION COVER,Home & Decor,Candy,2009-12-04 12:28:00,1.64,3.29
85088,CANDY SPOT HAND BAG,Bags & Accessories,Candy,2009-12-02 11:53:00,1.05,2.1
85089,CANDY SPOT BUNNY,General Merchandise,Candy,2009-12-02 16:24:00,1.48,2.95
85090,CANDY SPOT APRON,Bags & Accessories,Candy,2009-12-01 14:35:00,2.33,4.65
85091,CANDY SPOT BREAD BASKETS,General Merchandise,Candy,2009-12-14 17:16:00,2.48,4.95
85092,CANDY SPOT TEA COSY,General Merchandise,Candy,2010-01-11 09:37:00,1.68,3.35
85093,CANDY SPOT EGG WARMER HARE,General Merchandise,Candy,2009-12-07 18:02:00,0.42,0.83
85094,CANDY SPOT EGG WARMER RABBIT,General Merchandise,Candy,2009-12-15 18:33:00,0.42,0.83
85095,THREE CANVAS LUGGAGE TAGS,General Merchandise,Three,2010-08-19 13:32:00,0.64,1.28
85096,HILDA CANDY SPOT RABBIT,General Merchandise,Hilda,2009-12-04 12:37:00,1.88,3.75
85097B,BLUE ROCKING SINGING CANARY,General Merchandise,Blue,2009-12-02 12:32:00,1.88,3.75
85098B,BLUE FLYING SINGING CANARY,General Merchandise,Blue,2009-12-02 14:36:00,1.88,3.75
85099B,JUMBO BAG RED RETROSPOT,Bags & Accessories,Jumbo,2009-12-01 10:06:00,0.98,1.95
85099C,JUMBO  BAG BAROQUE BLACK WHITE,Bags & Accessories,Jumbo,2009-12-01 12:30:00,0.98,1.95
85099F,JUMBO BAG STRAWBERRY,Bags & Accessories,Jumbo,2009-12-01 13:38:00,0.98,1.95
85103,SILVER T-LIGHT SETTING,Home & Decor,Silver,2009-12-02 12:19:00,3.38,6.75
85104,SILVER GLASS T-LIGHT SET,Home & Decor,Silver,2009-12-01 13:29:00,1.48,2.95
85106,CUT GLASS HEXAGON T-LIGHT HOLDER,Home & Decor,Cut,2009-12-08 15:12:00,1.27,2.55
85107,CUT GLASS T-LIGHT HOLDER OCTAGON,Home & Decor,Cut,2009-12-02 11:34:00,1.27,2.55
85109,PINK BOUDOIR T-LIGHT HOLDER,Home & Decor,Pink,2009-12-11 11:17:00,0.42,0.85
85110,BLACK SILVER FLOWER T-LIGHT HOLDER,Home & Decor,Black,2009-12-10 09:49:00,0.42,0.85
85111,SILVER GLITTER FLOWER VOTIVE HOLDER,Home & Decor,Silver,2009-12-02 12:32:00,0.14,0.29
85112,S/3 TEAR DROP CUT GLASS DECORATION,Home & Decor,S/3,2009-12-01 14:28:00,0.62,1.25
85113,POLKA DOT PISTACHIO PAIL,General Merchandise,Polka,2009-12-02 11:34:00,1.05,2.1
85114A,BLACK ENCHANTED FOREST PLACEMAT,General Merchandise,Black,2009-12-22 15:09:00,0.82,1.65
85114B,IVORY ENCHANTED FOREST PLACEMAT,General Merchandise,Ivory,2009-12-01 14:28:00,0.82,1.65
85114C,RED ENCHANTED FOREST PLACEMAT,General Merchandise,Red,2009-12-01 14:56:00,0.82,1.65
85115B,S/4 BLACK DISCO PARTITION PANEL,General Merchandise,S/4,2010-06-09 13:57:00,3.14,6.27
85116,BLACK CANDELABRA T-LIGHT HOLDER,Home & Decor,Black,2009-12-01 14:28:00,0.83,1.66
85117,NIGHTINGALE COATHOOK WHITE,Home & Decor,Nightingale,2009-12-05 15:47:00,0.82,1.65
85118,HEART T-LIGHT HOLDER,Home & Decor,Heart,2009-12-07 18:02:00,0.62,1.25
85119,WATERING CAN SINGLE HOOK PISTACHIO,Home & Decor,Watering,2009-12-15 17:05:00,0.84,1.69
85121B,RETRO LAUNDRY TUB PINK,General Merchandise,Retro,2009-12-03 14:39:00,4.25,8.5
85121C,RETRO LAUNDRY TUB PISTACHIO,General Merchandise,Retro,2009-12-07 18:02:00,4.25,8.5
85123A,WHITE HANGING HEART T-LIGHT HOLDER,Home & Decor,White,2009-12-01 09:46:00,1.48,2.95
85123B,ZINC HANGING HEART T-LITE HLDR,General Merchandise,Zinc,2009-12-22 15:13:00,3.02,6.04
85124A,PINK JUICY FRUIT PHOTO FRAME,Home & Decor,Pink,2009-12-01 14:28:00,1.27,2.55
85124B,BLUE JUICY FRUIT PHOTO FRAME,Home & Decor,Blue,2009-12-08 09:35:00,1.27,2.55
85124C,GREEN JUICY FRUIT PHOTO FRAME,Home & Decor,Green,2009-12-08 09:35:00,1.27,2.55
85125,SMALL ROUND CUT GLASS CANDLESTICK,Home & Decor,Small,2009-12-01 15:36:00,2.48,4.95
85126,LARGE ROUND CUTGLASS CANDLESTICK,Home & Decor,Large,2009-12-01 15:36:00,3.38,6.75
85127,SMALL SQUARE CUT GLASS CANDLESTICK,Home & Decor,Small,2009-12-01 14:50:00,2.48,4.95
85128,PLANTPOT SINGLE HOOK PISTACHIO,Home & Decor,Plantpot,2009-12-04 09:43:00,1.28,2.56
85129A,"WHITE PEARL BEADED HEART, SMALL",General Merchandise,White,2009-12-01 11:34:00,0.62,1.25
85129B,BEADED CRYSTAL HEART GREEN SMALL,General Merchandise,Beaded,2009-12-15 13:40:00,0.62,1.25
85129C,BEADED CRYSTAL HEART BLUE SMALL,General Merchandise,Beaded,2009-12-02 15:04:00,0.62,1.25
85129D,BEADED CRYSTAL HEART PINK SMALL,General Merchandise,Beaded,2009-12-01 14:28:00,1.23,2.46
85130A,BEADED PEARL HEART WHITE LARGE,General Merchandise,Beaded,2009-12-01 14:28:00,0.82,1.65
85130B,BEADED CRYSTAL HEART GREEN LARGE,General Merchandise,Beaded,2010-01-11 09:35:00,0.4,0.79
85130C,BEADED CRYSTAL HEART BLUE  LARGE,General Merchandise,Beaded,2010-01-05 13:23:00,0.4,0.79
85130D,BEADED CRYSTAL HEART PINK LARGE,General Merchandise,Beaded,2009-12-02 14:36:00,0.82,1.65
85131A,BEADED PEARL HEART WHITE ON STICK,General Merchandise,Beaded,2009-12-03 12:27:00,0.42,0.83
85131B,BEADED CRYSTAL HEART GREEN ON STICK,General Merchandise,Beaded,2009-12-16 17:58:00,0.42,0.83
85131C,BEADED CRYSTAL HEART BLUE ON STICK,General Merchandise,Beaded,2010-01-28 17:13:00,0.42,0.83
85131D,BEADED CRYSTAL HEART PINK ON STICK,General Merchandise,Beaded,2009-12-17 15:44:00,0.42,0.83
85132A,CHARLIE + LOLA BISCUITS TINS,General Merchandise,Charlie,2009-12-01 09:24:00,4.14,8.29
85132B,CHARLIE AND LOLA TABLE TINS,General Merchandise,Charlie,2009-12-06 12:07:00,1.98,3.95
85132C,CHARLIE AND LOLA FIGURES TINS,General Merchandise,Charlie,2009-12-01 09:24:00,2.9,5.79
85135A,YELLOW DRAGONFLY HELICOPTER,General Merchandise,Yellow,2009-12-02 11:51:00,3.98,7.95
85135B,BLUE DRAGONFLY HELICOPTER,General Merchandise,Blue,2009-12-01 14:28:00,3.98,7.95
85135C,RED DRAGONFLY HELICOPTER,General Merchandise,Red,2009-12-02 14:36:00,3.98,7.95
85136A,YELLOW SHARK HELICOPTER,General Merchandise,Yellow,2009-12-01 14:28:00,3.98,7.95
85136B,BLUE SHARK HELICOPTER,General Merchandise,Blue,2009-12-03 14:39:00,3.98,7.95
85136C,RED SHARK HELICOPTER,General Merchandise,Red,2009-12-01 13:41:00,3.98,7.95
85141,JARDIN ETCHED GLASS FRUITBOWL,Kitchenware,Jardin,2009-12-15 14:10:00,5.38,10.75
85142,JARDIN ETCHED GLASS GINGER JAR,Kitchenware,Jardin,2009-12-06 10:51:00,3.98,7.95
85144,JARDIN ETCHED GLASS CHEESE DISH,Kitchenware,Jardin,2009-12-06 12:52:00,3.62,7.25
85145,JARDIN ETCHED GLASS LARGE BELL JAR,Kitchenware,Jardin,2009-12-17 15:39:00,6.38,12.75
85146,JARDIN ETCHED GLASS SMALL BELL JAR,Kitchenware,Jardin,2010-03-26 15:32:00,2.98,5.95
85147,JARDIN ETCHED GLASS CANDLEHLDR LONG,Kitchenware,Jardin,2009-12-01 13:29:00,2.48,4.95
85150,LADIES & GENTLEMEN METAL SIGN,General Merchandise,Ladies,2009-12-01 09:50:00,1.27,2.55
85151,WELCOME METAL SIGN,General Merchandise,Welcome,2009-12-02 15:04:00,0.62,1.25
85152,HAND OVER THE CHOCOLATE   SIGN,General Merchandise,Hand,2009-12-01 11:37:00,1.05,2.1
85157,SET OF 2 CHESTS CHOCOLAT AU LAIT,General Merchandise,Set,2010-01-13 17:51:00,6.36,12.72
85159A,"BLACK TEA,COFFEE,SUGAR JARS",Kitchenware,Black,2009-12-07 17:56:00,0.98,1.95
85159B,"WHITE TEA,COFFEE,SUGAR JARS",Kitchenware,White,2009-12-02 14:36:00,0.98,1.95
85160A,WHITE BIRD GARDEN DESIGN MUG,Kitchenware,White,2009-12-10 09:49:00,0.62,1.25
85160B,BLACK BIRD GARDEN DESIGN MUG,Kitchenware,Black,2009-12-14 18:03:00,0.62,1.25
85161,ACRYLIC GEOMETRIC LAMP,General Merchandise,Acrylic,2009-12-10 14:07:00,9.48,18.95
85162A,SILVER RETRODISC LAMPSHADE,General Merchandise,Silver,2009-12-01 13:19:00,0.98,1.95
85162B,BLACK RETRODISC LAMPSHADE,General Merchandise,Black,2009-12-07 16:28:00,0.98,1.95
85162C,WHITE RETRODISC LAMPSHADE,General Merchandise,White,2009-12-02 12:46:00,0.98,1.95
85163A,WHITE BAROQUE WALL CLOCK,Home & Decor,White,2009-12-02 15:04:00,6.38,12.75
85163B,BLACK BAROQUE WALL CLOCK,Home & Decor,Black,2009-12-22 09:52:00,6.38,12.75
85164B,BLACK BAROQUE CUCKOO CLOCK,Home & Decor,Black,2009-12-01 14:50:00,6.38,12.75
85165,CANDY PINK FRENCH BOUDOIR CLOCK,Home & Decor,Candy,2009-12-02 15:04:00,4.24,8.47
85166A,WHITE METAL BAROQUE PHOTO FRAME,Home & Decor,White,2009-12-02 14:43:00,1.88,3.75
85166B,BLACK METAL BAROQUE PHOTO FRAME,Home & Decor,Black,2009-12-04 15:26:00,1.88,3.75
85167A,WHITE GRAND BAROQUE PHOTO FRAME,Home & Decor,White,2009-12-03 17:46:00,2.12,4.25
85167B,BLACK GRAND BAROQUE PHOTO FRAME,Home & Decor,Black,2009-12-14 17:57:00,2.12,4.25
85168A,WHITE BAROQUE CARRIAGE CLOCK,Home & Decor,White,2009-12-02 13:10:00,4.97,9.95
85168B,BLACK BAROQUE CARRIAGE CLOCK,Home & Decor,Black,2009-12-02 13:10:00,4.24,8.47
85169A,IVORY LOVE BIRD CANDLE,Home & Decor,Ivory,2009-12-08 15:12:00,0.62,1.25
85169B,BLACK LOVE BIRD CANDLE,Home & Decor,Black,2009-12-02 14:36:00,0.62,1.25
85169C,EAU DE NIL LOVE BIRD CANDLE,Home & Decor,Eau,2009-12-08 15:12:00,0.62,1.25
85169D,PINK LOVE BIRD CANDLE,Home & Decor,Pink,2009-12-14 17:57:00,0.62,1.25
85170A,SET/6 IVORY BIRD T-LIGHT CANDLES,Home & Decor,Set/6,2009-12-01 12:13:00,1.05,2.1
85170B,SET/6 BLACK BIRD T-LIGHT CANDLES,Home & Decor,Set/6,2009-12-02 14:36:00,1.05,2.1
85170C,SET/6 EAU DE NIL BIRD T-LIGHTS,Home & Decor,Set/6,2009-12-02 11:34:00,1.23,2.46
85170D,SET/6 PINK BIRD T-LIGHT CANDLES,Home & Decor,Set/6,2009-12-01 12:13:00,1.23,2.46
85171,S/2 HYACINTH BULB CANDLES,Home & Decor,S/2,2009-12-07 15:26:00,1.27,2.55
85172,HYACINTH BULB T-LIGHT CANDLES,Home & Decor,Hyacinth,2009-12-01 14:35:00,0.21,0.42
85173,SET/6 FROG PRINCE T-LIGHT CANDLES,Home & Decor,Set/6,2009-12-03 13:03:00,1.27,2.55
85174,S/4 CACTI CANDLES,Home & Decor,S/4,2009-12-01 13:47:00,2.48,4.95
85175,CACTI T-LIGHT CANDLES,Home & Decor,Cacti,2009-12-01 13:47:00,0.21,0.42
85176,SEWING SUSAN 21 NEEDLE SET,General Merchandise,Sewing,2009-12-01 13:31:00,0.42,0.85
85177,BASKET OF FLOWERS SEWING KIT,General Merchandise,Basket,2009-12-02 13:23:00,0.42,0.85
85178,VICTORIAN SEWING KIT,General Merchandise,Victorian,2009-12-01 09:46:00,0.62,1.25
85179A,GREEN BITTY LIGHT CHAIN,Home & Decor,Green,2009-12-03 10:26:00,1.23,2.46
85179B,WHITE BITTY LIGHT CHAIN,Home & Decor,White,2009-12-03 18:51:00,2.33,4.65
85179C,PINK BITTY LIGHT CHAIN,Home & Decor,Pink,2009-12-03 10:26:00,1.23,2.46
85180A,RED HEARTS LIGHT CHAIN,Home & Decor,Red,2009-12-03 10:26:00,2.33,4.65
85180B,PINK HEARTS LIGHT CHAIN,Home & Decor,Pink,2009-12-01 14:28:00,2.33,4.65
85183A,CHARLIE & LOLA WASTEPAPER BIN BLUE,Stationery & Cards,Charlie,2009-12-01 09:24:00,0.69,1.25
85183B,CHARLIE & LOLA WASTEPAPER BIN FLORA,Stationery & Cards,Charlie,2009-12-01 09:24:00,0.69,1.25
85184B,SET 4 EASTER DECOUPAGE OVAL BOXES,General Merchandise,Set,2009-12-09 13:26:00,1.48,2.95
85184C,S/4 VALENTINE DECOUPAGE HEART BOX,General Merchandise,S/4,2009-12-01 14:28:00,1.48,2.95
85184D,S/4 BLUE ROUND DECOUPAGE BOXES,General Merchandise,S/4,2009-12-01 14:28:00,1.48,2.95
85185B,PINK HORSE SOCK PUPPET,General Merchandise,Pink,2009-12-01 14:28:00,1.48,2.95
85185C,COW  SOCK PUPPET,General Merchandise,Cow,2009-12-02 13:26:00,1.48,2.95
85185D,FROG SOCK PUPPET,General Merchandise,Frog,2009-12-01 14:28:00,1.48,2.95
85185E,DUCK SOCK PUPPET,General Merchandise,Duck,2009-12-03 10:26:00,1.48,2.95
85185F,LION SOCK PUPPET,General Merchandise,Lion,2009-12-02 14:09:00,1.48,2.95
85186A,EASTER BUNNY GARLAND OF FLOWERS,General Merchandise,Easter,2009-12-01 14:28:00,0.21,0.42
85186B,BUNNY BUNCH OF FLOWERS,General Merchandise,Bunny,2010-03-17 16:33:00,0.21,0.42
85186C,BUNNY EGG GARLAND,General Merchandise,Bunny,2009-12-01 14:28:00,0.21,0.42
85187,S/12 MINI RABBIT EASTER,General Merchandise,S/12,2010-01-13 17:44:00,0.82,1.65
85188A,GREEN METAL SWINGING BUNNY,General Merchandise,Green,2009-12-09 09:42:00,0.42,0.85
85188B,PINK METAL SWINGING BUNNY,General Merchandise,Pink,2010-01-11 12:29:00,0.42,0.85
85189,HANGING BUTTERFLY  EGG,General Merchandise,Hanging,2009-12-16 13:49:00,0.42,0.85
85190,PINK FLOWER HANGING HEART,General Merchandise,Pink,2009-12-14 17:57:00,0.42,0.85
85192S,HANGING SPRING FLOWER HEART SMALL,General Merchandise,Hanging,2010-02-07 15:07:00,0.32,0.65
85194L,HANGING SPRING FLOWER EGG LARGE,General Merchandise,Hanging,2009-12-07 11:46:00,0.42,0.85
85194S,HANGING SPRING FLOWER EGG SMALL,General Merchandise,Hanging,2010-01-05 14:12:00,0.32,0.65
85195,HANGING HEART BASKET,General Merchandise,Hanging,2009-12-04 09:43:00,1.05,2.1
85196,EASTER BUNNIES ON A STICK,General Merchandise,Easter,2009-12-07 11:46:00,0.28,0.55
85197,SET OF 12 MINI BUNNIES IN A BUCKET,General Merchandise,Set,2009-12-06 11:27:00,1.05,2.1
85198,ASSORTED FARMYARD ANIMALS IN BUCKET,General Merchandise,Assorted,2009-12-07 11:46:00,0.42,0.85
85199L,LARGE HANGING IVORY & RED WOOD BIRD,General Merchandise,Large,2009-12-01 14:40:00,0.32,0.65
85199S,SMALL HANGING IVORY/RED WOOD BIRD,General Merchandise,Small,2009-12-01 14:28:00,0.21,0.42
85200,BUNNY EGG BOX,General Merchandise,Bunny,2009-12-07 11:46:00,0.62,1.25
85202,HANGING WOOD AND FELT HEART,General Merchandise,Hanging,2009-12-14 17:57:00,0.21,0.42
85203,HANGING WOOD AND FELT BUTTERFLY,General Merchandise,Hanging,2009-12-08 15:49:00,0.21,0.42
85204,HANGING WOOD AND FELT FLOWER,General Merchandise,Hanging,2009-12-14 17:57:00,0.21,0.42
85205A,IVORY FELT EASTER RABBIT GARLAND,General Merchandise,Ivory,2010-02-02 12:47:00,1.27,2.55
85205B,PINK FELT EASTER RABBIT GARLAND,General Merchandise,Pink,2010-01-11 09:37:00,1.27,2.55
85206A,CREAM FELT EASTER EGG BASKET,General Merchandise,Cream,2009-12-01 10:36:00,0.82,1.65
85206B,PINK FELT EASTER EGG BASKET,General Merchandise,Pink,2009-12-14 14:02:00,0.82,1.65
85208,SET/12 FUNKY FELT FLOWER PEG IN BAG,Bags & Accessories,Set/12,2009-12-01 12:56:00,1.05,2.1
85211,S/4 GROOVY CAT MAGNETS,General Merchandise,S/4,2009-12-01 14:14:00,0.82,1.65
85212,MINI PAINTED GARDEN DECORATION,Home & Decor,Mini,2009-12-02 14:36:00,0.42,0.85
85213,MINI  ZINC GARDEN DECORATIONS,Home & Decor,Mini,2009-12-13 13:39:00,0.42,0.85
85214,TUB 24 PINK FLOWER PEGS,General Merchandise,Tub,2009-12-06 11:13:00,0.82,1.65
85215,ASSORTED CHEESE FRIDGE MAGNETS,General Merchandise,Assorted,2009-12-10 20:16:00,0.32,0.65
85216,ASSORTED CAKES FRIDGE MAGNETS,Kitchenware,Assorted,2009-12-01 09:28:00,0.32,0.65
85217,ASSORTED ICE CREAM FRIDGE MAGNETS,General Merchandise,Assorted,2009-12-01 14:28:00,0.32,0.65
85218,S/5 MINI ICE CREAM FRIDGE MAGNETS,General Merchandise,S/5,2010-01-14 14:53:00,0.44,0.88
85220,SMALL FAIRY CAKE FRIDGE MAGNETS,Kitchenware,Small,2009-12-02 09:49:00,0.72,1.45
85221,ASSORTED COLOUR SILK COIN PURSE,Bags & Accessories,Assorted,2009-12-02 11:53:00,0.62,1.25
85222,ASSORTED COLOUR SILK COSMETIC PURSE,Bags & Accessories,Assorted,2009-12-02 10:09:00,1.05,2.1
85224,ASSORTED COLOUR SILK GLASSES CASE,General Merchandise,Assorted,2009-12-02 16:49:00,1.05,2.1
85225,BLING KEY RING STAND,General Merchandise,Bling,2009-12-13 11:49:00,0.62,1.25
85226A,WHITE/BLUE PULL BACK RACING CAR,General Merchandise,White/Blue,2009-12-02 13:20:00,0.28,0.55
85226C,BLUE PULL BACK RACING CAR,General Merchandise,Blue,2009-12-01 11:49:00,0.28,0.55
85227,SET OF 6 3D KIT CARDS FOR KIDS,Stationery & Cards,Set,2009-12-01 11:49:00,0.47,0.85
85230A,OPIUM SCENTED VOTIVE CANDLE,Home & Decor,Opium,2009-12-13 11:34:00,0.14,0.29
85230B,CINNAMON SCENTED VOTIVE CANDLE,Home & Decor,Cinnamon,2009-12-08 13:08:00,0.14,0.29
85230C,ROSE SCENTED VOTIVE CANDLE,Home & Decor,Rose,2009-12-10 13:12:00,0.14,0.29
85230D,VANILLA SCENTED VOTIVE CANDLE,Home & Decor,Vanilla,2009-12-10 13:03:00,0.14,0.29
85230E,STRAWBRY SCENTED VOTIVE CANDLE,Home & Decor,Strawbry,2009-12-08 13:08:00,0.14,0.29
85230F,JASMINE VOTIVE CANDLE,Home & Decor,Jasmine,2009-12-02 10:09:00,0.14,0.29
85230G,ORANGE VOTIVE CANDLE,Home & Decor,Orange,2009-12-02 13:06:00,0.14,0.29
85231B,CINAMMON SET OF 9 T-LIGHTS,Home & Decor,Cinammon,2009-12-01 11:58:00,0.42,0.85
85231E,STRAWBERRY SCENTED SET/9 T-LIGHTS,Home & Decor,Strawberry,2009-12-01 11:58:00,0.42,0.85
85231G,ORANGE SCENTED SET/9 T-LIGHTS,Home & Decor,Orange,2009-12-01 12:14:00,0.42,0.85
85231L,LAVENDER SCENTED SET/9 T-LIGHTS,Home & Decor,Lavender,2009-12-01 12:33:00,0.42,0.85
85232A,SET/3 POLKA DOT STACKING TINS,General Merchandise,Set/3,2009-12-01 12:47:00,2.48,4.95
85232B,SET/3 RUSSIAN DOLL STACKING TINS,Toys & Games,Set/3,2009-12-01 09:28:00,2.48,4.95
85232C,RUSSIAN FOLKART STACKING TINS,General Merchandise,Russian,2010-01-15 14:27:00,2.48,4.95
85232D,SET/3 DECOUPAGE STACKING TINS,General Merchandise,Set/3,2009-12-01 11:41:00,2.48,4.95
90000A,RASPBERRY ANT COPPER FLOWER NECKLAC,General Merchandise,Raspberry,2009-12-01 11:37:00,2.98,5.95
90000B,MIDNIGHT BLUE COPPER FLOWER NECKLAC,General Merchandise,Midnight,2009-12-07 18:02:00,2.98,5.95
90000C,OPAL WHITE/SILVER FLOWER NECKLACE,General Merchandise,Opal,2009-12-13 10:48:00,3.08,6.16
90000D,COPPER/OLIVE GREEN FLOWER NECKLACE,General Merchandise,Copper/Olive,2009-12-01 14:28:00,3.12,6.23
90001A,ANTIQUE RASPBERRY FLOWER EARRINGS,General Merchandise,Antique,2009-12-15 18:33:00,2.12,4.25
90001B,ANTIQUE MID BLUE FLOWER EARRINGS,General Merchandise,Antique,2010-01-13 17:44:00,2.12,4.25
90001C,ANTIQUE OPAL WHITE FLOWER EARRINGS,General Merchandise,Antique,2009-12-11 12:21:00,2.12,4.25
90001D,ANTIQUE OLIVE GREEN FLOWER EARRINGS,General Merchandise,Antique,2009-12-06 11:58:00,2.12,4.25
90002A,FLOWER BURST SILVER RING OPAL,General Merchandise,Flower,2009-12-07 12:32:00,1.88,3.75
90002B,FLOWER BURST SILVER RING ROSE,General Merchandise,Flower,2009-12-02 13:57:00,1.88,3.75
90002C,FLOWER BURST SILVER RING MIDN'T BLU,General Merchandise,Flower,2009-12-02 13:57:00,1.88,3.75
90002D,FLOWER BURST SILVER RING CRYSTAL,General Merchandise,Flower,2009-12-02 13:57:00,1.88,3.75
90002E,FLOWER BURST SILVER RING GREEN,General Merchandise,Flower,2009-12-02 13:57:00,1.88,3.75
90003B,ROSE COLOUR PAIR HEART HAIR SLIDES,General Merchandise,Rose,2009-12-01 10:49:00,1.88,3.75
90003C,MIDNIGHT BLUE PAIR HEART HAIR SLIDE,General Merchandise,Midnight,2009-12-01 10:49:00,1.88,3.75
90003D,CRYSTAL PAIR HEART HAIR SLIDES,General Merchandise,Crystal,2009-12-01 10:49:00,1.88,3.75
90003E,GREEN PAIR HEART HAIR SLIDES,General Merchandise,Green,2009-12-16 17:36:00,1.88,3.75
90004A,JADE GREEN PAIR ENAMEL HAIR SLIDES,General Merchandise,Jade,2009-12-15 13:21:00,1.88,3.75
90005A,JADE GREEN ENAMEL HAIR COMB,General Merchandise,Jade,2009-12-01 14:28:00,1.06,2.11
90010A,MIDNIGHT BLUE GLASS/SILVER BRACELET,General Merchandise,Midnight,2009-12-03 14:39:00,4.47,8.95
90010B,BLACK/WHITE GLASS/SILVER BRACELET,General Merchandise,Black/White,2009-12-02 14:43:00,4.47,8.95
90010E,AMBER GLASS/SILVER BRACELET,General Merchandise,Amber,2009-12-01 17:08:00,4.47,8.95
90011A,MIDNIGHT BLUE CRYSTAL DROP EARRINGS,General Merchandise,Midnight,2009-12-03 14:39:00,1.48,2.96
90011B,BLACK CRYSTAL DROP EARRINGS,General Merchandise,Black,2009-12-03 13:49:00,1.48,2.95
90011C,GREEN CRYSTAL DROP EARRINGS,General Merchandise,Green,2009-12-04 16:27:00,1.48,2.95
90011D,PURPLE CRYSTAL DROP EARRINGS,General Merchandise,Purple,2009-12-02 14:43:00,1.48,2.96
90011E,AMBER CRYSTAL DROP EARRINGS,General Merchandise,Amber,2009-12-08 14:36:00,1.48,2.96
90012A,MIDNIGHT BLUE DROP CRYSTAL NECKLACE,General Merchandise,Midnight,2009-12-03 14:39:00,4.99,9.98
90012B,BLACK DROP CRYSTAL NECKLACE,General Merchandise,Black,2009-12-03 13:49:00,4.97,9.95
90013A,MIDNIGHT BLUE VINTAGE EARRINGS,General Merchandise,Midnight,2009-12-03 14:39:00,1.9,3.81
90013B,BLACK VINTAGE EARRINGS,General Merchandise,Black,2009-12-02 14:43:00,2.12,4.24
90013C,GREEN VINTAGE EARRINGS,General Merchandise,Green,2009-12-01 11:37:00,2.08,4.15
90013D,PURPLE VINTAGE EARRINGS,General Merchandise,Purple,2010-01-13 13:55:00,2.08,4.15
90013E,AMBER VINTAGE EARRINGS,General Merchandise,Amber,2009-12-09 09:42:00,2.14,4.28
90014A,SILVER/MOP ORBIT NECKLACE,General Merchandise,Silver/Mop,2009-12-07 18:02:00,4.97,9.95
90014B,GOLD M PEARL  ORBIT NECKLACE,General Merchandise,Gold,2009-12-04 09:43:00,4.97,9.95
90014C,SILVER/BLACK ORBIT NECKLACE,General Merchandise,Silver/Black,2009-12-02 16:18:00,4.97,9.95
90016A,SILVER/M.O.P PENDANT ORBIT NECKLACE,Stationery & Cards,Silver/M.O.P,2009-12-18 17:06:00,4.68,8.5
90016B,GOLD/M.O.P PENDANT ORBIT NECKLACE,Stationery & Cards,Gold/M.O.P,2009-12-16 14:59:00,4.68,8.5
90016C,SILVER/BLACK PENDANT ORBIT NECKLACE,Stationery & Cards,Silver/Black,2010-01-11 09:30:00,4.67,8.49
90018A,SILVER M.O.P ORBIT DROP EARRINGS,General Merchandise,Silver,2009-12-14 17:16:00,2.12,4.24
90018B,GOLD M.O.P ORBIT DROP EARRINGS,General Merchandise,Gold,2009-12-02 14:36:00,2.12,4.24
90018C,SILVER BLACK ORBIT DROP EARRINGS,General Merchandise,Silver,2009-12-14 17:16:00,2.12,4.24
90019A,SILVER M.O.P ORBIT BRACELET,General Merchandise,Silver,2009-12-02 14:43:00,2.7,5.4
90019B,GOLD M.O.P ORBIT BRACELET,General Merchandise,Gold,2010-01-20 17:50:00,2.7,5.4
90019C,SILVER BLACK ORBIT BRACELET,General Merchandise,Silver,2009-12-03 13:49:00,2.76,5.51
90020,FILIGREE DIAMANTE CHAIN,General Merchandise,Filigree,2009-12-17 15:26:00,6.38,12.75
90021,LASER CUT MULTI STRAND NECKLACE,General Merchandise,Laser,2010-08-18 17:43:00,5.98,11.95
90022,EDWARDIAN DROP EARRINGS JET BLACK,General Merchandise,Edwardian,2009-12-04 09:43:00,1.88,3.75
90023,FILIGREE DIAMANTE EARRINGS,General Merchandise,Filigree,2009-12-01 11:37:00,2.12,4.25
90024A,NEW BAROQUE B'FLY NECKLACE BLACK,General Merchandise,New,2010-01-28 13:23:00,4.25,8.5
90024B,NEW BAROQUE B'FLY NECKLACE RED,General Merchandise,New,2009-12-01 11:37:00,4.24,8.49
90024C,NEW BAROQUE B'FLY NECKLACE GREEN,General Merchandise,New,2009-12-03 13:49:00,4.25,8.5
90024D,NEW BAROQUE B'FLY NECKLACE PINK,General Merchandise,New,2009-12-09 09:51:00,4.25,8.5
90024E,NEW BAROQUE B'FLY NECKLACE MONTANA,General Merchandise,New,2009-12-02 14:43:00,4.25,8.5
90024F,NEW BAROQUE B'FLY NECKLACE CRYSTAL,General Merchandise,New,2010-04-19 10:40:00,4.24,8.49
90025A,BAROQUE BUTTERFLY EARRINGS BLACK,General Merchandise,Baroque,2011-04-10 15:19:00,1.88,3.75
90025B,BAROQUE BUTTERFLY EARRINGS RED,General Merchandise,Baroque,2010-03-07 15:34:00,1.88,3.75
90025C,BAROQUE BUTTERFLY EARRINGS GREEN,General Merchandise,Baroque,2010-02-17 10:28:00,1.88,3.75
90025D,BAROQUE BUTTERFLY EARRINGS PINK,General Merchandise,Baroque,2010-02-16 13:49:00,1.86,3.73
90025E,BAROQUE BUTTERFLY EARRINGS MONTANA,General Merchandise,Baroque,2009-12-02 14:43:00,1.88,3.75
90025F,BAROQUE BUTTERFLY EARRINGS CRYSTAL,General Merchandise,Baroque,2010-01-11 09:35:00,1.88,3.75
90026A,GLASS BEAD HOOP NECKLACE BLACK,General Merchandise,Glass,2010-03-19 11:39:00,4.25,8.5
90026B,GLASS BEAD HOOP NECKLACE MONTANA,General Merchandise,Glass,2009-12-13 10:54:00,4.25,8.5
90026C,GLASS BEAD HOOP NECKLACE GREEN,General Merchandise,Glass,2009-12-10 19:35:00,4.25,8.5
90026D,GLASS BEAD HOOP NECKLACE AMETHYST,General Merchandise,Glass,2010-06-07 13:02:00,4.25,8.5
90027A,GLASS BEAD HOOP EARRINGS BLACK,General Merchandise,Glass,2010-03-21 14:04:00,1.48,2.95
90027B,GLASS BEAD HOOP EARRINGS MONTANA,General Merchandise,Glass,2009-12-09 12:57:00,1.48,2.95
90027C,GLASS BEAD HOOP EARRINGS GREEN,General Merchandise,Glass,2009-12-14 17:16:00,1.48,2.95
90027D,GLASS BEAD HOOP EARRINGS AMETHYST,General Merchandise,Glass,2009-12-02 14:43:00,1.66,3.32
90028,NEW BAROQUE LARGE NECKLACE BLK/WHIT,General Merchandise,New,2009-12-03 14:39:00,4.24,8.49
90029,NEW BAROQUE SMALL NECKLACE BLACK,General Merchandise,New,2009-12-06 11:27:00,4.25,8.5
90030A,SPOTTED WHITE NATURAL SEED NECKLACE,General Merchandise,Spotted,2009-12-09 09:51:00,0.5,1.0
90030B,RED KUKUI COCONUT SEED NECKLACE,General Merchandise,Red,2009-12-09 09:51:00,2.94,5.88
90030C,BROWN KUKUI COCONUT SEED NECKLACE,General Merchandise,Brown,2009-12-09 09:51:00,1.7,3.41
90031,BILI NUT AND WOOD NECKLACE,General Merchandise,Bili,2009-12-15 18:33:00,0.5,1.0
90032,IVORY SHELL HEART NECKLACE,General Merchandise,Ivory,2010-01-21 13:21:00,3.12,6.25
90033,IVORY SHELL HEART EARRINGS,General Merchandise,Ivory,2009-12-02 14:43:00,1.27,2.54
90034,WHITE SILVER NECKLACE SHELL GLASS,General Merchandise,White,2009-12-02 14:43:00,4.99,9.98
90035A,"PEARL & SHELL 42""NECKL. GREEN",General Merchandise,Pearl,2009-12-03 14:39:00,5.38,10.75
90035B,"PEARL & SHELL 42""NECKL. PINK",General Merchandise,Pearl,2009-12-02 13:00:00,5.38,10.75
90035C,"PEARL & SHELL 42""NECKL. IVORY",General Merchandise,Pearl,2009-12-02 13:00:00,5.38,10.75
90036A,FLOWER GARLAND NECKLACE RED,General Merchandise,Flower,2009-12-03 14:39:00,3.98,7.95
90036B,"FLOWER GLASS GARLAND NECKL.36""GREEN",General Merchandise,Flower,2010-01-18 16:47:00,3.98,7.95
90036C,"FLOWER GLASS GARLAND NECKL.36""BLUE",General Merchandise,Flower,2009-12-03 17:57:00,3.98,7.95
90036D,"FLOWER GLASS GARLAND NECKL.36""BLACK",General Merchandise,Flower,2009-12-01 11:37:00,3.98,7.95
90036E,"FLOWER GLASS GARLD NECKL36""AMETHYST",General Merchandise,Flower,2009-12-08 15:49:00,3.98,7.95
90036F,"FLOWER GLASS GARLD NECKL36""TURQUOIS",General Merchandise,Flower,2009-12-18 17:15:00,4.04,8.07
90037A,TINY CRYSTAL BRACELET RED,General Merchandise,Tiny,2009-12-14 17:57:00,1.27,2.55
90037B,TINY CRYSTAL BRACELET GREEN,General Merchandise,Tiny,2010-03-16 11:08:00,1.27,2.54
90037C,TINY CRYSTAL BRACELET BLUE,General Merchandise,Tiny,2009-12-14 17:57:00,1.27,2.54
90037D,TINY CRYSTALS BRACELET BLACK,General Merchandise,Tiny,2009-12-07 17:56:00,1.28,2.57
90038A,GLASS AND PAINTED BEADS BRACELET TO,General Merchandise,Glass,2009-12-07 18:02:00,1.88,3.75
90038B,GLASS AND PAINTED BEADS BRACELET OL,General Merchandise,Glass,2009-12-14 17:16:00,1.88,3.75
90038C,GLASS AND BEADS BRACELET IVORY,General Merchandise,Glass,2009-12-18 17:15:00,1.88,3.75
90039A,FIRE POLISHED GLASS BRACELET RED,General Merchandise,Fire,2009-12-18 17:15:00,1.88,3.75
90039B,FIRE POLISHED GLASS BRACELET MONTAN,General Merchandise,Fire,2010-01-12 09:48:00,1.88,3.75
90039C,FIRE POLISHED GLASS BRACELET BLACK,General Merchandise,Fire,2009-12-10 09:49:00,1.88,3.75
90039D,FIRE POLISHED GLASS BRACELET GREEN,General Merchandise,Fire,2009-12-01 14:28:00,1.9,3.81
90040A,MURANO STYLE GLASS BRACELET RED,General Merchandise,Murano,2009-12-03 14:39:00,2.12,4.24
90040B,MURANO STYLE GLASS BRACELET BLACK,General Merchandise,Murano,2009-12-03 14:39:00,1.86,3.73
90040C,MURANO STYLE GLASS BRACELET GOLD,General Merchandise,Murano,2009-12-04 16:23:00,1.86,3.73
90040D,MURANO STYLE GLASS BRACELET PINK,General Merchandise,Murano,2009-12-01 14:28:00,1.9,3.81
90041,PEARL AND CHERRY QUARTZ BRACLET,General Merchandise,Pearl,2009-12-09 09:42:00,1.86,3.73
90042A,FRESHWATER PEARL BRACELET GOLD,General Merchandise,Freshwater,2009-12-02 11:34:00,1.27,2.54
90042B,FRESHWATER PEARL BRACELET PINK,General Merchandise,Freshwater,2009-12-02 11:34:00,1.27,2.55
90042C,FRESHWATER PEARL BRACELET IVORY,General Merchandise,Freshwater,2010-06-02 11:54:00,1.27,2.54
90043,COPPER AND BRASS BAG CHARM,Bags & Accessories,Copper,2009-12-17 15:26:00,2.48,4.95
90046,WHITE WITH METAL BAG CHARM,Bags & Accessories,White,2010-03-26 16:17:00,2.48,4.95
90048,GREEN WITH METAL BAG CHARM,Bags & Accessories,Green,2009-12-08 15:49:00,2.48,4.95
90049,IVORY GOLD METAL BAG CHARM,Bags & Accessories,Ivory,2010-05-23 12:46:00,3.73,7.46
90050,CRACKED GLAZE NECKLACE IVORY,General Merchandise,Cracked,2010-01-26 17:48:00,3.5,7.01
90051,CRACKED GLAZE NECKLACE RED,General Merchandise,Cracked,2010-06-28 10:02:00,3.48,6.95
90052,CRACKED GLAZE NECKLACE BROWN,General Merchandise,Cracked,2009-12-22 16:17:00,3.54,7.07
90053,CRACKED GLAZE EARRINGS IVORY,General Merchandise,Cracked,2010-01-11 14:35:00,1.27,2.54
90054,CRACKED GLAZE EARRINGS RED,General Merchandise,Cracked,2009-12-14 17:16:00,1.27,2.54
90055,CRACKED GLAZE EARRINGS BROWN,General Merchandise,Cracked,2010-01-11 09:35:00,1.27,2.54
90056,CHUNKY CRACKED GLAZE NECKLACE IVORY,General Merchandise,Chunky,2009-12-08 15:49:00,5.52,11.05
90057,DIAMANTE RING ASSORTED IN BOX.,General Merchandise,Diamante,2009-12-09 14:25:00,0.62,1.25
90058A,CRYSTAL STUD EARRINGS CLEAR DISPLAY,General Merchandise,Crystal,2009-12-10 14:13:00,0.19,0.38
90058B,CRYSTAL STUD EARRINGS ASSORTED COL,General Merchandise,Crystal,2009-12-23 16:21:00,0.19,0.38
90059A,DIAMANTE HAIR GRIP PACK/2 CRYSTAL,General Merchandise,Diamante,2009-12-02 14:43:00,0.84,1.69
90059B,DIAMANTE HAIR GRIP PACK/2 BLACK DIA,General Merchandise,Diamante,2010-01-19 09:05:00,0.84,1.67
90059C,DIAMANTE HAIR GRIP PACK/2 MONTANA,General Merchandise,Diamante,2009-12-09 09:42:00,0.82,1.65
90059D,DIAMANTE HAIR GRIP PACK/2 PERIDOT,General Merchandise,Diamante,2009-12-03 14:39:00,0.84,1.69
90059E,DIAMANTE HAIR GRIP PACK/2 RUBY,General Merchandise,Diamante,2009-12-09 09:42:00,0.82,1.65
90059F,DIAMANTE HAIR GRIP PACK/2 LT ROSE,General Merchandise,Diamante,2009-12-16 17:58:00,0.82,1.65
90060B,FIRE POLISHED GLASS NECKL GOLD,General Merchandise,Fire,2009-12-13 12:31:00,2.98,5.95
90060C,FIRE POLISHED GLASS NECKL SILVER,General Merchandise,Fire,2009-12-06 13:40:00,2.98,5.95
90060D,FIRE POLISHED GLASS NECKL BRONZE,General Merchandise,Fire,2009-12-06 13:40:00,2.98,5.95
90060F,FIRE POLISHED GLASS NECKL GREEN,General Merchandise,Fire,2009-12-06 13:40:00,2.97,5.94
90062,CARNIVAL BRACELET,General Merchandise,Carnival,2009-12-01 10:59:00,6.38,12.75
90063A,WHITE VINT ART DECO CRYSTAL NECKLAC,General Merchandise,White,2010-06-17 11:57:00,4.25,8.5
90063B,BLACK VINT ART DEC CRYSTAL NECKLACE,General Merchandise,Black,2009-12-03 14:39:00,4.25,8.5
90064A,WHITE VINTAGE CRYSTAL EARRINGS,General Merchandise,White,2010-01-13 17:44:00,2.08,4.15
90064B,BLACK VINTAGE  CRYSTAL EARRINGS,General Merchandise,Black,2009-12-17 19:33:00,1.88,3.75
90065A,WHITE VINTAGE CRYSTAL BRACELET,General Merchandise,White,2009-12-02 14:36:00,3.53,7.06
90065B,BLACK VINT ART DEC CRYSTAL BRACELET,General Merchandise,Black,2009-12-13 10:48:00,3.38,6.75
90066A,PINK VINTAGE VICTORIAN CHOKER,General Merchandise,Pink,2010-07-19 13:23:00,3.38,6.75
90067A,PINK VINTAGE VICTORIAN EARRINGS,General Merchandise,Pink,2009-12-01 11:37:00,1.48,2.95
90067B,BROWN VINTAGE VICTORIAN EARRINGS,General Merchandise,Brown,2009-12-01 11:37:00,1.48,2.95
90068,"RUBY GLASS NECKLACE 42""",General Merchandise,Ruby,2010-09-28 15:09:00,3.75,7.5
90069,RUBY GLASS CLUSTER NECKLACE,General Merchandise,Ruby,2009-12-10 19:35:00,3.75,7.5
90070,RUBY GLASS CLUSTER BRACELET,General Merchandise,Ruby,2009-12-04 09:43:00,3.12,6.23
90071,RUBY GLASS CLUSTER EARRINGS,General Merchandise,Ruby,2009-12-02 14:36:00,0.63,1.26
90072,RUBY DROP CHANDELIER EARRINGS,General Merchandise,Ruby,2009-12-02 13:57:00,2.1,4.2
90073,VINTAGE ENAMEL & CRYSTAL EARRINGS,General Merchandise,Vintage,2009-12-02 13:57:00,2.52,5.04
90074,BLACK DIAMOND CLUSTER NECKLACE,General Merchandise,Black,2010-03-07 15:34:00,4.47,8.95
90075,MONTANA DIAMOND CLUSTER NECKLACE,General Merchandise,Montana,2010-03-07 15:34:00,4.47,8.95
90076,MONTANA DIAMOND CLUSTER EARRINGS,General Merchandise,Montana,2010-01-14 09:41:00,1.48,2.96
90077,BLACK DIAMOND CLUSTER EARRINGS,General Merchandise,Black,2009-12-14 17:16:00,1.48,2.96
90078,PINK/WHITE GLASS DEMI CHOKER,General Merchandise,Pink/White,2010-02-16 13:49:00,3.75,7.5
90079,VINTAGE ENAMEL & CRYSTAL NECKLACE,General Merchandise,Vintage,2009-12-17 19:33:00,2.48,4.95
90081A,LILY BROOCH AMETHYST COLOUR,General Merchandise,Lily,2009-12-07 16:38:00,2.48,4.95
90081B,LILY BROOCH WHITE/SILVER COLOUR,General Merchandise,Lily,2010-10-19 13:18:00,2.48,4.95
90081C,LILY BROOCH OLIVE COLOUR,General Merchandise,Lily,2009-12-01 14:28:00,2.49,4.98
90082A,DIAMANTE BOW BROOCH GREEN COLOUR,General Merchandise,Diamante,2009-12-02 13:00:00,3.18,6.35
90082B,DIAMANTE BOW BROOCH RED COLOUR,General Merchandise,Diamante,2009-12-15 13:21:00,3.18,6.35
90082C,DIAMANTE BOW BROOCH WHITE COLOUR,General Merchandise,Diamante,2010-01-13 17:08:00,3.4,6.79
90082D,DIAMANTE BOW BROOCH BLACK COLOUR,General Merchandise,Diamante,2009-12-01 10:49:00,3.18,6.35
90083,CRYSTAL CZECH CROSS PHONE CHARM,General Merchandise,Crystal,2009-12-03 11:46:00,0.82,1.63
90084,PINK CRYSTAL GUITAR PHONE CHARM,General Merchandise,Pink,2009-12-01 12:56:00,0.42,0.85
90085,CRYSTAL STILETTO PHONE CHARM,General Merchandise,Crystal,2009-12-01 12:56:00,0.42,0.85
90086,CRYSTAL FROG PHONE CHARM,General Merchandise,Crystal,2010-03-03 11:40:00,0.82,1.63
90087,CRYSTAL SEA HORSE PHONE CHARM,General Merchandise,Crystal,2009-12-01 12:56:00,0.82,1.63
90088,CRYSTAL KEY+LOCK PHONE CHARM,General Merchandise,Crystal,2009-12-01 12:56:00,0.42,0.85
90089,PINK CRYSTAL SKULL PHONE CHARM,General Merchandise,Pink,2009-12-03 18:23:00,0.82,1.63
90090,PINK CRYSTAL HEART PHONE CHARM,General Merchandise,Pink,2009-12-01 12:56:00,0.42,0.85
90091,CRYSTAL DRAGONFLY PHONE CHARM,General Merchandise,Crystal,2010-05-10 13:48:00,0.42,0.85
90092,BLUE CRYSTAL BOOT PHONE CHARM,General Merchandise,Blue,2009-12-01 12:56:00,0.42,0.85
90093,CLEAR CRYSTAL STAR PHONE CHARM,General Merchandise,Clear,2009-12-01 12:56:00,0.42,0.85
90094,NECKLACE+BRACELET SET FRUIT SALAD,General Merchandise,Necklace+Bracelet,2010-06-27 13:11:00,1.27,2.55
90095,NECKLACE+BRACELET SET PINK BLOSSOM,General Merchandise,Necklace+Bracelet,2010-03-08 12:40:00,1.27,2.55
90096,NECKLACE+BRACELET SET BLUE BLOSSOM,General Merchandise,Necklace+Bracelet,2010-01-05 16:50:00,1.23,2.46
90098,NECKLACE+BRACELET PINK BUTTERFLY,General Merchandise,Necklace+Bracelet,2009-12-18 17:06:00,1.27,2.55
90099,NECKLACE+BRACELET SET BLUE HIBISCUS,General Merchandise,Necklace+Bracelet,2009-12-07 13:35:00,1.27,2.55
90100,NECKLACE+BRACELET SET PINK DAISY,General Merchandise,Necklace+Bracelet,2009-12-07 13:35:00,1.27,2.55
90101,WHITE FRANGIPANI NECKLACE,General Merchandise,White,2009-12-09 09:42:00,1.27,2.54
90102,WHITE FRANGIPANI HAIR CLIP,General Merchandise,White,2010-01-25 09:54:00,0.42,0.85
90103,PURPLE FRANGIPANI NECKLACE,General Merchandise,Purple,2009-12-22 09:45:00,1.27,2.54
90104,PURPLE FRANGIPANI HAIRCLIP,General Merchandise,Purple,2010-06-21 13:04:00,0.42,0.83
90108,BLUE BLOSSOM HAIR CLIP,General Merchandise,Blue,2010-01-15 15:47:00,0.52,1.05
90111,BLUE HIBISCUS  HAIR CLIP,General Merchandise,Blue,2009-12-07 11:05:00,0.52,1.05
90112,PINK DOLLY HAIR CLIPS,Toys & Games,Pink,2009-12-07 11:05:00,0.52,1.05
90114,SUMMER DAISIES BAG CHARM,Bags & Accessories,Summer,2010-02-02 11:40:00,1.23,2.46
90115,SUMMER BUTTERFLIES BAG CHARM,Bags & Accessories,Summer,2009-12-06 12:28:00,1.25,2.51
90116,FRUIT SALAD BAG CHARM,Bags & Accessories,Fruit,2010-02-02 11:40:00,1.23,2.46
90118,PINK DAISY BAG CHARM,Bags & Accessories,Pink,2010-06-16 16:04:00,1.23,2.46
90119,METALIC LEAVES BAG CHARMS,Bags & Accessories,Metalic,2010-06-23 10:53:00,1.23,2.46
90120A,PINK MURANO TWIST BRACELET,General Merchandise,Pink,2009-12-07 17:56:00,2.12,4.25
90120B,BLUE MURANO TWIST BRACELET,General Merchandise,Blue,2009-12-09 12:57:00,2.12,4.25
90120C,GREEN MURANO TWIST BRACELET,General Merchandise,Green,2009-12-01 14:28:00,2.12,4.24
90120D,WHITE MURANO TWIST BRACELET,General Merchandise,White,2009-12-07 18:02:00,2.12,4.25
90121B,VINTAGE ROSE BEAD BRACELET BLUE,General Merchandise,Vintage,2009-12-01 10:59:00,2.12,4.25
90122A,PINK CRYSTAL+GLASS BRACELET,General Merchandise,Pink,2010-01-11 09:33:00,2.49,4.98
90122B,JADE CRYSTAL+GLASS BRACELET,General Merchandise,Jade,2009-12-06 12:17:00,2.48,4.95
90122C,TURQUOISE CRYSTAL+GLASS BRACELET,General Merchandise,Turquoise,2009-12-14 18:37:00,2.48,4.96
90123A,PINK HEART OF GLASS BRACELET,General Merchandise,Pink,2009-12-13 12:31:00,2.98,5.95
90123B,TURQUOISE HEART OF GLASS BRACELET,General Merchandise,Turquoise,2010-01-11 09:35:00,2.98,5.95
90123C,GREEN HEART OF GLASS BRACELET,General Merchandise,Green,2009-12-23 15:30:00,2.98,5.95
90123D,WHITE HEART OF GLASS BRACELET,General Merchandise,White,2009-12-04 09:43:00,2.98,5.95
90124A,PINK MURANO TWIST NECKLACE,General Merchandise,Pink,2009-12-02 14:43:00,4.97,9.95
90124B,BLUE MURANO TWIST NECKLACE,General Merchandise,Blue,2009-12-08 15:49:00,4.98,9.96
90124C,GREEN MURANO TWIST NECKLACE,General Merchandise,Green,2009-12-16 17:58:00,4.97,9.95
90125A,PINK BERTIE GLASS BEAD BAG CHARM,Bags & Accessories,Pink,2009-12-01 12:56:00,1.05,2.1
90125B,AQUA BERTIE GLASS BEAD BAG CHARM,Bags & Accessories,Aqua,2009-12-08 13:27:00,1.05,2.1
90125C,TURQUOISE BERTIE GLASS BEAD CHARM,General Merchandise,Turquoise,2009-12-01 13:13:00,0.82,1.64
90125D,PURPLE BERTIE GLASS BEAD BAG CHARM,Bags & Accessories,Purple,2009-12-01 13:13:00,1.05,2.1
90125E,AMBER BERTIE GLASS BEAD BAG CHARM,Bags & Accessories,Amber,2009-12-02 13:26:00,1.05,2.1
90126A,PINK BERTIE MOBILE PHONE CHARM,General Merchandise,Pink,2009-12-06 11:27:00,0.84,1.69
90126B,BLUE BERTIE MOBILE PHONE CHARM,General Merchandise,Blue,2009-12-18 17:06:00,1.68,3.36
90126C,AMBER BERTIE MOBILE PHONE CHARM,General Merchandise,Amber,2009-12-18 17:06:00,1.64,3.29
90127A,PINK BEADS+HAND PHONE CHARM,General Merchandise,Pink,2010-11-21 14:10:00,0.93,1.86
90127B,BLUE BEADS+HAND PHONE CHARM,General Merchandise,Blue,2010-02-19 12:50:00,0.62,1.25
90128A,PINK LEAVES AND BEADS PHONE CHARM,General Merchandise,Pink,2010-01-24 12:15:00,0.62,1.25
90128B,BLUE LEAVES AND BEADS PHONE CHARM,General Merchandise,Blue,2010-01-24 12:15:00,0.62,1.25
90128C,GREEN LEAVES AND BEADS PHONE CHARM,General Merchandise,Green,2009-12-18 17:06:00,0.93,1.86
90128D,PURPLE LEAVES AND BEADS PHONE CHAR,General Merchandise,Purple,2010-02-24 15:23:00,1.23,2.46
90129A,PINK GLASS TASSLE BAG CHARM,Bags & Accessories,Pink,2009-12-14 14:33:00,0.83,1.66
90129B,TURQUOISE GLASS TASSLE BAG CHARM,Bags & Accessories,Turquoise,2009-12-02 13:26:00,0.83,1.66
90129C,GREEN GLASS TASSLE BAG CHARM,Bags & Accessories,Green,2009-12-02 15:51:00,0.83,1.66
90129D,AMBER GLASS TASSLE BAG CHARM,Bags & Accessories,Amber,2009-12-16 12:17:00,0.83,1.66
90129E,PURPLE GLASS TASSLE BAG CHARM,Bags & Accessories,Purple,2009-12-16 12:17:00,0.83,1.66
90129F,RED GLASS TASSLE BAG CHARM,Bags & Accessories,Red,2009-12-16 12:17:00,0.83,1.66
90130A,WHITE STONE/CRYSTAL EARRINGS,General Merchandise,White,2009-12-18 17:15:00,1.48,2.95
90130B,TURQ STONE/CRYSTAL EARRINGS,General Merchandise,Turq,2009-12-04 16:27:00,1.48,2.95
90130C,GREEN STONE/CRYSTAL EARRINGS,General Merchandise,Green,2009-12-04 09:43:00,1.48,2.96
90130D,RED STONE/CRYSTAL EARRINGS,General Merchandise,Red,2010-01-11 09:30:00,1.48,2.96
90131,PINK/AMETHYST/GOLD NECKLACE,General Merchandise,Pink/Amethyst/Gold,2009-12-01 11:37:00,3.48,6.95
90132,LIGHT TOPAZ TEAL/AQUA COL NECKLACE,Home & Decor,Light,2009-12-16 17:58:00,2.54,5.09
90133,TEAL/FUSCHIA COL BEAD NECKLACE,General Merchandise,Teal/Fuschia,2009-12-02 14:36:00,2.54,5.09
90134,OLD ROSE COMBO BEAD NECKLACE,General Merchandise,Old,2009-12-01 11:37:00,1.48,2.96
90135,ORANGE/WHT/FUSCHIA STONES NECKLACE,General Merchandise,Orange/Wht/Fuschia,2010-11-23 16:53:00,2.49,4.98
90135A,ORANGE/FUSCHIA STONES NECKLACE,General Merchandise,Orange/Fuschia,2010-03-08 12:35:00,2.48,4.96
90136,PALE PINK/AMETHYST STONE NECKLACE,General Merchandise,Pale,2010-11-23 16:53:00,4.97,9.95
90137,PINK COMBO MINI CRYSTALS NECKLACE,General Merchandise,Pink,2009-12-10 16:21:00,2.48,4.95
90138,WHITE/PINK MINI CRYSTALS NECKLACE,General Merchandise,White/Pink,2009-12-10 16:21:00,2.7,5.4
90139,FLOWER BROOCH 4 ASSORTED COLOURS,General Merchandise,Flower,2009-12-02 13:57:00,2.6,5.2
90140,PINK SWEETIE NECKLACE,General Merchandise,Pink,2009-12-13 12:31:00,3.75,7.5
90141A,GREEN PENDANT TRIPLE SHELL NECKLACE,Stationery & Cards,Green,2009-12-06 11:27:00,2.97,5.4
90141B,IVORY PENDANT TRIPLE SHELL NECKLACE,Stationery & Cards,Ivory,2009-12-16 11:39:00,2.74,4.98
90141C,TURQ PENDANT TRIPLE SHELL NECKLACE,Stationery & Cards,Turq,2009-12-06 11:27:00,2.97,5.4
90141D,ROSE PENDANT TRIPLE SHELL NECKLACE,Stationery & Cards,Rose,2010-01-19 17:49:00,3.03,5.51
90141E,ORANGE PENDANT TRIPLE SHELL NECKLAC,Stationery & Cards,Orange,2009-12-06 11:27:00,2.72,4.95
90142A,GREEN PENDANT SHELL NECKLACE,Stationery & Cards,Green,2010-06-25 15:13:00,2.8,5.09
90142B,IVORY PENDANT SHELL NECKLACE,Stationery & Cards,Ivory,2010-11-22 11:25:00,2.8,5.09
90142C,ROSE PINK PENDANT SHELL NECKLACE,Stationery & Cards,Rose,2010-11-08 15:02:00,2.8,5.09
90142D,MOP PENDANT SHELL NECKLACE,Stationery & Cards,Mop,2010-11-24 13:13:00,2.72,4.95
90143,SILVER BRACELET W PASTEL FLOWER,General Merchandise,Silver,2009-12-14 18:03:00,3.75,7.5
90144,SILVER DROP EARRINGS WITH FLOWER,General Merchandise,Silver,2009-12-07 17:56:00,1.88,3.75
90145,SILVER HOOP EARRINGS WITH FLOWER,General Merchandise,Silver,2009-12-01 11:37:00,2.98,5.95
90146,FINE SILVER NECKLACE W PASTEL FLOWE,General Merchandise,Fine,2009-12-13 12:31:00,3.75,7.5
90147,CHUNKY SILVER NECKLACE PASTEL FLOWE,General Merchandise,Chunky,2009-12-02 13:57:00,4.97,9.95
90148,LONG SILVER NECKLACE PASTEL FLOWER,General Merchandise,Long,2009-12-02 13:57:00,6.38,12.75
90149,SILVER FLOWR PINK SHELL NECKLACE,General Merchandise,Silver,2010-01-31 15:17:00,3.75,7.5
90150,BLUE SHELL+SILVER NECKLACE,General Merchandise,Blue,2009-12-06 13:29:00,3.75,7.5
90151,SILVER/NATURAL SHELL NECKLACE,General Merchandise,Silver/Natural,2009-12-08 15:49:00,4.25,8.5
90152A,SILVER/NAT SHELL NECKLACE W PENDANT,Stationery & Cards,Silver/Nat,2009-12-08 15:49:00,3.27,5.95
90152B,BLUE/GREEN SHELL NECKLACE W PENDANT,Stationery & Cards,Blue/Green,2009-12-06 13:29:00,3.27,5.95
90152C,BLUE/NAT SHELL NECKLACE W PENDANT,Stationery & Cards,Blue/Nat,2010-04-01 10:33:00,3.27,5.95
90154,LAZER CUT NECKLACE W PASTEL BEADS,General Merchandise,Lazer,2010-06-07 13:02:00,4.47,8.95
90155,RESIN NECKLACE W PASTEL BEADS,General Merchandise,Resin,2009-12-02 13:57:00,3.75,7.5
90156,RESIN BRACELET W PASTEL BEADS,General Merchandise,Resin,2010-01-11 09:37:00,2.48,4.95
90157,RIVIERA NECKLACE,General Merchandise,Riviera,2010-01-20 17:50:00,2.48,4.95
90158,ST TROPEZ NECKLACE,General Merchandise,St,2009-12-01 14:28:00,2.49,4.98
90159,COTE D'AZURE NECKLACE,General Merchandise,Cote,2009-12-06 13:29:00,2.48,4.95
90160A,PURPLE BOUDICCA LARGE BRACELET,General Merchandise,Purple,2010-01-13 17:44:00,3.48,6.95
90160B,RED BOUDICCA LARGE BRACELET,General Merchandise,Red,2009-12-02 14:43:00,3.48,6.95
90160C,TURQ+RED BOUDICCA LARGE BRACELET,General Merchandise,Turq+Red,2009-12-22 14:31:00,3.48,6.95
90160D,PINK BOUDICCA LARGE BRACELET,General Merchandise,Pink,2009-12-06 11:58:00,3.48,6.95
90161A,ANT COPPER RED BOUDICCA BRACELET,General Merchandise,Ant,2009-12-06 11:58:00,2.49,4.98
90161B,ANT COPPER TURQ BOUDICCA BRACELET,General Merchandise,Ant,2009-12-02 14:43:00,2.49,4.98
90161C,ANT COPPER LIME BOUDICCA BRACELET,General Merchandise,Ant,2009-12-02 14:43:00,2.49,4.98
90161D,ANT COPPER PINK BOUDICCA BRACELET,General Merchandise,Ant,2009-12-06 11:58:00,2.49,4.98
90162A,ANT SILVER TURQUOISE BOUDICCA RING,General Merchandise,Ant,2010-01-24 12:15:00,1.48,2.95
90162B,ANT SILVER LIME GREEN BOUDICCA RING,General Merchandise,Ant,2010-03-01 13:10:00,1.48,2.95
90162C,ANT SILVER FUSCHIA BOUDICCA RING,General Merchandise,Ant,2010-03-01 13:10:00,1.48,2.95
90162D,ANT SILVER PURPLE BOUDICCA RING,General Merchandise,Ant,2010-01-24 12:15:00,1.48,2.95
90163A,PINK ROSEBUD & PEARL NECKLACE,General Merchandise,Pink,2009-12-04 09:43:00,3.82,7.64
90163B,WHITE ROSEBUD & PEARL NECKLACE,General Merchandise,White,2009-12-09 09:51:00,3.75,7.5
90164A,PINK ROSEBUD PEARL BRACELET,General Merchandise,Pink,2009-12-04 09:43:00,3.82,7.64
90164B,WHITE  ROSEBUD PEARL BRACELET,General Merchandise,White,2009-12-02 14:43:00,3.82,7.64
90165A,PINK ROSEBUD PEARL EARRINGS,General Merchandise,Pink,2009-12-07 18:02:00,1.27,2.54
90165B,WHITE ROSEBUD  PEARL EARRINGS,General Merchandise,White,2009-12-04 09:43:00,1.27,2.54
90166,PINK & WHITE ROSEBUD RING,General Merchandise,Pink,2009-12-08 15:49:00,2.12,4.24
90167,BEADED LOVE HEART JEWELLERY SET,General Merchandise,Beaded,2009-12-01 14:35:00,0.42,0.85
90168,2 DAISIES HAIR COMB,General Merchandise,2,2009-12-01 11:37:00,1.48,2.95
90169,DAISY HAIR COMB,General Merchandise,Daisy,2009-12-09 09:51:00,1.27,2.54
90170,DAISY HAIR BAND,General Merchandise,Daisy,2009-12-07 18:02:00,0.82,1.65
90171,DAISY RING,General Merchandise,Daisy,2009-12-01 14:28:00,0.63,1.26
90173,PAIR BUTTERFLY HAIR CLIPS,General Merchandise,Pair,2009-12-09 09:51:00,1.9,3.81
90174,BUTTERFLY HAIR BAND,General Merchandise,Butterfly,2009-12-04 09:43:00,1.25,2.51
90175A,WHITE GLASS CHUNKY CHARM BRACELET,General Merchandise,White,2009-12-01 10:59:00,4.58,9.15
90175B,PINK GLASS CHUNKY CHARM BRACELET,General Merchandise,Pink,2009-12-09 09:42:00,4.58,9.15
90175C,BLUE GLASS CHUNKY CHARM BRACELET,General Merchandise,Blue,2009-12-01 14:28:00,4.47,8.95
90175D,TIGRIS EYE CHUNKY CHARM BRACELET,General Merchandise,Tigris,2009-12-02 13:57:00,4.58,9.15
90176A,CLASSIC DIAMANTE NECKLACE JET,General Merchandise,Classic,2009-12-03 14:39:00,3.75,7.5
90176B,DIAMANTE NECKLACE BLACK,General Merchandise,Diamante,2010-11-05 11:49:00,3.75,7.5
90176C,DIAMANTE NECKLACE,General Merchandise,Diamante,2009-12-14 18:37:00,3.75,7.5
90176D,DIAMANTE NECKLACE PURPLE,General Merchandise,Diamante,2009-12-15 18:33:00,3.75,7.5
90176E,DIAMANTE NECKLACE GREEN,General Merchandise,Diamante,2011-08-22 14:13:00,3.75,7.5
90177A,CLASSIC DIAMANTE EARRINGS JET,General Merchandise,Classic,2009-12-10 18:43:00,1.45,2.9
90177B,DROP DIAMANTE EARRINGS BLACK DIAMON,General Merchandise,Drop,2009-12-10 18:43:00,1.48,2.95
90177C,DROP DIAMANTE EARRINGS CRYSTAL,General Merchandise,Drop,2009-12-10 18:43:00,1.48,2.95
90177D,DROP DIAMANTE EARRINGS PURPLE,General Merchandise,Drop,2009-12-10 18:43:00,1.48,2.95
90177E,DROP DIAMANTE EARRINGS GREEN,General Merchandise,Drop,2009-12-10 18:43:00,1.48,2.96
90178A,AMBER CHUNKY GLASS+BEAD NECKLACE,General Merchandise,Amber,2009-12-01 17:08:00,5.98,11.95
90178B,PURPLE CHUNKY GLASS+BEAD NECKLACE,General Merchandise,Purple,2009-12-14 17:16:00,5.98,11.95
90179A,AMBER FINE BEAD NECKLACE W TASSEL,General Merchandise,Amber,2010-01-26 17:48:00,2.98,5.95
90179B,PURPLE FINE BEAD NECKLACE W TASSEL,General Merchandise,Purple,2009-12-02 14:36:00,2.98,5.95
90179C,BLACK FINE BEAD NECKLACE W TASSEL,General Merchandise,Black,2010-06-15 16:17:00,2.98,5.95
90180A,BLACK+WHITE NECKLACE W TASSEL,General Merchandise,Black+White,2009-12-02 13:57:00,4.97,9.95
90180B,PURPLE AMETHYST NECKLACE W TASSEL,General Merchandise,Purple,2009-12-03 14:39:00,4.97,9.95
90181A,AMBER GLASS/SHELL/PEARL NECKLACE,General Merchandise,Amber,2010-01-26 17:51:00,4.58,9.15
90181B,AMETHYST GLASS/SHELL/PEARL NECKLACE,General Merchandise,Amethyst,2009-12-02 14:36:00,4.58,9.15
90181C,BLACK GLASS/SHELL/PEARL NECKLACE,General Merchandise,Black,2009-12-02 14:43:00,4.67,9.34
90182A,AMBER 3 BEAD DROP EARRINGS,General Merchandise,Amber,2010-11-29 09:46:00,1.45,2.9
90182B,AMETHYST 3 BEAD DROP EARRINGS,General Merchandise,Amethyst,2009-12-16 17:01:00,1.45,2.9
90182C,BLACK 3 BEAD DROP EARRINGS,General Merchandise,Black,2009-12-13 10:54:00,1.45,2.9
90183A,AMBER DROP EARRINGS W LONG BEADS,General Merchandise,Amber,2010-01-19 09:05:00,1.48,2.95
90183B,AMETHYST DROP EARRINGS W LONG BEADS,General Merchandise,Amethyst,2009-12-22 14:31:00,1.45,2.9
90183C,BLACK DROP EARRINGS W LONG BEADS,General Merchandise,Black,2009-12-02 14:43:00,1.45,2.9
90184A,AMBER CHUNKY BEAD BRACELET W STRAP,General Merchandise,Amber,2009-12-06 10:41:00,4.58,9.15
90184B,AMETHYST CHUNKY BEAD BRACELET W STR,General Merchandise,Amethyst,2009-12-01 14:28:00,4.47,8.95
90184C,BLACK CHUNKY BEAD BRACELET W STRAP,General Merchandise,Black,2009-12-06 10:41:00,4.47,8.95
90185A,AMBER DIAMANTE EXPANDABLE RING,General Merchandise,Amber,2009-12-08 15:49:00,2.12,4.24
90185B,AMETHYST DIAMANTE EXPANDABLE RING,General Merchandise,Amethyst,2009-12-01 10:49:00,2.12,4.25
90185C,BLACK DIAMANTE EXPANDABLE RING,General Merchandise,Black,2009-12-01 10:49:00,2.12,4.25
90185D,CRYSTAL DIAMANTE EXPANDABLE RING,General Merchandise,Crystal,2009-12-03 14:39:00,2.12,4.25
90186A,AMETHYST HOOP EARRING FLORAL LEAF,General Merchandise,Amethyst,2009-12-03 14:39:00,1.48,2.95
90186B,CRYSTAL HOOP EARRING FLORAL LEAF,General Merchandise,Crystal,2009-12-10 09:49:00,1.48,2.95
90187A,BLUE DROP EARRINGS W BEAD CLUSTER,General Merchandise,Blue,2009-12-07 18:02:00,1.7,3.39
90187B,GREEN DROP EARRINGS W BEAD CLUSTER,General Merchandise,Green,2009-12-03 14:39:00,1.68,3.35
90188,DROP EARRINGS W FLOWER & LEAF,General Merchandise,Drop,2009-12-01 14:28:00,1.27,2.54
90189A,SILVER 2 STRAND NECKLACE-LEAF CHARM,General Merchandise,Silver,2010-01-18 13:24:00,3.75,7.5
90189B,GOLD 2 STRAND NECKLACE-LEAF CHARMS,General Merchandise,Gold,2010-02-16 13:49:00,3.75,7.5
90190A,SILVER/CRYSTAL DROP EARRINGS W LEAF,General Merchandise,Silver/Crystal,2009-12-02 13:57:00,1.48,2.95
90190B,GOLD/AMBER DROP EARRINGS W LEAF,General Merchandise,Gold/Amber,2009-12-03 13:49:00,1.48,2.95
90190C,SILVER/AMETHYST DROP EARRINGS LEAF,General Merchandise,Silver/Amethyst,2009-12-08 14:36:00,1.48,2.95
90191,SILVER LARIAT 40CM,General Merchandise,Silver,2009-12-17 18:51:00,6.38,12.75
90192,JADE DROP EARRINGS W FILIGREE,General Merchandise,Jade,2009-12-01 14:28:00,2.49,4.98
90194,SILVER LARIAT BLACK STONE EARRINGS,General Merchandise,Silver,2009-12-10 14:19:00,2.12,4.25
90195A,PURPLE GEMSTONE BRACELET,General Merchandise,Purple,2009-12-02 14:36:00,4.47,8.95
90195B,BLACK GEMSTONE BRACELET,General Merchandise,Black,2009-12-01 10:59:00,4.47,8.95
90196A,PURPLE GEMSTONE NECKLACE 45CM,General Merchandise,Purple,2009-12-06 11:27:00,6.38,12.75
90196B,BLACK GEMSTONE NECKLACE 45CM,General Merchandise,Black,2009-12-06 11:27:00,6.38,12.75
90197B,BLACK GLASS BRACELET W HEART CHARMS,General Merchandise,Black,2009-12-02 14:36:00,2.54,5.09
90197D,AMBER GLASS BRACELET HEART CHARMS,General Merchandise,Amber,2010-02-02 12:45:00,2.48,4.95
90198A,VINTAGE ROSE BEAD BRACELET RASPBERR,General Merchandise,Vintage,2009-12-14 17:16:00,2.12,4.24
90198B,VINTAGE ROSE BEAD BRACELET BLACK,General Merchandise,Vintage,2009-12-07 17:56:00,2.12,4.25
90199A,5 STRAND GLASS NECKLACE BLACK,General Merchandise,5,2009-12-16 11:39:00,3.18,6.35
90199B,5 STRAND GLASS NECKLACE AMETHYST,General Merchandise,5,2009-12-01 14:59:00,3.18,6.35
90199C,5 STRAND GLASS NECKLACE CRYSTAL,General Merchandise,5,2009-12-01 11:37:00,3.18,6.35
90199D,5 STRAND GLASS NECKLACE AMBER,General Merchandise,5,2009-12-17 16:58:00,3.18,6.35
90200A,PURPLE SWEETHEART BRACELET,General Merchandise,Purple,2009-12-01 10:49:00,2.12,4.25
90200B,BLACK SWEETHEART BRACELET,General Merchandise,Black,2009-12-01 10:49:00,2.12,4.25
90200C,BLUE SWEETHEART BRACELET,General Merchandise,Blue,2009-12-01 10:49:00,2.12,4.25
90200D,PINK SWEETHEART BRACELET,General Merchandise,Pink,2009-12-01 10:49:00,2.12,4.24
90200E,GREEN SWEETHEART BRACELET,General Merchandise,Green,2009-12-01 10:49:00,2.12,4.25
90201A,PURPLE ENAMEL FLOWER RING,General Merchandise,Purple,2009-12-13 11:34:00,1.48,2.95
90201B,BLACK ENAMEL FLOWER RING,General Merchandise,Black,2009-12-02 14:36:00,1.48,2.96
90201C,RED ENAMEL FLOWER RING,General Merchandise,Red,2009-12-23 15:30:00,1.48,2.95
90201D,GREEN ENAMEL FLOWER RING,General Merchandise,Green,2009-12-18 17:06:00,1.48,2.95
90202A,PURPLE ENAMEL FLOWER HAIR TIE,General Merchandise,Purple,2010-02-10 13:43:00,1.48,2.95
90202B,WHITE ENAMEL FLOWER HAIR TIE,General Merchandise,White,2009-12-02 14:36:00,1.46,2.92
90202C,GREEN ENAMEL FLOWER HAIR TIE,General Merchandise,Green,2009-12-09 09:51:00,1.48,2.96
90202D,PINK ENAMEL FLOWER HAIR TIE,General Merchandise,Pink,2009-12-15 18:33:00,1.48,2.95
90203,SILVER CHARM NECKLACE 70CM,General Merchandise,Silver,2009-12-02 13:57:00,3.75,7.5
90204,PAIR OF ENAMEL BUTTERFLY HAIRCLIP,General Merchandise,Pair,2009-12-07 17:56:00,1.68,3.35
90205A,LARGE MINT DIAMANTE HAIRSLIDE,General Merchandise,Large,2009-12-09 09:42:00,0.84,1.67
90205C,LARGE CRYSTAL DIAMANTE HAIRSLIDE,General Merchandise,Large,2009-12-09 09:42:00,0.82,1.65
90206A,GOLD DIAMANTE STAR BROOCH,General Merchandise,Gold,2009-12-17 13:07:00,2.48,4.96
90206C,CRYSTAL DIAMANTE STAR BROOCH,General Merchandise,Crystal,2009-12-01 14:28:00,2.49,4.98
90208,PAIR OF PINK FLOWER CLUSTER SLIDE,General Merchandise,Pair,2009-12-01 14:28:00,1.27,2.54
90209A,PURPLE ENAMEL+GLASS HAIR COMB,General Merchandise,Purple,2009-12-01 10:49:00,1.05,2.1
90209B,GREEN ENAMEL+GLASS HAIR COMB,General Merchandise,Green,2009-12-09 09:42:00,1.06,2.11
90209C,PINK ENAMEL+GLASS HAIR COMB,General Merchandise,Pink,2009-12-01 10:49:00,1.05,2.1
90210A,GREY ACRYLIC FACETED BANGLE,General Merchandise,Grey,2009-12-04 16:37:00,1.48,2.95
90210B,CLEAR ACRYLIC FACETED BANGLE,General Merchandise,Clear,2009-12-10 14:19:00,1.48,2.95
90210C,RED   ACRYLIC FACETED BANGLE,General Merchandise,Red,2009-12-04 16:37:00,1.46,2.92
90210D,PURPLE ACRYLIC FACETED BANGLE,General Merchandise,Purple,2009-12-04 16:37:00,1.48,2.95
90211A,DIAMOND LAS VEGAS NECKLACE 45CM,General Merchandise,Diamond,2009-12-14 17:16:00,2.97,5.94
90211B,JET BLACK LAS VEGAS NECKLACE 45CM,General Merchandise,Jet,2009-12-02 14:36:00,2.97,5.94
90212B,JET BLACK LAS VEGAS BRACELET ROUND,General Merchandise,Jet,2009-12-02 14:43:00,1.9,3.81
90212C,PURPLE LAS VEGAS BRACELET ROUND,General Merchandise,Purple,2009-12-13 10:54:00,1.88,3.75
90214A,"LETTER ""A"" BLING KEY RING",General Merchandise,Letter,2009-12-02 13:57:00,0.42,0.85
90214B,"LETTER ""B"" BLING KEY RING",General Merchandise,Letter,2009-12-09 15:03:00,0.42,0.85
90214C,"LETTER ""C"" BLING KEY RING",General Merchandise,Letter,2009-12-03 12:40:00,0.42,0.85
90214D,"LETTER ""D"" BLING KEY RING",General Merchandise,Letter,2009-12-03 12:40:00,0.42,0.85
90214E,"LETTER ""E"" BLING KEY RING",General Merchandise,Letter,2009-12-10 14:07:00,0.42,0.85
90214F,"LETTER ""F"" BLING KEY RING",General Merchandise,Letter,2009-12-10 14:07:00,0.42,0.85
90214G,"LETTER ""G"" BLING KEY RING",General Merchandise,Letter,2009-12-13 13:03:00,0.42,0.85
90214H,"LETTER ""H"" BLING KEY RING",General Merchandise,Letter,2009-12-01 13:13:00,0.42,0.85
90214I,"LETTER ""I"" BLING KEY RING",General Merchandise,Letter,2009-12-09 15:03:00,0.42,0.85
90214J,"LETTER ""J"" BLING KEY RING",General Merchandise,Letter,2009-12-02 11:52:00,0.42,0.85
90214K,"LETTER ""K"" BLING KEY RING",General Merchandise,Letter,2009-12-07 12:32:00,0.62,1.25
90214L,"LETTER ""L"" BLING KEY RING",General Merchandise,Letter,2009-12-06 14:54:00,0.42,0.85
90214M,"LETTER ""M"" BLING KEY RING",General Merchandise,Letter,2009-12-06 12:07:00,0.52,1.05
90214N,"LETTER ""N"" BLING KEY RING",General Merchandise,Letter,2009-12-06 14:54:00,0.42,0.85
90214O,"LETTER ""O"" BLING KEY RING",General Merchandise,Letter,2009-12-09 15:03:00,0.62,1.25
90214P,"LETTER ""P"" BLING KEY RING",General Merchandise,Letter,2009-12-07 15:26:00,0.62,1.25
90214R,"LETTER ""R"" BLING KEY RING",General Merchandise,Letter,2009-12-06 14:54:00,0.42,0.85
90214S,"LETTER ""S"" BLING KEY RING",General Merchandise,Letter,2009-12-02 11:52:00,0.42,0.85
90214T,"LETTER ""T"" BLING KEY RING",General Merchandise,Letter,2009-12-06 14:54:00,0.52,1.05
90214U,"LETTER ""U"" BLING KEY RING",General Merchandise,Letter,2010-11-03 12:07:00,0.38,0.77
90214V,"LETTER ""V"" BLING KEY RING",General Merchandise,Letter,2010-02-03 11:58:00,0.42,0.85
90214W,"LETTER ""W"" BLING KEY RING",General Merchandise,Letter,2010-06-07 11:23:00,0.42,0.84
90214Y,"LETTER ""Y"" BLING KEY RING",General Merchandise,Letter,2010-11-03 12:07:00,0.42,0.84
90214Z,"LETTER ""Z"" BLING KEY RING",General Merchandise,Letter,2009-12-10 11:42:00,0.42,0.85
DCGS0003,BOXED GLASS ASHTRAY,General Merchandise,Boxed,2009-12-09 09:42:00,1.25,2.51
DCGS0004,HAYNES CAMPER SHOULDER BAG,Bags & Accessories,Haynes,2009-12-03 14:39:00,8.49,16.98
DCGS0037,KEY-RING CORKSCREW,General Merchandise,Key-Ring,2010-06-14 14:49:00,6.36,12.72
DCGS0041,HAYNES MINI-COOPER PLAYING CARDS,Stationery & Cards,Haynes,2010-06-04 16:13:00,2.78,5.06
DCGS0044,HANDZ-OFF CAR FRESHENER,General Merchandise,Handz-Off,2009-12-15 18:33:00,1.28,2.57
DCGS0058,MISO PRETTY  GUM,General Merchandise,Miso,2009-12-01 14:28:00,0.42,0.83
DCGS0062,ROAD-RAGE CAR FRESHENER,General Merchandise,Road-Rage,2010-10-25 16:57:00,1.25,2.51
DCGS0066N,NAVY CUDDLES DOG HOODIE,General Merchandise,Navy,2009-12-22 15:05:00,4.32,8.65
DCGS0068,DOGS NIGHT COLLAR,General Merchandise,Dogs,2009-12-01 14:28:00,4.28,8.56
DCGS0069,OOH LA LA DOGS COLLAR,General Merchandise,Ooh,2010-03-15 09:28:00,8.06,16.13
DCGS0070,CAMOUFLAGE DOG COLLAR,General Merchandise,Camouflage,2010-04-01 15:04:00,6.36,12.72
DCGS0072,CAT CAMOUFLAGUE COLLAR,General Merchandise,Cat,2009-12-14 17:57:00,2.58,5.17
DCGS0075,CAMOUFLAGUE DOG LEAD,General Merchandise,Camouflague,2010-04-01 15:04:00,6.36,12.72
DCGS0076,SUNJAR LED NIGHT NIGHT LIGHT,Kitchenware,Sunjar,2009-12-03 14:39:00,8.06,16.13
DCGSSBOY,BOYS PARTY BAG,Bags & Accessories,Boys,2010-06-21 15:13:00,1.64,3.29
DCGSSGIRL,GIRLS PARTY BAG,Bags & Accessories,Girls,2010-06-21 15:13:00,1.64,3.29
GIFT_0001_10,Dotcomgiftshop Gift Voucher Â£10.00,General Merchandise,Dotcomgiftshop,2009-12-18 17:06:00,4.16,8.33
GIFT_0001_20,Dotcomgiftshop Gift Voucher Â£20.00,General Merchandise,Dotcomgiftshop,2009-12-14 18:37:00,8.51,17.02
GIFT_0001_30,Dotcomgiftshop Gift Voucher Â£30.00,General Merchandise,Dotcomgiftshop,2009-12-23 15:30:00,12.76,25.53
GIFT_0001_40,Dotcomgiftshop Gift Voucher Â£40.00,General Merchandise,Dotcomgiftshop,2010-08-10 12:08:00,16.66,33.33
GIFT_0001_50,Dotcomgiftshop Gift Voucher Â£50.00,General Merchandise,Dotcomgiftshop,2009-12-18 17:15:00,21.06,42.11
GIFT_0001_70,Dotcomgiftshop Gift Voucher Â£70.00,General Merchandise,Dotcomgiftshop,2010-06-14 11:24:00,29.78,59.57
GIFT_0001_80,Dotcomgiftshop Gift Voucher Â£80.00,General Merchandise,Dotcomgiftshop,2009-12-14 17:57:00,34.78,69.56
PADS,PADS TO MATCH ALL CUSHIONS,Home & Decor,Pads,2010-01-19 17:04:00,0.0,0.0
SP1002,KID'S CHALKBOARD/EASEL,General Merchandise,Kid'S,2010-10-07 11:12:00,1.48,2.95
